{
  "type": "FeatureCollection",
  "features": [
    {
      "type": "Feature",
      "geometry": {
        "type": "Point",
        "coordinates": [
          -6.2690574,
          53.3443999
        ]
      },
      "properties": {
        "osm_id": "n429383562",
        "name": "Cow's Lane Market",
        "category": "local_market",
        "subcategory": "amenity=marketplace",
        "lat": 53.3443999,
        "lon": -6.2690574,
        "admin_division": "",
        "county": "dublin"
      }
    },
    {
      "type": "Feature",
      "geometry": {
        "type": "Point",
        "coordinates": [
          -6.1777163,
          53.3012938
        ]
      },
      "properties": {
        "osm_id": "n1425999496",
        "name": "Blackrock Market",
        "category": "local_market",
        "subcategory": "amenity=marketplace",
        "lat": 53.3012938,
        "lon": -6.1777163,
        "admin_division": "Blackrock",
        "county": "dublin"
      }
    },
    {
      "type": "Feature",
      "geometry": {
        "type": "Point",
        "coordinates": [
          -6.2785265,
          53.3411716
        ]
      },
      "properties": {
        "osm_id": "n1473502334",
        "name": "The Liberty market",
        "category": "local_market",
        "subcategory": "amenity=marketplace",
        "lat": 53.3411716,
        "lon": -6.2785265,
        "admin_division": "",
        "county": "dublin"
      }
    },
    {
      "type": "Feature",
      "geometry": {
        "type": "Point",
        "coordinates": [
          -6.2628414,
          53.3505835
        ]
      },
      "properties": {
        "osm_id": "n2965816359",
        "name": "Moore Street",
        "category": "local_market",
        "subcategory": "amenity=marketplace",
        "lat": 53.3505835,
        "lon": -6.2628414,
        "admin_division": "",
        "county": "dublin"
      }
    },
    {
      "type": "Feature",
      "geometry": {
        "type": "Point",
        "coordinates": [
          -6.2631738,
          53.3510977
        ]
      },
      "properties": {
        "osm_id": "n2965816360",
        "name": "Moore Street Mall",
        "category": "local_market",
        "subcategory": "amenity=marketplace",
        "lat": 53.3510977,
        "lon": -6.2631738,
        "admin_division": "",
        "county": "dublin"
      }
    },
    {
      "type": "Feature",
      "geometry": {
        "type": "Point",
        "coordinates": [
          -6.2549512,
          53.3261872
        ]
      },
      "properties": {
        "osm_id": "n2989909982",
        "name": "Ranelagh Village Market",
        "category": "local_market",
        "subcategory": "amenity=marketplace",
        "lat": 53.3261872,
        "lon": -6.2549512,
        "admin_division": "",
        "county": "dublin"
      }
    },
    {
      "type": "Feature",
      "geometry": {
        "type": "Point",
        "coordinates": [
          -6.2641919,
          53.3425764
        ]
      },
      "properties": {
        "osm_id": "n3077161517",
        "name": "George's Street Arcade",
        "category": "local_market",
        "subcategory": "amenity=marketplace",
        "lat": 53.3425764,
        "lon": -6.2641919,
        "admin_division": "Dublin",
        "county": "dublin"
      }
    },
    {
      "type": "Feature",
      "geometry": {
        "type": "Point",
        "coordinates": [
          -6.2635577,
          53.3468862
        ]
      },
      "properties": {
        "osm_id": "n3077183783",
        "name": "Ha Penny Flea Market",
        "category": "local_market",
        "subcategory": "amenity=marketplace",
        "lat": 53.3468862,
        "lon": -6.2635577,
        "admin_division": "Dublin",
        "county": "dublin"
      }
    },
    {
      "type": "Feature",
      "geometry": {
        "type": "Point",
        "coordinates": [
          -6.2632359,
          53.345514
        ]
      },
      "properties": {
        "osm_id": "n3077277599",
        "name": "Flea Market",
        "category": "local_market",
        "subcategory": "amenity=marketplace",
        "lat": 53.345514,
        "lon": -6.2632359,
        "admin_division": "Dublin",
        "county": "dublin"
      }
    },
    {
      "type": "Feature",
      "geometry": {
        "type": "Point",
        "coordinates": [
          -6.1286043,
          53.2898487
        ]
      },
      "properties": {
        "osm_id": "n3720052965",
        "name": "The People's Park Market",
        "category": "local_market",
        "subcategory": "amenity=marketplace",
        "lat": 53.2898487,
        "lon": -6.1286043,
        "admin_division": "",
        "county": "dublin"
      }
    },
    {
      "type": "Feature",
      "geometry": {
        "type": "Point",
        "coordinates": [
          -6.1795984,
          53.3019472
        ]
      },
      "properties": {
        "osm_id": "n4298878191",
        "name": "Blackrock Food Market",
        "category": "local_market",
        "subcategory": "amenity=marketplace",
        "lat": 53.3019472,
        "lon": -6.1795984,
        "admin_division": "",
        "county": "dublin"
      }
    },
    {
      "type": "Feature",
      "geometry": {
        "type": "Point",
        "coordinates": [
          -6.2945192,
          53.3264035
        ]
      },
      "properties": {
        "osm_id": "n5940656545",
        "name": "",
        "category": "local_market",
        "subcategory": "amenity=marketplace",
        "lat": 53.3264035,
        "lon": -6.2945192,
        "admin_division": "",
        "county": "dublin"
      }
    },
    {
      "type": "Feature",
      "geometry": {
        "type": "Point",
        "coordinates": [
          -6.2717289,
          53.339999
        ]
      },
      "properties": {
        "osm_id": "n9088743167",
        "name": "Books and Browsables Market",
        "category": "local_market",
        "subcategory": "amenity=marketplace",
        "lat": 53.339999,
        "lon": -6.2717289,
        "admin_division": "",
        "county": "dublin"
      }
    },
    {
      "type": "Feature",
      "geometry": {
        "type": "Point",
        "coordinates": [
          -6.292529,
          53.3734871
        ]
      },
      "properties": {
        "osm_id": "n11795219684",
        "name": "Glasnevin Market",
        "category": "local_market",
        "subcategory": "amenity=marketplace",
        "lat": 53.3734871,
        "lon": -6.292529,
        "admin_division": "",
        "county": "dublin"
      }
    },
    {
      "type": "Feature",
      "geometry": {
        "type": "Point",
        "coordinates": [
          -6.1561225,
          53.5803125
        ]
      },
      "properties": {
        "osm_id": "n12627550495",
        "name": "Skerries Organic Farm",
        "category": "local_market",
        "subcategory": "shop=farm",
        "lat": 53.5803125,
        "lon": -6.1561225,
        "admin_division": "",
        "county": "dublin"
      }
    },
    {
      "type": "Feature",
      "geometry": {
        "type": "Point",
        "coordinates": [
          -6.3517906,
          53.2875686
        ]
      },
      "properties": {
        "osm_id": "n13573035890",
        "name": "Priory Market",
        "category": "local_market",
        "subcategory": "amenity=marketplace",
        "lat": 53.2875686,
        "lon": -6.3517906,
        "admin_division": "",
        "county": "dublin"
      }
    },
    {
      "type": "Feature",
      "geometry": {
        "type": "Point",
        "coordinates": [
          -6.4817661,
          53.3050851
        ]
      },
      "properties": {
        "osm_id": "w39700669",
        "name": "",
        "category": "local_market",
        "subcategory": "landuse=farmyard",
        "lat": 53.3050851,
        "lon": -6.4817661,
        "admin_division": "",
        "county": "dublin"
      }
    },
    {
      "type": "Feature",
      "geometry": {
        "type": "Point",
        "coordinates": [
          -6.1478455,
          53.4104327
        ]
      },
      "properties": {
        "osm_id": "w46829486",
        "name": "",
        "category": "local_market",
        "subcategory": "landuse=farmyard",
        "lat": 53.4104327,
        "lon": -6.1478455,
        "admin_division": "",
        "county": "dublin"
      }
    },
    {
      "type": "Feature",
      "geometry": {
        "type": "Point",
        "coordinates": [
          -6.2146211,
          53.4894486
        ]
      },
      "properties": {
        "osm_id": "w49863735",
        "name": "",
        "category": "local_market",
        "subcategory": "landuse=farmyard",
        "lat": 53.4894486,
        "lon": -6.2146211,
        "admin_division": "",
        "county": "dublin"
      }
    },
    {
      "type": "Feature",
      "geometry": {
        "type": "Point",
        "coordinates": [
          -6.2569083,
          53.5555075
        ]
      },
      "properties": {
        "osm_id": "w50003584",
        "name": "",
        "category": "local_market",
        "subcategory": "landuse=farmyard",
        "lat": 53.5555075,
        "lon": -6.2569083,
        "admin_division": "",
        "county": "dublin"
      }
    },
    {
      "type": "Feature",
      "geometry": {
        "type": "Point",
        "coordinates": [
          -6.1666565,
          53.4340531
        ]
      },
      "properties": {
        "osm_id": "w52356644",
        "name": "",
        "category": "local_market",
        "subcategory": "landuse=farmyard",
        "lat": 53.4340531,
        "lon": -6.1666565,
        "admin_division": "",
        "county": "dublin"
      }
    },
    {
      "type": "Feature",
      "geometry": {
        "type": "Point",
        "coordinates": [
          -6.3802478,
          53.3149965
        ]
      },
      "properties": {
        "osm_id": "w54107595",
        "name": "",
        "category": "local_market",
        "subcategory": "landuse=farmyard",
        "lat": 53.3149965,
        "lon": -6.3802478,
        "admin_division": "",
        "county": "dublin"
      }
    },
    {
      "type": "Feature",
      "geometry": {
        "type": "Point",
        "coordinates": [
          -6.1988376,
          53.454009
        ]
      },
      "properties": {
        "osm_id": "w58557301",
        "name": "",
        "category": "local_market",
        "subcategory": "landuse=farmyard",
        "lat": 53.454009,
        "lon": -6.1988376,
        "admin_division": "",
        "county": "dublin"
      }
    },
    {
      "type": "Feature",
      "geometry": {
        "type": "Point",
        "coordinates": [
          -6.2025275,
          53.4616962
        ]
      },
      "properties": {
        "osm_id": "w58557310",
        "name": "",
        "category": "local_market",
        "subcategory": "landuse=farmyard",
        "lat": 53.4616962,
        "lon": -6.2025275,
        "admin_division": "",
        "county": "dublin"
      }
    },
    {
      "type": "Feature",
      "geometry": {
        "type": "Point",
        "coordinates": [
          -6.1461649,
          53.2081321
        ]
      },
      "properties": {
        "osm_id": "w60889926",
        "name": "Knocklynn Farm",
        "category": "local_market",
        "subcategory": "landuse=farmyard",
        "lat": 53.2081321,
        "lon": -6.1461649,
        "admin_division": "",
        "county": "dublin"
      }
    },
    {
      "type": "Feature",
      "geometry": {
        "type": "Point",
        "coordinates": [
          -6.151514,
          53.2075389
        ]
      },
      "properties": {
        "osm_id": "w60889941",
        "name": "",
        "category": "local_market",
        "subcategory": "landuse=farmyard",
        "lat": 53.2075389,
        "lon": -6.151514,
        "admin_division": "",
        "county": "dublin"
      }
    },
    {
      "type": "Feature",
      "geometry": {
        "type": "Point",
        "coordinates": [
          -6.1633902,
          53.2185677
        ]
      },
      "properties": {
        "osm_id": "w60957764",
        "name": "",
        "category": "local_market",
        "subcategory": "landuse=farmyard",
        "lat": 53.2185677,
        "lon": -6.1633902,
        "admin_division": "",
        "county": "dublin"
      }
    },
    {
      "type": "Feature",
      "geometry": {
        "type": "Point",
        "coordinates": [
          -6.1705122,
          53.2214928
        ]
      },
      "properties": {
        "osm_id": "w60957766",
        "name": "Hillcrest Farm",
        "category": "local_market",
        "subcategory": "landuse=farmyard",
        "lat": 53.2214928,
        "lon": -6.1705122,
        "admin_division": "",
        "county": "dublin"
      }
    },
    {
      "type": "Feature",
      "geometry": {
        "type": "Point",
        "coordinates": [
          -6.1726083,
          53.2136836
        ]
      },
      "properties": {
        "osm_id": "w61637013",
        "name": "",
        "category": "local_market",
        "subcategory": "landuse=farmyard",
        "lat": 53.2136836,
        "lon": -6.1726083,
        "admin_division": "",
        "county": "dublin"
      }
    },
    {
      "type": "Feature",
      "geometry": {
        "type": "Point",
        "coordinates": [
          -6.1721834,
          53.2119884
        ]
      },
      "properties": {
        "osm_id": "w61637019",
        "name": "Scalp Farm",
        "category": "local_market",
        "subcategory": "landuse=farmyard",
        "lat": 53.2119884,
        "lon": -6.1721834,
        "admin_division": "",
        "county": "dublin"
      }
    },
    {
      "type": "Feature",
      "geometry": {
        "type": "Point",
        "coordinates": [
          -6.1901913,
          53.2193827
        ]
      },
      "properties": {
        "osm_id": "w61637059",
        "name": "",
        "category": "local_market",
        "subcategory": "landuse=farmyard",
        "lat": 53.2193827,
        "lon": -6.1901913,
        "admin_division": "",
        "county": "dublin"
      }
    },
    {
      "type": "Feature",
      "geometry": {
        "type": "Point",
        "coordinates": [
          -6.1942458,
          53.2187605
        ]
      },
      "properties": {
        "osm_id": "w61637064",
        "name": "",
        "category": "local_market",
        "subcategory": "landuse=farmyard",
        "lat": 53.2187605,
        "lon": -6.1942458,
        "admin_division": "",
        "county": "dublin"
      }
    },
    {
      "type": "Feature",
      "geometry": {
        "type": "Point",
        "coordinates": [
          -6.1945801,
          53.230715
        ]
      },
      "properties": {
        "osm_id": "w61651598",
        "name": "Verney Farm",
        "category": "local_market",
        "subcategory": "landuse=farmyard",
        "lat": 53.230715,
        "lon": -6.1945801,
        "admin_division": "",
        "county": "dublin"
      }
    },
    {
      "type": "Feature",
      "geometry": {
        "type": "Point",
        "coordinates": [
          -6.1970573,
          53.4875394
        ]
      },
      "properties": {
        "osm_id": "w64203947",
        "name": "",
        "category": "local_market",
        "subcategory": "landuse=farmyard",
        "lat": 53.4875394,
        "lon": -6.1970573,
        "admin_division": "",
        "county": "dublin"
      }
    },
    {
      "type": "Feature",
      "geometry": {
        "type": "Point",
        "coordinates": [
          -6.234865,
          53.4823992
        ]
      },
      "properties": {
        "osm_id": "w64314299",
        "name": "",
        "category": "local_market",
        "subcategory": "landuse=farmyard",
        "lat": 53.4823992,
        "lon": -6.234865,
        "admin_division": "",
        "county": "dublin"
      }
    },
    {
      "type": "Feature",
      "geometry": {
        "type": "Point",
        "coordinates": [
          -6.2408081,
          53.4880534
        ]
      },
      "properties": {
        "osm_id": "w64320269",
        "name": "",
        "category": "local_market",
        "subcategory": "landuse=farmyard",
        "lat": 53.4880534,
        "lon": -6.2408081,
        "admin_division": "",
        "county": "dublin"
      }
    },
    {
      "type": "Feature",
      "geometry": {
        "type": "Point",
        "coordinates": [
          -6.2216677,
          53.4843466
        ]
      },
      "properties": {
        "osm_id": "w64320300",
        "name": "",
        "category": "local_market",
        "subcategory": "landuse=farmyard",
        "lat": 53.4843466,
        "lon": -6.2216677,
        "admin_division": "",
        "county": "dublin"
      }
    },
    {
      "type": "Feature",
      "geometry": {
        "type": "Point",
        "coordinates": [
          -6.2607491,
          53.4693147
        ]
      },
      "properties": {
        "osm_id": "w64320301",
        "name": "",
        "category": "local_market",
        "subcategory": "landuse=farmyard",
        "lat": 53.4693147,
        "lon": -6.2607491,
        "admin_division": "",
        "county": "dublin"
      }
    },
    {
      "type": "Feature",
      "geometry": {
        "type": "Point",
        "coordinates": [
          -6.2332319,
          53.4794767
        ]
      },
      "properties": {
        "osm_id": "w64320307",
        "name": "",
        "category": "local_market",
        "subcategory": "landuse=farmyard",
        "lat": 53.4794767,
        "lon": -6.2332319,
        "admin_division": "",
        "county": "dublin"
      }
    },
    {
      "type": "Feature",
      "geometry": {
        "type": "Point",
        "coordinates": [
          -6.2711252,
          53.4625502
        ]
      },
      "properties": {
        "osm_id": "w64491508",
        "name": "",
        "category": "local_market",
        "subcategory": "landuse=farmyard",
        "lat": 53.4625502,
        "lon": -6.2711252,
        "admin_division": "",
        "county": "dublin"
      }
    },
    {
      "type": "Feature",
      "geometry": {
        "type": "Point",
        "coordinates": [
          -6.2657532,
          53.4725272
        ]
      },
      "properties": {
        "osm_id": "w64495193",
        "name": "",
        "category": "local_market",
        "subcategory": "landuse=farmyard",
        "lat": 53.4725272,
        "lon": -6.2657532,
        "admin_division": "",
        "county": "dublin"
      }
    },
    {
      "type": "Feature",
      "geometry": {
        "type": "Point",
        "coordinates": [
          -6.2474347,
          53.4854184
        ]
      },
      "properties": {
        "osm_id": "w64501473",
        "name": "",
        "category": "local_market",
        "subcategory": "landuse=farmyard",
        "lat": 53.4854184,
        "lon": -6.2474347,
        "admin_division": "",
        "county": "dublin"
      }
    },
    {
      "type": "Feature",
      "geometry": {
        "type": "Point",
        "coordinates": [
          -6.1698148,
          53.5206346
        ]
      },
      "properties": {
        "osm_id": "w65013338",
        "name": "",
        "category": "local_market",
        "subcategory": "landuse=farmyard",
        "lat": 53.5206346,
        "lon": -6.1698148,
        "admin_division": "",
        "county": "dublin"
      }
    },
    {
      "type": "Feature",
      "geometry": {
        "type": "Point",
        "coordinates": [
          -6.1904476,
          53.5142793
        ]
      },
      "properties": {
        "osm_id": "w65013600",
        "name": "",
        "category": "local_market",
        "subcategory": "landuse=farmyard",
        "lat": 53.5142793,
        "lon": -6.1904476,
        "admin_division": "",
        "county": "dublin"
      }
    },
    {
      "type": "Feature",
      "geometry": {
        "type": "Point",
        "coordinates": [
          -6.1880479,
          53.5110625
        ]
      },
      "properties": {
        "osm_id": "w65013605",
        "name": "",
        "category": "local_market",
        "subcategory": "landuse=farmyard",
        "lat": 53.5110625,
        "lon": -6.1880479,
        "admin_division": "",
        "county": "dublin"
      }
    },
    {
      "type": "Feature",
      "geometry": {
        "type": "Point",
        "coordinates": [
          -6.1825932,
          53.5069031
        ]
      },
      "properties": {
        "osm_id": "w65195796",
        "name": "",
        "category": "local_market",
        "subcategory": "landuse=farmyard",
        "lat": 53.5069031,
        "lon": -6.1825932,
        "admin_division": "",
        "county": "dublin"
      }
    },
    {
      "type": "Feature",
      "geometry": {
        "type": "Point",
        "coordinates": [
          -6.1667033,
          53.510401
        ]
      },
      "properties": {
        "osm_id": "w65195814",
        "name": "",
        "category": "local_market",
        "subcategory": "landuse=farmyard",
        "lat": 53.510401,
        "lon": -6.1667033,
        "admin_division": "",
        "county": "dublin"
      }
    },
    {
      "type": "Feature",
      "geometry": {
        "type": "Point",
        "coordinates": [
          -6.1614675,
          53.5079769
        ]
      },
      "properties": {
        "osm_id": "w65195925",
        "name": "",
        "category": "local_market",
        "subcategory": "landuse=farmyard",
        "lat": 53.5079769,
        "lon": -6.1614675,
        "admin_division": "",
        "county": "dublin"
      }
    },
    {
      "type": "Feature",
      "geometry": {
        "type": "Point",
        "coordinates": [
          -6.1833522,
          53.538947
        ]
      },
      "properties": {
        "osm_id": "w65465419",
        "name": "",
        "category": "local_market",
        "subcategory": "landuse=farmyard",
        "lat": 53.538947,
        "lon": -6.1833522,
        "admin_division": "",
        "county": "dublin"
      }
    },
    {
      "type": "Feature",
      "geometry": {
        "type": "Point",
        "coordinates": [
          -6.1733919,
          53.5599019
        ]
      },
      "properties": {
        "osm_id": "w65473863",
        "name": "",
        "category": "local_market",
        "subcategory": "landuse=farmyard",
        "lat": 53.5599019,
        "lon": -6.1733919,
        "admin_division": "",
        "county": "dublin"
      }
    },
    {
      "type": "Feature",
      "geometry": {
        "type": "Point",
        "coordinates": [
          -6.1761607,
          53.5431423
        ]
      },
      "properties": {
        "osm_id": "w65476920",
        "name": "",
        "category": "local_market",
        "subcategory": "landuse=farmyard",
        "lat": 53.5431423,
        "lon": -6.1761607,
        "admin_division": "",
        "county": "dublin"
      }
    },
    {
      "type": "Feature",
      "geometry": {
        "type": "Point",
        "coordinates": [
          -6.1660319,
          53.5316189
        ]
      },
      "properties": {
        "osm_id": "w65544244",
        "name": "",
        "category": "local_market",
        "subcategory": "landuse=farmyard",
        "lat": 53.5316189,
        "lon": -6.1660319,
        "admin_division": "",
        "county": "dublin"
      }
    },
    {
      "type": "Feature",
      "geometry": {
        "type": "Point",
        "coordinates": [
          -6.1920439,
          53.5189882
        ]
      },
      "properties": {
        "osm_id": "w65629741",
        "name": "",
        "category": "local_market",
        "subcategory": "landuse=farmyard",
        "lat": 53.5189882,
        "lon": -6.1920439,
        "admin_division": "",
        "county": "dublin"
      }
    },
    {
      "type": "Feature",
      "geometry": {
        "type": "Point",
        "coordinates": [
          -6.1926459,
          53.5160438
        ]
      },
      "properties": {
        "osm_id": "w65629935",
        "name": "",
        "category": "local_market",
        "subcategory": "landuse=farmyard",
        "lat": 53.5160438,
        "lon": -6.1926459,
        "admin_division": "",
        "county": "dublin"
      }
    },
    {
      "type": "Feature",
      "geometry": {
        "type": "Point",
        "coordinates": [
          -6.17927,
          53.492592
        ]
      },
      "properties": {
        "osm_id": "w65644306",
        "name": "",
        "category": "local_market",
        "subcategory": "landuse=farmyard",
        "lat": 53.492592,
        "lon": -6.17927,
        "admin_division": "",
        "county": "dublin"
      }
    },
    {
      "type": "Feature",
      "geometry": {
        "type": "Point",
        "coordinates": [
          -6.1927643,
          53.5012256
        ]
      },
      "properties": {
        "osm_id": "w65762101",
        "name": "",
        "category": "local_market",
        "subcategory": "landuse=farmyard",
        "lat": 53.5012256,
        "lon": -6.1927643,
        "admin_division": "",
        "county": "dublin"
      }
    },
    {
      "type": "Feature",
      "geometry": {
        "type": "Point",
        "coordinates": [
          -6.128678,
          53.4950081
        ]
      },
      "properties": {
        "osm_id": "w66120179",
        "name": "",
        "category": "local_market",
        "subcategory": "landuse=farmyard",
        "lat": 53.4950081,
        "lon": -6.128678,
        "admin_division": "",
        "county": "dublin"
      }
    },
    {
      "type": "Feature",
      "geometry": {
        "type": "Point",
        "coordinates": [
          -6.1305112,
          53.5195683
        ]
      },
      "properties": {
        "osm_id": "w66140273",
        "name": "",
        "category": "local_market",
        "subcategory": "landuse=farmyard",
        "lat": 53.5195683,
        "lon": -6.1305112,
        "admin_division": "",
        "county": "dublin"
      }
    },
    {
      "type": "Feature",
      "geometry": {
        "type": "Point",
        "coordinates": [
          -6.126274,
          53.5195201
        ]
      },
      "properties": {
        "osm_id": "w66364110",
        "name": "",
        "category": "local_market",
        "subcategory": "landuse=farmyard",
        "lat": 53.5195201,
        "lon": -6.126274,
        "admin_division": "",
        "county": "dublin"
      }
    },
    {
      "type": "Feature",
      "geometry": {
        "type": "Point",
        "coordinates": [
          -6.1410899,
          53.4735113
        ]
      },
      "properties": {
        "osm_id": "w66540713",
        "name": "",
        "category": "local_market",
        "subcategory": "landuse=farmyard",
        "lat": 53.4735113,
        "lon": -6.1410899,
        "admin_division": "",
        "county": "dublin"
      }
    },
    {
      "type": "Feature",
      "geometry": {
        "type": "Point",
        "coordinates": [
          -6.2916628,
          53.4313317
        ]
      },
      "properties": {
        "osm_id": "w67194174",
        "name": "",
        "category": "local_market",
        "subcategory": "landuse=farmyard",
        "lat": 53.4313317,
        "lon": -6.2916628,
        "admin_division": "",
        "county": "dublin"
      }
    },
    {
      "type": "Feature",
      "geometry": {
        "type": "Point",
        "coordinates": [
          -6.2794966,
          53.4258738
        ]
      },
      "properties": {
        "osm_id": "w67194199",
        "name": "",
        "category": "local_market",
        "subcategory": "landuse=farmyard",
        "lat": 53.4258738,
        "lon": -6.2794966,
        "admin_division": "",
        "county": "dublin"
      }
    },
    {
      "type": "Feature",
      "geometry": {
        "type": "Point",
        "coordinates": [
          -6.2892931,
          53.4332168
        ]
      },
      "properties": {
        "osm_id": "w67194231",
        "name": "",
        "category": "local_market",
        "subcategory": "landuse=farmyard",
        "lat": 53.4332168,
        "lon": -6.2892931,
        "admin_division": "",
        "county": "dublin"
      }
    },
    {
      "type": "Feature",
      "geometry": {
        "type": "Point",
        "coordinates": [
          -6.2827423,
          53.4325982
        ]
      },
      "properties": {
        "osm_id": "w67194245",
        "name": "",
        "category": "local_market",
        "subcategory": "landuse=farmyard",
        "lat": 53.4325982,
        "lon": -6.2827423,
        "admin_division": "",
        "county": "dublin"
      }
    },
    {
      "type": "Feature",
      "geometry": {
        "type": "Point",
        "coordinates": [
          -6.2794235,
          53.4302745
        ]
      },
      "properties": {
        "osm_id": "w67194277",
        "name": "",
        "category": "local_market",
        "subcategory": "landuse=farmyard",
        "lat": 53.4302745,
        "lon": -6.2794235,
        "admin_division": "",
        "county": "dublin"
      }
    },
    {
      "type": "Feature",
      "geometry": {
        "type": "Point",
        "coordinates": [
          -6.1996123,
          53.4230213
        ]
      },
      "properties": {
        "osm_id": "w67398127",
        "name": "",
        "category": "local_market",
        "subcategory": "landuse=farmyard",
        "lat": 53.4230213,
        "lon": -6.1996123,
        "admin_division": "",
        "county": "dublin"
      }
    },
    {
      "type": "Feature",
      "geometry": {
        "type": "Point",
        "coordinates": [
          -6.2144182,
          53.411563
        ]
      },
      "properties": {
        "osm_id": "w68110010",
        "name": "",
        "category": "local_market",
        "subcategory": "landuse=farmyard",
        "lat": 53.411563,
        "lon": -6.2144182,
        "admin_division": "",
        "county": "dublin"
      }
    },
    {
      "type": "Feature",
      "geometry": {
        "type": "Point",
        "coordinates": [
          -6.2070634,
          53.4247975
        ]
      },
      "properties": {
        "osm_id": "w68110019",
        "name": "",
        "category": "local_market",
        "subcategory": "landuse=farmyard",
        "lat": 53.4247975,
        "lon": -6.2070634,
        "admin_division": "",
        "county": "dublin"
      }
    },
    {
      "type": "Feature",
      "geometry": {
        "type": "Point",
        "coordinates": [
          -6.2036388,
          53.4227264
        ]
      },
      "properties": {
        "osm_id": "w68110045",
        "name": "",
        "category": "local_market",
        "subcategory": "landuse=farmyard",
        "lat": 53.4227264,
        "lon": -6.2036388,
        "admin_division": "",
        "county": "dublin"
      }
    },
    {
      "type": "Feature",
      "geometry": {
        "type": "Point",
        "coordinates": [
          -6.1853025,
          53.4229922
        ]
      },
      "properties": {
        "osm_id": "w68110067",
        "name": "",
        "category": "local_market",
        "subcategory": "landuse=farmyard",
        "lat": 53.4229922,
        "lon": -6.1853025,
        "admin_division": "",
        "county": "dublin"
      }
    },
    {
      "type": "Feature",
      "geometry": {
        "type": "Point",
        "coordinates": [
          -6.1904359,
          53.41591
        ]
      },
      "properties": {
        "osm_id": "w68110079",
        "name": "",
        "category": "local_market",
        "subcategory": "landuse=farmyard",
        "lat": 53.41591,
        "lon": -6.1904359,
        "admin_division": "",
        "county": "dublin"
      }
    },
    {
      "type": "Feature",
      "geometry": {
        "type": "Point",
        "coordinates": [
          -6.213758,
          53.4123026
        ]
      },
      "properties": {
        "osm_id": "w68110093",
        "name": "",
        "category": "local_market",
        "subcategory": "landuse=farmyard",
        "lat": 53.4123026,
        "lon": -6.213758,
        "admin_division": "",
        "county": "dublin"
      }
    },
    {
      "type": "Feature",
      "geometry": {
        "type": "Point",
        "coordinates": [
          -6.2021805,
          53.4184694
        ]
      },
      "properties": {
        "osm_id": "w68110097",
        "name": "",
        "category": "local_market",
        "subcategory": "landuse=farmyard",
        "lat": 53.4184694,
        "lon": -6.2021805,
        "admin_division": "",
        "county": "dublin"
      }
    },
    {
      "type": "Feature",
      "geometry": {
        "type": "Point",
        "coordinates": [
          -6.2027387,
          53.4226477
        ]
      },
      "properties": {
        "osm_id": "w68110109",
        "name": "",
        "category": "local_market",
        "subcategory": "landuse=farmyard",
        "lat": 53.4226477,
        "lon": -6.2027387,
        "admin_division": "",
        "county": "dublin"
      }
    },
    {
      "type": "Feature",
      "geometry": {
        "type": "Point",
        "coordinates": [
          -6.2124644,
          53.4165285
        ]
      },
      "properties": {
        "osm_id": "w68110117",
        "name": "",
        "category": "local_market",
        "subcategory": "landuse=farmyard",
        "lat": 53.4165285,
        "lon": -6.2124644,
        "admin_division": "",
        "county": "dublin"
      }
    },
    {
      "type": "Feature",
      "geometry": {
        "type": "Point",
        "coordinates": [
          -6.1869225,
          53.4224258
        ]
      },
      "properties": {
        "osm_id": "w68110146",
        "name": "",
        "category": "local_market",
        "subcategory": "landuse=farmyard",
        "lat": 53.4224258,
        "lon": -6.1869225,
        "admin_division": "",
        "county": "dublin"
      }
    },
    {
      "type": "Feature",
      "geometry": {
        "type": "Point",
        "coordinates": [
          -6.1642318,
          53.4267871
        ]
      },
      "properties": {
        "osm_id": "w68293986",
        "name": "",
        "category": "local_market",
        "subcategory": "landuse=farmyard",
        "lat": 53.4267871,
        "lon": -6.1642318,
        "admin_division": "",
        "county": "dublin"
      }
    },
    {
      "type": "Feature",
      "geometry": {
        "type": "Point",
        "coordinates": [
          -6.2142659,
          53.4144039
        ]
      },
      "properties": {
        "osm_id": "w68326431",
        "name": "",
        "category": "local_market",
        "subcategory": "landuse=farmyard",
        "lat": 53.4144039,
        "lon": -6.2142659,
        "admin_division": "",
        "county": "dublin"
      }
    },
    {
      "type": "Feature",
      "geometry": {
        "type": "Point",
        "coordinates": [
          -6.2141392,
          53.4263126
        ]
      },
      "properties": {
        "osm_id": "w68326448",
        "name": "",
        "category": "local_market",
        "subcategory": "landuse=farmyard",
        "lat": 53.4263126,
        "lon": -6.2141392,
        "admin_division": "",
        "county": "dublin"
      }
    },
    {
      "type": "Feature",
      "geometry": {
        "type": "Point",
        "coordinates": [
          -6.2166195,
          53.4172186
        ]
      },
      "properties": {
        "osm_id": "w68326483",
        "name": "",
        "category": "local_market",
        "subcategory": "landuse=farmyard",
        "lat": 53.4172186,
        "lon": -6.2166195,
        "admin_division": "",
        "county": "dublin"
      }
    },
    {
      "type": "Feature",
      "geometry": {
        "type": "Point",
        "coordinates": [
          -6.1973422,
          53.4291982
        ]
      },
      "properties": {
        "osm_id": "w68348844",
        "name": "",
        "category": "local_market",
        "subcategory": "landuse=farmyard",
        "lat": 53.4291982,
        "lon": -6.1973422,
        "admin_division": "",
        "county": "dublin"
      }
    },
    {
      "type": "Feature",
      "geometry": {
        "type": "Point",
        "coordinates": [
          -6.2045483,
          53.4399566
        ]
      },
      "properties": {
        "osm_id": "w68348917",
        "name": "",
        "category": "local_market",
        "subcategory": "landuse=farmyard",
        "lat": 53.4399566,
        "lon": -6.2045483,
        "admin_division": "",
        "county": "dublin"
      }
    },
    {
      "type": "Feature",
      "geometry": {
        "type": "Point",
        "coordinates": [
          -6.1937289,
          53.4424781
        ]
      },
      "properties": {
        "osm_id": "w68451824",
        "name": "",
        "category": "local_market",
        "subcategory": "landuse=farmyard",
        "lat": 53.4424781,
        "lon": -6.1937289,
        "admin_division": "",
        "county": "dublin"
      }
    },
    {
      "type": "Feature",
      "geometry": {
        "type": "Point",
        "coordinates": [
          -6.1933508,
          53.4508912
        ]
      },
      "properties": {
        "osm_id": "w68451832",
        "name": "",
        "category": "local_market",
        "subcategory": "landuse=farmyard",
        "lat": 53.4508912,
        "lon": -6.1933508,
        "admin_division": "",
        "county": "dublin"
      }
    },
    {
      "type": "Feature",
      "geometry": {
        "type": "Point",
        "coordinates": [
          -6.1244179,
          53.5588927
        ]
      },
      "properties": {
        "osm_id": "w69484536",
        "name": "",
        "category": "local_market",
        "subcategory": "landuse=farmyard",
        "lat": 53.5588927,
        "lon": -6.1244179,
        "admin_division": "",
        "county": "dublin"
      }
    },
    {
      "type": "Feature",
      "geometry": {
        "type": "Point",
        "coordinates": [
          -6.1250145,
          53.5663398
        ]
      },
      "properties": {
        "osm_id": "w69484573",
        "name": "",
        "category": "local_market",
        "subcategory": "landuse=farmyard",
        "lat": 53.5663398,
        "lon": -6.1250145,
        "admin_division": "",
        "county": "dublin"
      }
    },
    {
      "type": "Feature",
      "geometry": {
        "type": "Point",
        "coordinates": [
          -6.1384351,
          53.5302329
        ]
      },
      "properties": {
        "osm_id": "w69585398",
        "name": "",
        "category": "local_market",
        "subcategory": "landuse=farmyard",
        "lat": 53.5302329,
        "lon": -6.1384351,
        "admin_division": "",
        "county": "dublin"
      }
    },
    {
      "type": "Feature",
      "geometry": {
        "type": "Point",
        "coordinates": [
          -6.1417415,
          53.5468618
        ]
      },
      "properties": {
        "osm_id": "w69585427",
        "name": "",
        "category": "local_market",
        "subcategory": "landuse=farmyard",
        "lat": 53.5468618,
        "lon": -6.1417415,
        "admin_division": "",
        "county": "dublin"
      }
    },
    {
      "type": "Feature",
      "geometry": {
        "type": "Point",
        "coordinates": [
          -6.1215965,
          53.5497482
        ]
      },
      "properties": {
        "osm_id": "w69585497",
        "name": "",
        "category": "local_market",
        "subcategory": "landuse=farmyard",
        "lat": 53.5497482,
        "lon": -6.1215965,
        "admin_division": "",
        "county": "dublin"
      }
    },
    {
      "type": "Feature",
      "geometry": {
        "type": "Point",
        "coordinates": [
          -6.1393066,
          53.5460804
        ]
      },
      "properties": {
        "osm_id": "w69585566",
        "name": "",
        "category": "local_market",
        "subcategory": "landuse=farmyard",
        "lat": 53.5460804,
        "lon": -6.1393066,
        "admin_division": "",
        "county": "dublin"
      }
    },
    {
      "type": "Feature",
      "geometry": {
        "type": "Point",
        "coordinates": [
          -6.1358834,
          53.5328128
        ]
      },
      "properties": {
        "osm_id": "w69585591",
        "name": "",
        "category": "local_market",
        "subcategory": "landuse=farmyard",
        "lat": 53.5328128,
        "lon": -6.1358834,
        "admin_division": "",
        "county": "dublin"
      }
    },
    {
      "type": "Feature",
      "geometry": {
        "type": "Point",
        "coordinates": [
          -6.144992,
          53.435353
        ]
      },
      "properties": {
        "osm_id": "w69597415",
        "name": "",
        "category": "local_market",
        "subcategory": "landuse=farmyard",
        "lat": 53.435353,
        "lon": -6.144992,
        "admin_division": "",
        "county": "dublin"
      }
    },
    {
      "type": "Feature",
      "geometry": {
        "type": "Point",
        "coordinates": [
          -6.1315682,
          53.5554355
        ]
      },
      "properties": {
        "osm_id": "w69685766",
        "name": "",
        "category": "local_market",
        "subcategory": "landuse=farmyard",
        "lat": 53.5554355,
        "lon": -6.1315682,
        "admin_division": "",
        "county": "dublin"
      }
    },
    {
      "type": "Feature",
      "geometry": {
        "type": "Point",
        "coordinates": [
          -6.1504746,
          53.5586349
        ]
      },
      "properties": {
        "osm_id": "w69685769",
        "name": "",
        "category": "local_market",
        "subcategory": "landuse=farmyard",
        "lat": 53.5586349,
        "lon": -6.1504746,
        "admin_division": "",
        "county": "dublin"
      }
    },
    {
      "type": "Feature",
      "geometry": {
        "type": "Point",
        "coordinates": [
          -6.1319832,
          53.5556931
        ]
      },
      "properties": {
        "osm_id": "w69685775",
        "name": "",
        "category": "local_market",
        "subcategory": "landuse=farmyard",
        "lat": 53.5556931,
        "lon": -6.1319832,
        "admin_division": "",
        "county": "dublin"
      }
    },
    {
      "type": "Feature",
      "geometry": {
        "type": "Point",
        "coordinates": [
          -6.1485607,
          53.5590808
        ]
      },
      "properties": {
        "osm_id": "w69685783",
        "name": "",
        "category": "local_market",
        "subcategory": "landuse=farmyard",
        "lat": 53.5590808,
        "lon": -6.1485607,
        "admin_division": "",
        "county": "dublin"
      }
    },
    {
      "type": "Feature",
      "geometry": {
        "type": "Point",
        "coordinates": [
          -6.0922091,
          53.5503228
        ]
      },
      "properties": {
        "osm_id": "w70287814",
        "name": "",
        "category": "local_market",
        "subcategory": "landuse=farmyard",
        "lat": 53.5503228,
        "lon": -6.0922091,
        "admin_division": "",
        "county": "dublin"
      }
    },
    {
      "type": "Feature",
      "geometry": {
        "type": "Point",
        "coordinates": [
          -6.084786,
          53.5518575
        ]
      },
      "properties": {
        "osm_id": "w70287816",
        "name": "",
        "category": "local_market",
        "subcategory": "landuse=farmyard",
        "lat": 53.5518575,
        "lon": -6.084786,
        "admin_division": "",
        "county": "dublin"
      }
    },
    {
      "type": "Feature",
      "geometry": {
        "type": "Point",
        "coordinates": [
          -6.0922651,
          53.557958
        ]
      },
      "properties": {
        "osm_id": "w70288302",
        "name": "",
        "category": "local_market",
        "subcategory": "landuse=farmyard",
        "lat": 53.557958,
        "lon": -6.0922651,
        "admin_division": "",
        "county": "dublin"
      }
    },
    {
      "type": "Feature",
      "geometry": {
        "type": "Point",
        "coordinates": [
          -6.0976566,
          53.5618475
        ]
      },
      "properties": {
        "osm_id": "w70288315",
        "name": "",
        "category": "local_market",
        "subcategory": "landuse=farmyard",
        "lat": 53.5618475,
        "lon": -6.0976566,
        "admin_division": "",
        "county": "dublin"
      }
    },
    {
      "type": "Feature",
      "geometry": {
        "type": "Point",
        "coordinates": [
          -6.1646408,
          53.5451185
        ]
      },
      "properties": {
        "osm_id": "w70390659",
        "name": "",
        "category": "local_market",
        "subcategory": "landuse=farmyard",
        "lat": 53.5451185,
        "lon": -6.1646408,
        "admin_division": "",
        "county": "dublin"
      }
    },
    {
      "type": "Feature",
      "geometry": {
        "type": "Point",
        "coordinates": [
          -6.1643017,
          53.538444
        ]
      },
      "properties": {
        "osm_id": "w70390820",
        "name": "",
        "category": "local_market",
        "subcategory": "landuse=farmyard",
        "lat": 53.538444,
        "lon": -6.1643017,
        "admin_division": "",
        "county": "dublin"
      }
    },
    {
      "type": "Feature",
      "geometry": {
        "type": "Point",
        "coordinates": [
          -6.2129573,
          53.4400973
        ]
      },
      "properties": {
        "osm_id": "w70708634",
        "name": "",
        "category": "local_market",
        "subcategory": "landuse=farmyard",
        "lat": 53.4400973,
        "lon": -6.2129573,
        "admin_division": "",
        "county": "dublin"
      }
    },
    {
      "type": "Feature",
      "geometry": {
        "type": "Point",
        "coordinates": [
          -6.2269588,
          53.4996673
        ]
      },
      "properties": {
        "osm_id": "w70726580",
        "name": "A&E Weldon",
        "category": "local_market",
        "subcategory": "landuse=farmyard",
        "lat": 53.4996673,
        "lon": -6.2269588,
        "admin_division": "Swords, Co. Dublin",
        "county": "dublin"
      }
    },
    {
      "type": "Feature",
      "geometry": {
        "type": "Point",
        "coordinates": [
          -6.2408494,
          53.4896284
        ]
      },
      "properties": {
        "osm_id": "w70726597",
        "name": "",
        "category": "local_market",
        "subcategory": "landuse=farmyard",
        "lat": 53.4896284,
        "lon": -6.2408494,
        "admin_division": "",
        "county": "dublin"
      }
    },
    {
      "type": "Feature",
      "geometry": {
        "type": "Point",
        "coordinates": [
          -6.2473228,
          53.5052622
        ]
      },
      "properties": {
        "osm_id": "w70726604",
        "name": "",
        "category": "local_market",
        "subcategory": "landuse=farmyard",
        "lat": 53.5052622,
        "lon": -6.2473228,
        "admin_division": "",
        "county": "dublin"
      }
    },
    {
      "type": "Feature",
      "geometry": {
        "type": "Point",
        "coordinates": [
          -6.2707963,
          53.5030335
        ]
      },
      "properties": {
        "osm_id": "w70726653",
        "name": "",
        "category": "local_market",
        "subcategory": "landuse=farmyard",
        "lat": 53.5030335,
        "lon": -6.2707963,
        "admin_division": "",
        "county": "dublin"
      }
    },
    {
      "type": "Feature",
      "geometry": {
        "type": "Point",
        "coordinates": [
          -6.2595047,
          53.4906303
        ]
      },
      "properties": {
        "osm_id": "w70726733",
        "name": "",
        "category": "local_market",
        "subcategory": "landuse=farmyard",
        "lat": 53.4906303,
        "lon": -6.2595047,
        "admin_division": "",
        "county": "dublin"
      }
    },
    {
      "type": "Feature",
      "geometry": {
        "type": "Point",
        "coordinates": [
          -6.2426699,
          53.491856
        ]
      },
      "properties": {
        "osm_id": "w70726763",
        "name": "",
        "category": "local_market",
        "subcategory": "landuse=farmyard",
        "lat": 53.491856,
        "lon": -6.2426699,
        "admin_division": "",
        "county": "dublin"
      }
    },
    {
      "type": "Feature",
      "geometry": {
        "type": "Point",
        "coordinates": [
          -6.2275474,
          53.5030395
        ]
      },
      "properties": {
        "osm_id": "w70726854",
        "name": "",
        "category": "local_market",
        "subcategory": "landuse=farmyard",
        "lat": 53.5030395,
        "lon": -6.2275474,
        "admin_division": "",
        "county": "dublin"
      }
    },
    {
      "type": "Feature",
      "geometry": {
        "type": "Point",
        "coordinates": [
          -6.2522704,
          53.4921905
        ]
      },
      "properties": {
        "osm_id": "w70726855",
        "name": "",
        "category": "local_market",
        "subcategory": "landuse=farmyard",
        "lat": 53.4921905,
        "lon": -6.2522704,
        "admin_division": "",
        "county": "dublin"
      }
    },
    {
      "type": "Feature",
      "geometry": {
        "type": "Point",
        "coordinates": [
          -6.2108857,
          53.4995442
        ]
      },
      "properties": {
        "osm_id": "w70726867",
        "name": "",
        "category": "local_market",
        "subcategory": "landuse=farmyard",
        "lat": 53.4995442,
        "lon": -6.2108857,
        "admin_division": "",
        "county": "dublin"
      }
    },
    {
      "type": "Feature",
      "geometry": {
        "type": "Point",
        "coordinates": [
          -6.2192646,
          53.5009951
        ]
      },
      "properties": {
        "osm_id": "w70726906",
        "name": "",
        "category": "local_market",
        "subcategory": "landuse=farmyard",
        "lat": 53.5009951,
        "lon": -6.2192646,
        "admin_division": "",
        "county": "dublin"
      }
    },
    {
      "type": "Feature",
      "geometry": {
        "type": "Point",
        "coordinates": [
          -6.2254482,
          53.491322
        ]
      },
      "properties": {
        "osm_id": "w70726907",
        "name": "",
        "category": "local_market",
        "subcategory": "landuse=farmyard",
        "lat": 53.491322,
        "lon": -6.2254482,
        "admin_division": "",
        "county": "dublin"
      }
    },
    {
      "type": "Feature",
      "geometry": {
        "type": "Point",
        "coordinates": [
          -6.2309561,
          53.5129408
        ]
      },
      "properties": {
        "osm_id": "w70726917",
        "name": "",
        "category": "local_market",
        "subcategory": "landuse=farmyard",
        "lat": 53.5129408,
        "lon": -6.2309561,
        "admin_division": "",
        "county": "dublin"
      }
    },
    {
      "type": "Feature",
      "geometry": {
        "type": "Point",
        "coordinates": [
          -6.2990588,
          53.554093
        ]
      },
      "properties": {
        "osm_id": "w70738421",
        "name": "",
        "category": "local_market",
        "subcategory": "landuse=farmyard",
        "lat": 53.554093,
        "lon": -6.2990588,
        "admin_division": "",
        "county": "dublin"
      }
    },
    {
      "type": "Feature",
      "geometry": {
        "type": "Point",
        "coordinates": [
          -6.2814639,
          53.5802032
        ]
      },
      "properties": {
        "osm_id": "w70738425",
        "name": "",
        "category": "local_market",
        "subcategory": "landuse=farmyard",
        "lat": 53.5802032,
        "lon": -6.2814639,
        "admin_division": "",
        "county": "dublin"
      }
    },
    {
      "type": "Feature",
      "geometry": {
        "type": "Point",
        "coordinates": [
          -6.2806432,
          53.5786635
        ]
      },
      "properties": {
        "osm_id": "w70738522",
        "name": "",
        "category": "local_market",
        "subcategory": "landuse=farmyard",
        "lat": 53.5786635,
        "lon": -6.2806432,
        "admin_division": "",
        "county": "dublin"
      }
    },
    {
      "type": "Feature",
      "geometry": {
        "type": "Point",
        "coordinates": [
          -6.3070154,
          53.5583233
        ]
      },
      "properties": {
        "osm_id": "w70738572",
        "name": "",
        "category": "local_market",
        "subcategory": "landuse=farmyard",
        "lat": 53.5583233,
        "lon": -6.3070154,
        "admin_division": "",
        "county": "dublin"
      }
    },
    {
      "type": "Feature",
      "geometry": {
        "type": "Point",
        "coordinates": [
          -6.3040381,
          53.5819622
        ]
      },
      "properties": {
        "osm_id": "w70738590",
        "name": "",
        "category": "local_market",
        "subcategory": "landuse=farmyard",
        "lat": 53.5819622,
        "lon": -6.3040381,
        "admin_division": "",
        "county": "dublin"
      }
    },
    {
      "type": "Feature",
      "geometry": {
        "type": "Point",
        "coordinates": [
          -6.3150366,
          53.5664896
        ]
      },
      "properties": {
        "osm_id": "w70738600",
        "name": "",
        "category": "local_market",
        "subcategory": "landuse=farmyard",
        "lat": 53.5664896,
        "lon": -6.3150366,
        "admin_division": "",
        "county": "dublin"
      }
    },
    {
      "type": "Feature",
      "geometry": {
        "type": "Point",
        "coordinates": [
          -6.2908579,
          53.5699999
        ]
      },
      "properties": {
        "osm_id": "w70738601",
        "name": "",
        "category": "local_market",
        "subcategory": "landuse=farmyard",
        "lat": 53.5699999,
        "lon": -6.2908579,
        "admin_division": "",
        "county": "dublin"
      }
    },
    {
      "type": "Feature",
      "geometry": {
        "type": "Point",
        "coordinates": [
          -6.2753415,
          53.5642002
        ]
      },
      "properties": {
        "osm_id": "w70738655",
        "name": "",
        "category": "local_market",
        "subcategory": "landuse=farmyard",
        "lat": 53.5642002,
        "lon": -6.2753415,
        "admin_division": "",
        "county": "dublin"
      }
    },
    {
      "type": "Feature",
      "geometry": {
        "type": "Point",
        "coordinates": [
          -6.2845126,
          53.5264061
        ]
      },
      "properties": {
        "osm_id": "w71317923",
        "name": "",
        "category": "local_market",
        "subcategory": "landuse=farmyard",
        "lat": 53.5264061,
        "lon": -6.2845126,
        "admin_division": "",
        "county": "dublin"
      }
    },
    {
      "type": "Feature",
      "geometry": {
        "type": "Point",
        "coordinates": [
          -6.2990573,
          53.556468
        ]
      },
      "properties": {
        "osm_id": "w71317953",
        "name": "",
        "category": "local_market",
        "subcategory": "landuse=farmyard",
        "lat": 53.556468,
        "lon": -6.2990573,
        "admin_division": "",
        "county": "dublin"
      }
    },
    {
      "type": "Feature",
      "geometry": {
        "type": "Point",
        "coordinates": [
          -6.319555,
          53.5432072
        ]
      },
      "properties": {
        "osm_id": "w71317986",
        "name": "",
        "category": "local_market",
        "subcategory": "landuse=farmyard",
        "lat": 53.5432072,
        "lon": -6.319555,
        "admin_division": "",
        "county": "dublin"
      }
    },
    {
      "type": "Feature",
      "geometry": {
        "type": "Point",
        "coordinates": [
          -6.2693179,
          53.5267845
        ]
      },
      "properties": {
        "osm_id": "w71317990",
        "name": "",
        "category": "local_market",
        "subcategory": "landuse=farmyard",
        "lat": 53.5267845,
        "lon": -6.2693179,
        "admin_division": "",
        "county": "dublin"
      }
    },
    {
      "type": "Feature",
      "geometry": {
        "type": "Point",
        "coordinates": [
          -6.3029947,
          53.5436426
        ]
      },
      "properties": {
        "osm_id": "w71318004",
        "name": "",
        "category": "local_market",
        "subcategory": "landuse=farmyard",
        "lat": 53.5436426,
        "lon": -6.3029947,
        "admin_division": "",
        "county": "dublin"
      }
    },
    {
      "type": "Feature",
      "geometry": {
        "type": "Point",
        "coordinates": [
          -6.286701,
          53.5222049
        ]
      },
      "properties": {
        "osm_id": "w71318011",
        "name": "",
        "category": "local_market",
        "subcategory": "landuse=farmyard",
        "lat": 53.5222049,
        "lon": -6.286701,
        "admin_division": "",
        "county": "dublin"
      }
    },
    {
      "type": "Feature",
      "geometry": {
        "type": "Point",
        "coordinates": [
          -6.2713474,
          53.5365829
        ]
      },
      "properties": {
        "osm_id": "w71318017",
        "name": "",
        "category": "local_market",
        "subcategory": "landuse=farmyard",
        "lat": 53.5365829,
        "lon": -6.2713474,
        "admin_division": "",
        "county": "dublin"
      }
    },
    {
      "type": "Feature",
      "geometry": {
        "type": "Point",
        "coordinates": [
          -6.2933965,
          53.5382436
        ]
      },
      "properties": {
        "osm_id": "w71318029",
        "name": "",
        "category": "local_market",
        "subcategory": "landuse=farmyard",
        "lat": 53.5382436,
        "lon": -6.2933965,
        "admin_division": "",
        "county": "dublin"
      }
    },
    {
      "type": "Feature",
      "geometry": {
        "type": "Point",
        "coordinates": [
          -6.2927908,
          53.5359109
        ]
      },
      "properties": {
        "osm_id": "w71318040",
        "name": "",
        "category": "local_market",
        "subcategory": "landuse=farmyard",
        "lat": 53.5359109,
        "lon": -6.2927908,
        "admin_division": "",
        "county": "dublin"
      }
    },
    {
      "type": "Feature",
      "geometry": {
        "type": "Point",
        "coordinates": [
          -6.2900303,
          53.5524255
        ]
      },
      "properties": {
        "osm_id": "w71318102",
        "name": "",
        "category": "local_market",
        "subcategory": "landuse=farmyard",
        "lat": 53.5524255,
        "lon": -6.2900303,
        "admin_division": "",
        "county": "dublin"
      }
    },
    {
      "type": "Feature",
      "geometry": {
        "type": "Point",
        "coordinates": [
          -6.2768131,
          53.5423046
        ]
      },
      "properties": {
        "osm_id": "w71318255",
        "name": "",
        "category": "local_market",
        "subcategory": "landuse=farmyard",
        "lat": 53.5423046,
        "lon": -6.2768131,
        "admin_division": "",
        "county": "dublin"
      }
    },
    {
      "type": "Feature",
      "geometry": {
        "type": "Point",
        "coordinates": [
          -6.2513799,
          53.5372922
        ]
      },
      "properties": {
        "osm_id": "w71391349",
        "name": "",
        "category": "local_market",
        "subcategory": "landuse=farmyard",
        "lat": 53.5372922,
        "lon": -6.2513799,
        "admin_division": "",
        "county": "dublin"
      }
    },
    {
      "type": "Feature",
      "geometry": {
        "type": "Point",
        "coordinates": [
          -6.2468358,
          53.5168453
        ]
      },
      "properties": {
        "osm_id": "w71391382",
        "name": "",
        "category": "local_market",
        "subcategory": "landuse=farmyard",
        "lat": 53.5168453,
        "lon": -6.2468358,
        "admin_division": "",
        "county": "dublin"
      }
    },
    {
      "type": "Feature",
      "geometry": {
        "type": "Point",
        "coordinates": [
          -6.2362469,
          53.5256646
        ]
      },
      "properties": {
        "osm_id": "w71391412",
        "name": "",
        "category": "local_market",
        "subcategory": "landuse=farmyard",
        "lat": 53.5256646,
        "lon": -6.2362469,
        "admin_division": "",
        "county": "dublin"
      }
    },
    {
      "type": "Feature",
      "geometry": {
        "type": "Point",
        "coordinates": [
          -6.2351316,
          53.525283
        ]
      },
      "properties": {
        "osm_id": "w71391457",
        "name": "",
        "category": "local_market",
        "subcategory": "landuse=farmyard",
        "lat": 53.525283,
        "lon": -6.2351316,
        "admin_division": "",
        "county": "dublin"
      }
    },
    {
      "type": "Feature",
      "geometry": {
        "type": "Point",
        "coordinates": [
          -6.2388147,
          53.5151724
        ]
      },
      "properties": {
        "osm_id": "w71391473",
        "name": "",
        "category": "local_market",
        "subcategory": "landuse=farmyard",
        "lat": 53.5151724,
        "lon": -6.2388147,
        "admin_division": "",
        "county": "dublin"
      }
    },
    {
      "type": "Feature",
      "geometry": {
        "type": "Point",
        "coordinates": [
          -6.2431598,
          53.5168008
        ]
      },
      "properties": {
        "osm_id": "w71391507",
        "name": "",
        "category": "local_market",
        "subcategory": "landuse=farmyard",
        "lat": 53.5168008,
        "lon": -6.2431598,
        "admin_division": "",
        "county": "dublin"
      }
    },
    {
      "type": "Feature",
      "geometry": {
        "type": "Point",
        "coordinates": [
          -6.2540436,
          53.52535
        ]
      },
      "properties": {
        "osm_id": "w71391564",
        "name": "",
        "category": "local_market",
        "subcategory": "landuse=farmyard",
        "lat": 53.52535,
        "lon": -6.2540436,
        "admin_division": "",
        "county": "dublin"
      }
    },
    {
      "type": "Feature",
      "geometry": {
        "type": "Point",
        "coordinates": [
          -6.263838,
          53.5347698
        ]
      },
      "properties": {
        "osm_id": "w71391568",
        "name": "",
        "category": "local_market",
        "subcategory": "landuse=farmyard",
        "lat": 53.5347698,
        "lon": -6.263838,
        "admin_division": "",
        "county": "dublin"
      }
    },
    {
      "type": "Feature",
      "geometry": {
        "type": "Point",
        "coordinates": [
          -6.2386724,
          53.526938
        ]
      },
      "properties": {
        "osm_id": "w71391615",
        "name": "",
        "category": "local_market",
        "subcategory": "landuse=farmyard",
        "lat": 53.526938,
        "lon": -6.2386724,
        "admin_division": "",
        "county": "dublin"
      }
    },
    {
      "type": "Feature",
      "geometry": {
        "type": "Point",
        "coordinates": [
          -6.2605017,
          53.5278725
        ]
      },
      "properties": {
        "osm_id": "w71391642",
        "name": "",
        "category": "local_market",
        "subcategory": "landuse=farmyard",
        "lat": 53.5278725,
        "lon": -6.2605017,
        "admin_division": "",
        "county": "dublin"
      }
    },
    {
      "type": "Feature",
      "geometry": {
        "type": "Point",
        "coordinates": [
          -6.3226559,
          53.5283277
        ]
      },
      "properties": {
        "osm_id": "w75861857",
        "name": "",
        "category": "local_market",
        "subcategory": "landuse=farmyard",
        "lat": 53.5283277,
        "lon": -6.3226559,
        "admin_division": "",
        "county": "dublin"
      }
    },
    {
      "type": "Feature",
      "geometry": {
        "type": "Point",
        "coordinates": [
          -6.3132679,
          53.5301274
        ]
      },
      "properties": {
        "osm_id": "w75861879",
        "name": "",
        "category": "local_market",
        "subcategory": "landuse=farmyard",
        "lat": 53.5301274,
        "lon": -6.3132679,
        "admin_division": "",
        "county": "dublin"
      }
    },
    {
      "type": "Feature",
      "geometry": {
        "type": "Point",
        "coordinates": [
          -6.2186426,
          53.2352887
        ]
      },
      "properties": {
        "osm_id": "w89412945",
        "name": "Carrowkeel Stud",
        "category": "local_market",
        "subcategory": "landuse=farmyard",
        "lat": 53.2352887,
        "lon": -6.2186426,
        "admin_division": "",
        "county": "dublin"
      }
    },
    {
      "type": "Feature",
      "geometry": {
        "type": "Point",
        "coordinates": [
          -6.4934432,
          53.3460443
        ]
      },
      "properties": {
        "osm_id": "w98613079",
        "name": "National Crop Variety Testing Centre - Backweston",
        "category": "local_market",
        "subcategory": "landuse=farmyard",
        "lat": 53.3460443,
        "lon": -6.4934432,
        "admin_division": "",
        "county": "dublin"
      }
    },
    {
      "type": "Feature",
      "geometry": {
        "type": "Point",
        "coordinates": [
          -6.2287801,
          53.2627722
        ]
      },
      "properties": {
        "osm_id": "w103284078",
        "name": "",
        "category": "local_market",
        "subcategory": "landuse=farmyard",
        "lat": 53.2627722,
        "lon": -6.2287801,
        "admin_division": "",
        "county": "dublin"
      }
    },
    {
      "type": "Feature",
      "geometry": {
        "type": "Point",
        "coordinates": [
          -6.2150178,
          53.2332165
        ]
      },
      "properties": {
        "osm_id": "w103426601",
        "name": "Newtown Farm",
        "category": "local_market",
        "subcategory": "landuse=farmyard",
        "lat": 53.2332165,
        "lon": -6.2150178,
        "admin_division": "",
        "county": "dublin"
      }
    },
    {
      "type": "Feature",
      "geometry": {
        "type": "Point",
        "coordinates": [
          -6.2222732,
          53.2331475
        ]
      },
      "properties": {
        "osm_id": "w103426606",
        "name": "",
        "category": "local_market",
        "subcategory": "landuse=farmyard",
        "lat": 53.2331475,
        "lon": -6.2222732,
        "admin_division": "",
        "county": "dublin"
      }
    },
    {
      "type": "Feature",
      "geometry": {
        "type": "Point",
        "coordinates": [
          -6.2553034,
          53.2575951
        ]
      },
      "properties": {
        "osm_id": "w104475987",
        "name": "",
        "category": "local_market",
        "subcategory": "landuse=farmyard",
        "lat": 53.2575951,
        "lon": -6.2553034,
        "admin_division": "",
        "county": "dublin"
      }
    },
    {
      "type": "Feature",
      "geometry": {
        "type": "Point",
        "coordinates": [
          -6.2404406,
          53.2590514
        ]
      },
      "properties": {
        "osm_id": "w104478970",
        "name": "",
        "category": "local_market",
        "subcategory": "landuse=farmyard",
        "lat": 53.2590514,
        "lon": -6.2404406,
        "admin_division": "",
        "county": "dublin"
      }
    },
    {
      "type": "Feature",
      "geometry": {
        "type": "Point",
        "coordinates": [
          -6.20114,
          53.2299426
        ]
      },
      "properties": {
        "osm_id": "w119738271",
        "name": "Hollybrook Farm",
        "category": "local_market",
        "subcategory": "landuse=farmyard",
        "lat": 53.2299426,
        "lon": -6.20114,
        "admin_division": "",
        "county": "dublin"
      }
    },
    {
      "type": "Feature",
      "geometry": {
        "type": "Point",
        "coordinates": [
          -6.255307,
          53.3821164
        ]
      },
      "properties": {
        "osm_id": "w129758470",
        "name": "",
        "category": "local_market",
        "subcategory": "landuse=farmyard",
        "lat": 53.3821164,
        "lon": -6.255307,
        "admin_division": "",
        "county": "dublin"
      }
    },
    {
      "type": "Feature",
      "geometry": {
        "type": "Point",
        "coordinates": [
          -6.2780858,
          53.2486811
        ]
      },
      "properties": {
        "osm_id": "w230551626",
        "name": "",
        "category": "local_market",
        "subcategory": "landuse=farmyard",
        "lat": 53.2486811,
        "lon": -6.2780858,
        "admin_division": "",
        "county": "dublin"
      }
    },
    {
      "type": "Feature",
      "geometry": {
        "type": "Point",
        "coordinates": [
          -6.2767459,
          53.249266
        ]
      },
      "properties": {
        "osm_id": "w230551628",
        "name": "",
        "category": "local_market",
        "subcategory": "landuse=farmyard",
        "lat": 53.249266,
        "lon": -6.2767459,
        "admin_division": "",
        "county": "dublin"
      }
    },
    {
      "type": "Feature",
      "geometry": {
        "type": "Point",
        "coordinates": [
          -6.2769056,
          53.2496456
        ]
      },
      "properties": {
        "osm_id": "w230551629",
        "name": "",
        "category": "local_market",
        "subcategory": "landuse=farmyard",
        "lat": 53.2496456,
        "lon": -6.2769056,
        "admin_division": "",
        "county": "dublin"
      }
    },
    {
      "type": "Feature",
      "geometry": {
        "type": "Point",
        "coordinates": [
          -6.3109145,
          53.2485171
        ]
      },
      "properties": {
        "osm_id": "w244860214",
        "name": "",
        "category": "local_market",
        "subcategory": "landuse=farmyard",
        "lat": 53.2485171,
        "lon": -6.3109145,
        "admin_division": "",
        "county": "dublin"
      }
    },
    {
      "type": "Feature",
      "geometry": {
        "type": "Point",
        "coordinates": [
          -6.3073995,
          53.2484639
        ]
      },
      "properties": {
        "osm_id": "w245081874",
        "name": "",
        "category": "local_market",
        "subcategory": "landuse=farmyard",
        "lat": 53.2484639,
        "lon": -6.3073995,
        "admin_division": "",
        "county": "dublin"
      }
    },
    {
      "type": "Feature",
      "geometry": {
        "type": "Point",
        "coordinates": [
          -6.3049494,
          53.2465019
        ]
      },
      "properties": {
        "osm_id": "w245081885",
        "name": "",
        "category": "local_market",
        "subcategory": "landuse=farmyard",
        "lat": 53.2465019,
        "lon": -6.3049494,
        "admin_division": "",
        "county": "dublin"
      }
    },
    {
      "type": "Feature",
      "geometry": {
        "type": "Point",
        "coordinates": [
          -6.3103716,
          53.2542365
        ]
      },
      "properties": {
        "osm_id": "w245081886",
        "name": "",
        "category": "local_market",
        "subcategory": "landuse=farmyard",
        "lat": 53.2542365,
        "lon": -6.3103716,
        "admin_division": "",
        "county": "dublin"
      }
    },
    {
      "type": "Feature",
      "geometry": {
        "type": "Point",
        "coordinates": [
          -6.3068926,
          53.2520205
        ]
      },
      "properties": {
        "osm_id": "w245081888",
        "name": "",
        "category": "local_market",
        "subcategory": "landuse=farmyard",
        "lat": 53.2520205,
        "lon": -6.3068926,
        "admin_division": "",
        "county": "dublin"
      }
    },
    {
      "type": "Feature",
      "geometry": {
        "type": "Point",
        "coordinates": [
          -6.3044474,
          53.2556102
        ]
      },
      "properties": {
        "osm_id": "w245083242",
        "name": "",
        "category": "local_market",
        "subcategory": "landuse=farmyard",
        "lat": 53.2556102,
        "lon": -6.3044474,
        "admin_division": "",
        "county": "dublin"
      }
    },
    {
      "type": "Feature",
      "geometry": {
        "type": "Point",
        "coordinates": [
          -6.5357535,
          53.3070044
        ]
      },
      "properties": {
        "osm_id": "w272930082",
        "name": "",
        "category": "local_market",
        "subcategory": "landuse=farmyard",
        "lat": 53.3070044,
        "lon": -6.5357535,
        "admin_division": "",
        "county": "dublin"
      }
    },
    {
      "type": "Feature",
      "geometry": {
        "type": "Point",
        "coordinates": [
          -6.5028649,
          53.2807876
        ]
      },
      "properties": {
        "osm_id": "w275503312",
        "name": "",
        "category": "local_market",
        "subcategory": "landuse=farmyard",
        "lat": 53.2807876,
        "lon": -6.5028649,
        "admin_division": "",
        "county": "dublin"
      }
    },
    {
      "type": "Feature",
      "geometry": {
        "type": "Point",
        "coordinates": [
          -6.5121955,
          53.2741606
        ]
      },
      "properties": {
        "osm_id": "w275503316",
        "name": "",
        "category": "local_market",
        "subcategory": "landuse=farmyard",
        "lat": 53.2741606,
        "lon": -6.5121955,
        "admin_division": "",
        "county": "dublin"
      }
    },
    {
      "type": "Feature",
      "geometry": {
        "type": "Point",
        "coordinates": [
          -6.5035274,
          53.2789929
        ]
      },
      "properties": {
        "osm_id": "w275503317",
        "name": "",
        "category": "local_market",
        "subcategory": "landuse=farmyard",
        "lat": 53.2789929,
        "lon": -6.5035274,
        "admin_division": "",
        "county": "dublin"
      }
    },
    {
      "type": "Feature",
      "geometry": {
        "type": "Point",
        "coordinates": [
          -6.5107076,
          53.2750893
        ]
      },
      "properties": {
        "osm_id": "w275503320",
        "name": "",
        "category": "local_market",
        "subcategory": "landuse=farmyard",
        "lat": 53.2750893,
        "lon": -6.5107076,
        "admin_division": "",
        "county": "dublin"
      }
    },
    {
      "type": "Feature",
      "geometry": {
        "type": "Point",
        "coordinates": [
          -6.5063195,
          53.2801239
        ]
      },
      "properties": {
        "osm_id": "w275503322",
        "name": "",
        "category": "local_market",
        "subcategory": "landuse=farmyard",
        "lat": 53.2801239,
        "lon": -6.5063195,
        "admin_division": "",
        "county": "dublin"
      }
    },
    {
      "type": "Feature",
      "geometry": {
        "type": "Point",
        "coordinates": [
          -6.4686534,
          53.3087254
        ]
      },
      "properties": {
        "osm_id": "w276127855",
        "name": "",
        "category": "local_market",
        "subcategory": "landuse=farmyard",
        "lat": 53.3087254,
        "lon": -6.4686534,
        "admin_division": "",
        "county": "dublin"
      }
    },
    {
      "type": "Feature",
      "geometry": {
        "type": "Point",
        "coordinates": [
          -6.4510904,
          53.3820068
        ]
      },
      "properties": {
        "osm_id": "w277589541",
        "name": "",
        "category": "local_market",
        "subcategory": "landuse=farmyard",
        "lat": 53.3820068,
        "lon": -6.4510904,
        "admin_division": "",
        "county": "dublin"
      }
    },
    {
      "type": "Feature",
      "geometry": {
        "type": "Point",
        "coordinates": [
          -6.4564498,
          53.3749507
        ]
      },
      "properties": {
        "osm_id": "w277589542",
        "name": "",
        "category": "local_market",
        "subcategory": "landuse=farmyard",
        "lat": 53.3749507,
        "lon": -6.4564498,
        "admin_division": "",
        "county": "dublin"
      }
    },
    {
      "type": "Feature",
      "geometry": {
        "type": "Point",
        "coordinates": [
          -6.4466148,
          53.3823949
        ]
      },
      "properties": {
        "osm_id": "w277589546",
        "name": "",
        "category": "local_market",
        "subcategory": "landuse=farmyard",
        "lat": 53.3823949,
        "lon": -6.4466148,
        "admin_division": "",
        "county": "dublin"
      }
    },
    {
      "type": "Feature",
      "geometry": {
        "type": "Point",
        "coordinates": [
          -6.2716611,
          53.3729825
        ]
      },
      "properties": {
        "osm_id": "w292184645",
        "name": "",
        "category": "local_market",
        "subcategory": "landuse=farmyard",
        "lat": 53.3729825,
        "lon": -6.2716611,
        "admin_division": "",
        "county": "dublin"
      }
    },
    {
      "type": "Feature",
      "geometry": {
        "type": "Point",
        "coordinates": [
          -6.4386196,
          53.383515
        ]
      },
      "properties": {
        "osm_id": "w297165502",
        "name": "",
        "category": "local_market",
        "subcategory": "landuse=farmyard",
        "lat": 53.383515,
        "lon": -6.4386196,
        "admin_division": "",
        "county": "dublin"
      }
    },
    {
      "type": "Feature",
      "geometry": {
        "type": "Point",
        "coordinates": [
          -6.4238852,
          53.3025567
        ]
      },
      "properties": {
        "osm_id": "w303327397",
        "name": "",
        "category": "local_market",
        "subcategory": "landuse=farmyard",
        "lat": 53.3025567,
        "lon": -6.4238852,
        "admin_division": "",
        "county": "dublin"
      }
    },
    {
      "type": "Feature",
      "geometry": {
        "type": "Point",
        "coordinates": [
          -6.303018,
          53.2528369
        ]
      },
      "properties": {
        "osm_id": "w304016499",
        "name": "",
        "category": "local_market",
        "subcategory": "landuse=farmyard",
        "lat": 53.2528369,
        "lon": -6.303018,
        "admin_division": "",
        "county": "dublin"
      }
    },
    {
      "type": "Feature",
      "geometry": {
        "type": "Point",
        "coordinates": [
          -6.3011957,
          53.2519492
        ]
      },
      "properties": {
        "osm_id": "w304016500",
        "name": "",
        "category": "local_market",
        "subcategory": "landuse=farmyard",
        "lat": 53.2519492,
        "lon": -6.3011957,
        "admin_division": "",
        "county": "dublin"
      }
    },
    {
      "type": "Feature",
      "geometry": {
        "type": "Point",
        "coordinates": [
          -6.2847043,
          53.2556817
        ]
      },
      "properties": {
        "osm_id": "w304081758",
        "name": "",
        "category": "local_market",
        "subcategory": "landuse=farmyard",
        "lat": 53.2556817,
        "lon": -6.2847043,
        "admin_division": "",
        "county": "dublin"
      }
    },
    {
      "type": "Feature",
      "geometry": {
        "type": "Point",
        "coordinates": [
          -6.2888441,
          53.2524786
        ]
      },
      "properties": {
        "osm_id": "w304095567",
        "name": "",
        "category": "local_market",
        "subcategory": "landuse=farmyard",
        "lat": 53.2524786,
        "lon": -6.2888441,
        "admin_division": "",
        "county": "dublin"
      }
    },
    {
      "type": "Feature",
      "geometry": {
        "type": "Point",
        "coordinates": [
          -6.2990295,
          53.2487987
        ]
      },
      "properties": {
        "osm_id": "w304095569",
        "name": "",
        "category": "local_market",
        "subcategory": "landuse=farmyard",
        "lat": 53.2487987,
        "lon": -6.2990295,
        "admin_division": "",
        "county": "dublin"
      }
    },
    {
      "type": "Feature",
      "geometry": {
        "type": "Point",
        "coordinates": [
          -6.2990235,
          53.2476595
        ]
      },
      "properties": {
        "osm_id": "w304148075",
        "name": "",
        "category": "local_market",
        "subcategory": "landuse=farmyard",
        "lat": 53.2476595,
        "lon": -6.2990235,
        "admin_division": "",
        "county": "dublin"
      }
    },
    {
      "type": "Feature",
      "geometry": {
        "type": "Point",
        "coordinates": [
          -6.268481,
          53.2466172
        ]
      },
      "properties": {
        "osm_id": "w304201656",
        "name": "",
        "category": "local_market",
        "subcategory": "landuse=farmyard",
        "lat": 53.2466172,
        "lon": -6.268481,
        "admin_division": "",
        "county": "dublin"
      }
    },
    {
      "type": "Feature",
      "geometry": {
        "type": "Point",
        "coordinates": [
          -6.2911402,
          53.2490101
        ]
      },
      "properties": {
        "osm_id": "w304202071",
        "name": "",
        "category": "local_market",
        "subcategory": "landuse=farmyard",
        "lat": 53.2490101,
        "lon": -6.2911402,
        "admin_division": "",
        "county": "dublin"
      }
    },
    {
      "type": "Feature",
      "geometry": {
        "type": "Point",
        "coordinates": [
          -6.2925499,
          53.2570898
        ]
      },
      "properties": {
        "osm_id": "w304206229",
        "name": "",
        "category": "local_market",
        "subcategory": "landuse=farmyard",
        "lat": 53.2570898,
        "lon": -6.2925499,
        "admin_division": "",
        "county": "dublin"
      }
    },
    {
      "type": "Feature",
      "geometry": {
        "type": "Point",
        "coordinates": [
          -6.4608964,
          53.3350614
        ]
      },
      "properties": {
        "osm_id": "w304720992",
        "name": "",
        "category": "local_market",
        "subcategory": "landuse=farmyard",
        "lat": 53.3350614,
        "lon": -6.4608964,
        "admin_division": "",
        "county": "dublin"
      }
    },
    {
      "type": "Feature",
      "geometry": {
        "type": "Point",
        "coordinates": [
          -6.5019069,
          53.3175934
        ]
      },
      "properties": {
        "osm_id": "w304728036",
        "name": "",
        "category": "local_market",
        "subcategory": "landuse=farmyard",
        "lat": 53.3175934,
        "lon": -6.5019069,
        "admin_division": "",
        "county": "dublin"
      }
    },
    {
      "type": "Feature",
      "geometry": {
        "type": "Point",
        "coordinates": [
          -6.5071252,
          53.3180093
        ]
      },
      "properties": {
        "osm_id": "w304728042",
        "name": "",
        "category": "local_market",
        "subcategory": "landuse=farmyard",
        "lat": 53.3180093,
        "lon": -6.5071252,
        "admin_division": "",
        "county": "dublin"
      }
    },
    {
      "type": "Feature",
      "geometry": {
        "type": "Point",
        "coordinates": [
          -6.4387243,
          53.2989475
        ]
      },
      "properties": {
        "osm_id": "w304728883",
        "name": "",
        "category": "local_market",
        "subcategory": "landuse=farmyard",
        "lat": 53.2989475,
        "lon": -6.4387243,
        "admin_division": "",
        "county": "dublin"
      }
    },
    {
      "type": "Feature",
      "geometry": {
        "type": "Point",
        "coordinates": [
          -6.2899356,
          53.2570389
        ]
      },
      "properties": {
        "osm_id": "w305048198",
        "name": "",
        "category": "local_market",
        "subcategory": "landuse=farmyard",
        "lat": 53.2570389,
        "lon": -6.2899356,
        "admin_division": "",
        "county": "dublin"
      }
    },
    {
      "type": "Feature",
      "geometry": {
        "type": "Point",
        "coordinates": [
          -6.5002538,
          53.2538612
        ]
      },
      "properties": {
        "osm_id": "w305477064",
        "name": "",
        "category": "local_market",
        "subcategory": "landuse=farmyard",
        "lat": 53.2538612,
        "lon": -6.5002538,
        "admin_division": "",
        "county": "dublin"
      }
    },
    {
      "type": "Feature",
      "geometry": {
        "type": "Point",
        "coordinates": [
          -6.4858101,
          53.253347
        ]
      },
      "properties": {
        "osm_id": "w305477072",
        "name": "",
        "category": "local_market",
        "subcategory": "landuse=farmyard",
        "lat": 53.253347,
        "lon": -6.4858101,
        "admin_division": "",
        "county": "dublin"
      }
    },
    {
      "type": "Feature",
      "geometry": {
        "type": "Point",
        "coordinates": [
          -6.4843357,
          53.2524234
        ]
      },
      "properties": {
        "osm_id": "w305477093",
        "name": "",
        "category": "local_market",
        "subcategory": "landuse=farmyard",
        "lat": 53.2524234,
        "lon": -6.4843357,
        "admin_division": "",
        "county": "dublin"
      }
    },
    {
      "type": "Feature",
      "geometry": {
        "type": "Point",
        "coordinates": [
          -6.4965638,
          53.2508287
        ]
      },
      "properties": {
        "osm_id": "w305477925",
        "name": "",
        "category": "local_market",
        "subcategory": "landuse=farmyard",
        "lat": 53.2508287,
        "lon": -6.4965638,
        "admin_division": "",
        "county": "dublin"
      }
    },
    {
      "type": "Feature",
      "geometry": {
        "type": "Point",
        "coordinates": [
          -6.5083025,
          53.2562393
        ]
      },
      "properties": {
        "osm_id": "w305481970",
        "name": "",
        "category": "local_market",
        "subcategory": "landuse=farmyard",
        "lat": 53.2562393,
        "lon": -6.5083025,
        "admin_division": "",
        "county": "dublin"
      }
    },
    {
      "type": "Feature",
      "geometry": {
        "type": "Point",
        "coordinates": [
          -6.5049862,
          53.2550553
        ]
      },
      "properties": {
        "osm_id": "w305481975",
        "name": "",
        "category": "local_market",
        "subcategory": "landuse=farmyard",
        "lat": 53.2550553,
        "lon": -6.5049862,
        "admin_division": "",
        "county": "dublin"
      }
    },
    {
      "type": "Feature",
      "geometry": {
        "type": "Point",
        "coordinates": [
          -6.5045117,
          53.2540331
        ]
      },
      "properties": {
        "osm_id": "w305481981",
        "name": "",
        "category": "local_market",
        "subcategory": "landuse=farmyard",
        "lat": 53.2540331,
        "lon": -6.5045117,
        "admin_division": "",
        "county": "dublin"
      }
    },
    {
      "type": "Feature",
      "geometry": {
        "type": "Point",
        "coordinates": [
          -6.4554564,
          53.2356732
        ]
      },
      "properties": {
        "osm_id": "w305962084",
        "name": "",
        "category": "local_market",
        "subcategory": "landuse=farmyard",
        "lat": 53.2356732,
        "lon": -6.4554564,
        "admin_division": "",
        "county": "dublin"
      }
    },
    {
      "type": "Feature",
      "geometry": {
        "type": "Point",
        "coordinates": [
          -6.4351085,
          53.2342684
        ]
      },
      "properties": {
        "osm_id": "w305962086",
        "name": "",
        "category": "local_market",
        "subcategory": "landuse=farmyard",
        "lat": 53.2342684,
        "lon": -6.4351085,
        "admin_division": "",
        "county": "dublin"
      }
    },
    {
      "type": "Feature",
      "geometry": {
        "type": "Point",
        "coordinates": [
          -6.4313273,
          53.2337899
        ]
      },
      "properties": {
        "osm_id": "w305962097",
        "name": "",
        "category": "local_market",
        "subcategory": "landuse=farmyard",
        "lat": 53.2337899,
        "lon": -6.4313273,
        "admin_division": "",
        "county": "dublin"
      }
    },
    {
      "type": "Feature",
      "geometry": {
        "type": "Point",
        "coordinates": [
          -6.5042447,
          53.2507464
        ]
      },
      "properties": {
        "osm_id": "w305963078",
        "name": "",
        "category": "local_market",
        "subcategory": "landuse=farmyard",
        "lat": 53.2507464,
        "lon": -6.5042447,
        "admin_division": "",
        "county": "dublin"
      }
    },
    {
      "type": "Feature",
      "geometry": {
        "type": "Point",
        "coordinates": [
          -6.5082351,
          53.2480238
        ]
      },
      "properties": {
        "osm_id": "w305963079",
        "name": "",
        "category": "local_market",
        "subcategory": "landuse=farmyard",
        "lat": 53.2480238,
        "lon": -6.5082351,
        "admin_division": "",
        "county": "dublin"
      }
    },
    {
      "type": "Feature",
      "geometry": {
        "type": "Point",
        "coordinates": [
          -6.506276,
          53.2492565
        ]
      },
      "properties": {
        "osm_id": "w305963080",
        "name": "",
        "category": "local_market",
        "subcategory": "landuse=farmyard",
        "lat": 53.2492565,
        "lon": -6.506276,
        "admin_division": "",
        "county": "dublin"
      }
    },
    {
      "type": "Feature",
      "geometry": {
        "type": "Point",
        "coordinates": [
          -6.5066386,
          53.2464437
        ]
      },
      "properties": {
        "osm_id": "w305968658",
        "name": "",
        "category": "local_market",
        "subcategory": "landuse=farmyard",
        "lat": 53.2464437,
        "lon": -6.5066386,
        "admin_division": "",
        "county": "dublin"
      }
    },
    {
      "type": "Feature",
      "geometry": {
        "type": "Point",
        "coordinates": [
          -6.4239637,
          53.2344305
        ]
      },
      "properties": {
        "osm_id": "w306026168",
        "name": "",
        "category": "local_market",
        "subcategory": "landuse=farmyard",
        "lat": 53.2344305,
        "lon": -6.4239637,
        "admin_division": "",
        "county": "dublin"
      }
    },
    {
      "type": "Feature",
      "geometry": {
        "type": "Point",
        "coordinates": [
          -6.4093137,
          53.2396621
        ]
      },
      "properties": {
        "osm_id": "w306131979",
        "name": "",
        "category": "local_market",
        "subcategory": "landuse=farmyard",
        "lat": 53.2396621,
        "lon": -6.4093137,
        "admin_division": "",
        "county": "dublin"
      }
    },
    {
      "type": "Feature",
      "geometry": {
        "type": "Point",
        "coordinates": [
          -6.4160075,
          53.2282069
        ]
      },
      "properties": {
        "osm_id": "w306185055",
        "name": "",
        "category": "local_market",
        "subcategory": "landuse=farmyard",
        "lat": 53.2282069,
        "lon": -6.4160075,
        "admin_division": "",
        "county": "dublin"
      }
    },
    {
      "type": "Feature",
      "geometry": {
        "type": "Point",
        "coordinates": [
          -6.3033146,
          53.2506783
        ]
      },
      "properties": {
        "osm_id": "w306449169",
        "name": "",
        "category": "local_market",
        "subcategory": "landuse=farmyard",
        "lat": 53.2506783,
        "lon": -6.3033146,
        "admin_division": "",
        "county": "dublin"
      }
    },
    {
      "type": "Feature",
      "geometry": {
        "type": "Point",
        "coordinates": [
          -6.2860326,
          53.2561025
        ]
      },
      "properties": {
        "osm_id": "w306503854",
        "name": "",
        "category": "local_market",
        "subcategory": "landuse=farmyard",
        "lat": 53.2561025,
        "lon": -6.2860326,
        "admin_division": "",
        "county": "dublin"
      }
    },
    {
      "type": "Feature",
      "geometry": {
        "type": "Point",
        "coordinates": [
          -6.3363793,
          53.2622947
        ]
      },
      "properties": {
        "osm_id": "w306822410",
        "name": "",
        "category": "local_market",
        "subcategory": "landuse=farmyard",
        "lat": 53.2622947,
        "lon": -6.3363793,
        "admin_division": "",
        "county": "dublin"
      }
    },
    {
      "type": "Feature",
      "geometry": {
        "type": "Point",
        "coordinates": [
          -6.3173492,
          53.268619
        ]
      },
      "properties": {
        "osm_id": "w307501627",
        "name": "",
        "category": "local_market",
        "subcategory": "landuse=farmyard",
        "lat": 53.268619,
        "lon": -6.3173492,
        "admin_division": "",
        "county": "dublin"
      }
    },
    {
      "type": "Feature",
      "geometry": {
        "type": "Point",
        "coordinates": [
          -6.3182422,
          53.2593946
        ]
      },
      "properties": {
        "osm_id": "w307506360",
        "name": "",
        "category": "local_market",
        "subcategory": "landuse=farmyard",
        "lat": 53.2593946,
        "lon": -6.3182422,
        "admin_division": "",
        "county": "dublin"
      }
    },
    {
      "type": "Feature",
      "geometry": {
        "type": "Point",
        "coordinates": [
          -6.3136681,
          53.262743
        ]
      },
      "properties": {
        "osm_id": "w307506362",
        "name": "",
        "category": "local_market",
        "subcategory": "landuse=farmyard",
        "lat": 53.262743,
        "lon": -6.3136681,
        "admin_division": "",
        "county": "dublin"
      }
    },
    {
      "type": "Feature",
      "geometry": {
        "type": "Point",
        "coordinates": [
          -6.2999547,
          53.2603019
        ]
      },
      "properties": {
        "osm_id": "w307639223",
        "name": "",
        "category": "local_market",
        "subcategory": "landuse=farmyard",
        "lat": 53.2603019,
        "lon": -6.2999547,
        "admin_division": "",
        "county": "dublin"
      }
    },
    {
      "type": "Feature",
      "geometry": {
        "type": "Point",
        "coordinates": [
          -6.2823035,
          53.2695586
        ]
      },
      "properties": {
        "osm_id": "w307919871",
        "name": "",
        "category": "local_market",
        "subcategory": "landuse=farmyard",
        "lat": 53.2695586,
        "lon": -6.2823035,
        "admin_division": "",
        "county": "dublin"
      }
    },
    {
      "type": "Feature",
      "geometry": {
        "type": "Point",
        "coordinates": [
          -6.3089252,
          53.2635826
        ]
      },
      "properties": {
        "osm_id": "w307924298",
        "name": "",
        "category": "local_market",
        "subcategory": "landuse=farmyard",
        "lat": 53.2635826,
        "lon": -6.3089252,
        "admin_division": "",
        "county": "dublin"
      }
    },
    {
      "type": "Feature",
      "geometry": {
        "type": "Point",
        "coordinates": [
          -6.318274,
          53.2530684
        ]
      },
      "properties": {
        "osm_id": "w307929052",
        "name": "",
        "category": "local_market",
        "subcategory": "landuse=farmyard",
        "lat": 53.2530684,
        "lon": -6.318274,
        "admin_division": "",
        "county": "dublin"
      }
    },
    {
      "type": "Feature",
      "geometry": {
        "type": "Point",
        "coordinates": [
          -6.3355639,
          53.2470805
        ]
      },
      "properties": {
        "osm_id": "w307950347",
        "name": "",
        "category": "local_market",
        "subcategory": "landuse=farmyard",
        "lat": 53.2470805,
        "lon": -6.3355639,
        "admin_division": "",
        "county": "dublin"
      }
    },
    {
      "type": "Feature",
      "geometry": {
        "type": "Point",
        "coordinates": [
          -6.3090788,
          53.2541705
        ]
      },
      "properties": {
        "osm_id": "w307951177",
        "name": "",
        "category": "local_market",
        "subcategory": "landuse=farmyard",
        "lat": 53.2541705,
        "lon": -6.3090788,
        "admin_division": "",
        "county": "dublin"
      }
    },
    {
      "type": "Feature",
      "geometry": {
        "type": "Point",
        "coordinates": [
          -6.4579791,
          53.2337065
        ]
      },
      "properties": {
        "osm_id": "w309263643",
        "name": "",
        "category": "local_market",
        "subcategory": "landuse=farmyard",
        "lat": 53.2337065,
        "lon": -6.4579791,
        "admin_division": "",
        "county": "dublin"
      }
    },
    {
      "type": "Feature",
      "geometry": {
        "type": "Point",
        "coordinates": [
          -6.2270186,
          53.3519223
        ]
      },
      "properties": {
        "osm_id": "w312033249",
        "name": "Merchants Market",
        "category": "local_market",
        "subcategory": "amenity=marketplace",
        "lat": 53.3519223,
        "lon": -6.2270186,
        "admin_division": "Dublin",
        "county": "dublin"
      }
    },
    {
      "type": "Feature",
      "geometry": {
        "type": "Point",
        "coordinates": [
          -6.2627812,
          53.5558373
        ]
      },
      "properties": {
        "osm_id": "w312572971",
        "name": "",
        "category": "local_market",
        "subcategory": "landuse=farmyard",
        "lat": 53.5558373,
        "lon": -6.2627812,
        "admin_division": "",
        "county": "dublin"
      }
    },
    {
      "type": "Feature",
      "geometry": {
        "type": "Point",
        "coordinates": [
          -6.2465256,
          53.5545979
        ]
      },
      "properties": {
        "osm_id": "w312577393",
        "name": "",
        "category": "local_market",
        "subcategory": "landuse=farmyard",
        "lat": 53.5545979,
        "lon": -6.2465256,
        "admin_division": "",
        "county": "dublin"
      }
    },
    {
      "type": "Feature",
      "geometry": {
        "type": "Point",
        "coordinates": [
          -6.2735332,
          53.5569137
        ]
      },
      "properties": {
        "osm_id": "w312588060",
        "name": "",
        "category": "local_market",
        "subcategory": "landuse=farmyard",
        "lat": 53.5569137,
        "lon": -6.2735332,
        "admin_division": "",
        "county": "dublin"
      }
    },
    {
      "type": "Feature",
      "geometry": {
        "type": "Point",
        "coordinates": [
          -6.2536081,
          53.2256961
        ]
      },
      "properties": {
        "osm_id": "w326219213",
        "name": "Mulvey's Farm",
        "category": "local_market",
        "subcategory": "landuse=farmyard",
        "lat": 53.2256961,
        "lon": -6.2536081,
        "admin_division": "",
        "county": "dublin"
      }
    },
    {
      "type": "Feature",
      "geometry": {
        "type": "Point",
        "coordinates": [
          -6.215814,
          53.2223223
        ]
      },
      "properties": {
        "osm_id": "w326224512",
        "name": "",
        "category": "local_market",
        "subcategory": "landuse=farmyard",
        "lat": 53.2223223,
        "lon": -6.215814,
        "admin_division": "",
        "county": "dublin"
      }
    },
    {
      "type": "Feature",
      "geometry": {
        "type": "Point",
        "coordinates": [
          -6.0728924,
          53.3885394
        ]
      },
      "properties": {
        "osm_id": "w365873846",
        "name": "Howth Market",
        "category": "local_market",
        "subcategory": "amenity=marketplace",
        "lat": 53.3885394,
        "lon": -6.0728924,
        "admin_division": "",
        "county": "dublin"
      }
    },
    {
      "type": "Feature",
      "geometry": {
        "type": "Point",
        "coordinates": [
          -6.2731033,
          53.5585051
        ]
      },
      "properties": {
        "osm_id": "w367682874",
        "name": "",
        "category": "local_market",
        "subcategory": "landuse=farmyard",
        "lat": 53.5585051,
        "lon": -6.2731033,
        "admin_division": "",
        "county": "dublin"
      }
    },
    {
      "type": "Feature",
      "geometry": {
        "type": "Point",
        "coordinates": [
          -6.1461842,
          53.5429202
        ]
      },
      "properties": {
        "osm_id": "w368127652",
        "name": "",
        "category": "local_market",
        "subcategory": "landuse=farmyard",
        "lat": 53.5429202,
        "lon": -6.1461842,
        "admin_division": "",
        "county": "dublin"
      }
    },
    {
      "type": "Feature",
      "geometry": {
        "type": "Point",
        "coordinates": [
          -6.1572968,
          53.5854863
        ]
      },
      "properties": {
        "osm_id": "w368752043",
        "name": "",
        "category": "local_market",
        "subcategory": "landuse=farmyard",
        "lat": 53.5854863,
        "lon": -6.1572968,
        "admin_division": "",
        "county": "dublin"
      }
    },
    {
      "type": "Feature",
      "geometry": {
        "type": "Point",
        "coordinates": [
          -6.2137844,
          53.5996079
        ]
      },
      "properties": {
        "osm_id": "w368778474",
        "name": "",
        "category": "local_market",
        "subcategory": "landuse=farmyard",
        "lat": 53.5996079,
        "lon": -6.2137844,
        "admin_division": "",
        "county": "dublin"
      }
    },
    {
      "type": "Feature",
      "geometry": {
        "type": "Point",
        "coordinates": [
          -6.2682281,
          53.5147341
        ]
      },
      "properties": {
        "osm_id": "w373233787",
        "name": "",
        "category": "local_market",
        "subcategory": "landuse=farmyard",
        "lat": 53.5147341,
        "lon": -6.2682281,
        "admin_division": "",
        "county": "dublin"
      }
    },
    {
      "type": "Feature",
      "geometry": {
        "type": "Point",
        "coordinates": [
          -6.2669699,
          53.5122236
        ]
      },
      "properties": {
        "osm_id": "w373233788",
        "name": "",
        "category": "local_market",
        "subcategory": "landuse=farmyard",
        "lat": 53.5122236,
        "lon": -6.2669699,
        "admin_division": "",
        "county": "dublin"
      }
    },
    {
      "type": "Feature",
      "geometry": {
        "type": "Point",
        "coordinates": [
          -6.416469,
          53.3118
        ]
      },
      "properties": {
        "osm_id": "w416242038",
        "name": "Pet Farm",
        "category": "local_market",
        "subcategory": "landuse=farmyard",
        "lat": 53.3118,
        "lon": -6.416469,
        "admin_division": "",
        "county": "dublin"
      }
    },
    {
      "type": "Feature",
      "geometry": {
        "type": "Point",
        "coordinates": [
          -6.2012042,
          53.6148542
        ]
      },
      "properties": {
        "osm_id": "w440754343",
        "name": "",
        "category": "local_market",
        "subcategory": "landuse=farmyard",
        "lat": 53.6148542,
        "lon": -6.2012042,
        "admin_division": "",
        "county": "dublin"
      }
    },
    {
      "type": "Feature",
      "geometry": {
        "type": "Point",
        "coordinates": [
          -6.1678631,
          53.5798516
        ]
      },
      "properties": {
        "osm_id": "w448489989",
        "name": "",
        "category": "local_market",
        "subcategory": "landuse=farmyard",
        "lat": 53.5798516,
        "lon": -6.1678631,
        "admin_division": "",
        "county": "dublin"
      }
    },
    {
      "type": "Feature",
      "geometry": {
        "type": "Point",
        "coordinates": [
          -6.2773997,
          53.5161114
        ]
      },
      "properties": {
        "osm_id": "w449523326",
        "name": "",
        "category": "local_market",
        "subcategory": "landuse=farmyard",
        "lat": 53.5161114,
        "lon": -6.2773997,
        "admin_division": "",
        "county": "dublin"
      }
    },
    {
      "type": "Feature",
      "geometry": {
        "type": "Point",
        "coordinates": [
          -6.4347904,
          53.2707352
        ]
      },
      "properties": {
        "osm_id": "w451750391",
        "name": "",
        "category": "local_market",
        "subcategory": "landuse=farmyard",
        "lat": 53.2707352,
        "lon": -6.4347904,
        "admin_division": "",
        "county": "dublin"
      }
    },
    {
      "type": "Feature",
      "geometry": {
        "type": "Point",
        "coordinates": [
          -6.2628682,
          53.4794686
        ]
      },
      "properties": {
        "osm_id": "w471094389",
        "name": "",
        "category": "local_market",
        "subcategory": "landuse=farmyard",
        "lat": 53.4794686,
        "lon": -6.2628682,
        "admin_division": "",
        "county": "dublin"
      }
    },
    {
      "type": "Feature",
      "geometry": {
        "type": "Point",
        "coordinates": [
          -6.2621654,
          53.4790909
        ]
      },
      "properties": {
        "osm_id": "w471094390",
        "name": "",
        "category": "local_market",
        "subcategory": "landuse=farmyard",
        "lat": 53.4790909,
        "lon": -6.2621654,
        "admin_division": "",
        "county": "dublin"
      }
    },
    {
      "type": "Feature",
      "geometry": {
        "type": "Point",
        "coordinates": [
          -6.2957564,
          53.4808441
        ]
      },
      "properties": {
        "osm_id": "w471096515",
        "name": "",
        "category": "local_market",
        "subcategory": "landuse=farmyard",
        "lat": 53.4808441,
        "lon": -6.2957564,
        "admin_division": "",
        "county": "dublin"
      }
    },
    {
      "type": "Feature",
      "geometry": {
        "type": "Point",
        "coordinates": [
          -6.2838996,
          53.4973537
        ]
      },
      "properties": {
        "osm_id": "w479259721",
        "name": "",
        "category": "local_market",
        "subcategory": "landuse=farmyard",
        "lat": 53.4973537,
        "lon": -6.2838996,
        "admin_division": "",
        "county": "dublin"
      }
    },
    {
      "type": "Feature",
      "geometry": {
        "type": "Point",
        "coordinates": [
          -6.1933411,
          53.5397081
        ]
      },
      "properties": {
        "osm_id": "w480108507",
        "name": "",
        "category": "local_market",
        "subcategory": "landuse=farmyard",
        "lat": 53.5397081,
        "lon": -6.1933411,
        "admin_division": "",
        "county": "dublin"
      }
    },
    {
      "type": "Feature",
      "geometry": {
        "type": "Point",
        "coordinates": [
          -6.192322,
          53.5392401
        ]
      },
      "properties": {
        "osm_id": "w480108508",
        "name": "",
        "category": "local_market",
        "subcategory": "landuse=farmyard",
        "lat": 53.5392401,
        "lon": -6.192322,
        "admin_division": "",
        "county": "dublin"
      }
    },
    {
      "type": "Feature",
      "geometry": {
        "type": "Point",
        "coordinates": [
          -6.342642,
          53.524684
        ]
      },
      "properties": {
        "osm_id": "w484882022",
        "name": "",
        "category": "local_market",
        "subcategory": "landuse=farmyard",
        "lat": 53.524684,
        "lon": -6.342642,
        "admin_division": "",
        "county": "dublin"
      }
    },
    {
      "type": "Feature",
      "geometry": {
        "type": "Point",
        "coordinates": [
          -6.4960799,
          53.3233498
        ]
      },
      "properties": {
        "osm_id": "w491839734",
        "name": "",
        "category": "local_market",
        "subcategory": "landuse=farmyard",
        "lat": 53.3233498,
        "lon": -6.4960799,
        "admin_division": "",
        "county": "dublin"
      }
    },
    {
      "type": "Feature",
      "geometry": {
        "type": "Point",
        "coordinates": [
          -6.4925507,
          53.3232329
        ]
      },
      "properties": {
        "osm_id": "w491839735",
        "name": "",
        "category": "local_market",
        "subcategory": "landuse=farmyard",
        "lat": 53.3232329,
        "lon": -6.4925507,
        "admin_division": "",
        "county": "dublin"
      }
    },
    {
      "type": "Feature",
      "geometry": {
        "type": "Point",
        "coordinates": [
          -6.4035175,
          53.266509
        ]
      },
      "properties": {
        "osm_id": "w491844090",
        "name": "",
        "category": "local_market",
        "subcategory": "landuse=farmyard",
        "lat": 53.266509,
        "lon": -6.4035175,
        "admin_division": "",
        "county": "dublin"
      }
    },
    {
      "type": "Feature",
      "geometry": {
        "type": "Point",
        "coordinates": [
          -6.205005,
          53.6004912
        ]
      },
      "properties": {
        "osm_id": "w509613574",
        "name": "",
        "category": "local_market",
        "subcategory": "landuse=farmyard",
        "lat": 53.6004912,
        "lon": -6.205005,
        "admin_division": "",
        "county": "dublin"
      }
    },
    {
      "type": "Feature",
      "geometry": {
        "type": "Point",
        "coordinates": [
          -6.2064455,
          53.604584
        ]
      },
      "properties": {
        "osm_id": "w509613577",
        "name": "",
        "category": "local_market",
        "subcategory": "landuse=farmyard",
        "lat": 53.604584,
        "lon": -6.2064455,
        "admin_division": "",
        "county": "dublin"
      }
    },
    {
      "type": "Feature",
      "geometry": {
        "type": "Point",
        "coordinates": [
          -6.185627,
          53.6082905
        ]
      },
      "properties": {
        "osm_id": "w509636390",
        "name": "",
        "category": "local_market",
        "subcategory": "landuse=farmyard",
        "lat": 53.6082905,
        "lon": -6.185627,
        "admin_division": "",
        "county": "dublin"
      }
    },
    {
      "type": "Feature",
      "geometry": {
        "type": "Point",
        "coordinates": [
          -6.198235,
          53.5839845
        ]
      },
      "properties": {
        "osm_id": "w509883194",
        "name": "",
        "category": "local_market",
        "subcategory": "landuse=farmyard",
        "lat": 53.5839845,
        "lon": -6.198235,
        "admin_division": "",
        "county": "dublin"
      }
    },
    {
      "type": "Feature",
      "geometry": {
        "type": "Point",
        "coordinates": [
          -6.2435341,
          53.5722466
        ]
      },
      "properties": {
        "osm_id": "w510490301",
        "name": "",
        "category": "local_market",
        "subcategory": "landuse=farmyard",
        "lat": 53.5722466,
        "lon": -6.2435341,
        "admin_division": "",
        "county": "dublin"
      }
    },
    {
      "type": "Feature",
      "geometry": {
        "type": "Point",
        "coordinates": [
          -6.2249121,
          53.5044113
        ]
      },
      "properties": {
        "osm_id": "w511292180",
        "name": "",
        "category": "local_market",
        "subcategory": "landuse=farmyard",
        "lat": 53.5044113,
        "lon": -6.2249121,
        "admin_division": "",
        "county": "dublin"
      }
    },
    {
      "type": "Feature",
      "geometry": {
        "type": "Point",
        "coordinates": [
          -6.2196088,
          53.5089895
        ]
      },
      "properties": {
        "osm_id": "w511292187",
        "name": "",
        "category": "local_market",
        "subcategory": "landuse=farmyard",
        "lat": 53.5089895,
        "lon": -6.2196088,
        "admin_division": "",
        "county": "dublin"
      }
    },
    {
      "type": "Feature",
      "geometry": {
        "type": "Point",
        "coordinates": [
          -6.2590145,
          53.4498806
        ]
      },
      "properties": {
        "osm_id": "w512037780",
        "name": "",
        "category": "local_market",
        "subcategory": "landuse=farmyard",
        "lat": 53.4498806,
        "lon": -6.2590145,
        "admin_division": "",
        "county": "dublin"
      }
    },
    {
      "type": "Feature",
      "geometry": {
        "type": "Point",
        "coordinates": [
          -6.3973057,
          53.4164787
        ]
      },
      "properties": {
        "osm_id": "w518373370",
        "name": "",
        "category": "local_market",
        "subcategory": "landuse=farmyard",
        "lat": 53.4164787,
        "lon": -6.3973057,
        "admin_division": "",
        "county": "dublin"
      }
    },
    {
      "type": "Feature",
      "geometry": {
        "type": "Point",
        "coordinates": [
          -6.3950936,
          53.4168921
        ]
      },
      "properties": {
        "osm_id": "w518373376",
        "name": "",
        "category": "local_market",
        "subcategory": "landuse=farmyard",
        "lat": 53.4168921,
        "lon": -6.3950936,
        "admin_division": "",
        "county": "dublin"
      }
    },
    {
      "type": "Feature",
      "geometry": {
        "type": "Point",
        "coordinates": [
          -6.2902201,
          53.5560187
        ]
      },
      "properties": {
        "osm_id": "w519290211",
        "name": "",
        "category": "local_market",
        "subcategory": "landuse=farmyard",
        "lat": 53.5560187,
        "lon": -6.2902201,
        "admin_division": "",
        "county": "dublin"
      }
    },
    {
      "type": "Feature",
      "geometry": {
        "type": "Point",
        "coordinates": [
          -6.248627,
          53.4705328
        ]
      },
      "properties": {
        "osm_id": "w529647752",
        "name": "",
        "category": "local_market",
        "subcategory": "landuse=farmyard",
        "lat": 53.4705328,
        "lon": -6.248627,
        "admin_division": "",
        "county": "dublin"
      }
    },
    {
      "type": "Feature",
      "geometry": {
        "type": "Point",
        "coordinates": [
          -6.3241357,
          53.4043683
        ]
      },
      "properties": {
        "osm_id": "w530519036",
        "name": "",
        "category": "local_market",
        "subcategory": "landuse=farmyard",
        "lat": 53.4043683,
        "lon": -6.3241357,
        "admin_division": "",
        "county": "dublin"
      }
    },
    {
      "type": "Feature",
      "geometry": {
        "type": "Point",
        "coordinates": [
          -6.2957542,
          53.5337225
        ]
      },
      "properties": {
        "osm_id": "w539236501",
        "name": "",
        "category": "local_market",
        "subcategory": "landuse=farmyard",
        "lat": 53.5337225,
        "lon": -6.2957542,
        "admin_division": "",
        "county": "dublin"
      }
    },
    {
      "type": "Feature",
      "geometry": {
        "type": "Point",
        "coordinates": [
          -6.2115313,
          53.5209579
        ]
      },
      "properties": {
        "osm_id": "w539236951",
        "name": "",
        "category": "local_market",
        "subcategory": "landuse=farmyard",
        "lat": 53.5209579,
        "lon": -6.2115313,
        "admin_division": "",
        "county": "dublin"
      }
    },
    {
      "type": "Feature",
      "geometry": {
        "type": "Point",
        "coordinates": [
          -6.4619474,
          53.3198412
        ]
      },
      "properties": {
        "osm_id": "w547351123",
        "name": "",
        "category": "local_market",
        "subcategory": "landuse=farmyard",
        "lat": 53.3198412,
        "lon": -6.4619474,
        "admin_division": "",
        "county": "dublin"
      }
    },
    {
      "type": "Feature",
      "geometry": {
        "type": "Point",
        "coordinates": [
          -6.4624469,
          53.3189236
        ]
      },
      "properties": {
        "osm_id": "w547351124",
        "name": "",
        "category": "local_market",
        "subcategory": "landuse=farmyard",
        "lat": 53.3189236,
        "lon": -6.4624469,
        "admin_division": "",
        "county": "dublin"
      }
    },
    {
      "type": "Feature",
      "geometry": {
        "type": "Point",
        "coordinates": [
          -6.3569002,
          53.2267614
        ]
      },
      "properties": {
        "osm_id": "w548844427",
        "name": "",
        "category": "local_market",
        "subcategory": "landuse=farmyard",
        "lat": 53.2267614,
        "lon": -6.3569002,
        "admin_division": "",
        "county": "dublin"
      }
    },
    {
      "type": "Feature",
      "geometry": {
        "type": "Point",
        "coordinates": [
          -6.3400191,
          53.2233031
        ]
      },
      "properties": {
        "osm_id": "w548847281",
        "name": "",
        "category": "local_market",
        "subcategory": "landuse=farmyard",
        "lat": 53.2233031,
        "lon": -6.3400191,
        "admin_division": "",
        "county": "dublin"
      }
    },
    {
      "type": "Feature",
      "geometry": {
        "type": "Point",
        "coordinates": [
          -6.3407228,
          53.2238513
        ]
      },
      "properties": {
        "osm_id": "w548847290",
        "name": "",
        "category": "local_market",
        "subcategory": "landuse=farmyard",
        "lat": 53.2238513,
        "lon": -6.3407228,
        "admin_division": "",
        "county": "dublin"
      }
    },
    {
      "type": "Feature",
      "geometry": {
        "type": "Point",
        "coordinates": [
          -6.3492699,
          53.2256695
        ]
      },
      "properties": {
        "osm_id": "w548847291",
        "name": "",
        "category": "local_market",
        "subcategory": "landuse=farmyard",
        "lat": 53.2256695,
        "lon": -6.3492699,
        "admin_division": "",
        "county": "dublin"
      }
    },
    {
      "type": "Feature",
      "geometry": {
        "type": "Point",
        "coordinates": [
          -6.340962,
          53.2213869
        ]
      },
      "properties": {
        "osm_id": "w548847293",
        "name": "",
        "category": "local_market",
        "subcategory": "landuse=farmyard",
        "lat": 53.2213869,
        "lon": -6.340962,
        "admin_division": "",
        "county": "dublin"
      }
    },
    {
      "type": "Feature",
      "geometry": {
        "type": "Point",
        "coordinates": [
          -6.3556325,
          53.2436523
        ]
      },
      "properties": {
        "osm_id": "w548854085",
        "name": "",
        "category": "local_market",
        "subcategory": "landuse=farmyard",
        "lat": 53.2436523,
        "lon": -6.3556325,
        "admin_division": "",
        "county": "dublin"
      }
    },
    {
      "type": "Feature",
      "geometry": {
        "type": "Point",
        "coordinates": [
          -6.357261,
          53.2429731
        ]
      },
      "properties": {
        "osm_id": "w548854089",
        "name": "",
        "category": "local_market",
        "subcategory": "landuse=farmyard",
        "lat": 53.2429731,
        "lon": -6.357261,
        "admin_division": "",
        "county": "dublin"
      }
    },
    {
      "type": "Feature",
      "geometry": {
        "type": "Point",
        "coordinates": [
          -6.3570585,
          53.2450034
        ]
      },
      "properties": {
        "osm_id": "w548856556",
        "name": "",
        "category": "local_market",
        "subcategory": "landuse=farmyard",
        "lat": 53.2450034,
        "lon": -6.3570585,
        "admin_division": "",
        "county": "dublin"
      }
    },
    {
      "type": "Feature",
      "geometry": {
        "type": "Point",
        "coordinates": [
          -6.3343136,
          53.2315933
        ]
      },
      "properties": {
        "osm_id": "w549157249",
        "name": "",
        "category": "local_market",
        "subcategory": "landuse=farmyard",
        "lat": 53.2315933,
        "lon": -6.3343136,
        "admin_division": "",
        "county": "dublin"
      }
    },
    {
      "type": "Feature",
      "geometry": {
        "type": "Point",
        "coordinates": [
          -6.3440628,
          53.2308441
        ]
      },
      "properties": {
        "osm_id": "w549157256",
        "name": "",
        "category": "local_market",
        "subcategory": "landuse=farmyard",
        "lat": 53.2308441,
        "lon": -6.3440628,
        "admin_division": "",
        "county": "dublin"
      }
    },
    {
      "type": "Feature",
      "geometry": {
        "type": "Point",
        "coordinates": [
          -6.3534382,
          53.2389657
        ]
      },
      "properties": {
        "osm_id": "w549157767",
        "name": "",
        "category": "local_market",
        "subcategory": "landuse=farmyard",
        "lat": 53.2389657,
        "lon": -6.3534382,
        "admin_division": "",
        "county": "dublin"
      }
    },
    {
      "type": "Feature",
      "geometry": {
        "type": "Point",
        "coordinates": [
          -6.3390384,
          53.2293368
        ]
      },
      "properties": {
        "osm_id": "w549160339",
        "name": "",
        "category": "local_market",
        "subcategory": "landuse=farmyard",
        "lat": 53.2293368,
        "lon": -6.3390384,
        "admin_division": "",
        "county": "dublin"
      }
    },
    {
      "type": "Feature",
      "geometry": {
        "type": "Point",
        "coordinates": [
          -6.3416724,
          53.22931
        ]
      },
      "properties": {
        "osm_id": "w549160344",
        "name": "",
        "category": "local_market",
        "subcategory": "landuse=farmyard",
        "lat": 53.22931,
        "lon": -6.3416724,
        "admin_division": "",
        "county": "dublin"
      }
    },
    {
      "type": "Feature",
      "geometry": {
        "type": "Point",
        "coordinates": [
          -6.343127,
          53.2288401
        ]
      },
      "properties": {
        "osm_id": "w549160345",
        "name": "",
        "category": "local_market",
        "subcategory": "landuse=farmyard",
        "lat": 53.2288401,
        "lon": -6.343127,
        "admin_division": "",
        "county": "dublin"
      }
    },
    {
      "type": "Feature",
      "geometry": {
        "type": "Point",
        "coordinates": [
          -6.3574557,
          53.2685535
        ]
      },
      "properties": {
        "osm_id": "w550515556",
        "name": "",
        "category": "local_market",
        "subcategory": "landuse=farmyard",
        "lat": 53.2685535,
        "lon": -6.3574557,
        "admin_division": "",
        "county": "dublin"
      }
    },
    {
      "type": "Feature",
      "geometry": {
        "type": "Point",
        "coordinates": [
          -6.2922822,
          53.2744267
        ]
      },
      "properties": {
        "osm_id": "w550517623",
        "name": "",
        "category": "local_market",
        "subcategory": "landuse=farmyard",
        "lat": 53.2744267,
        "lon": -6.2922822,
        "admin_division": "",
        "county": "dublin"
      }
    },
    {
      "type": "Feature",
      "geometry": {
        "type": "Point",
        "coordinates": [
          -6.3387176,
          53.2649336
        ]
      },
      "properties": {
        "osm_id": "w550682329",
        "name": "",
        "category": "local_market",
        "subcategory": "landuse=farmyard",
        "lat": 53.2649336,
        "lon": -6.3387176,
        "admin_division": "",
        "county": "dublin"
      }
    },
    {
      "type": "Feature",
      "geometry": {
        "type": "Point",
        "coordinates": [
          -6.3637203,
          53.2664835
        ]
      },
      "properties": {
        "osm_id": "w550856590",
        "name": "",
        "category": "local_market",
        "subcategory": "landuse=farmyard",
        "lat": 53.2664835,
        "lon": -6.3637203,
        "admin_division": "",
        "county": "dublin"
      }
    },
    {
      "type": "Feature",
      "geometry": {
        "type": "Point",
        "coordinates": [
          -6.3514437,
          53.258394
        ]
      },
      "properties": {
        "osm_id": "w550858760",
        "name": "",
        "category": "local_market",
        "subcategory": "landuse=farmyard",
        "lat": 53.258394,
        "lon": -6.3514437,
        "admin_division": "",
        "county": "dublin"
      }
    },
    {
      "type": "Feature",
      "geometry": {
        "type": "Point",
        "coordinates": [
          -6.3472868,
          53.258574
        ]
      },
      "properties": {
        "osm_id": "w550858762",
        "name": "",
        "category": "local_market",
        "subcategory": "landuse=farmyard",
        "lat": 53.258574,
        "lon": -6.3472868,
        "admin_division": "",
        "county": "dublin"
      }
    },
    {
      "type": "Feature",
      "geometry": {
        "type": "Point",
        "coordinates": [
          -6.3224875,
          53.2563353
        ]
      },
      "properties": {
        "osm_id": "w550946163",
        "name": "",
        "category": "local_market",
        "subcategory": "landuse=farmyard",
        "lat": 53.2563353,
        "lon": -6.3224875,
        "admin_division": "",
        "county": "dublin"
      }
    },
    {
      "type": "Feature",
      "geometry": {
        "type": "Point",
        "coordinates": [
          -6.3231972,
          53.2577249
        ]
      },
      "properties": {
        "osm_id": "w550946165",
        "name": "",
        "category": "local_market",
        "subcategory": "landuse=farmyard",
        "lat": 53.2577249,
        "lon": -6.3231972,
        "admin_division": "",
        "county": "dublin"
      }
    },
    {
      "type": "Feature",
      "geometry": {
        "type": "Point",
        "coordinates": [
          -6.3310074,
          53.262064
        ]
      },
      "properties": {
        "osm_id": "w550948163",
        "name": "",
        "category": "local_market",
        "subcategory": "landuse=farmyard",
        "lat": 53.262064,
        "lon": -6.3310074,
        "admin_division": "",
        "county": "dublin"
      }
    },
    {
      "type": "Feature",
      "geometry": {
        "type": "Point",
        "coordinates": [
          -6.3374481,
          53.2642202
        ]
      },
      "properties": {
        "osm_id": "w550949496",
        "name": "",
        "category": "local_market",
        "subcategory": "landuse=farmyard",
        "lat": 53.2642202,
        "lon": -6.3374481,
        "admin_division": "",
        "county": "dublin"
      }
    },
    {
      "type": "Feature",
      "geometry": {
        "type": "Point",
        "coordinates": [
          -6.3356839,
          53.2642368
        ]
      },
      "properties": {
        "osm_id": "w550949500",
        "name": "",
        "category": "local_market",
        "subcategory": "landuse=farmyard",
        "lat": 53.2642368,
        "lon": -6.3356839,
        "admin_division": "",
        "county": "dublin"
      }
    },
    {
      "type": "Feature",
      "geometry": {
        "type": "Point",
        "coordinates": [
          -6.349473,
          53.4126049
        ]
      },
      "properties": {
        "osm_id": "w552136920",
        "name": "",
        "category": "local_market",
        "subcategory": "landuse=farmyard",
        "lat": 53.4126049,
        "lon": -6.349473,
        "admin_division": "",
        "county": "dublin"
      }
    },
    {
      "type": "Feature",
      "geometry": {
        "type": "Point",
        "coordinates": [
          -6.3017676,
          53.2745479
        ]
      },
      "properties": {
        "osm_id": "w574901982",
        "name": "",
        "category": "local_market",
        "subcategory": "landuse=farmyard",
        "lat": 53.2745479,
        "lon": -6.3017676,
        "admin_division": "",
        "county": "dublin"
      }
    },
    {
      "type": "Feature",
      "geometry": {
        "type": "Point",
        "coordinates": [
          -6.1916263,
          53.5958262
        ]
      },
      "properties": {
        "osm_id": "w576298577",
        "name": "Whitehart Farm",
        "category": "local_market",
        "subcategory": "landuse=farmyard",
        "lat": 53.5958262,
        "lon": -6.1916263,
        "admin_division": "",
        "county": "dublin"
      }
    },
    {
      "type": "Feature",
      "geometry": {
        "type": "Point",
        "coordinates": [
          -6.1684678,
          53.5581465
        ]
      },
      "properties": {
        "osm_id": "w583787551",
        "name": "Palmerstown House",
        "category": "local_market",
        "subcategory": "landuse=farmyard",
        "lat": 53.5581465,
        "lon": -6.1684678,
        "admin_division": "",
        "county": "dublin"
      }
    },
    {
      "type": "Feature",
      "geometry": {
        "type": "Point",
        "coordinates": [
          -6.1656427,
          53.5936965
        ]
      },
      "properties": {
        "osm_id": "w586389918",
        "name": "",
        "category": "local_market",
        "subcategory": "landuse=farmyard",
        "lat": 53.5936965,
        "lon": -6.1656427,
        "admin_division": "",
        "county": "dublin"
      }
    },
    {
      "type": "Feature",
      "geometry": {
        "type": "Point",
        "coordinates": [
          -6.1760794,
          53.3739704
        ]
      },
      "properties": {
        "osm_id": "w587484866",
        "name": "St. Anne's City Farm",
        "category": "local_market",
        "subcategory": "landuse=farmyard",
        "lat": 53.3739704,
        "lon": -6.1760794,
        "admin_division": "",
        "county": "dublin"
      }
    },
    {
      "type": "Feature",
      "geometry": {
        "type": "Point",
        "coordinates": [
          -6.2307175,
          53.618923
        ]
      },
      "properties": {
        "osm_id": "w588613404",
        "name": "",
        "category": "local_market",
        "subcategory": "landuse=farmyard",
        "lat": 53.618923,
        "lon": -6.2307175,
        "admin_division": "",
        "county": "dublin"
      }
    },
    {
      "type": "Feature",
      "geometry": {
        "type": "Point",
        "coordinates": [
          -6.2320963,
          53.6174082
        ]
      },
      "properties": {
        "osm_id": "w588643815",
        "name": "",
        "category": "local_market",
        "subcategory": "landuse=farmyard",
        "lat": 53.6174082,
        "lon": -6.2320963,
        "admin_division": "",
        "county": "dublin"
      }
    },
    {
      "type": "Feature",
      "geometry": {
        "type": "Point",
        "coordinates": [
          -6.234695,
          53.616589
        ]
      },
      "properties": {
        "osm_id": "w588643818",
        "name": "",
        "category": "local_market",
        "subcategory": "landuse=farmyard",
        "lat": 53.616589,
        "lon": -6.234695,
        "admin_division": "",
        "county": "dublin"
      }
    },
    {
      "type": "Feature",
      "geometry": {
        "type": "Point",
        "coordinates": [
          -6.2326954,
          53.6195042
        ]
      },
      "properties": {
        "osm_id": "w588652849",
        "name": "",
        "category": "local_market",
        "subcategory": "landuse=farmyard",
        "lat": 53.6195042,
        "lon": -6.2326954,
        "admin_division": "",
        "county": "dublin"
      }
    },
    {
      "type": "Feature",
      "geometry": {
        "type": "Point",
        "coordinates": [
          -6.2415342,
          53.610525
        ]
      },
      "properties": {
        "osm_id": "w588699240",
        "name": "",
        "category": "local_market",
        "subcategory": "landuse=farmyard",
        "lat": 53.610525,
        "lon": -6.2415342,
        "admin_division": "",
        "county": "dublin"
      }
    },
    {
      "type": "Feature",
      "geometry": {
        "type": "Point",
        "coordinates": [
          -6.225354,
          53.6214229
        ]
      },
      "properties": {
        "osm_id": "w588709796",
        "name": "",
        "category": "local_market",
        "subcategory": "landuse=farmyard",
        "lat": 53.6214229,
        "lon": -6.225354,
        "admin_division": "",
        "county": "dublin"
      }
    },
    {
      "type": "Feature",
      "geometry": {
        "type": "Point",
        "coordinates": [
          -6.2103449,
          53.6044397
        ]
      },
      "properties": {
        "osm_id": "w598886613",
        "name": "",
        "category": "local_market",
        "subcategory": "landuse=farmyard",
        "lat": 53.6044397,
        "lon": -6.2103449,
        "admin_division": "",
        "county": "dublin"
      }
    },
    {
      "type": "Feature",
      "geometry": {
        "type": "Point",
        "coordinates": [
          -6.2810272,
          53.4103374
        ]
      },
      "properties": {
        "osm_id": "w604131795",
        "name": "",
        "category": "local_market",
        "subcategory": "landuse=farmyard",
        "lat": 53.4103374,
        "lon": -6.2810272,
        "admin_division": "",
        "county": "dublin"
      }
    },
    {
      "type": "Feature",
      "geometry": {
        "type": "Point",
        "coordinates": [
          -6.4543684,
          53.3126668
        ]
      },
      "properties": {
        "osm_id": "w605963669",
        "name": "",
        "category": "local_market",
        "subcategory": "landuse=farmyard",
        "lat": 53.3126668,
        "lon": -6.4543684,
        "admin_division": "",
        "county": "dublin"
      }
    },
    {
      "type": "Feature",
      "geometry": {
        "type": "Point",
        "coordinates": [
          -6.4504802,
          53.3110856
        ]
      },
      "properties": {
        "osm_id": "w605963670",
        "name": "",
        "category": "local_market",
        "subcategory": "landuse=farmyard",
        "lat": 53.3110856,
        "lon": -6.4504802,
        "admin_division": "",
        "county": "dublin"
      }
    },
    {
      "type": "Feature",
      "geometry": {
        "type": "Point",
        "coordinates": [
          -6.4514541,
          53.3113694
        ]
      },
      "properties": {
        "osm_id": "w605963673",
        "name": "",
        "category": "local_market",
        "subcategory": "landuse=farmyard",
        "lat": 53.3113694,
        "lon": -6.4514541,
        "admin_division": "",
        "county": "dublin"
      }
    },
    {
      "type": "Feature",
      "geometry": {
        "type": "Point",
        "coordinates": [
          -6.1752672,
          53.3711911
        ]
      },
      "properties": {
        "osm_id": "w626148809",
        "name": "St. Annes Food Market",
        "category": "local_market",
        "subcategory": "amenity=marketplace",
        "lat": 53.3711911,
        "lon": -6.1752672,
        "admin_division": "",
        "county": "dublin"
      }
    },
    {
      "type": "Feature",
      "geometry": {
        "type": "Point",
        "coordinates": [
          -6.3574545,
          53.4023314
        ]
      },
      "properties": {
        "osm_id": "w651687482",
        "name": "",
        "category": "local_market",
        "subcategory": "landuse=farmyard",
        "lat": 53.4023314,
        "lon": -6.3574545,
        "admin_division": "",
        "county": "dublin"
      }
    },
    {
      "type": "Feature",
      "geometry": {
        "type": "Point",
        "coordinates": [
          -6.4351425,
          53.3619322
        ]
      },
      "properties": {
        "osm_id": "w653631507",
        "name": "",
        "category": "local_market",
        "subcategory": "landuse=farmyard",
        "lat": 53.3619322,
        "lon": -6.4351425,
        "admin_division": "",
        "county": "dublin"
      }
    },
    {
      "type": "Feature",
      "geometry": {
        "type": "Point",
        "coordinates": [
          -6.2752505,
          53.552385
        ]
      },
      "properties": {
        "osm_id": "w661506886",
        "name": "",
        "category": "local_market",
        "subcategory": "landuse=farmyard",
        "lat": 53.552385,
        "lon": -6.2752505,
        "admin_division": "",
        "county": "dublin"
      }
    },
    {
      "type": "Feature",
      "geometry": {
        "type": "Point",
        "coordinates": [
          -6.4702308,
          53.2927248
        ]
      },
      "properties": {
        "osm_id": "w668601990",
        "name": "",
        "category": "local_market",
        "subcategory": "landuse=farmyard",
        "lat": 53.2927248,
        "lon": -6.4702308,
        "admin_division": "",
        "county": "dublin"
      }
    },
    {
      "type": "Feature",
      "geometry": {
        "type": "Point",
        "coordinates": [
          -6.4768069,
          53.3061326
        ]
      },
      "properties": {
        "osm_id": "w671133257",
        "name": "",
        "category": "local_market",
        "subcategory": "landuse=farmyard",
        "lat": 53.3061326,
        "lon": -6.4768069,
        "admin_division": "",
        "county": "dublin"
      }
    },
    {
      "type": "Feature",
      "geometry": {
        "type": "Point",
        "coordinates": [
          -6.2839684,
          53.4398964
        ]
      },
      "properties": {
        "osm_id": "w675737985",
        "name": "Keelings",
        "category": "local_market",
        "subcategory": "shop=farm",
        "lat": 53.4398964,
        "lon": -6.2839684,
        "admin_division": "",
        "county": "dublin"
      }
    },
    {
      "type": "Feature",
      "geometry": {
        "type": "Point",
        "coordinates": [
          -6.2929993,
          53.4466027
        ]
      },
      "properties": {
        "osm_id": "w675740802",
        "name": "",
        "category": "local_market",
        "subcategory": "landuse=farmyard",
        "lat": 53.4466027,
        "lon": -6.2929993,
        "admin_division": "",
        "county": "dublin"
      }
    },
    {
      "type": "Feature",
      "geometry": {
        "type": "Point",
        "coordinates": [
          -6.3034033,
          53.4284826
        ]
      },
      "properties": {
        "osm_id": "w675764873",
        "name": "",
        "category": "local_market",
        "subcategory": "landuse=farmyard",
        "lat": 53.4284826,
        "lon": -6.3034033,
        "admin_division": "",
        "county": "dublin"
      }
    },
    {
      "type": "Feature",
      "geometry": {
        "type": "Point",
        "coordinates": [
          -6.2992902,
          53.4317171
        ]
      },
      "properties": {
        "osm_id": "w675764893",
        "name": "",
        "category": "local_market",
        "subcategory": "landuse=farmyard",
        "lat": 53.4317171,
        "lon": -6.2992902,
        "admin_division": "",
        "county": "dublin"
      }
    },
    {
      "type": "Feature",
      "geometry": {
        "type": "Point",
        "coordinates": [
          -6.2995718,
          53.4333216
        ]
      },
      "properties": {
        "osm_id": "w675764894",
        "name": "",
        "category": "local_market",
        "subcategory": "landuse=farmyard",
        "lat": 53.4333216,
        "lon": -6.2995718,
        "admin_division": "",
        "county": "dublin"
      }
    },
    {
      "type": "Feature",
      "geometry": {
        "type": "Point",
        "coordinates": [
          -6.2986537,
          53.4331359
        ]
      },
      "properties": {
        "osm_id": "w675764895",
        "name": "",
        "category": "local_market",
        "subcategory": "landuse=farmyard",
        "lat": 53.4331359,
        "lon": -6.2986537,
        "admin_division": "",
        "county": "dublin"
      }
    },
    {
      "type": "Feature",
      "geometry": {
        "type": "Point",
        "coordinates": [
          -6.2992538,
          53.4442827
        ]
      },
      "properties": {
        "osm_id": "w675817327",
        "name": "",
        "category": "local_market",
        "subcategory": "landuse=farmyard",
        "lat": 53.4442827,
        "lon": -6.2992538,
        "admin_division": "",
        "county": "dublin"
      }
    },
    {
      "type": "Feature",
      "geometry": {
        "type": "Point",
        "coordinates": [
          -6.525262,
          53.2864611
        ]
      },
      "properties": {
        "osm_id": "w675872487",
        "name": "",
        "category": "local_market",
        "subcategory": "landuse=farmyard",
        "lat": 53.2864611,
        "lon": -6.525262,
        "admin_division": "",
        "county": "dublin"
      }
    },
    {
      "type": "Feature",
      "geometry": {
        "type": "Point",
        "coordinates": [
          -6.088714,
          53.3728743
        ]
      },
      "properties": {
        "osm_id": "w704430240",
        "name": "",
        "category": "local_market",
        "subcategory": "landuse=farmyard",
        "lat": 53.3728743,
        "lon": -6.088714,
        "admin_division": "",
        "county": "dublin"
      }
    },
    {
      "type": "Feature",
      "geometry": {
        "type": "Point",
        "coordinates": [
          -6.0861439,
          53.3675454
        ]
      },
      "properties": {
        "osm_id": "w704503882",
        "name": "",
        "category": "local_market",
        "subcategory": "landuse=farmyard",
        "lat": 53.3675454,
        "lon": -6.0861439,
        "admin_division": "",
        "county": "dublin"
      }
    },
    {
      "type": "Feature",
      "geometry": {
        "type": "Point",
        "coordinates": [
          -6.1574984,
          53.4784018
        ]
      },
      "properties": {
        "osm_id": "w719341684",
        "name": "",
        "category": "local_market",
        "subcategory": "landuse=farmyard",
        "lat": 53.4784018,
        "lon": -6.1574984,
        "admin_division": "",
        "county": "dublin"
      }
    },
    {
      "type": "Feature",
      "geometry": {
        "type": "Point",
        "coordinates": [
          -6.1868253,
          53.5950584
        ]
      },
      "properties": {
        "osm_id": "w720914900",
        "name": "",
        "category": "local_market",
        "subcategory": "landuse=farmyard",
        "lat": 53.5950584,
        "lon": -6.1868253,
        "admin_division": "",
        "county": "dublin"
      }
    },
    {
      "type": "Feature",
      "geometry": {
        "type": "Point",
        "coordinates": [
          -6.2978145,
          53.5570488
        ]
      },
      "properties": {
        "osm_id": "w791047837",
        "name": "",
        "category": "local_market",
        "subcategory": "landuse=farmyard",
        "lat": 53.5570488,
        "lon": -6.2978145,
        "admin_division": "",
        "county": "dublin"
      }
    },
    {
      "type": "Feature",
      "geometry": {
        "type": "Point",
        "coordinates": [
          -6.2538831,
          53.566907
        ]
      },
      "properties": {
        "osm_id": "w792181942",
        "name": "",
        "category": "local_market",
        "subcategory": "landuse=farmyard",
        "lat": 53.566907,
        "lon": -6.2538831,
        "admin_division": "",
        "county": "dublin"
      }
    },
    {
      "type": "Feature",
      "geometry": {
        "type": "Point",
        "coordinates": [
          -6.2515164,
          53.5656711
        ]
      },
      "properties": {
        "osm_id": "w792181951",
        "name": "",
        "category": "local_market",
        "subcategory": "landuse=farmyard",
        "lat": 53.5656711,
        "lon": -6.2515164,
        "admin_division": "",
        "county": "dublin"
      }
    },
    {
      "type": "Feature",
      "geometry": {
        "type": "Point",
        "coordinates": [
          -6.3095883,
          53.420877
        ]
      },
      "properties": {
        "osm_id": "w798630300",
        "name": "",
        "category": "local_market",
        "subcategory": "landuse=farmyard",
        "lat": 53.420877,
        "lon": -6.3095883,
        "admin_division": "",
        "county": "dublin"
      }
    },
    {
      "type": "Feature",
      "geometry": {
        "type": "Point",
        "coordinates": [
          -6.2736401,
          53.2739907
        ]
      },
      "properties": {
        "osm_id": "w821216272",
        "name": "Park Maintenance Depot",
        "category": "local_market",
        "subcategory": "landuse=farmyard",
        "lat": 53.2739907,
        "lon": -6.2736401,
        "admin_division": "",
        "county": "dublin"
      }
    },
    {
      "type": "Feature",
      "geometry": {
        "type": "Point",
        "coordinates": [
          -6.4527846,
          53.3677694
        ]
      },
      "properties": {
        "osm_id": "w843176093",
        "name": "",
        "category": "local_market",
        "subcategory": "landuse=farmyard",
        "lat": 53.3677694,
        "lon": -6.4527846,
        "admin_division": "",
        "county": "dublin"
      }
    },
    {
      "type": "Feature",
      "geometry": {
        "type": "Point",
        "coordinates": [
          -6.2712258,
          53.4480745
        ]
      },
      "properties": {
        "osm_id": "w861120251",
        "name": "",
        "category": "local_market",
        "subcategory": "landuse=farmyard",
        "lat": 53.4480745,
        "lon": -6.2712258,
        "admin_division": "",
        "county": "dublin"
      }
    },
    {
      "type": "Feature",
      "geometry": {
        "type": "Point",
        "coordinates": [
          -6.1859398,
          53.5611471
        ]
      },
      "properties": {
        "osm_id": "w870507247",
        "name": "",
        "category": "local_market",
        "subcategory": "landuse=farmyard",
        "lat": 53.5611471,
        "lon": -6.1859398,
        "admin_division": "",
        "county": "dublin"
      }
    },
    {
      "type": "Feature",
      "geometry": {
        "type": "Point",
        "coordinates": [
          -6.1906481,
          53.5639074
        ]
      },
      "properties": {
        "osm_id": "w870507254",
        "name": "",
        "category": "local_market",
        "subcategory": "landuse=farmyard",
        "lat": 53.5639074,
        "lon": -6.1906481,
        "admin_division": "",
        "county": "dublin"
      }
    },
    {
      "type": "Feature",
      "geometry": {
        "type": "Point",
        "coordinates": [
          -6.1937274,
          53.5649414
        ]
      },
      "properties": {
        "osm_id": "w870538632",
        "name": "",
        "category": "local_market",
        "subcategory": "landuse=farmyard",
        "lat": 53.5649414,
        "lon": -6.1937274,
        "admin_division": "",
        "county": "dublin"
      }
    },
    {
      "type": "Feature",
      "geometry": {
        "type": "Point",
        "coordinates": [
          -6.1951568,
          53.564184
        ]
      },
      "properties": {
        "osm_id": "w870562223",
        "name": "",
        "category": "local_market",
        "subcategory": "landuse=farmyard",
        "lat": 53.564184,
        "lon": -6.1951568,
        "admin_division": "",
        "county": "dublin"
      }
    },
    {
      "type": "Feature",
      "geometry": {
        "type": "Point",
        "coordinates": [
          -6.1934049,
          53.5645331
        ]
      },
      "properties": {
        "osm_id": "w870562224",
        "name": "",
        "category": "local_market",
        "subcategory": "landuse=farmyard",
        "lat": 53.5645331,
        "lon": -6.1934049,
        "admin_division": "",
        "county": "dublin"
      }
    },
    {
      "type": "Feature",
      "geometry": {
        "type": "Point",
        "coordinates": [
          -6.389517,
          53.266336
        ]
      },
      "properties": {
        "osm_id": "w971628551",
        "name": "",
        "category": "local_market",
        "subcategory": "landuse=farmyard",
        "lat": 53.266336,
        "lon": -6.389517,
        "admin_division": "",
        "county": "dublin"
      }
    },
    {
      "type": "Feature",
      "geometry": {
        "type": "Point",
        "coordinates": [
          -6.1530132,
          53.5287632
        ]
      },
      "properties": {
        "osm_id": "w986450731",
        "name": "Raheny Farmyard",
        "category": "local_market",
        "subcategory": "landuse=farmyard",
        "lat": 53.5287632,
        "lon": -6.1530132,
        "admin_division": "",
        "county": "dublin"
      }
    },
    {
      "type": "Feature",
      "geometry": {
        "type": "Point",
        "coordinates": [
          -6.1535615,
          53.5276779
        ]
      },
      "properties": {
        "osm_id": "w986450733",
        "name": "Julias Dale",
        "category": "local_market",
        "subcategory": "landuse=farmyard",
        "lat": 53.5276779,
        "lon": -6.1535615,
        "admin_division": "",
        "county": "dublin"
      }
    },
    {
      "type": "Feature",
      "geometry": {
        "type": "Point",
        "coordinates": [
          -6.1571656,
          53.4815763
        ]
      },
      "properties": {
        "osm_id": "w1000939251",
        "name": "",
        "category": "local_market",
        "subcategory": "landuse=farmyard",
        "lat": 53.4815763,
        "lon": -6.1571656,
        "admin_division": "",
        "county": "dublin"
      }
    },
    {
      "type": "Feature",
      "geometry": {
        "type": "Point",
        "coordinates": [
          -6.394141,
          53.2638026
        ]
      },
      "properties": {
        "osm_id": "w1008223814",
        "name": "",
        "category": "local_market",
        "subcategory": "landuse=farmyard",
        "lat": 53.2638026,
        "lon": -6.394141,
        "admin_division": "",
        "county": "dublin"
      }
    },
    {
      "type": "Feature",
      "geometry": {
        "type": "Point",
        "coordinates": [
          -6.3960026,
          53.2654508
        ]
      },
      "properties": {
        "osm_id": "w1008223824",
        "name": "",
        "category": "local_market",
        "subcategory": "landuse=farmyard",
        "lat": 53.2654508,
        "lon": -6.3960026,
        "admin_division": "",
        "county": "dublin"
      }
    },
    {
      "type": "Feature",
      "geometry": {
        "type": "Point",
        "coordinates": [
          -6.3966129,
          53.2677597
        ]
      },
      "properties": {
        "osm_id": "w1008223828",
        "name": "",
        "category": "local_market",
        "subcategory": "landuse=farmyard",
        "lat": 53.2677597,
        "lon": -6.3966129,
        "admin_division": "",
        "county": "dublin"
      }
    },
    {
      "type": "Feature",
      "geometry": {
        "type": "Point",
        "coordinates": [
          -6.278529,
          53.4542823
        ]
      },
      "properties": {
        "osm_id": "w1044339012",
        "name": "",
        "category": "local_market",
        "subcategory": "landuse=farmyard",
        "lat": 53.4542823,
        "lon": -6.278529,
        "admin_division": "",
        "county": "dublin"
      }
    },
    {
      "type": "Feature",
      "geometry": {
        "type": "Point",
        "coordinates": [
          -6.1555883,
          53.2360627
        ]
      },
      "properties": {
        "osm_id": "w1081641690",
        "name": "",
        "category": "local_market",
        "subcategory": "landuse=farmyard",
        "lat": 53.2360627,
        "lon": -6.1555883,
        "admin_division": "",
        "county": "dublin"
      }
    },
    {
      "type": "Feature",
      "geometry": {
        "type": "Point",
        "coordinates": [
          -6.1439757,
          53.2182787
        ]
      },
      "properties": {
        "osm_id": "w1081644161",
        "name": "",
        "category": "local_market",
        "subcategory": "landuse=farmyard",
        "lat": 53.2182787,
        "lon": -6.1439757,
        "admin_division": "",
        "county": "dublin"
      }
    },
    {
      "type": "Feature",
      "geometry": {
        "type": "Point",
        "coordinates": [
          -6.1429362,
          53.2221392
        ]
      },
      "properties": {
        "osm_id": "w1082206302",
        "name": "",
        "category": "local_market",
        "subcategory": "landuse=farmyard",
        "lat": 53.2221392,
        "lon": -6.1429362,
        "admin_division": "",
        "county": "dublin"
      }
    },
    {
      "type": "Feature",
      "geometry": {
        "type": "Point",
        "coordinates": [
          -6.1357083,
          53.5580986
        ]
      },
      "properties": {
        "osm_id": "w1093284824",
        "name": "",
        "category": "local_market",
        "subcategory": "landuse=farmyard",
        "lat": 53.5580986,
        "lon": -6.1357083,
        "admin_division": "",
        "county": "dublin"
      }
    },
    {
      "type": "Feature",
      "geometry": {
        "type": "Point",
        "coordinates": [
          -6.4752155,
          53.2854408
        ]
      },
      "properties": {
        "osm_id": "w1106699836",
        "name": "",
        "category": "local_market",
        "subcategory": "landuse=farmyard",
        "lat": 53.2854408,
        "lon": -6.4752155,
        "admin_division": "",
        "county": "dublin"
      }
    },
    {
      "type": "Feature",
      "geometry": {
        "type": "Point",
        "coordinates": [
          -6.1498026,
          53.2397894
        ]
      },
      "properties": {
        "osm_id": "w1120786670",
        "name": "",
        "category": "local_market",
        "subcategory": "landuse=farmyard",
        "lat": 53.2397894,
        "lon": -6.1498026,
        "admin_division": "",
        "county": "dublin"
      }
    },
    {
      "type": "Feature",
      "geometry": {
        "type": "Point",
        "coordinates": [
          -6.2278034,
          53.5388319
        ]
      },
      "properties": {
        "osm_id": "w1123876065",
        "name": "",
        "category": "local_market",
        "subcategory": "landuse=farmyard",
        "lat": 53.5388319,
        "lon": -6.2278034,
        "admin_division": "",
        "county": "dublin"
      }
    },
    {
      "type": "Feature",
      "geometry": {
        "type": "Point",
        "coordinates": [
          -6.2498899,
          53.5365501
        ]
      },
      "properties": {
        "osm_id": "w1124220900",
        "name": "",
        "category": "local_market",
        "subcategory": "landuse=farmyard",
        "lat": 53.5365501,
        "lon": -6.2498899,
        "admin_division": "",
        "county": "dublin"
      }
    },
    {
      "type": "Feature",
      "geometry": {
        "type": "Point",
        "coordinates": [
          -6.2448877,
          53.5419138
        ]
      },
      "properties": {
        "osm_id": "w1124220908",
        "name": "",
        "category": "local_market",
        "subcategory": "landuse=farmyard",
        "lat": 53.5419138,
        "lon": -6.2448877,
        "admin_division": "",
        "county": "dublin"
      }
    },
    {
      "type": "Feature",
      "geometry": {
        "type": "Point",
        "coordinates": [
          -6.2394348,
          53.5448838
        ]
      },
      "properties": {
        "osm_id": "w1124220917",
        "name": "",
        "category": "local_market",
        "subcategory": "landuse=farmyard",
        "lat": 53.5448838,
        "lon": -6.2394348,
        "admin_division": "",
        "county": "dublin"
      }
    },
    {
      "type": "Feature",
      "geometry": {
        "type": "Point",
        "coordinates": [
          -6.2397955,
          53.5687173
        ]
      },
      "properties": {
        "osm_id": "w1124220952",
        "name": "",
        "category": "local_market",
        "subcategory": "landuse=farmyard",
        "lat": 53.5687173,
        "lon": -6.2397955,
        "admin_division": "",
        "county": "dublin"
      }
    },
    {
      "type": "Feature",
      "geometry": {
        "type": "Point",
        "coordinates": [
          -6.2399765,
          53.5730838
        ]
      },
      "properties": {
        "osm_id": "w1124220962",
        "name": "",
        "category": "local_market",
        "subcategory": "landuse=farmyard",
        "lat": 53.5730838,
        "lon": -6.2399765,
        "admin_division": "",
        "county": "dublin"
      }
    },
    {
      "type": "Feature",
      "geometry": {
        "type": "Point",
        "coordinates": [
          -6.5204426,
          53.2968908
        ]
      },
      "properties": {
        "osm_id": "w1125034802",
        "name": "",
        "category": "local_market",
        "subcategory": "landuse=farmyard",
        "lat": 53.2968908,
        "lon": -6.5204426,
        "admin_division": "",
        "county": "dublin"
      }
    },
    {
      "type": "Feature",
      "geometry": {
        "type": "Point",
        "coordinates": [
          -6.5131481,
          53.2967984
        ]
      },
      "properties": {
        "osm_id": "w1125034804",
        "name": "",
        "category": "local_market",
        "subcategory": "landuse=farmyard",
        "lat": 53.2967984,
        "lon": -6.5131481,
        "admin_division": "",
        "county": "dublin"
      }
    },
    {
      "type": "Feature",
      "geometry": {
        "type": "Point",
        "coordinates": [
          -6.5075347,
          53.2974094
        ]
      },
      "properties": {
        "osm_id": "w1125034805",
        "name": "",
        "category": "local_market",
        "subcategory": "landuse=farmyard",
        "lat": 53.2974094,
        "lon": -6.5075347,
        "admin_division": "",
        "county": "dublin"
      }
    },
    {
      "type": "Feature",
      "geometry": {
        "type": "Point",
        "coordinates": [
          -6.5085777,
          53.2981697
        ]
      },
      "properties": {
        "osm_id": "w1125034806",
        "name": "",
        "category": "local_market",
        "subcategory": "landuse=farmyard",
        "lat": 53.2981697,
        "lon": -6.5085777,
        "admin_division": "",
        "county": "dublin"
      }
    },
    {
      "type": "Feature",
      "geometry": {
        "type": "Point",
        "coordinates": [
          -6.269317,
          53.5432462
        ]
      },
      "properties": {
        "osm_id": "w1134485424",
        "name": "",
        "category": "local_market",
        "subcategory": "landuse=farmyard",
        "lat": 53.5432462,
        "lon": -6.269317,
        "admin_division": "",
        "county": "dublin"
      }
    },
    {
      "type": "Feature",
      "geometry": {
        "type": "Point",
        "coordinates": [
          -6.2816389,
          53.5701926
        ]
      },
      "properties": {
        "osm_id": "w1134485427",
        "name": "",
        "category": "local_market",
        "subcategory": "landuse=farmyard",
        "lat": 53.5701926,
        "lon": -6.2816389,
        "admin_division": "",
        "county": "dublin"
      }
    },
    {
      "type": "Feature",
      "geometry": {
        "type": "Point",
        "coordinates": [
          -6.2147472,
          53.4128522
        ]
      },
      "properties": {
        "osm_id": "w1134680115",
        "name": "",
        "category": "local_market",
        "subcategory": "landuse=farmyard",
        "lat": 53.4128522,
        "lon": -6.2147472,
        "admin_division": "",
        "county": "dublin"
      }
    },
    {
      "type": "Feature",
      "geometry": {
        "type": "Point",
        "coordinates": [
          -6.2565058,
          53.4748523
        ]
      },
      "properties": {
        "osm_id": "w1134682721",
        "name": "",
        "category": "local_market",
        "subcategory": "landuse=farmyard",
        "lat": 53.4748523,
        "lon": -6.2565058,
        "admin_division": "",
        "county": "dublin"
      }
    },
    {
      "type": "Feature",
      "geometry": {
        "type": "Point",
        "coordinates": [
          -6.2735397,
          53.4732326
        ]
      },
      "properties": {
        "osm_id": "w1134836418",
        "name": "",
        "category": "local_market",
        "subcategory": "landuse=farmyard",
        "lat": 53.4732326,
        "lon": -6.2735397,
        "admin_division": "",
        "county": "dublin"
      }
    },
    {
      "type": "Feature",
      "geometry": {
        "type": "Point",
        "coordinates": [
          -6.2937659,
          53.4675067
        ]
      },
      "properties": {
        "osm_id": "w1134836420",
        "name": "",
        "category": "local_market",
        "subcategory": "landuse=farmyard",
        "lat": 53.4675067,
        "lon": -6.2937659,
        "admin_division": "",
        "county": "dublin"
      }
    },
    {
      "type": "Feature",
      "geometry": {
        "type": "Point",
        "coordinates": [
          -6.4955732,
          53.278152
        ]
      },
      "properties": {
        "osm_id": "w1135368325",
        "name": "",
        "category": "local_market",
        "subcategory": "landuse=farmyard",
        "lat": 53.278152,
        "lon": -6.4955732,
        "admin_division": "",
        "county": "dublin"
      }
    },
    {
      "type": "Feature",
      "geometry": {
        "type": "Point",
        "coordinates": [
          -6.4859026,
          53.2800664
        ]
      },
      "properties": {
        "osm_id": "w1135368326",
        "name": "",
        "category": "local_market",
        "subcategory": "landuse=farmyard",
        "lat": 53.2800664,
        "lon": -6.4859026,
        "admin_division": "",
        "county": "dublin"
      }
    },
    {
      "type": "Feature",
      "geometry": {
        "type": "Point",
        "coordinates": [
          -6.5060225,
          53.2909489
        ]
      },
      "properties": {
        "osm_id": "w1135368328",
        "name": "",
        "category": "local_market",
        "subcategory": "landuse=farmyard",
        "lat": 53.2909489,
        "lon": -6.5060225,
        "admin_division": "",
        "county": "dublin"
      }
    },
    {
      "type": "Feature",
      "geometry": {
        "type": "Point",
        "coordinates": [
          -6.5063042,
          53.2904079
        ]
      },
      "properties": {
        "osm_id": "w1135368329",
        "name": "",
        "category": "local_market",
        "subcategory": "landuse=farmyard",
        "lat": 53.2904079,
        "lon": -6.5063042,
        "admin_division": "",
        "county": "dublin"
      }
    },
    {
      "type": "Feature",
      "geometry": {
        "type": "Point",
        "coordinates": [
          -6.5068009,
          53.2899465
        ]
      },
      "properties": {
        "osm_id": "w1135368330",
        "name": "",
        "category": "local_market",
        "subcategory": "landuse=farmyard",
        "lat": 53.2899465,
        "lon": -6.5068009,
        "admin_division": "",
        "county": "dublin"
      }
    },
    {
      "type": "Feature",
      "geometry": {
        "type": "Point",
        "coordinates": [
          -6.3154993,
          53.4865288
        ]
      },
      "properties": {
        "osm_id": "w1135701884",
        "name": "",
        "category": "local_market",
        "subcategory": "landuse=farmyard",
        "lat": 53.4865288,
        "lon": -6.3154993,
        "admin_division": "",
        "county": "dublin"
      }
    },
    {
      "type": "Feature",
      "geometry": {
        "type": "Point",
        "coordinates": [
          -6.1655537,
          53.5184132
        ]
      },
      "properties": {
        "osm_id": "w1137023965",
        "name": "",
        "category": "local_market",
        "subcategory": "landuse=farmyard",
        "lat": 53.5184132,
        "lon": -6.1655537,
        "admin_division": "",
        "county": "dublin"
      }
    },
    {
      "type": "Feature",
      "geometry": {
        "type": "Point",
        "coordinates": [
          -6.1619166,
          53.5365667
        ]
      },
      "properties": {
        "osm_id": "w1137050617",
        "name": "",
        "category": "local_market",
        "subcategory": "landuse=farmyard",
        "lat": 53.5365667,
        "lon": -6.1619166,
        "admin_division": "",
        "county": "dublin"
      }
    },
    {
      "type": "Feature",
      "geometry": {
        "type": "Point",
        "coordinates": [
          -6.1530021,
          53.5351169
        ]
      },
      "properties": {
        "osm_id": "w1137050618",
        "name": "",
        "category": "local_market",
        "subcategory": "landuse=farmyard",
        "lat": 53.5351169,
        "lon": -6.1530021,
        "admin_division": "",
        "county": "dublin"
      }
    },
    {
      "type": "Feature",
      "geometry": {
        "type": "Point",
        "coordinates": [
          -6.1897652,
          53.5233868
        ]
      },
      "properties": {
        "osm_id": "w1137053546",
        "name": "",
        "category": "local_market",
        "subcategory": "landuse=farmyard",
        "lat": 53.5233868,
        "lon": -6.1897652,
        "admin_division": "",
        "county": "dublin"
      }
    },
    {
      "type": "Feature",
      "geometry": {
        "type": "Point",
        "coordinates": [
          -6.1948601,
          53.5333622
        ]
      },
      "properties": {
        "osm_id": "w1137053552",
        "name": "",
        "category": "local_market",
        "subcategory": "landuse=farmyard",
        "lat": 53.5333622,
        "lon": -6.1948601,
        "admin_division": "",
        "county": "dublin"
      }
    },
    {
      "type": "Feature",
      "geometry": {
        "type": "Point",
        "coordinates": [
          -6.1606289,
          53.539687
        ]
      },
      "properties": {
        "osm_id": "w1137058350",
        "name": "",
        "category": "local_market",
        "subcategory": "landuse=farmyard",
        "lat": 53.539687,
        "lon": -6.1606289,
        "admin_division": "",
        "county": "dublin"
      }
    },
    {
      "type": "Feature",
      "geometry": {
        "type": "Point",
        "coordinates": [
          -6.1706225,
          53.5376566
        ]
      },
      "properties": {
        "osm_id": "w1137091651",
        "name": "",
        "category": "local_market",
        "subcategory": "landuse=farmyard",
        "lat": 53.5376566,
        "lon": -6.1706225,
        "admin_division": "",
        "county": "dublin"
      }
    },
    {
      "type": "Feature",
      "geometry": {
        "type": "Point",
        "coordinates": [
          -6.1745136,
          53.539744
        ]
      },
      "properties": {
        "osm_id": "w1137091652",
        "name": "",
        "category": "local_market",
        "subcategory": "landuse=farmyard",
        "lat": 53.539744,
        "lon": -6.1745136,
        "admin_division": "",
        "county": "dublin"
      }
    },
    {
      "type": "Feature",
      "geometry": {
        "type": "Point",
        "coordinates": [
          -6.1880029,
          53.5364324
        ]
      },
      "properties": {
        "osm_id": "w1137092375",
        "name": "",
        "category": "local_market",
        "subcategory": "landuse=farmyard",
        "lat": 53.5364324,
        "lon": -6.1880029,
        "admin_division": "",
        "county": "dublin"
      }
    },
    {
      "type": "Feature",
      "geometry": {
        "type": "Point",
        "coordinates": [
          -6.0849331,
          53.5198771
        ]
      },
      "properties": {
        "osm_id": "w1137248568",
        "name": "",
        "category": "local_market",
        "subcategory": "landuse=farmyard",
        "lat": 53.5198771,
        "lon": -6.0849331,
        "admin_division": "",
        "county": "dublin"
      }
    },
    {
      "type": "Feature",
      "geometry": {
        "type": "Point",
        "coordinates": [
          -6.4078015,
          53.5280939
        ]
      },
      "properties": {
        "osm_id": "w1144465635",
        "name": "",
        "category": "local_market",
        "subcategory": "landuse=farmyard",
        "lat": 53.5280939,
        "lon": -6.4078015,
        "admin_division": "",
        "county": "dublin"
      }
    },
    {
      "type": "Feature",
      "geometry": {
        "type": "Point",
        "coordinates": [
          -6.4008493,
          53.5300128
        ]
      },
      "properties": {
        "osm_id": "w1144465637",
        "name": "",
        "category": "local_market",
        "subcategory": "landuse=farmyard",
        "lat": 53.5300128,
        "lon": -6.4008493,
        "admin_division": "",
        "county": "dublin"
      }
    },
    {
      "type": "Feature",
      "geometry": {
        "type": "Point",
        "coordinates": [
          -6.3902686,
          53.5259552
        ]
      },
      "properties": {
        "osm_id": "w1144465641",
        "name": "",
        "category": "local_market",
        "subcategory": "landuse=farmyard",
        "lat": 53.5259552,
        "lon": -6.3902686,
        "admin_division": "",
        "county": "dublin"
      }
    },
    {
      "type": "Feature",
      "geometry": {
        "type": "Point",
        "coordinates": [
          -6.3887025,
          53.2640103
        ]
      },
      "properties": {
        "osm_id": "w1189754810",
        "name": "",
        "category": "local_market",
        "subcategory": "landuse=farmyard",
        "lat": 53.2640103,
        "lon": -6.3887025,
        "admin_division": "",
        "county": "dublin"
      }
    },
    {
      "type": "Feature",
      "geometry": {
        "type": "Point",
        "coordinates": [
          -6.3983693,
          53.2697108
        ]
      },
      "properties": {
        "osm_id": "w1189754850",
        "name": "",
        "category": "local_market",
        "subcategory": "landuse=farmyard",
        "lat": 53.2697108,
        "lon": -6.3983693,
        "admin_division": "",
        "county": "dublin"
      }
    },
    {
      "type": "Feature",
      "geometry": {
        "type": "Point",
        "coordinates": [
          -6.3809474,
          53.2687492
        ]
      },
      "properties": {
        "osm_id": "w1189838587",
        "name": "",
        "category": "local_market",
        "subcategory": "landuse=farmyard",
        "lat": 53.2687492,
        "lon": -6.3809474,
        "admin_division": "",
        "county": "dublin"
      }
    },
    {
      "type": "Feature",
      "geometry": {
        "type": "Point",
        "coordinates": [
          -6.3388848,
          53.3824032
        ]
      },
      "properties": {
        "osm_id": "w1194106067",
        "name": "",
        "category": "local_market",
        "subcategory": "landuse=farmyard",
        "lat": 53.3824032,
        "lon": -6.3388848,
        "admin_division": "",
        "county": "dublin"
      }
    },
    {
      "type": "Feature",
      "geometry": {
        "type": "Point",
        "coordinates": [
          -6.1728856,
          53.2497284
        ]
      },
      "properties": {
        "osm_id": "w1202376785",
        "name": "",
        "category": "local_market",
        "subcategory": "landuse=farmyard",
        "lat": 53.2497284,
        "lon": -6.1728856,
        "admin_division": "",
        "county": "dublin"
      }
    },
    {
      "type": "Feature",
      "geometry": {
        "type": "Point",
        "coordinates": [
          -6.1618702,
          53.5177132
        ]
      },
      "properties": {
        "osm_id": "w1202379556",
        "name": "",
        "category": "local_market",
        "subcategory": "landuse=farmyard",
        "lat": 53.5177132,
        "lon": -6.1618702,
        "admin_division": "",
        "county": "dublin"
      }
    },
    {
      "type": "Feature",
      "geometry": {
        "type": "Point",
        "coordinates": [
          -6.1203629,
          53.4799803
        ]
      },
      "properties": {
        "osm_id": "w1202379774",
        "name": "",
        "category": "local_market",
        "subcategory": "landuse=farmyard",
        "lat": 53.4799803,
        "lon": -6.1203629,
        "admin_division": "",
        "county": "dublin"
      }
    },
    {
      "type": "Feature",
      "geometry": {
        "type": "Point",
        "coordinates": [
          -6.4894716,
          53.2780671
        ]
      },
      "properties": {
        "osm_id": "w1205079431",
        "name": "",
        "category": "local_market",
        "subcategory": "landuse=farmyard",
        "lat": 53.2780671,
        "lon": -6.4894716,
        "admin_division": "",
        "county": "dublin"
      }
    },
    {
      "type": "Feature",
      "geometry": {
        "type": "Point",
        "coordinates": [
          -6.3419751,
          53.2212415
        ]
      },
      "properties": {
        "osm_id": "w1207293980",
        "name": "",
        "category": "local_market",
        "subcategory": "landuse=farmyard",
        "lat": 53.2212415,
        "lon": -6.3419751,
        "admin_division": "",
        "county": "dublin"
      }
    },
    {
      "type": "Feature",
      "geometry": {
        "type": "Point",
        "coordinates": [
          -6.3671185,
          53.2393254
        ]
      },
      "properties": {
        "osm_id": "w1207888214",
        "name": "",
        "category": "local_market",
        "subcategory": "landuse=farmyard",
        "lat": 53.2393254,
        "lon": -6.3671185,
        "admin_division": "",
        "county": "dublin"
      }
    },
    {
      "type": "Feature",
      "geometry": {
        "type": "Point",
        "coordinates": [
          -6.3748932,
          53.2459389
        ]
      },
      "properties": {
        "osm_id": "w1207888237",
        "name": "",
        "category": "local_market",
        "subcategory": "landuse=farmyard",
        "lat": 53.2459389,
        "lon": -6.3748932,
        "admin_division": "",
        "county": "dublin"
      }
    },
    {
      "type": "Feature",
      "geometry": {
        "type": "Point",
        "coordinates": [
          -6.3754903,
          53.2470158
        ]
      },
      "properties": {
        "osm_id": "w1207888242",
        "name": "",
        "category": "local_market",
        "subcategory": "landuse=farmyard",
        "lat": 53.2470158,
        "lon": -6.3754903,
        "admin_division": "",
        "county": "dublin"
      }
    },
    {
      "type": "Feature",
      "geometry": {
        "type": "Point",
        "coordinates": [
          -6.3775914,
          53.2489013
        ]
      },
      "properties": {
        "osm_id": "w1207888253",
        "name": "",
        "category": "local_market",
        "subcategory": "landuse=farmyard",
        "lat": 53.2489013,
        "lon": -6.3775914,
        "admin_division": "",
        "county": "dublin"
      }
    },
    {
      "type": "Feature",
      "geometry": {
        "type": "Point",
        "coordinates": [
          -6.3689468,
          53.2597228
        ]
      },
      "properties": {
        "osm_id": "w1208130884",
        "name": "",
        "category": "local_market",
        "subcategory": "landuse=farmyard",
        "lat": 53.2597228,
        "lon": -6.3689468,
        "admin_division": "",
        "county": "dublin"
      }
    },
    {
      "type": "Feature",
      "geometry": {
        "type": "Point",
        "coordinates": [
          -6.3624332,
          53.2493041
        ]
      },
      "properties": {
        "osm_id": "w1208909789",
        "name": "",
        "category": "local_market",
        "subcategory": "landuse=farmyard",
        "lat": 53.2493041,
        "lon": -6.3624332,
        "admin_division": "",
        "county": "dublin"
      }
    },
    {
      "type": "Feature",
      "geometry": {
        "type": "Point",
        "coordinates": [
          -6.3579196,
          53.2460139
        ]
      },
      "properties": {
        "osm_id": "w1208909800",
        "name": "",
        "category": "local_market",
        "subcategory": "landuse=farmyard",
        "lat": 53.2460139,
        "lon": -6.3579196,
        "admin_division": "",
        "county": "dublin"
      }
    },
    {
      "type": "Feature",
      "geometry": {
        "type": "Point",
        "coordinates": [
          -6.3598417,
          53.2478307
        ]
      },
      "properties": {
        "osm_id": "w1208909806",
        "name": "",
        "category": "local_market",
        "subcategory": "landuse=farmyard",
        "lat": 53.2478307,
        "lon": -6.3598417,
        "admin_division": "",
        "county": "dublin"
      }
    },
    {
      "type": "Feature",
      "geometry": {
        "type": "Point",
        "coordinates": [
          -6.3604781,
          53.2493064
        ]
      },
      "properties": {
        "osm_id": "w1208909811",
        "name": "",
        "category": "local_market",
        "subcategory": "landuse=farmyard",
        "lat": 53.2493064,
        "lon": -6.3604781,
        "admin_division": "",
        "county": "dublin"
      }
    },
    {
      "type": "Feature",
      "geometry": {
        "type": "Point",
        "coordinates": [
          -6.3605203,
          53.2501733
        ]
      },
      "properties": {
        "osm_id": "w1208909816",
        "name": "",
        "category": "local_market",
        "subcategory": "landuse=farmyard",
        "lat": 53.2501733,
        "lon": -6.3605203,
        "admin_division": "",
        "county": "dublin"
      }
    },
    {
      "type": "Feature",
      "geometry": {
        "type": "Point",
        "coordinates": [
          -6.3424536,
          53.2459059
        ]
      },
      "properties": {
        "osm_id": "w1209207627",
        "name": "",
        "category": "local_market",
        "subcategory": "landuse=farmyard",
        "lat": 53.2459059,
        "lon": -6.3424536,
        "admin_division": "",
        "county": "dublin"
      }
    },
    {
      "type": "Feature",
      "geometry": {
        "type": "Point",
        "coordinates": [
          -6.3408448,
          53.2465865
        ]
      },
      "properties": {
        "osm_id": "w1209207633",
        "name": "",
        "category": "local_market",
        "subcategory": "landuse=farmyard",
        "lat": 53.2465865,
        "lon": -6.3408448,
        "admin_division": "",
        "county": "dublin"
      }
    },
    {
      "type": "Feature",
      "geometry": {
        "type": "Point",
        "coordinates": [
          -6.3402604,
          53.2462792
        ]
      },
      "properties": {
        "osm_id": "w1209207634",
        "name": "",
        "category": "local_market",
        "subcategory": "landuse=farmyard",
        "lat": 53.2462792,
        "lon": -6.3402604,
        "admin_division": "",
        "county": "dublin"
      }
    },
    {
      "type": "Feature",
      "geometry": {
        "type": "Point",
        "coordinates": [
          -6.340943,
          53.2462744
        ]
      },
      "properties": {
        "osm_id": "w1209207635",
        "name": "",
        "category": "local_market",
        "subcategory": "landuse=farmyard",
        "lat": 53.2462744,
        "lon": -6.340943,
        "admin_division": "",
        "county": "dublin"
      }
    },
    {
      "type": "Feature",
      "geometry": {
        "type": "Point",
        "coordinates": [
          -6.3448641,
          53.2487914
        ]
      },
      "properties": {
        "osm_id": "w1209207640",
        "name": "",
        "category": "local_market",
        "subcategory": "landuse=farmyard",
        "lat": 53.2487914,
        "lon": -6.3448641,
        "admin_division": "",
        "county": "dublin"
      }
    },
    {
      "type": "Feature",
      "geometry": {
        "type": "Point",
        "coordinates": [
          -6.3419421,
          53.2485847
        ]
      },
      "properties": {
        "osm_id": "w1209207642",
        "name": "",
        "category": "local_market",
        "subcategory": "landuse=farmyard",
        "lat": 53.2485847,
        "lon": -6.3419421,
        "admin_division": "",
        "county": "dublin"
      }
    },
    {
      "type": "Feature",
      "geometry": {
        "type": "Point",
        "coordinates": [
          -6.3567768,
          53.2534557
        ]
      },
      "properties": {
        "osm_id": "w1209207649",
        "name": "",
        "category": "local_market",
        "subcategory": "landuse=farmyard",
        "lat": 53.2534557,
        "lon": -6.3567768,
        "admin_division": "",
        "county": "dublin"
      }
    },
    {
      "type": "Feature",
      "geometry": {
        "type": "Point",
        "coordinates": [
          -6.3619337,
          53.2516273
        ]
      },
      "properties": {
        "osm_id": "w1209207662",
        "name": "",
        "category": "local_market",
        "subcategory": "landuse=farmyard",
        "lat": 53.2516273,
        "lon": -6.3619337,
        "admin_division": "",
        "county": "dublin"
      }
    },
    {
      "type": "Feature",
      "geometry": {
        "type": "Point",
        "coordinates": [
          -6.356949,
          53.2583741
        ]
      },
      "properties": {
        "osm_id": "w1209207678",
        "name": "",
        "category": "local_market",
        "subcategory": "landuse=farmyard",
        "lat": 53.2583741,
        "lon": -6.356949,
        "admin_division": "",
        "county": "dublin"
      }
    },
    {
      "type": "Feature",
      "geometry": {
        "type": "Point",
        "coordinates": [
          -6.3600955,
          53.2566885
        ]
      },
      "properties": {
        "osm_id": "w1209209928",
        "name": "",
        "category": "local_market",
        "subcategory": "landuse=farmyard",
        "lat": 53.2566885,
        "lon": -6.3600955,
        "admin_division": "",
        "county": "dublin"
      }
    },
    {
      "type": "Feature",
      "geometry": {
        "type": "Point",
        "coordinates": [
          -6.3939453,
          53.2525107
        ]
      },
      "properties": {
        "osm_id": "w1209896986",
        "name": "",
        "category": "local_market",
        "subcategory": "landuse=farmyard",
        "lat": 53.2525107,
        "lon": -6.3939453,
        "admin_division": "",
        "county": "dublin"
      }
    },
    {
      "type": "Feature",
      "geometry": {
        "type": "Point",
        "coordinates": [
          -6.3869163,
          53.2603976
        ]
      },
      "properties": {
        "osm_id": "w1210622176",
        "name": "",
        "category": "local_market",
        "subcategory": "landuse=farmyard",
        "lat": 53.2603976,
        "lon": -6.3869163,
        "admin_division": "",
        "county": "dublin"
      }
    },
    {
      "type": "Feature",
      "geometry": {
        "type": "Point",
        "coordinates": [
          -6.389984,
          53.2587367
        ]
      },
      "properties": {
        "osm_id": "w1210622180",
        "name": "",
        "category": "local_market",
        "subcategory": "landuse=farmyard",
        "lat": 53.2587367,
        "lon": -6.389984,
        "admin_division": "",
        "county": "dublin"
      }
    },
    {
      "type": "Feature",
      "geometry": {
        "type": "Point",
        "coordinates": [
          -6.3911957,
          53.2565573
        ]
      },
      "properties": {
        "osm_id": "w1210622220",
        "name": "",
        "category": "local_market",
        "subcategory": "landuse=farmyard",
        "lat": 53.2565573,
        "lon": -6.3911957,
        "admin_division": "",
        "county": "dublin"
      }
    },
    {
      "type": "Feature",
      "geometry": {
        "type": "Point",
        "coordinates": [
          -6.3846967,
          53.2530402
        ]
      },
      "properties": {
        "osm_id": "w1210622223",
        "name": "",
        "category": "local_market",
        "subcategory": "landuse=farmyard",
        "lat": 53.2530402,
        "lon": -6.3846967,
        "admin_division": "",
        "county": "dublin"
      }
    },
    {
      "type": "Feature",
      "geometry": {
        "type": "Point",
        "coordinates": [
          -6.4342597,
          53.2571427
        ]
      },
      "properties": {
        "osm_id": "w1210622241",
        "name": "",
        "category": "local_market",
        "subcategory": "landuse=farmyard",
        "lat": 53.2571427,
        "lon": -6.4342597,
        "admin_division": "",
        "county": "dublin"
      }
    },
    {
      "type": "Feature",
      "geometry": {
        "type": "Point",
        "coordinates": [
          -6.4123645,
          53.2658214
        ]
      },
      "properties": {
        "osm_id": "w1210879887",
        "name": "",
        "category": "local_market",
        "subcategory": "landuse=farmyard",
        "lat": 53.2658214,
        "lon": -6.4123645,
        "admin_division": "",
        "county": "dublin"
      }
    },
    {
      "type": "Feature",
      "geometry": {
        "type": "Point",
        "coordinates": [
          -6.4214002,
          53.2619836
        ]
      },
      "properties": {
        "osm_id": "w1211358611",
        "name": "",
        "category": "local_market",
        "subcategory": "landuse=farmyard",
        "lat": 53.2619836,
        "lon": -6.4214002,
        "admin_division": "",
        "county": "dublin"
      }
    },
    {
      "type": "Feature",
      "geometry": {
        "type": "Point",
        "coordinates": [
          -6.2702156,
          53.2777062
        ]
      },
      "properties": {
        "osm_id": "w1228475263",
        "name": "Marlay Market",
        "category": "local_market",
        "subcategory": "amenity=marketplace",
        "lat": 53.2777062,
        "lon": -6.2702156,
        "admin_division": "",
        "county": "dublin"
      }
    },
    {
      "type": "Feature",
      "geometry": {
        "type": "Point",
        "coordinates": [
          -6.2770424,
          53.5913761
        ]
      },
      "properties": {
        "osm_id": "w1230146321",
        "name": "Roach Farm",
        "category": "local_market",
        "subcategory": "landuse=farmyard",
        "lat": 53.5913761,
        "lon": -6.2770424,
        "admin_division": "",
        "county": "dublin"
      }
    },
    {
      "type": "Feature",
      "geometry": {
        "type": "Point",
        "coordinates": [
          -6.1177996,
          53.4987021
        ]
      },
      "properties": {
        "osm_id": "w1232221713",
        "name": "",
        "category": "local_market",
        "subcategory": "landuse=farmyard",
        "lat": 53.4987021,
        "lon": -6.1177996,
        "admin_division": "",
        "county": "dublin"
      }
    },
    {
      "type": "Feature",
      "geometry": {
        "type": "Point",
        "coordinates": [
          -6.1526656,
          53.527627
        ]
      },
      "properties": {
        "osm_id": "w1243572079",
        "name": "",
        "category": "local_market",
        "subcategory": "landuse=farmyard",
        "lat": 53.527627,
        "lon": -6.1526656,
        "admin_division": "",
        "county": "dublin"
      }
    },
    {
      "type": "Feature",
      "geometry": {
        "type": "Point",
        "coordinates": [
          -6.1634879,
          53.5149378
        ]
      },
      "properties": {
        "osm_id": "w1243572080",
        "name": "",
        "category": "local_market",
        "subcategory": "landuse=farmyard",
        "lat": 53.5149378,
        "lon": -6.1634879,
        "admin_division": "",
        "county": "dublin"
      }
    },
    {
      "type": "Feature",
      "geometry": {
        "type": "Point",
        "coordinates": [
          -6.1498183,
          53.5164587
        ]
      },
      "properties": {
        "osm_id": "w1243572081",
        "name": "",
        "category": "local_market",
        "subcategory": "landuse=farmyard",
        "lat": 53.5164587,
        "lon": -6.1498183,
        "admin_division": "",
        "county": "dublin"
      }
    },
    {
      "type": "Feature",
      "geometry": {
        "type": "Point",
        "coordinates": [
          -6.4486852,
          53.266972
        ]
      },
      "properties": {
        "osm_id": "w1252637620",
        "name": "",
        "category": "local_market",
        "subcategory": "landuse=farmyard",
        "lat": 53.266972,
        "lon": -6.4486852,
        "admin_division": "",
        "county": "dublin"
      }
    },
    {
      "type": "Feature",
      "geometry": {
        "type": "Point",
        "coordinates": [
          -6.2156535,
          53.6170417
        ]
      },
      "properties": {
        "osm_id": "w1266470525",
        "name": "",
        "category": "local_market",
        "subcategory": "landuse=farmyard",
        "lat": 53.6170417,
        "lon": -6.2156535,
        "admin_division": "",
        "county": "dublin"
      }
    },
    {
      "type": "Feature",
      "geometry": {
        "type": "Point",
        "coordinates": [
          -6.30318,
          53.4283795
        ]
      },
      "properties": {
        "osm_id": "w1268137238",
        "name": "Bainne Bó",
        "category": "local_market",
        "subcategory": "shop=farm",
        "lat": 53.4283795,
        "lon": -6.30318,
        "admin_division": "",
        "county": "dublin"
      }
    },
    {
      "type": "Feature",
      "geometry": {
        "type": "Point",
        "coordinates": [
          -6.4550015,
          53.2497403
        ]
      },
      "properties": {
        "osm_id": "w1270440747",
        "name": "",
        "category": "local_market",
        "subcategory": "landuse=farmyard",
        "lat": 53.2497403,
        "lon": -6.4550015,
        "admin_division": "",
        "county": "dublin"
      }
    },
    {
      "type": "Feature",
      "geometry": {
        "type": "Point",
        "coordinates": [
          -6.4981935,
          53.2919192
        ]
      },
      "properties": {
        "osm_id": "w1282024234",
        "name": "",
        "category": "local_market",
        "subcategory": "landuse=farmyard",
        "lat": 53.2919192,
        "lon": -6.4981935,
        "admin_division": "",
        "county": "dublin"
      }
    },
    {
      "type": "Feature",
      "geometry": {
        "type": "Point",
        "coordinates": [
          -6.5135657,
          53.2949664
        ]
      },
      "properties": {
        "osm_id": "w1282024239",
        "name": "",
        "category": "local_market",
        "subcategory": "landuse=farmyard",
        "lat": 53.2949664,
        "lon": -6.5135657,
        "admin_division": "",
        "county": "dublin"
      }
    },
    {
      "type": "Feature",
      "geometry": {
        "type": "Point",
        "coordinates": [
          -6.4987784,
          53.3001309
        ]
      },
      "properties": {
        "osm_id": "w1282030461",
        "name": "",
        "category": "local_market",
        "subcategory": "landuse=farmyard",
        "lat": 53.3001309,
        "lon": -6.4987784,
        "admin_division": "",
        "county": "dublin"
      }
    },
    {
      "type": "Feature",
      "geometry": {
        "type": "Point",
        "coordinates": [
          -6.4982903,
          53.3002221
        ]
      },
      "properties": {
        "osm_id": "w1282030462",
        "name": "",
        "category": "local_market",
        "subcategory": "landuse=farmyard",
        "lat": 53.3002221,
        "lon": -6.4982903,
        "admin_division": "",
        "county": "dublin"
      }
    },
    {
      "type": "Feature",
      "geometry": {
        "type": "Point",
        "coordinates": [
          -6.5039121,
          53.3005926
        ]
      },
      "properties": {
        "osm_id": "w1282030463",
        "name": "",
        "category": "local_market",
        "subcategory": "landuse=farmyard",
        "lat": 53.3005926,
        "lon": -6.5039121,
        "admin_division": "",
        "county": "dublin"
      }
    },
    {
      "type": "Feature",
      "geometry": {
        "type": "Point",
        "coordinates": [
          -6.5113624,
          53.2929604
        ]
      },
      "properties": {
        "osm_id": "w1284909304",
        "name": "",
        "category": "local_market",
        "subcategory": "landuse=farmyard",
        "lat": 53.2929604,
        "lon": -6.5113624,
        "admin_division": "",
        "county": "dublin"
      }
    },
    {
      "type": "Feature",
      "geometry": {
        "type": "Point",
        "coordinates": [
          -6.5114941,
          53.3058172
        ]
      },
      "properties": {
        "osm_id": "w1284915807",
        "name": "",
        "category": "local_market",
        "subcategory": "landuse=farmyard",
        "lat": 53.3058172,
        "lon": -6.5114941,
        "admin_division": "",
        "county": "dublin"
      }
    },
    {
      "type": "Feature",
      "geometry": {
        "type": "Point",
        "coordinates": [
          -6.4610259,
          53.2704355
        ]
      },
      "properties": {
        "osm_id": "w1292478690",
        "name": "",
        "category": "local_market",
        "subcategory": "landuse=farmyard",
        "lat": 53.2704355,
        "lon": -6.4610259,
        "admin_division": "",
        "county": "dublin"
      }
    },
    {
      "type": "Feature",
      "geometry": {
        "type": "Point",
        "coordinates": [
          -6.4766337,
          53.2611659
        ]
      },
      "properties": {
        "osm_id": "w1292478698",
        "name": "",
        "category": "local_market",
        "subcategory": "landuse=farmyard",
        "lat": 53.2611659,
        "lon": -6.4766337,
        "admin_division": "",
        "county": "dublin"
      }
    },
    {
      "type": "Feature",
      "geometry": {
        "type": "Point",
        "coordinates": [
          -6.4643647,
          53.3125656
        ]
      },
      "properties": {
        "osm_id": "w1292999748",
        "name": "",
        "category": "local_market",
        "subcategory": "landuse=farmyard",
        "lat": 53.3125656,
        "lon": -6.4643647,
        "admin_division": "",
        "county": "dublin"
      }
    },
    {
      "type": "Feature",
      "geometry": {
        "type": "Point",
        "coordinates": [
          -6.443119,
          53.3109568
        ]
      },
      "properties": {
        "osm_id": "w1293530606",
        "name": "",
        "category": "local_market",
        "subcategory": "landuse=farmyard",
        "lat": 53.3109568,
        "lon": -6.443119,
        "admin_division": "",
        "county": "dublin"
      }
    },
    {
      "type": "Feature",
      "geometry": {
        "type": "Point",
        "coordinates": [
          -6.4553047,
          53.3271125
        ]
      },
      "properties": {
        "osm_id": "w1295488003",
        "name": "",
        "category": "local_market",
        "subcategory": "landuse=farmyard",
        "lat": 53.3271125,
        "lon": -6.4553047,
        "admin_division": "",
        "county": "dublin"
      }
    },
    {
      "type": "Feature",
      "geometry": {
        "type": "Point",
        "coordinates": [
          -6.4725735,
          53.2729548
        ]
      },
      "properties": {
        "osm_id": "w1297198035",
        "name": "",
        "category": "local_market",
        "subcategory": "landuse=farmyard",
        "lat": 53.2729548,
        "lon": -6.4725735,
        "admin_division": "",
        "county": "dublin"
      }
    },
    {
      "type": "Feature",
      "geometry": {
        "type": "Point",
        "coordinates": [
          -6.4711178,
          53.2751035
        ]
      },
      "properties": {
        "osm_id": "w1297198036",
        "name": "",
        "category": "local_market",
        "subcategory": "landuse=farmyard",
        "lat": 53.2751035,
        "lon": -6.4711178,
        "admin_division": "",
        "county": "dublin"
      }
    },
    {
      "type": "Feature",
      "geometry": {
        "type": "Point",
        "coordinates": [
          -6.4713739,
          53.2758239
        ]
      },
      "properties": {
        "osm_id": "w1297198037",
        "name": "",
        "category": "local_market",
        "subcategory": "landuse=farmyard",
        "lat": 53.2758239,
        "lon": -6.4713739,
        "admin_division": "",
        "county": "dublin"
      }
    },
    {
      "type": "Feature",
      "geometry": {
        "type": "Point",
        "coordinates": [
          -6.4595797,
          53.2719199
        ]
      },
      "properties": {
        "osm_id": "w1297198052",
        "name": "",
        "category": "local_market",
        "subcategory": "landuse=farmyard",
        "lat": 53.2719199,
        "lon": -6.4595797,
        "admin_division": "",
        "county": "dublin"
      }
    },
    {
      "type": "Feature",
      "geometry": {
        "type": "Point",
        "coordinates": [
          -6.4435773,
          53.268161
        ]
      },
      "properties": {
        "osm_id": "w1300732576",
        "name": "",
        "category": "local_market",
        "subcategory": "landuse=farmyard",
        "lat": 53.268161,
        "lon": -6.4435773,
        "admin_division": "",
        "county": "dublin"
      }
    },
    {
      "type": "Feature",
      "geometry": {
        "type": "Point",
        "coordinates": [
          -6.2500755,
          53.2590438
        ]
      },
      "properties": {
        "osm_id": "w1301182586",
        "name": "",
        "category": "local_market",
        "subcategory": "landuse=farmyard",
        "lat": 53.2590438,
        "lon": -6.2500755,
        "admin_division": "",
        "county": "dublin"
      }
    },
    {
      "type": "Feature",
      "geometry": {
        "type": "Point",
        "coordinates": [
          -6.3344851,
          53.4292155
        ]
      },
      "properties": {
        "osm_id": "w1303793742",
        "name": "",
        "category": "local_market",
        "subcategory": "landuse=farmyard",
        "lat": 53.4292155,
        "lon": -6.3344851,
        "admin_division": "",
        "county": "dublin"
      }
    },
    {
      "type": "Feature",
      "geometry": {
        "type": "Point",
        "coordinates": [
          -6.309952,
          53.4265474
        ]
      },
      "properties": {
        "osm_id": "w1304155317",
        "name": "",
        "category": "local_market",
        "subcategory": "landuse=farmyard",
        "lat": 53.4265474,
        "lon": -6.309952,
        "admin_division": "",
        "county": "dublin"
      }
    },
    {
      "type": "Feature",
      "geometry": {
        "type": "Point",
        "coordinates": [
          -6.3025737,
          53.4352653
        ]
      },
      "properties": {
        "osm_id": "w1305636709",
        "name": "",
        "category": "local_market",
        "subcategory": "landuse=farmyard",
        "lat": 53.4352653,
        "lon": -6.3025737,
        "admin_division": "",
        "county": "dublin"
      }
    },
    {
      "type": "Feature",
      "geometry": {
        "type": "Point",
        "coordinates": [
          -6.3107223,
          53.4385943
        ]
      },
      "properties": {
        "osm_id": "w1305636739",
        "name": "",
        "category": "local_market",
        "subcategory": "landuse=farmyard",
        "lat": 53.4385943,
        "lon": -6.3107223,
        "admin_division": "",
        "county": "dublin"
      }
    },
    {
      "type": "Feature",
      "geometry": {
        "type": "Point",
        "coordinates": [
          -6.3280862,
          53.4403011
        ]
      },
      "properties": {
        "osm_id": "w1309125740",
        "name": "",
        "category": "local_market",
        "subcategory": "landuse=farmyard",
        "lat": 53.4403011,
        "lon": -6.3280862,
        "admin_division": "",
        "county": "dublin"
      }
    },
    {
      "type": "Feature",
      "geometry": {
        "type": "Point",
        "coordinates": [
          -6.3042875,
          53.4461638
        ]
      },
      "properties": {
        "osm_id": "w1309125756",
        "name": "",
        "category": "local_market",
        "subcategory": "landuse=farmyard",
        "lat": 53.4461638,
        "lon": -6.3042875,
        "admin_division": "",
        "county": "dublin"
      }
    },
    {
      "type": "Feature",
      "geometry": {
        "type": "Point",
        "coordinates": [
          -6.3147975,
          53.4444984
        ]
      },
      "properties": {
        "osm_id": "w1309139550",
        "name": "",
        "category": "local_market",
        "subcategory": "landuse=farmyard",
        "lat": 53.4444984,
        "lon": -6.3147975,
        "admin_division": "",
        "county": "dublin"
      }
    },
    {
      "type": "Feature",
      "geometry": {
        "type": "Point",
        "coordinates": [
          -6.3362827,
          53.4350532
        ]
      },
      "properties": {
        "osm_id": "w1309474096",
        "name": "",
        "category": "local_market",
        "subcategory": "landuse=farmyard",
        "lat": 53.4350532,
        "lon": -6.3362827,
        "admin_division": "",
        "county": "dublin"
      }
    },
    {
      "type": "Feature",
      "geometry": {
        "type": "Point",
        "coordinates": [
          -6.3478608,
          53.4243137
        ]
      },
      "properties": {
        "osm_id": "w1309486655",
        "name": "",
        "category": "local_market",
        "subcategory": "landuse=farmyard",
        "lat": 53.4243137,
        "lon": -6.3478608,
        "admin_division": "",
        "county": "dublin"
      }
    },
    {
      "type": "Feature",
      "geometry": {
        "type": "Point",
        "coordinates": [
          -6.2142157,
          53.2409001
        ]
      },
      "properties": {
        "osm_id": "w1320511008",
        "name": "",
        "category": "local_market",
        "subcategory": "landuse=farmyard",
        "lat": 53.2409001,
        "lon": -6.2142157,
        "admin_division": "",
        "county": "dublin"
      }
    },
    {
      "type": "Feature",
      "geometry": {
        "type": "Point",
        "coordinates": [
          -6.5117024,
          53.3070154
        ]
      },
      "properties": {
        "osm_id": "w1324247975",
        "name": "",
        "category": "local_market",
        "subcategory": "landuse=farmyard",
        "lat": 53.3070154,
        "lon": -6.5117024,
        "admin_division": "",
        "county": "dublin"
      }
    },
    {
      "type": "Feature",
      "geometry": {
        "type": "Point",
        "coordinates": [
          -6.5195162,
          53.3095198
        ]
      },
      "properties": {
        "osm_id": "w1324247988",
        "name": "",
        "category": "local_market",
        "subcategory": "landuse=farmyard",
        "lat": 53.3095198,
        "lon": -6.5195162,
        "admin_division": "",
        "county": "dublin"
      }
    },
    {
      "type": "Feature",
      "geometry": {
        "type": "Point",
        "coordinates": [
          -6.5183732,
          53.2881032
        ]
      },
      "properties": {
        "osm_id": "w1324247996",
        "name": "",
        "category": "local_market",
        "subcategory": "landuse=farmyard",
        "lat": 53.2881032,
        "lon": -6.5183732,
        "admin_division": "",
        "county": "dublin"
      }
    },
    {
      "type": "Feature",
      "geometry": {
        "type": "Point",
        "coordinates": [
          -6.5173089,
          53.2866799
        ]
      },
      "properties": {
        "osm_id": "w1324248000",
        "name": "",
        "category": "local_market",
        "subcategory": "landuse=farmyard",
        "lat": 53.2866799,
        "lon": -6.5173089,
        "admin_division": "",
        "county": "dublin"
      }
    },
    {
      "type": "Feature",
      "geometry": {
        "type": "Point",
        "coordinates": [
          -6.4524366,
          53.3722509
        ]
      },
      "properties": {
        "osm_id": "w1327118280",
        "name": "",
        "category": "local_market",
        "subcategory": "landuse=farmyard",
        "lat": 53.3722509,
        "lon": -6.4524366,
        "admin_division": "",
        "county": "dublin"
      }
    },
    {
      "type": "Feature",
      "geometry": {
        "type": "Point",
        "coordinates": [
          -6.4611031,
          53.3859313
        ]
      },
      "properties": {
        "osm_id": "w1327639908",
        "name": "",
        "category": "local_market",
        "subcategory": "landuse=farmyard",
        "lat": 53.3859313,
        "lon": -6.4611031,
        "admin_division": "",
        "county": "dublin"
      }
    },
    {
      "type": "Feature",
      "geometry": {
        "type": "Point",
        "coordinates": [
          -6.4182485,
          53.3795911
        ]
      },
      "properties": {
        "osm_id": "w1328924043",
        "name": "",
        "category": "local_market",
        "subcategory": "landuse=farmyard",
        "lat": 53.3795911,
        "lon": -6.4182485,
        "admin_division": "",
        "county": "dublin"
      }
    },
    {
      "type": "Feature",
      "geometry": {
        "type": "Point",
        "coordinates": [
          -6.276927,
          53.4906579
        ]
      },
      "properties": {
        "osm_id": "w1334949630",
        "name": "",
        "category": "local_market",
        "subcategory": "landuse=farmyard",
        "lat": 53.4906579,
        "lon": -6.276927,
        "admin_division": "",
        "county": "dublin"
      }
    },
    {
      "type": "Feature",
      "geometry": {
        "type": "Point",
        "coordinates": [
          -6.1116135,
          53.2332994
        ]
      },
      "properties": {
        "osm_id": "w1337686085",
        "name": "",
        "category": "local_market",
        "subcategory": "landuse=farmyard",
        "lat": 53.2332994,
        "lon": -6.1116135,
        "admin_division": "",
        "county": "dublin"
      }
    },
    {
      "type": "Feature",
      "geometry": {
        "type": "Point",
        "coordinates": [
          -6.1119818,
          53.2298531
        ]
      },
      "properties": {
        "osm_id": "w1337686115",
        "name": "",
        "category": "local_market",
        "subcategory": "landuse=farmyard",
        "lat": 53.2298531,
        "lon": -6.1119818,
        "admin_division": "",
        "county": "dublin"
      }
    },
    {
      "type": "Feature",
      "geometry": {
        "type": "Point",
        "coordinates": [
          -6.2857112,
          53.4840612
        ]
      },
      "properties": {
        "osm_id": "w1338736759",
        "name": "",
        "category": "local_market",
        "subcategory": "landuse=farmyard",
        "lat": 53.4840612,
        "lon": -6.2857112,
        "admin_division": "",
        "county": "dublin"
      }
    },
    {
      "type": "Feature",
      "geometry": {
        "type": "Point",
        "coordinates": [
          -6.1911087,
          53.4769687
        ]
      },
      "properties": {
        "osm_id": "w1339090678",
        "name": "",
        "category": "local_market",
        "subcategory": "landuse=farmyard",
        "lat": 53.4769687,
        "lon": -6.1911087,
        "admin_division": "",
        "county": "dublin"
      }
    },
    {
      "type": "Feature",
      "geometry": {
        "type": "Point",
        "coordinates": [
          -6.1719086,
          53.4735909
        ]
      },
      "properties": {
        "osm_id": "w1339090681",
        "name": "",
        "category": "local_market",
        "subcategory": "landuse=farmyard",
        "lat": 53.4735909,
        "lon": -6.1719086,
        "admin_division": "",
        "county": "dublin"
      }
    },
    {
      "type": "Feature",
      "geometry": {
        "type": "Point",
        "coordinates": [
          -6.3751093,
          53.4385867
        ]
      },
      "properties": {
        "osm_id": "w1340400560",
        "name": "",
        "category": "local_market",
        "subcategory": "landuse=farmyard",
        "lat": 53.4385867,
        "lon": -6.3751093,
        "admin_division": "",
        "county": "dublin"
      }
    },
    {
      "type": "Feature",
      "geometry": {
        "type": "Point",
        "coordinates": [
          -6.368746,
          53.4409908
        ]
      },
      "properties": {
        "osm_id": "w1340400562",
        "name": "",
        "category": "local_market",
        "subcategory": "landuse=farmyard",
        "lat": 53.4409908,
        "lon": -6.368746,
        "admin_division": "",
        "county": "dublin"
      }
    },
    {
      "type": "Feature",
      "geometry": {
        "type": "Point",
        "coordinates": [
          -6.3884551,
          53.4366036
        ]
      },
      "properties": {
        "osm_id": "w1340400581",
        "name": "",
        "category": "local_market",
        "subcategory": "landuse=farmyard",
        "lat": 53.4366036,
        "lon": -6.3884551,
        "admin_division": "",
        "county": "dublin"
      }
    },
    {
      "type": "Feature",
      "geometry": {
        "type": "Point",
        "coordinates": [
          -6.3881808,
          53.4379988
        ]
      },
      "properties": {
        "osm_id": "w1340400590",
        "name": "",
        "category": "local_market",
        "subcategory": "landuse=farmyard",
        "lat": 53.4379988,
        "lon": -6.3881808,
        "admin_division": "",
        "county": "dublin"
      }
    },
    {
      "type": "Feature",
      "geometry": {
        "type": "Point",
        "coordinates": [
          -6.1872435,
          53.4740072
        ]
      },
      "properties": {
        "osm_id": "w1340529999",
        "name": "",
        "category": "local_market",
        "subcategory": "landuse=farmyard",
        "lat": 53.4740072,
        "lon": -6.1872435,
        "admin_division": "",
        "county": "dublin"
      }
    },
    {
      "type": "Feature",
      "geometry": {
        "type": "Point",
        "coordinates": [
          -6.1858132,
          53.483213
        ]
      },
      "properties": {
        "osm_id": "w1340530008",
        "name": "",
        "category": "local_market",
        "subcategory": "landuse=farmyard",
        "lat": 53.483213,
        "lon": -6.1858132,
        "admin_division": "",
        "county": "dublin"
      }
    },
    {
      "type": "Feature",
      "geometry": {
        "type": "Point",
        "coordinates": [
          -6.3951338,
          53.4355741
        ]
      },
      "properties": {
        "osm_id": "w1341100178",
        "name": "",
        "category": "local_market",
        "subcategory": "landuse=farmyard",
        "lat": 53.4355741,
        "lon": -6.3951338,
        "admin_division": "",
        "county": "dublin"
      }
    },
    {
      "type": "Feature",
      "geometry": {
        "type": "Point",
        "coordinates": [
          -6.29368,
          53.4549179
        ]
      },
      "properties": {
        "osm_id": "w1341352600",
        "name": "",
        "category": "local_market",
        "subcategory": "landuse=farmyard",
        "lat": 53.4549179,
        "lon": -6.29368,
        "admin_division": "",
        "county": "dublin"
      }
    },
    {
      "type": "Feature",
      "geometry": {
        "type": "Point",
        "coordinates": [
          -6.189754,
          53.4949482
        ]
      },
      "properties": {
        "osm_id": "w1342113323",
        "name": "",
        "category": "local_market",
        "subcategory": "landuse=farmyard",
        "lat": 53.4949482,
        "lon": -6.189754,
        "admin_division": "",
        "county": "dublin"
      }
    },
    {
      "type": "Feature",
      "geometry": {
        "type": "Point",
        "coordinates": [
          -6.1892162,
          53.4886767
        ]
      },
      "properties": {
        "osm_id": "w1342113331",
        "name": "",
        "category": "local_market",
        "subcategory": "landuse=farmyard",
        "lat": 53.4886767,
        "lon": -6.1892162,
        "admin_division": "",
        "county": "dublin"
      }
    },
    {
      "type": "Feature",
      "geometry": {
        "type": "Point",
        "coordinates": [
          -6.1824804,
          53.4731682
        ]
      },
      "properties": {
        "osm_id": "w1342113342",
        "name": "",
        "category": "local_market",
        "subcategory": "landuse=farmyard",
        "lat": 53.4731682,
        "lon": -6.1824804,
        "admin_division": "",
        "county": "dublin"
      }
    },
    {
      "type": "Feature",
      "geometry": {
        "type": "Point",
        "coordinates": [
          -6.4001069,
          53.2416523
        ]
      },
      "properties": {
        "osm_id": "w1344905445",
        "name": "",
        "category": "local_market",
        "subcategory": "landuse=farmyard",
        "lat": 53.2416523,
        "lon": -6.4001069,
        "admin_division": "",
        "county": "dublin"
      }
    },
    {
      "type": "Feature",
      "geometry": {
        "type": "Point",
        "coordinates": [
          -6.3887916,
          53.2384931
        ]
      },
      "properties": {
        "osm_id": "w1344905916",
        "name": "",
        "category": "local_market",
        "subcategory": "landuse=farmyard",
        "lat": 53.2384931,
        "lon": -6.3887916,
        "admin_division": "",
        "county": "dublin"
      }
    },
    {
      "type": "Feature",
      "geometry": {
        "type": "Point",
        "coordinates": [
          -6.4049878,
          53.4335568
        ]
      },
      "properties": {
        "osm_id": "w1345293340",
        "name": "",
        "category": "local_market",
        "subcategory": "landuse=farmyard",
        "lat": 53.4335568,
        "lon": -6.4049878,
        "admin_division": "",
        "county": "dublin"
      }
    },
    {
      "type": "Feature",
      "geometry": {
        "type": "Point",
        "coordinates": [
          -6.4050053,
          53.4321063
        ]
      },
      "properties": {
        "osm_id": "w1345293356",
        "name": "",
        "category": "local_market",
        "subcategory": "landuse=farmyard",
        "lat": 53.4321063,
        "lon": -6.4050053,
        "admin_division": "",
        "county": "dublin"
      }
    },
    {
      "type": "Feature",
      "geometry": {
        "type": "Point",
        "coordinates": [
          -6.4024149,
          53.4384175
        ]
      },
      "properties": {
        "osm_id": "w1346933230",
        "name": "",
        "category": "local_market",
        "subcategory": "landuse=farmyard",
        "lat": 53.4384175,
        "lon": -6.4024149,
        "admin_division": "",
        "county": "dublin"
      }
    },
    {
      "type": "Feature",
      "geometry": {
        "type": "Point",
        "coordinates": [
          -6.3472504,
          53.4532215
        ]
      },
      "properties": {
        "osm_id": "w1347436554",
        "name": "",
        "category": "local_market",
        "subcategory": "landuse=farmyard",
        "lat": 53.4532215,
        "lon": -6.3472504,
        "admin_division": "",
        "county": "dublin"
      }
    },
    {
      "type": "Feature",
      "geometry": {
        "type": "Point",
        "coordinates": [
          -6.2988256,
          53.4594543
        ]
      },
      "properties": {
        "osm_id": "w1347680837",
        "name": "",
        "category": "local_market",
        "subcategory": "landuse=farmyard",
        "lat": 53.4594543,
        "lon": -6.2988256,
        "admin_division": "",
        "county": "dublin"
      }
    },
    {
      "type": "Feature",
      "geometry": {
        "type": "Point",
        "coordinates": [
          -6.1267048,
          53.5177319
        ]
      },
      "properties": {
        "osm_id": "w1349583992",
        "name": "",
        "category": "local_market",
        "subcategory": "landuse=farmyard",
        "lat": 53.5177319,
        "lon": -6.1267048,
        "admin_division": "",
        "county": "dublin"
      }
    },
    {
      "type": "Feature",
      "geometry": {
        "type": "Point",
        "coordinates": [
          -6.1225999,
          53.5265053
        ]
      },
      "properties": {
        "osm_id": "w1349938975",
        "name": "",
        "category": "local_market",
        "subcategory": "landuse=farmyard",
        "lat": 53.5265053,
        "lon": -6.1225999,
        "admin_division": "",
        "county": "dublin"
      }
    },
    {
      "type": "Feature",
      "geometry": {
        "type": "Point",
        "coordinates": [
          -6.105486,
          53.5379705
        ]
      },
      "properties": {
        "osm_id": "w1349938980",
        "name": "",
        "category": "local_market",
        "subcategory": "landuse=farmyard",
        "lat": 53.5379705,
        "lon": -6.105486,
        "admin_division": "",
        "county": "dublin"
      }
    },
    {
      "type": "Feature",
      "geometry": {
        "type": "Point",
        "coordinates": [
          -6.097621,
          53.5429697
        ]
      },
      "properties": {
        "osm_id": "w1349938981",
        "name": "",
        "category": "local_market",
        "subcategory": "landuse=farmyard",
        "lat": 53.5429697,
        "lon": -6.097621,
        "admin_division": "",
        "county": "dublin"
      }
    },
    {
      "type": "Feature",
      "geometry": {
        "type": "Point",
        "coordinates": [
          -6.1158372,
          53.5393431
        ]
      },
      "properties": {
        "osm_id": "w1349938982",
        "name": "",
        "category": "local_market",
        "subcategory": "landuse=farmyard",
        "lat": 53.5393431,
        "lon": -6.1158372,
        "admin_division": "",
        "county": "dublin"
      }
    },
    {
      "type": "Feature",
      "geometry": {
        "type": "Point",
        "coordinates": [
          -6.1232756,
          53.5361712
        ]
      },
      "properties": {
        "osm_id": "w1351872846",
        "name": "",
        "category": "local_market",
        "subcategory": "landuse=farmyard",
        "lat": 53.5361712,
        "lon": -6.1232756,
        "admin_division": "",
        "county": "dublin"
      }
    },
    {
      "type": "Feature",
      "geometry": {
        "type": "Point",
        "coordinates": [
          -6.1082558,
          53.5376185
        ]
      },
      "properties": {
        "osm_id": "w1352970815",
        "name": "",
        "category": "local_market",
        "subcategory": "landuse=farmyard",
        "lat": 53.5376185,
        "lon": -6.1082558,
        "admin_division": "",
        "county": "dublin"
      }
    },
    {
      "type": "Feature",
      "geometry": {
        "type": "Point",
        "coordinates": [
          -6.1311931,
          53.5310605
        ]
      },
      "properties": {
        "osm_id": "w1354287872",
        "name": "",
        "category": "local_market",
        "subcategory": "landuse=farmyard",
        "lat": 53.5310605,
        "lon": -6.1311931,
        "admin_division": "",
        "county": "dublin"
      }
    },
    {
      "type": "Feature",
      "geometry": {
        "type": "Point",
        "coordinates": [
          -6.1263406,
          53.5334319
        ]
      },
      "properties": {
        "osm_id": "w1354287873",
        "name": "",
        "category": "local_market",
        "subcategory": "landuse=farmyard",
        "lat": 53.5334319,
        "lon": -6.1263406,
        "admin_division": "",
        "county": "dublin"
      }
    },
    {
      "type": "Feature",
      "geometry": {
        "type": "Point",
        "coordinates": [
          -6.1223442,
          53.5162288
        ]
      },
      "properties": {
        "osm_id": "w1354387683",
        "name": "",
        "category": "local_market",
        "subcategory": "landuse=farmyard",
        "lat": 53.5162288,
        "lon": -6.1223442,
        "admin_division": "",
        "county": "dublin"
      }
    },
    {
      "type": "Feature",
      "geometry": {
        "type": "Point",
        "coordinates": [
          -6.0978208,
          53.5409226
        ]
      },
      "properties": {
        "osm_id": "w1355088759",
        "name": "",
        "category": "local_market",
        "subcategory": "landuse=farmyard",
        "lat": 53.5409226,
        "lon": -6.0978208,
        "admin_division": "",
        "county": "dublin"
      }
    },
    {
      "type": "Feature",
      "geometry": {
        "type": "Point",
        "coordinates": [
          -6.1386294,
          53.5210469
        ]
      },
      "properties": {
        "osm_id": "w1355648195",
        "name": "",
        "category": "local_market",
        "subcategory": "landuse=farmyard",
        "lat": 53.5210469,
        "lon": -6.1386294,
        "admin_division": "",
        "county": "dublin"
      }
    },
    {
      "type": "Feature",
      "geometry": {
        "type": "Point",
        "coordinates": [
          -6.1162316,
          53.5425688
        ]
      },
      "properties": {
        "osm_id": "w1356114565",
        "name": "",
        "category": "local_market",
        "subcategory": "landuse=farmyard",
        "lat": 53.5425688,
        "lon": -6.1162316,
        "admin_division": "",
        "county": "dublin"
      }
    },
    {
      "type": "Feature",
      "geometry": {
        "type": "Point",
        "coordinates": [
          -6.1705691,
          53.5076937
        ]
      },
      "properties": {
        "osm_id": "w1359725603",
        "name": "",
        "category": "local_market",
        "subcategory": "landuse=farmyard",
        "lat": 53.5076937,
        "lon": -6.1705691,
        "admin_division": "",
        "county": "dublin"
      }
    },
    {
      "type": "Feature",
      "geometry": {
        "type": "Point",
        "coordinates": [
          -6.1753969,
          53.5348526
        ]
      },
      "properties": {
        "osm_id": "w1359725933",
        "name": "",
        "category": "local_market",
        "subcategory": "landuse=farmyard",
        "lat": 53.5348526,
        "lon": -6.1753969,
        "admin_division": "",
        "county": "dublin"
      }
    },
    {
      "type": "Feature",
      "geometry": {
        "type": "Point",
        "coordinates": [
          -6.2415679,
          53.2786328
        ]
      },
      "properties": {
        "osm_id": "w1366341446",
        "name": "The Farm",
        "category": "local_market",
        "subcategory": "landuse=farmyard",
        "lat": 53.2786328,
        "lon": -6.2415679,
        "admin_division": "",
        "county": "dublin"
      }
    },
    {
      "type": "Feature",
      "geometry": {
        "type": "Point",
        "coordinates": [
          -6.1603541,
          53.2377756
        ]
      },
      "properties": {
        "osm_id": "w1369092624",
        "name": "",
        "category": "local_market",
        "subcategory": "landuse=farmyard",
        "lat": 53.2377756,
        "lon": -6.1603541,
        "admin_division": "",
        "county": "dublin"
      }
    },
    {
      "type": "Feature",
      "geometry": {
        "type": "Point",
        "coordinates": [
          -6.289719,
          53.5033522
        ]
      },
      "properties": {
        "osm_id": "w1371934639",
        "name": "Walsh Agri",
        "category": "local_market",
        "subcategory": "landuse=farmyard",
        "lat": 53.5033522,
        "lon": -6.289719,
        "admin_division": "",
        "county": "dublin"
      }
    },
    {
      "type": "Feature",
      "geometry": {
        "type": "Point",
        "coordinates": [
          -6.2652648,
          53.5054586
        ]
      },
      "properties": {
        "osm_id": "w1373628365",
        "name": "",
        "category": "local_market",
        "subcategory": "landuse=farmyard",
        "lat": 53.5054586,
        "lon": -6.2652648,
        "admin_division": "",
        "county": "dublin"
      }
    },
    {
      "type": "Feature",
      "geometry": {
        "type": "Point",
        "coordinates": [
          -6.2653356,
          53.4953903
        ]
      },
      "properties": {
        "osm_id": "w1373629940",
        "name": "",
        "category": "local_market",
        "subcategory": "landuse=farmyard",
        "lat": 53.4953903,
        "lon": -6.2653356,
        "admin_division": "",
        "county": "dublin"
      }
    },
    {
      "type": "Feature",
      "geometry": {
        "type": "Point",
        "coordinates": [
          -6.2506988,
          53.4965844
        ]
      },
      "properties": {
        "osm_id": "w1373631738",
        "name": "",
        "category": "local_market",
        "subcategory": "landuse=farmyard",
        "lat": 53.4965844,
        "lon": -6.2506988,
        "admin_division": "",
        "county": "dublin"
      }
    },
    {
      "type": "Feature",
      "geometry": {
        "type": "Point",
        "coordinates": [
          -6.256454,
          53.5276257
        ]
      },
      "properties": {
        "osm_id": "w1373666715",
        "name": "Mainscourt Stud",
        "category": "local_market",
        "subcategory": "landuse=farmyard",
        "lat": 53.5276257,
        "lon": -6.256454,
        "admin_division": "",
        "county": "dublin"
      }
    },
    {
      "type": "Feature",
      "geometry": {
        "type": "Point",
        "coordinates": [
          -6.271773,
          53.5329063
        ]
      },
      "properties": {
        "osm_id": "w1374150572",
        "name": "",
        "category": "local_market",
        "subcategory": "landuse=farmyard",
        "lat": 53.5329063,
        "lon": -6.271773,
        "admin_division": "",
        "county": "dublin"
      }
    },
    {
      "type": "Feature",
      "geometry": {
        "type": "Point",
        "coordinates": [
          -6.225217,
          53.5011288
        ]
      },
      "properties": {
        "osm_id": "w1374393448",
        "name": "",
        "category": "local_market",
        "subcategory": "landuse=farmyard",
        "lat": 53.5011288,
        "lon": -6.225217,
        "admin_division": "",
        "county": "dublin"
      }
    },
    {
      "type": "Feature",
      "geometry": {
        "type": "Point",
        "coordinates": [
          -6.281419,
          53.5742116
        ]
      },
      "properties": {
        "osm_id": "w1375042786",
        "name": "",
        "category": "local_market",
        "subcategory": "landuse=farmyard",
        "lat": 53.5742116,
        "lon": -6.281419,
        "admin_division": "",
        "county": "dublin"
      }
    },
    {
      "type": "Feature",
      "geometry": {
        "type": "Point",
        "coordinates": [
          -6.2825634,
          53.5762353
        ]
      },
      "properties": {
        "osm_id": "w1375042787",
        "name": "",
        "category": "local_market",
        "subcategory": "landuse=farmyard",
        "lat": 53.5762353,
        "lon": -6.2825634,
        "admin_division": "",
        "county": "dublin"
      }
    },
    {
      "type": "Feature",
      "geometry": {
        "type": "Point",
        "coordinates": [
          -6.2828943,
          53.575039
        ]
      },
      "properties": {
        "osm_id": "w1375042788",
        "name": "",
        "category": "local_market",
        "subcategory": "landuse=farmyard",
        "lat": 53.575039,
        "lon": -6.2828943,
        "admin_division": "",
        "county": "dublin"
      }
    },
    {
      "type": "Feature",
      "geometry": {
        "type": "Point",
        "coordinates": [
          -6.2879428,
          53.5808562
        ]
      },
      "properties": {
        "osm_id": "w1375042790",
        "name": "",
        "category": "local_market",
        "subcategory": "landuse=farmyard",
        "lat": 53.5808562,
        "lon": -6.2879428,
        "admin_division": "",
        "county": "dublin"
      }
    },
    {
      "type": "Feature",
      "geometry": {
        "type": "Point",
        "coordinates": [
          -6.2743445,
          53.5896264
        ]
      },
      "properties": {
        "osm_id": "w1375042798",
        "name": "",
        "category": "local_market",
        "subcategory": "landuse=farmyard",
        "lat": 53.5896264,
        "lon": -6.2743445,
        "admin_division": "",
        "county": "dublin"
      }
    },
    {
      "type": "Feature",
      "geometry": {
        "type": "Point",
        "coordinates": [
          -6.2869913,
          53.5880159
        ]
      },
      "properties": {
        "osm_id": "w1375042800",
        "name": "",
        "category": "local_market",
        "subcategory": "landuse=farmyard",
        "lat": 53.5880159,
        "lon": -6.2869913,
        "admin_division": "",
        "county": "dublin"
      }
    },
    {
      "type": "Feature",
      "geometry": {
        "type": "Point",
        "coordinates": [
          -6.2896859,
          53.5872437
        ]
      },
      "properties": {
        "osm_id": "w1375045062",
        "name": "",
        "category": "local_market",
        "subcategory": "landuse=farmyard",
        "lat": 53.5872437,
        "lon": -6.2896859,
        "admin_division": "",
        "county": "dublin"
      }
    },
    {
      "type": "Feature",
      "geometry": {
        "type": "Point",
        "coordinates": [
          -6.2105562,
          53.2598589
        ]
      },
      "properties": {
        "osm_id": "w1378985566",
        "name": "",
        "category": "local_market",
        "subcategory": "landuse=farmyard",
        "lat": 53.2598589,
        "lon": -6.2105562,
        "admin_division": "",
        "county": "dublin"
      }
    },
    {
      "type": "Feature",
      "geometry": {
        "type": "Point",
        "coordinates": [
          -6.2186022,
          53.2377848
        ]
      },
      "properties": {
        "osm_id": "w1380356186",
        "name": "",
        "category": "local_market",
        "subcategory": "landuse=farmyard",
        "lat": 53.2377848,
        "lon": -6.2186022,
        "admin_division": "",
        "county": "dublin"
      }
    },
    {
      "type": "Feature",
      "geometry": {
        "type": "Point",
        "coordinates": [
          -6.1767493,
          53.2364806
        ]
      },
      "properties": {
        "osm_id": "w1380458840",
        "name": "",
        "category": "local_market",
        "subcategory": "landuse=farmyard",
        "lat": 53.2364806,
        "lon": -6.1767493,
        "admin_division": "",
        "county": "dublin"
      }
    },
    {
      "type": "Feature",
      "geometry": {
        "type": "Point",
        "coordinates": [
          -6.2255391,
          53.2407254
        ]
      },
      "properties": {
        "osm_id": "w1383881426",
        "name": "",
        "category": "local_market",
        "subcategory": "landuse=farmyard",
        "lat": 53.2407254,
        "lon": -6.2255391,
        "admin_division": "",
        "county": "dublin"
      }
    },
    {
      "type": "Feature",
      "geometry": {
        "type": "Point",
        "coordinates": [
          -6.1669362,
          53.2302076
        ]
      },
      "properties": {
        "osm_id": "w1385196730",
        "name": "",
        "category": "local_market",
        "subcategory": "landuse=farmyard",
        "lat": 53.2302076,
        "lon": -6.1669362,
        "admin_division": "",
        "county": "dublin"
      }
    },
    {
      "type": "Feature",
      "geometry": {
        "type": "Point",
        "coordinates": [
          -6.5415324,
          53.2771915
        ]
      },
      "properties": {
        "osm_id": "w1412087811",
        "name": "",
        "category": "local_market",
        "subcategory": "landuse=farmyard",
        "lat": 53.2771915,
        "lon": -6.5415324,
        "admin_division": "",
        "county": "dublin"
      }
    },
    {
      "type": "Feature",
      "geometry": {
        "type": "Point",
        "coordinates": [
          -6.5392204,
          53.2760305
        ]
      },
      "properties": {
        "osm_id": "w1412087812",
        "name": "",
        "category": "local_market",
        "subcategory": "landuse=farmyard",
        "lat": 53.2760305,
        "lon": -6.5392204,
        "admin_division": "",
        "county": "dublin"
      }
    },
    {
      "type": "Feature",
      "geometry": {
        "type": "Point",
        "coordinates": [
          -6.5323161,
          53.2823462
        ]
      },
      "properties": {
        "osm_id": "w1412087822",
        "name": "",
        "category": "local_market",
        "subcategory": "landuse=farmyard",
        "lat": 53.2823462,
        "lon": -6.5323161,
        "admin_division": "",
        "county": "dublin"
      }
    },
    {
      "type": "Feature",
      "geometry": {
        "type": "Point",
        "coordinates": [
          -6.348813,
          53.4430474
        ]
      },
      "properties": {
        "osm_id": "w1414174738",
        "name": "",
        "category": "local_market",
        "subcategory": "landuse=farmyard",
        "lat": 53.4430474,
        "lon": -6.348813,
        "admin_division": "",
        "county": "dublin"
      }
    },
    {
      "type": "Feature",
      "geometry": {
        "type": "Point",
        "coordinates": [
          -6.2250075,
          53.2209438
        ]
      },
      "properties": {
        "osm_id": "w1417068063",
        "name": "",
        "category": "local_market",
        "subcategory": "landuse=farmyard",
        "lat": 53.2209438,
        "lon": -6.2250075,
        "admin_division": "",
        "county": "dublin"
      }
    },
    {
      "type": "Feature",
      "geometry": {
        "type": "Point",
        "coordinates": [
          -6.2108567,
          53.2241803
        ]
      },
      "properties": {
        "osm_id": "w1417068130",
        "name": "",
        "category": "local_market",
        "subcategory": "landuse=farmyard",
        "lat": 53.2241803,
        "lon": -6.2108567,
        "admin_division": "",
        "county": "dublin"
      }
    },
    {
      "type": "Feature",
      "geometry": {
        "type": "Point",
        "coordinates": [
          -6.2015439,
          53.2244737
        ]
      },
      "properties": {
        "osm_id": "w1417617530",
        "name": "",
        "category": "local_market",
        "subcategory": "landuse=farmyard",
        "lat": 53.2244737,
        "lon": -6.2015439,
        "admin_division": "",
        "county": "dublin"
      }
    },
    {
      "type": "Feature",
      "geometry": {
        "type": "Point",
        "coordinates": [
          -6.3887928,
          53.3128686
        ]
      },
      "properties": {
        "osm_id": "w1434454298",
        "name": "",
        "category": "local_market",
        "subcategory": "landuse=farmyard",
        "lat": 53.3128686,
        "lon": -6.3887928,
        "admin_division": "",
        "county": "dublin"
      }
    },
    {
      "type": "Feature",
      "geometry": {
        "type": "Point",
        "coordinates": [
          -6.1748742,
          53.2467289
        ]
      },
      "properties": {
        "osm_id": "w1449959958",
        "name": "",
        "category": "local_market",
        "subcategory": "landuse=farmyard",
        "lat": 53.2467289,
        "lon": -6.1748742,
        "admin_division": "",
        "county": "dublin"
      }
    },
    {
      "type": "Feature",
      "geometry": {
        "type": "Point",
        "coordinates": [
          -6.272659,
          53.4046782
        ]
      },
      "properties": {
        "osm_id": "w1459605537",
        "name": "Buddy's Farmer Market",
        "category": "local_market",
        "subcategory": "amenity=marketplace",
        "lat": 53.4046782,
        "lon": -6.272659,
        "admin_division": "",
        "county": "dublin"
      }
    },
    {
      "type": "Feature",
      "geometry": {
        "type": "Point",
        "coordinates": [
          -6.3160415,
          53.5178325
        ]
      },
      "properties": {
        "osm_id": "w1459687660",
        "name": "",
        "category": "local_market",
        "subcategory": "landuse=farmyard",
        "lat": 53.5178325,
        "lon": -6.3160415,
        "admin_division": "",
        "county": "dublin"
      }
    },
    {
      "type": "Feature",
      "geometry": {
        "type": "Point",
        "coordinates": [
          -6.1877325,
          53.2456839
        ]
      },
      "properties": {
        "osm_id": "w1509740611",
        "name": "",
        "category": "local_market",
        "subcategory": "landuse=farmyard",
        "lat": 53.2456839,
        "lon": -6.1877325,
        "admin_division": "",
        "county": "dublin"
      }
    },
    {
      "type": "Feature",
      "geometry": {
        "type": "Point",
        "coordinates": [
          -6.2426805,
          53.2248101
        ]
      },
      "properties": {
        "osm_id": "w1514092437",
        "name": "",
        "category": "local_market",
        "subcategory": "landuse=farmyard",
        "lat": 53.2248101,
        "lon": -6.2426805,
        "admin_division": "",
        "county": "dublin"
      }
    },
    {
      "type": "Feature",
      "geometry": {
        "type": "Point",
        "coordinates": [
          -6.2122994,
          53.2232734
        ]
      },
      "properties": {
        "osm_id": "r4590437",
        "name": "",
        "category": "local_market",
        "subcategory": "landuse=farmyard",
        "lat": 53.2232734,
        "lon": -6.2122994,
        "admin_division": "",
        "county": "dublin"
      }
    },
    {
      "type": "Feature",
      "geometry": {
        "type": "Point",
        "coordinates": [
          -6.1629827,
          53.5927052
        ]
      },
      "properties": {
        "osm_id": "r8289508",
        "name": "",
        "category": "local_market",
        "subcategory": "landuse=farmyard",
        "lat": 53.5927052,
        "lon": -6.1629827,
        "admin_division": "",
        "county": "dublin"
      }
    },
    {
      "type": "Feature",
      "geometry": {
        "type": "Point",
        "coordinates": [
          -6.2670887,
          53.5218243
        ]
      },
      "properties": {
        "osm_id": "r10328329",
        "name": "",
        "category": "local_market",
        "subcategory": "landuse=farmyard",
        "lat": 53.5218243,
        "lon": -6.2670887,
        "admin_division": "",
        "county": "dublin"
      }
    },
    {
      "type": "Feature",
      "geometry": {
        "type": "Point",
        "coordinates": [
          -6.1956246,
          53.4948872
        ]
      },
      "properties": {
        "osm_id": "r14385267",
        "name": "",
        "category": "local_market",
        "subcategory": "landuse=farmyard",
        "lat": 53.4948872,
        "lon": -6.1956246,
        "admin_division": "",
        "county": "dublin"
      }
    }
  ]
}