{
  "type": "FeatureCollection",
  "features": [
    {
      "type": "Feature",
      "geometry": {
        "type": "Point",
        "coordinates": [
          -6.3820549,
          53.4199794
        ]
      },
      "properties": {
        "osm_id": "n138099058",
        "name": "SuperValu",
        "category": "supermarket",
        "subcategory": "shop=supermarket",
        "lat": 53.4199794,
        "lon": -6.3820549,
        "admin_division": "Tyrrelstown",
        "county": "dublin"
      }
    },
    {
      "type": "Feature",
      "geometry": {
        "type": "Point",
        "coordinates": [
          -6.1796922,
          53.4009558
        ]
      },
      "properties": {
        "osm_id": "n187768500",
        "name": "Tesco",
        "category": "supermarket",
        "subcategory": "shop=supermarket",
        "lat": 53.4009558,
        "lon": -6.1796922,
        "admin_division": "Dublin",
        "county": "dublin"
      }
    },
    {
      "type": "Feature",
      "geometry": {
        "type": "Point",
        "coordinates": [
          -6.3788096,
          53.3861819
        ]
      },
      "properties": {
        "osm_id": "n249338235",
        "name": "SuperValu",
        "category": "supermarket",
        "subcategory": "shop=supermarket",
        "lat": 53.3861819,
        "lon": -6.3788096,
        "admin_division": "Blanchardstown",
        "county": "dublin"
      }
    },
    {
      "type": "Feature",
      "geometry": {
        "type": "Point",
        "coordinates": [
          -6.1890586,
          53.3007671
        ]
      },
      "properties": {
        "osm_id": "n259770616",
        "name": "Straney's Newsagent",
        "category": "supermarket",
        "subcategory": "shop=convenience",
        "lat": 53.3007671,
        "lon": -6.1890586,
        "admin_division": "",
        "county": "dublin"
      }
    },
    {
      "type": "Feature",
      "geometry": {
        "type": "Point",
        "coordinates": [
          -6.4219985,
          53.3476135
        ]
      },
      "properties": {
        "osm_id": "n263367123",
        "name": "Eurospar",
        "category": "supermarket",
        "subcategory": "shop=supermarket",
        "lat": 53.3476135,
        "lon": -6.4219985,
        "admin_division": "Lucan",
        "county": "dublin"
      }
    },
    {
      "type": "Feature",
      "geometry": {
        "type": "Point",
        "coordinates": [
          -6.2428203,
          53.4279138
        ]
      },
      "properties": {
        "osm_id": "n278011396",
        "name": "Wrights Food Fayre",
        "category": "supermarket",
        "subcategory": "shop=convenience",
        "lat": 53.4279138,
        "lon": -6.2428203,
        "admin_division": "Dublin",
        "county": "dublin"
      }
    },
    {
      "type": "Feature",
      "geometry": {
        "type": "Point",
        "coordinates": [
          -6.2388322,
          53.3432408
        ]
      },
      "properties": {
        "osm_id": "n281174255",
        "name": "Fresh",
        "category": "supermarket",
        "subcategory": "shop=supermarket",
        "lat": 53.3432408,
        "lon": -6.2388322,
        "admin_division": "Dublin",
        "county": "dublin"
      }
    },
    {
      "type": "Feature",
      "geometry": {
        "type": "Point",
        "coordinates": [
          -6.2441791,
          53.3432637
        ]
      },
      "properties": {
        "osm_id": "n281174464",
        "name": "Centra",
        "category": "supermarket",
        "subcategory": "shop=supermarket",
        "lat": 53.3432637,
        "lon": -6.2441791,
        "admin_division": "Dublin",
        "county": "dublin"
      }
    },
    {
      "type": "Feature",
      "geometry": {
        "type": "Point",
        "coordinates": [
          -6.2362398,
          53.3402787
        ]
      },
      "properties": {
        "osm_id": "n291594604",
        "name": "Eurospar",
        "category": "supermarket",
        "subcategory": "shop=supermarket",
        "lat": 53.3402787,
        "lon": -6.2362398,
        "admin_division": "Dublin",
        "county": "dublin"
      }
    },
    {
      "type": "Feature",
      "geometry": {
        "type": "Point",
        "coordinates": [
          -6.3450534,
          53.2747352
        ]
      },
      "properties": {
        "osm_id": "n293524418",
        "name": "Spar",
        "category": "supermarket",
        "subcategory": "shop=convenience",
        "lat": 53.2747352,
        "lon": -6.3450534,
        "admin_division": "",
        "county": "dublin"
      }
    },
    {
      "type": "Feature",
      "geometry": {
        "type": "Point",
        "coordinates": [
          -6.2380816,
          53.4466521
        ]
      },
      "properties": {
        "osm_id": "n296449236",
        "name": "SuperValu",
        "category": "supermarket",
        "subcategory": "shop=supermarket",
        "lat": 53.4466521,
        "lon": -6.2380816,
        "admin_division": "Swords",
        "county": "dublin"
      }
    },
    {
      "type": "Feature",
      "geometry": {
        "type": "Point",
        "coordinates": [
          -6.2315978,
          53.4709682
        ]
      },
      "properties": {
        "osm_id": "n296511406",
        "name": "Eurospar",
        "category": "supermarket",
        "subcategory": "shop=supermarket",
        "lat": 53.4709682,
        "lon": -6.2315978,
        "admin_division": "Swords",
        "county": "dublin"
      }
    },
    {
      "type": "Feature",
      "geometry": {
        "type": "Point",
        "coordinates": [
          -6.3676759,
          53.3931343
        ]
      },
      "properties": {
        "osm_id": "n297812081",
        "name": "Spar",
        "category": "supermarket",
        "subcategory": "shop=convenience",
        "lat": 53.3931343,
        "lon": -6.3676759,
        "admin_division": "",
        "county": "dublin"
      }
    },
    {
      "type": "Feature",
      "geometry": {
        "type": "Point",
        "coordinates": [
          -6.2686326,
          53.3446102
        ]
      },
      "properties": {
        "osm_id": "n305313396",
        "name": "The Bakery",
        "category": "supermarket",
        "subcategory": "shop=bakery",
        "lat": 53.3446102,
        "lon": -6.2686326,
        "admin_division": "Dublin",
        "county": "dublin"
      }
    },
    {
      "type": "Feature",
      "geometry": {
        "type": "Point",
        "coordinates": [
          -6.2317518,
          53.3491387
        ]
      },
      "properties": {
        "osm_id": "n308961349",
        "name": "Spar",
        "category": "supermarket",
        "subcategory": "shop=convenience",
        "lat": 53.3491387,
        "lon": -6.2317518,
        "admin_division": "",
        "county": "dublin"
      }
    },
    {
      "type": "Feature",
      "geometry": {
        "type": "Point",
        "coordinates": [
          -6.2632578,
          53.3472105
        ]
      },
      "properties": {
        "osm_id": "n311100348",
        "name": "Spar",
        "category": "supermarket",
        "subcategory": "shop=convenience",
        "lat": 53.3472105,
        "lon": -6.2632578,
        "admin_division": "Dublin",
        "county": "dublin"
      }
    },
    {
      "type": "Feature",
      "geometry": {
        "type": "Point",
        "coordinates": [
          -6.1190095,
          53.2366657
        ]
      },
      "properties": {
        "osm_id": "n311194971",
        "name": "Centra",
        "category": "supermarket",
        "subcategory": "shop=convenience",
        "lat": 53.2366657,
        "lon": -6.1190095,
        "admin_division": "Shankill",
        "county": "dublin"
      }
    },
    {
      "type": "Feature",
      "geometry": {
        "type": "Point",
        "coordinates": [
          -6.1237863,
          53.2314532
        ]
      },
      "properties": {
        "osm_id": "n311195236",
        "name": "Tesco Express",
        "category": "supermarket",
        "subcategory": "shop=convenience",
        "lat": 53.2314532,
        "lon": -6.1237863,
        "admin_division": "",
        "county": "dublin"
      }
    },
    {
      "type": "Feature",
      "geometry": {
        "type": "Point",
        "coordinates": [
          -6.1242058,
          53.2307975
        ]
      },
      "properties": {
        "osm_id": "n311197910",
        "name": "Spar",
        "category": "supermarket",
        "subcategory": "shop=convenience",
        "lat": 53.2307975,
        "lon": -6.1242058,
        "admin_division": "",
        "county": "dublin"
      }
    },
    {
      "type": "Feature",
      "geometry": {
        "type": "Point",
        "coordinates": [
          -6.2643181,
          53.3484361
        ]
      },
      "properties": {
        "osm_id": "n311343801",
        "name": "M&S Foodhall",
        "category": "supermarket",
        "subcategory": "shop=supermarket",
        "lat": 53.3484361,
        "lon": -6.2643181,
        "admin_division": "Dublin",
        "county": "dublin"
      }
    },
    {
      "type": "Feature",
      "geometry": {
        "type": "Point",
        "coordinates": [
          -6.265225,
          53.3480715
        ]
      },
      "properties": {
        "osm_id": "n311344008",
        "name": "Tesco",
        "category": "supermarket",
        "subcategory": "shop=supermarket",
        "lat": 53.3480715,
        "lon": -6.265225,
        "admin_division": "Dublin",
        "county": "dublin"
      }
    },
    {
      "type": "Feature",
      "geometry": {
        "type": "Point",
        "coordinates": [
          -6.2553078,
          53.3253867
        ]
      },
      "properties": {
        "osm_id": "n311990080",
        "name": "Spar",
        "category": "supermarket",
        "subcategory": "shop=convenience",
        "lat": 53.3253867,
        "lon": -6.2553078,
        "admin_division": "Dublin",
        "county": "dublin"
      }
    },
    {
      "type": "Feature",
      "geometry": {
        "type": "Point",
        "coordinates": [
          -6.2261202,
          53.3412034
        ]
      },
      "properties": {
        "osm_id": "n312568603",
        "name": "Tesco Express",
        "category": "supermarket",
        "subcategory": "shop=convenience",
        "lat": 53.3412034,
        "lon": -6.2261202,
        "admin_division": "Dublin",
        "county": "dublin"
      }
    },
    {
      "type": "Feature",
      "geometry": {
        "type": "Point",
        "coordinates": [
          -6.2307087,
          53.3291601
        ]
      },
      "properties": {
        "osm_id": "n312577430",
        "name": "Spar",
        "category": "supermarket",
        "subcategory": "shop=convenience",
        "lat": 53.3291601,
        "lon": -6.2307087,
        "admin_division": "Dublin",
        "county": "dublin"
      }
    },
    {
      "type": "Feature",
      "geometry": {
        "type": "Point",
        "coordinates": [
          -6.1413906,
          53.2701805
        ]
      },
      "properties": {
        "osm_id": "n322703289",
        "name": "Circle K",
        "category": "supermarket",
        "subcategory": "shop=convenience",
        "lat": 53.2701805,
        "lon": -6.1413906,
        "admin_division": "",
        "county": "dublin"
      }
    },
    {
      "type": "Feature",
      "geometry": {
        "type": "Point",
        "coordinates": [
          -6.3709617,
          53.3556479
        ]
      },
      "properties": {
        "osm_id": "n325762143",
        "name": "Londis",
        "category": "supermarket",
        "subcategory": "shop=convenience",
        "lat": 53.3556479,
        "lon": -6.3709617,
        "admin_division": "",
        "county": "dublin"
      }
    },
    {
      "type": "Feature",
      "geometry": {
        "type": "Point",
        "coordinates": [
          -6.2867075,
          53.3561587
        ]
      },
      "properties": {
        "osm_id": "n325783580",
        "name": "Tesco",
        "category": "supermarket",
        "subcategory": "shop=supermarket",
        "lat": 53.3561587,
        "lon": -6.2867075,
        "admin_division": "Dublin",
        "county": "dublin"
      }
    },
    {
      "type": "Feature",
      "geometry": {
        "type": "Point",
        "coordinates": [
          -6.444838,
          53.280383
        ]
      },
      "properties": {
        "osm_id": "n335579068",
        "name": "Centra",
        "category": "supermarket",
        "subcategory": "shop=convenience",
        "lat": 53.280383,
        "lon": -6.444838,
        "admin_division": "Saggart",
        "county": "dublin"
      }
    },
    {
      "type": "Feature",
      "geometry": {
        "type": "Point",
        "coordinates": [
          -6.3199786,
          53.3392362
        ]
      },
      "properties": {
        "osm_id": "n335980360",
        "name": "Eurospar",
        "category": "supermarket",
        "subcategory": "shop=supermarket",
        "lat": 53.3392362,
        "lon": -6.3199786,
        "admin_division": "Dublin",
        "county": "dublin"
      }
    },
    {
      "type": "Feature",
      "geometry": {
        "type": "Point",
        "coordinates": [
          -6.27892,
          53.331687
        ]
      },
      "properties": {
        "osm_id": "n369367336",
        "name": "Spar",
        "category": "supermarket",
        "subcategory": "shop=convenience",
        "lat": 53.331687,
        "lon": -6.27892,
        "admin_division": "",
        "county": "dublin"
      }
    },
    {
      "type": "Feature",
      "geometry": {
        "type": "Point",
        "coordinates": [
          -6.2692153,
          53.3322445
        ]
      },
      "properties": {
        "osm_id": "n369367922",
        "name": "Spar",
        "category": "supermarket",
        "subcategory": "shop=convenience",
        "lat": 53.3322445,
        "lon": -6.2692153,
        "admin_division": "Dublin",
        "county": "dublin"
      }
    },
    {
      "type": "Feature",
      "geometry": {
        "type": "Point",
        "coordinates": [
          -6.2984584,
          53.3360471
        ]
      },
      "properties": {
        "osm_id": "n369368754",
        "name": "Centra",
        "category": "supermarket",
        "subcategory": "shop=convenience",
        "lat": 53.3360471,
        "lon": -6.2984584,
        "admin_division": "Dublin",
        "county": "dublin"
      }
    },
    {
      "type": "Feature",
      "geometry": {
        "type": "Point",
        "coordinates": [
          -6.2942122,
          53.3424908
        ]
      },
      "properties": {
        "osm_id": "n369369673",
        "name": "Spar",
        "category": "supermarket",
        "subcategory": "shop=convenience",
        "lat": 53.3424908,
        "lon": -6.2942122,
        "admin_division": "Dublin",
        "county": "dublin"
      }
    },
    {
      "type": "Feature",
      "geometry": {
        "type": "Point",
        "coordinates": [
          -6.0652007,
          53.3855187
        ]
      },
      "properties": {
        "osm_id": "n370206890",
        "name": "Centra",
        "category": "supermarket",
        "subcategory": "shop=convenience",
        "lat": 53.3855187,
        "lon": -6.0652007,
        "admin_division": "Howth",
        "county": "dublin"
      }
    },
    {
      "type": "Feature",
      "geometry": {
        "type": "Point",
        "coordinates": [
          -6.2783922,
          53.3492933
        ]
      },
      "properties": {
        "osm_id": "n370213860",
        "name": "Fresh",
        "category": "supermarket",
        "subcategory": "shop=supermarket",
        "lat": 53.3492933,
        "lon": -6.2783922,
        "admin_division": "Dublin",
        "county": "dublin"
      }
    },
    {
      "type": "Feature",
      "geometry": {
        "type": "Point",
        "coordinates": [
          -6.1946941,
          53.3615992
        ]
      },
      "properties": {
        "osm_id": "n410715220",
        "name": "Nolan's",
        "category": "supermarket",
        "subcategory": "shop=supermarket",
        "lat": 53.3615992,
        "lon": -6.1946941,
        "admin_division": "",
        "county": "dublin"
      }
    },
    {
      "type": "Feature",
      "geometry": {
        "type": "Point",
        "coordinates": [
          -6.2638088,
          53.3515645
        ]
      },
      "properties": {
        "osm_id": "n434379754",
        "name": "Tesco Metro",
        "category": "supermarket",
        "subcategory": "shop=supermarket",
        "lat": 53.3515645,
        "lon": -6.2638088,
        "admin_division": "Dublin",
        "county": "dublin"
      }
    },
    {
      "type": "Feature",
      "geometry": {
        "type": "Point",
        "coordinates": [
          -6.2632744,
          53.3510902
        ]
      },
      "properties": {
        "osm_id": "n434379755",
        "name": "Lidl",
        "category": "supermarket",
        "subcategory": "shop=supermarket",
        "lat": 53.3510902,
        "lon": -6.2632744,
        "admin_division": "Dublin",
        "county": "dublin"
      }
    },
    {
      "type": "Feature",
      "geometry": {
        "type": "Point",
        "coordinates": [
          -6.2183033,
          53.2769122
        ]
      },
      "properties": {
        "osm_id": "n445513246",
        "name": "Londis",
        "category": "supermarket",
        "subcategory": "shop=convenience",
        "lat": 53.2769122,
        "lon": -6.2183033,
        "admin_division": "",
        "county": "dublin"
      }
    },
    {
      "type": "Feature",
      "geometry": {
        "type": "Point",
        "coordinates": [
          -6.2239388,
          53.2764855
        ]
      },
      "properties": {
        "osm_id": "n445514567",
        "name": "SuperValu",
        "category": "supermarket",
        "subcategory": "shop=supermarket",
        "lat": 53.2764855,
        "lon": -6.2239388,
        "admin_division": "",
        "county": "dublin"
      }
    },
    {
      "type": "Feature",
      "geometry": {
        "type": "Point",
        "coordinates": [
          -6.2632917,
          53.343118
        ]
      },
      "properties": {
        "osm_id": "n446781985",
        "name": "Fallon & Byrne",
        "category": "supermarket",
        "subcategory": "amenity=restaurant",
        "lat": 53.343118,
        "lon": -6.2632917,
        "admin_division": "Dublin",
        "county": "dublin"
      }
    },
    {
      "type": "Feature",
      "geometry": {
        "type": "Point",
        "coordinates": [
          -6.2066829,
          53.3705019
        ]
      },
      "properties": {
        "osm_id": "n447824519",
        "name": "SuperValu",
        "category": "supermarket",
        "subcategory": "shop=supermarket",
        "lat": 53.3705019,
        "lon": -6.2066829,
        "admin_division": "Dublin",
        "county": "dublin"
      }
    },
    {
      "type": "Feature",
      "geometry": {
        "type": "Point",
        "coordinates": [
          -6.1801674,
          53.4554383
        ]
      },
      "properties": {
        "osm_id": "n456995794",
        "name": "Centra",
        "category": "supermarket",
        "subcategory": "shop=convenience",
        "lat": 53.4554383,
        "lon": -6.1801674,
        "admin_division": "Malahide",
        "county": "dublin"
      }
    },
    {
      "type": "Feature",
      "geometry": {
        "type": "Point",
        "coordinates": [
          -6.3404123,
          53.2816493
        ]
      },
      "properties": {
        "osm_id": "n458220907",
        "name": "Redmond's Butchers",
        "category": "supermarket",
        "subcategory": "shop=butcher",
        "lat": 53.2816493,
        "lon": -6.3404123,
        "admin_division": "",
        "county": "dublin"
      }
    },
    {
      "type": "Feature",
      "geometry": {
        "type": "Point",
        "coordinates": [
          -6.2572003,
          53.3542552
        ]
      },
      "properties": {
        "osm_id": "n470326863",
        "name": "Spar",
        "category": "supermarket",
        "subcategory": "shop=convenience",
        "lat": 53.3542552,
        "lon": -6.2572003,
        "admin_division": "Dublin",
        "county": "dublin"
      }
    },
    {
      "type": "Feature",
      "geometry": {
        "type": "Point",
        "coordinates": [
          -6.2656528,
          53.3505171
        ]
      },
      "properties": {
        "osm_id": "n470326920",
        "name": "Aldi",
        "category": "supermarket",
        "subcategory": "shop=supermarket",
        "lat": 53.3505171,
        "lon": -6.2656528,
        "admin_division": "Dublin",
        "county": "dublin"
      }
    },
    {
      "type": "Feature",
      "geometry": {
        "type": "Point",
        "coordinates": [
          -6.2348989,
          53.3214482
        ]
      },
      "properties": {
        "osm_id": "n471773797",
        "name": "Spar",
        "category": "supermarket",
        "subcategory": "shop=convenience",
        "lat": 53.3214482,
        "lon": -6.2348989,
        "admin_division": "Dublin",
        "county": "dublin"
      }
    },
    {
      "type": "Feature",
      "geometry": {
        "type": "Point",
        "coordinates": [
          -6.4395662,
          53.3955501
        ]
      },
      "properties": {
        "osm_id": "n472965093",
        "name": "Dunnes Stores",
        "category": "supermarket",
        "subcategory": "shop=supermarket",
        "lat": 53.3955501,
        "lon": -6.4395662,
        "admin_division": "Ongar",
        "county": "dublin"
      }
    },
    {
      "type": "Feature",
      "geometry": {
        "type": "Point",
        "coordinates": [
          -6.1617779,
          53.262152
        ]
      },
      "properties": {
        "osm_id": "n474736528",
        "name": "Tesco Express",
        "category": "supermarket",
        "subcategory": "shop=convenience",
        "lat": 53.262152,
        "lon": -6.1617779,
        "admin_division": "",
        "county": "dublin"
      }
    },
    {
      "type": "Feature",
      "geometry": {
        "type": "Point",
        "coordinates": [
          -6.2672615,
          53.3446387
        ]
      },
      "properties": {
        "osm_id": "n479100381",
        "name": "Spar",
        "category": "supermarket",
        "subcategory": "shop=convenience",
        "lat": 53.3446387,
        "lon": -6.2672615,
        "admin_division": "Dublin",
        "county": "dublin"
      }
    },
    {
      "type": "Feature",
      "geometry": {
        "type": "Point",
        "coordinates": [
          -6.1351654,
          53.581432
        ]
      },
      "properties": {
        "osm_id": "n479986267",
        "name": "Eurospar",
        "category": "supermarket",
        "subcategory": "shop=supermarket",
        "lat": 53.581432,
        "lon": -6.1351654,
        "admin_division": "Skerries",
        "county": "dublin"
      }
    },
    {
      "type": "Feature",
      "geometry": {
        "type": "Point",
        "coordinates": [
          -6.2637597,
          53.3512272
        ]
      },
      "properties": {
        "osm_id": "n480606959",
        "name": "Centra",
        "category": "supermarket",
        "subcategory": "shop=convenience",
        "lat": 53.3512272,
        "lon": -6.2637597,
        "admin_division": "Dublin",
        "county": "dublin"
      }
    },
    {
      "type": "Feature",
      "geometry": {
        "type": "Point",
        "coordinates": [
          -6.1671502,
          53.3886868
        ]
      },
      "properties": {
        "osm_id": "n482112992",
        "name": "Tesco",
        "category": "supermarket",
        "subcategory": "shop=supermarket",
        "lat": 53.3886868,
        "lon": -6.1671502,
        "admin_division": "Dublin",
        "county": "dublin"
      }
    },
    {
      "type": "Feature",
      "geometry": {
        "type": "Point",
        "coordinates": [
          -6.173997,
          53.5242249
        ]
      },
      "properties": {
        "osm_id": "n486677660",
        "name": "Centra",
        "category": "supermarket",
        "subcategory": "shop=convenience",
        "lat": 53.5242249,
        "lon": -6.173997,
        "admin_division": "Lusk",
        "county": "dublin"
      }
    },
    {
      "type": "Feature",
      "geometry": {
        "type": "Point",
        "coordinates": [
          -6.1642919,
          53.5262518
        ]
      },
      "properties": {
        "osm_id": "n486683288",
        "name": "SuperValu",
        "category": "supermarket",
        "subcategory": "shop=supermarket",
        "lat": 53.5262518,
        "lon": -6.1642919,
        "admin_division": "Lusk",
        "county": "dublin"
      }
    },
    {
      "type": "Feature",
      "geometry": {
        "type": "Point",
        "coordinates": [
          -6.2658406,
          53.3406175
        ]
      },
      "properties": {
        "osm_id": "n503224344",
        "name": "Super Asia",
        "category": "supermarket",
        "subcategory": "shop=supermarket",
        "lat": 53.3406175,
        "lon": -6.2658406,
        "admin_division": "Dublin",
        "county": "dublin"
      }
    },
    {
      "type": "Feature",
      "geometry": {
        "type": "Point",
        "coordinates": [
          -6.2243161,
          53.2762809
        ]
      },
      "properties": {
        "osm_id": "n504985175",
        "name": "",
        "category": "supermarket",
        "subcategory": "shop=convenience",
        "lat": 53.2762809,
        "lon": -6.2243161,
        "admin_division": "",
        "county": "dublin"
      }
    },
    {
      "type": "Feature",
      "geometry": {
        "type": "Point",
        "coordinates": [
          -6.4507068,
          53.3565948
        ]
      },
      "properties": {
        "osm_id": "n506821597",
        "name": "Centra",
        "category": "supermarket",
        "subcategory": "shop=convenience",
        "lat": 53.3565948,
        "lon": -6.4507068,
        "admin_division": "Lucan",
        "county": "dublin"
      }
    },
    {
      "type": "Feature",
      "geometry": {
        "type": "Point",
        "coordinates": [
          -6.2649649,
          53.2775076
        ]
      },
      "properties": {
        "osm_id": "n507962496",
        "name": "Lidl",
        "category": "supermarket",
        "subcategory": "shop=supermarket",
        "lat": 53.2775076,
        "lon": -6.2649649,
        "admin_division": "",
        "county": "dublin"
      }
    },
    {
      "type": "Feature",
      "geometry": {
        "type": "Point",
        "coordinates": [
          -6.2822402,
          53.3469115
        ]
      },
      "properties": {
        "osm_id": "n518893601",
        "name": "Spar",
        "category": "supermarket",
        "subcategory": "shop=convenience",
        "lat": 53.3469115,
        "lon": -6.2822402,
        "admin_division": "Dublin",
        "county": "dublin"
      }
    },
    {
      "type": "Feature",
      "geometry": {
        "type": "Point",
        "coordinates": [
          -6.4620828,
          53.3519961
        ]
      },
      "properties": {
        "osm_id": "n528235797",
        "name": "Spar",
        "category": "supermarket",
        "subcategory": "shop=convenience",
        "lat": 53.3519961,
        "lon": -6.4620828,
        "admin_division": "",
        "county": "dublin"
      }
    },
    {
      "type": "Feature",
      "geometry": {
        "type": "Point",
        "coordinates": [
          -6.4516033,
          53.3415263
        ]
      },
      "properties": {
        "osm_id": "n528235803",
        "name": "Spar",
        "category": "supermarket",
        "subcategory": "shop=convenience",
        "lat": 53.3415263,
        "lon": -6.4516033,
        "admin_division": "",
        "county": "dublin"
      }
    },
    {
      "type": "Feature",
      "geometry": {
        "type": "Point",
        "coordinates": [
          -6.2646888,
          53.3440194
        ]
      },
      "properties": {
        "osm_id": "n549665002",
        "name": "Spar",
        "category": "supermarket",
        "subcategory": "shop=convenience",
        "lat": 53.3440194,
        "lon": -6.2646888,
        "admin_division": "Dublin",
        "county": "dublin"
      }
    },
    {
      "type": "Feature",
      "geometry": {
        "type": "Point",
        "coordinates": [
          -6.2572583,
          53.3543481
        ]
      },
      "properties": {
        "osm_id": "n549666011",
        "name": "Tops in Pops",
        "category": "supermarket",
        "subcategory": "shop=greengrocer",
        "lat": 53.3543481,
        "lon": -6.2572583,
        "admin_division": "Dublin",
        "county": "dublin"
      }
    },
    {
      "type": "Feature",
      "geometry": {
        "type": "Point",
        "coordinates": [
          -6.1541153,
          53.4523706
        ]
      },
      "properties": {
        "osm_id": "n550381054",
        "name": "Tesco Express",
        "category": "supermarket",
        "subcategory": "shop=convenience",
        "lat": 53.4523706,
        "lon": -6.1541153,
        "admin_division": "Malahide",
        "county": "dublin"
      }
    },
    {
      "type": "Feature",
      "geometry": {
        "type": "Point",
        "coordinates": [
          -6.1540022,
          53.4507706
        ]
      },
      "properties": {
        "osm_id": "n550381057",
        "name": "Mace",
        "category": "supermarket",
        "subcategory": "shop=convenience",
        "lat": 53.4507706,
        "lon": -6.1540022,
        "admin_division": "",
        "county": "dublin"
      }
    },
    {
      "type": "Feature",
      "geometry": {
        "type": "Point",
        "coordinates": [
          -6.3746235,
          53.4286454
        ]
      },
      "properties": {
        "osm_id": "n559162555",
        "name": "Spar",
        "category": "supermarket",
        "subcategory": "shop=convenience",
        "lat": 53.4286454,
        "lon": -6.3746235,
        "admin_division": "Dublin",
        "county": "dublin"
      }
    },
    {
      "type": "Feature",
      "geometry": {
        "type": "Point",
        "coordinates": [
          -6.2642558,
          53.3436458
        ]
      },
      "properties": {
        "osm_id": "n559854617",
        "name": "Krust Bakery",
        "category": "supermarket",
        "subcategory": "shop=bakery",
        "lat": 53.3436458,
        "lon": -6.2642558,
        "admin_division": "Dublin",
        "county": "dublin"
      }
    },
    {
      "type": "Feature",
      "geometry": {
        "type": "Point",
        "coordinates": [
          -6.2652815,
          53.3157666
        ]
      },
      "properties": {
        "osm_id": "n564926459",
        "name": "Tesco Express",
        "category": "supermarket",
        "subcategory": "shop=convenience",
        "lat": 53.3157666,
        "lon": -6.2652815,
        "admin_division": "Dublin",
        "county": "dublin"
      }
    },
    {
      "type": "Feature",
      "geometry": {
        "type": "Point",
        "coordinates": [
          -6.2654123,
          53.3163329
        ]
      },
      "properties": {
        "osm_id": "n564926478",
        "name": "Lawlor's Butchers",
        "category": "supermarket",
        "subcategory": "shop=butcher",
        "lat": 53.3163329,
        "lon": -6.2654123,
        "admin_division": "Dublin",
        "county": "dublin"
      }
    },
    {
      "type": "Feature",
      "geometry": {
        "type": "Point",
        "coordinates": [
          -6.2654123,
          53.3163902
        ]
      },
      "properties": {
        "osm_id": "n564926482",
        "name": "Fothergill's Delicatessen",
        "category": "supermarket",
        "subcategory": "shop=bakery",
        "lat": 53.3163902,
        "lon": -6.2654123,
        "admin_division": "Dublin",
        "county": "dublin"
      }
    },
    {
      "type": "Feature",
      "geometry": {
        "type": "Point",
        "coordinates": [
          -6.2439371,
          53.4448133
        ]
      },
      "properties": {
        "osm_id": "n574814150",
        "name": "Tesco Express",
        "category": "supermarket",
        "subcategory": "shop=convenience",
        "lat": 53.4448133,
        "lon": -6.2439371,
        "admin_division": "Swords",
        "county": "dublin"
      }
    },
    {
      "type": "Feature",
      "geometry": {
        "type": "Point",
        "coordinates": [
          -6.2656271,
          53.3508594
        ]
      },
      "properties": {
        "osm_id": "n582754944",
        "name": "XL Parnell Street",
        "category": "supermarket",
        "subcategory": "shop=supermarket",
        "lat": 53.3508594,
        "lon": -6.2656271,
        "admin_division": "",
        "county": "dublin"
      }
    },
    {
      "type": "Feature",
      "geometry": {
        "type": "Point",
        "coordinates": [
          -6.2728113,
          53.3373609
        ]
      },
      "properties": {
        "osm_id": "n583256888",
        "name": "Spar",
        "category": "supermarket",
        "subcategory": "shop=convenience",
        "lat": 53.3373609,
        "lon": -6.2728113,
        "admin_division": "",
        "county": "dublin"
      }
    },
    {
      "type": "Feature",
      "geometry": {
        "type": "Point",
        "coordinates": [
          -6.279115,
          53.3225555
        ]
      },
      "properties": {
        "osm_id": "n583383800",
        "name": "Centra",
        "category": "supermarket",
        "subcategory": "shop=convenience",
        "lat": 53.3225555,
        "lon": -6.279115,
        "admin_division": "Dublin",
        "county": "dublin"
      }
    },
    {
      "type": "Feature",
      "geometry": {
        "type": "Point",
        "coordinates": [
          -6.1786312,
          53.4050235
        ]
      },
      "properties": {
        "osm_id": "n595561961",
        "name": "Fresh",
        "category": "supermarket",
        "subcategory": "shop=supermarket",
        "lat": 53.4050235,
        "lon": -6.1786312,
        "admin_division": "",
        "county": "dublin"
      }
    },
    {
      "type": "Feature",
      "geometry": {
        "type": "Point",
        "coordinates": [
          -6.4322171,
          53.3406933
        ]
      },
      "properties": {
        "osm_id": "n597697553",
        "name": "Centra",
        "category": "supermarket",
        "subcategory": "shop=convenience",
        "lat": 53.3406933,
        "lon": -6.4322171,
        "admin_division": "Lucan",
        "county": "dublin"
      }
    },
    {
      "type": "Feature",
      "geometry": {
        "type": "Point",
        "coordinates": [
          -6.1569486,
          53.4029973
        ]
      },
      "properties": {
        "osm_id": "n597822594",
        "name": "Centra",
        "category": "supermarket",
        "subcategory": "shop=convenience",
        "lat": 53.4029973,
        "lon": -6.1569486,
        "admin_division": "Dublin",
        "county": "dublin"
      }
    },
    {
      "type": "Feature",
      "geometry": {
        "type": "Point",
        "coordinates": [
          -6.1349271,
          53.2795117
        ]
      },
      "properties": {
        "osm_id": "n598552822",
        "name": "Spar",
        "category": "supermarket",
        "subcategory": "shop=convenience",
        "lat": 53.2795117,
        "lon": -6.1349271,
        "admin_division": "",
        "county": "dublin"
      }
    },
    {
      "type": "Feature",
      "geometry": {
        "type": "Point",
        "coordinates": [
          -6.1979944,
          53.2584816
        ]
      },
      "properties": {
        "osm_id": "n603799484",
        "name": "Spar",
        "category": "supermarket",
        "subcategory": "shop=convenience",
        "lat": 53.2584816,
        "lon": -6.1979944,
        "admin_division": "",
        "county": "dublin"
      }
    },
    {
      "type": "Feature",
      "geometry": {
        "type": "Point",
        "coordinates": [
          -6.2452313,
          53.3409845
        ]
      },
      "properties": {
        "osm_id": "n606181804",
        "name": "Gala",
        "category": "supermarket",
        "subcategory": "shop=convenience",
        "lat": 53.3409845,
        "lon": -6.2452313,
        "admin_division": "Dublin",
        "county": "dublin"
      }
    },
    {
      "type": "Feature",
      "geometry": {
        "type": "Point",
        "coordinates": [
          -6.1392277,
          53.2928036
        ]
      },
      "properties": {
        "osm_id": "n610843615",
        "name": "Tesco",
        "category": "supermarket",
        "subcategory": "shop=supermarket",
        "lat": 53.2928036,
        "lon": -6.1392277,
        "admin_division": "Dún Laoghaire",
        "county": "dublin"
      }
    },
    {
      "type": "Feature",
      "geometry": {
        "type": "Point",
        "coordinates": [
          -6.2466048,
          53.3133201
        ]
      },
      "properties": {
        "osm_id": "n612976509",
        "name": "EUROSPAR",
        "category": "supermarket",
        "subcategory": "shop=convenience",
        "lat": 53.3133201,
        "lon": -6.2466048,
        "admin_division": "",
        "county": "dublin"
      }
    },
    {
      "type": "Feature",
      "geometry": {
        "type": "Point",
        "coordinates": [
          -6.2817777,
          53.3506283
        ]
      },
      "properties": {
        "osm_id": "n616036097",
        "name": "Centra",
        "category": "supermarket",
        "subcategory": "shop=convenience",
        "lat": 53.3506283,
        "lon": -6.2817777,
        "admin_division": "Dublin",
        "county": "dublin"
      }
    },
    {
      "type": "Feature",
      "geometry": {
        "type": "Point",
        "coordinates": [
          -6.2722779,
          53.3390557
        ]
      },
      "properties": {
        "osm_id": "n616043040",
        "name": "Spar",
        "category": "supermarket",
        "subcategory": "shop=convenience",
        "lat": 53.3390557,
        "lon": -6.2722779,
        "admin_division": "Dublin",
        "county": "dublin"
      }
    },
    {
      "type": "Feature",
      "geometry": {
        "type": "Point",
        "coordinates": [
          -6.2570563,
          53.3359339
        ]
      },
      "properties": {
        "osm_id": "n616479704",
        "name": "Chapter and Verse",
        "category": "supermarket",
        "subcategory": "shop=convenience",
        "lat": 53.3359339,
        "lon": -6.2570563,
        "admin_division": "Dublin",
        "county": "dublin"
      }
    },
    {
      "type": "Feature",
      "geometry": {
        "type": "Point",
        "coordinates": [
          -6.2650658,
          53.346876
        ]
      },
      "properties": {
        "osm_id": "n631980968",
        "name": "Han Sung Asian Market",
        "category": "supermarket",
        "subcategory": "shop=supermarket",
        "lat": 53.346876,
        "lon": -6.2650658,
        "admin_division": "Dublin",
        "county": "dublin"
      }
    },
    {
      "type": "Feature",
      "geometry": {
        "type": "Point",
        "coordinates": [
          -6.2743802,
          53.3499784
        ]
      },
      "properties": {
        "osm_id": "n632564177",
        "name": "Daybreak",
        "category": "supermarket",
        "subcategory": "shop=convenience",
        "lat": 53.3499784,
        "lon": -6.2743802,
        "admin_division": "Dublin",
        "county": "dublin"
      }
    },
    {
      "type": "Feature",
      "geometry": {
        "type": "Point",
        "coordinates": [
          -6.4233959,
          53.3419308
        ]
      },
      "properties": {
        "osm_id": "n632915094",
        "name": "Centra",
        "category": "supermarket",
        "subcategory": "shop=convenience",
        "lat": 53.3419308,
        "lon": -6.4233959,
        "admin_division": "Lucan",
        "county": "dublin"
      }
    },
    {
      "type": "Feature",
      "geometry": {
        "type": "Point",
        "coordinates": [
          -6.2703826,
          53.3509894
        ]
      },
      "properties": {
        "osm_id": "n635273555",
        "name": "Centra",
        "category": "supermarket",
        "subcategory": "shop=convenience",
        "lat": 53.3509894,
        "lon": -6.2703826,
        "admin_division": "Dublin",
        "county": "dublin"
      }
    },
    {
      "type": "Feature",
      "geometry": {
        "type": "Point",
        "coordinates": [
          -6.2320058,
          53.4707947
        ]
      },
      "properties": {
        "osm_id": "n638364604",
        "name": "Hannigans",
        "category": "supermarket",
        "subcategory": "shop=butcher",
        "lat": 53.4707947,
        "lon": -6.2320058,
        "admin_division": "",
        "county": "dublin"
      }
    },
    {
      "type": "Feature",
      "geometry": {
        "type": "Point",
        "coordinates": [
          -6.2328181,
          53.470915
        ]
      },
      "properties": {
        "osm_id": "n639076143",
        "name": "La Boulangerie Francaise",
        "category": "supermarket",
        "subcategory": "amenity=cafe",
        "lat": 53.470915,
        "lon": -6.2328181,
        "admin_division": "",
        "county": "dublin"
      }
    },
    {
      "type": "Feature",
      "geometry": {
        "type": "Point",
        "coordinates": [
          -6.2725211,
          53.3617744
        ]
      },
      "properties": {
        "osm_id": "n639839999",
        "name": "Asian Mart",
        "category": "supermarket",
        "subcategory": "shop=supermarket",
        "lat": 53.3617744,
        "lon": -6.2725211,
        "admin_division": "Dublin",
        "county": "dublin"
      }
    },
    {
      "type": "Feature",
      "geometry": {
        "type": "Point",
        "coordinates": [
          -6.3785934,
          53.4054387
        ]
      },
      "properties": {
        "osm_id": "n640776117",
        "name": "",
        "category": "supermarket",
        "subcategory": "shop=convenience",
        "lat": 53.4054387,
        "lon": -6.3785934,
        "admin_division": "Blanchardstown",
        "county": "dublin"
      }
    },
    {
      "type": "Feature",
      "geometry": {
        "type": "Point",
        "coordinates": [
          -6.2977539,
          53.3902236
        ]
      },
      "properties": {
        "osm_id": "n644739980",
        "name": "",
        "category": "supermarket",
        "subcategory": "shop=convenience",
        "lat": 53.3902236,
        "lon": -6.2977539,
        "admin_division": "",
        "county": "dublin"
      }
    },
    {
      "type": "Feature",
      "geometry": {
        "type": "Point",
        "coordinates": [
          -6.2610005,
          53.3312256
        ]
      },
      "properties": {
        "osm_id": "n646869831",
        "name": "Centra",
        "category": "supermarket",
        "subcategory": "shop=convenience",
        "lat": 53.3312256,
        "lon": -6.2610005,
        "admin_division": "Dublin",
        "county": "dublin"
      }
    },
    {
      "type": "Feature",
      "geometry": {
        "type": "Point",
        "coordinates": [
          -6.2651967,
          53.3362914
        ]
      },
      "properties": {
        "osm_id": "n646873365",
        "name": "Fresh",
        "category": "supermarket",
        "subcategory": "shop=supermarket",
        "lat": 53.3362914,
        "lon": -6.2651967,
        "admin_division": "",
        "county": "dublin"
      }
    },
    {
      "type": "Feature",
      "geometry": {
        "type": "Point",
        "coordinates": [
          -6.2403023,
          53.3243294
        ]
      },
      "properties": {
        "osm_id": "n648004328",
        "name": "Donnybrook Fair",
        "category": "supermarket",
        "subcategory": "shop=supermarket",
        "lat": 53.3243294,
        "lon": -6.2403023,
        "admin_division": "Dublin",
        "county": "dublin"
      }
    },
    {
      "type": "Feature",
      "geometry": {
        "type": "Point",
        "coordinates": [
          -6.2156319,
          53.3323551
        ]
      },
      "properties": {
        "osm_id": "n654042897",
        "name": "Mace",
        "category": "supermarket",
        "subcategory": "shop=convenience",
        "lat": 53.3323551,
        "lon": -6.2156319,
        "admin_division": "",
        "county": "dublin"
      }
    },
    {
      "type": "Feature",
      "geometry": {
        "type": "Point",
        "coordinates": [
          -6.3984051,
          53.4030283
        ]
      },
      "properties": {
        "osm_id": "n658999939",
        "name": "Spar",
        "category": "supermarket",
        "subcategory": "shop=convenience",
        "lat": 53.4030283,
        "lon": -6.3984051,
        "admin_division": "",
        "county": "dublin"
      }
    },
    {
      "type": "Feature",
      "geometry": {
        "type": "Point",
        "coordinates": [
          -6.2676612,
          53.2895892
        ]
      },
      "properties": {
        "osm_id": "n659803043",
        "name": "Tesco",
        "category": "supermarket",
        "subcategory": "shop=supermarket",
        "lat": 53.2895892,
        "lon": -6.2676612,
        "admin_division": "Dublin",
        "county": "dublin"
      }
    },
    {
      "type": "Feature",
      "geometry": {
        "type": "Point",
        "coordinates": [
          -6.3411217,
          53.2810508
        ]
      },
      "properties": {
        "osm_id": "n662301991",
        "name": "SuperValu",
        "category": "supermarket",
        "subcategory": "shop=supermarket",
        "lat": 53.2810508,
        "lon": -6.3411217,
        "admin_division": "",
        "county": "dublin"
      }
    },
    {
      "type": "Feature",
      "geometry": {
        "type": "Point",
        "coordinates": [
          -6.2729129,
          53.361021
        ]
      },
      "properties": {
        "osm_id": "n662969432",
        "name": "Pane Creme",
        "category": "supermarket",
        "subcategory": "shop=bakery",
        "lat": 53.361021,
        "lon": -6.2729129,
        "admin_division": "Dublin",
        "county": "dublin"
      }
    },
    {
      "type": "Feature",
      "geometry": {
        "type": "Point",
        "coordinates": [
          -6.2511707,
          53.3501116
        ]
      },
      "properties": {
        "osm_id": "n662981991",
        "name": "Link Express",
        "category": "supermarket",
        "subcategory": "shop=convenience",
        "lat": 53.3501116,
        "lon": -6.2511707,
        "admin_division": "",
        "county": "dublin"
      }
    },
    {
      "type": "Feature",
      "geometry": {
        "type": "Point",
        "coordinates": [
          -6.2634373,
          53.3476418
        ]
      },
      "properties": {
        "osm_id": "n664033535",
        "name": "Dealz",
        "category": "supermarket",
        "subcategory": "shop=convenience",
        "lat": 53.3476418,
        "lon": -6.2634373,
        "admin_division": "",
        "county": "dublin"
      }
    },
    {
      "type": "Feature",
      "geometry": {
        "type": "Point",
        "coordinates": [
          -6.4454047,
          53.2793785
        ]
      },
      "properties": {
        "osm_id": "n664490914",
        "name": "Dunnes Stores",
        "category": "supermarket",
        "subcategory": "shop=supermarket",
        "lat": 53.2793785,
        "lon": -6.4454047,
        "admin_division": "",
        "county": "dublin"
      }
    },
    {
      "type": "Feature",
      "geometry": {
        "type": "Point",
        "coordinates": [
          -6.2755789,
          53.3292199
        ]
      },
      "properties": {
        "osm_id": "n665822801",
        "name": "Daybreak",
        "category": "supermarket",
        "subcategory": "shop=convenience",
        "lat": 53.3292199,
        "lon": -6.2755789,
        "admin_division": "Dublin",
        "county": "dublin"
      }
    },
    {
      "type": "Feature",
      "geometry": {
        "type": "Point",
        "coordinates": [
          -6.4556032,
          53.3324944
        ]
      },
      "properties": {
        "osm_id": "n674208258",
        "name": "Mace",
        "category": "supermarket",
        "subcategory": "shop=convenience",
        "lat": 53.3324944,
        "lon": -6.4556032,
        "admin_division": "",
        "county": "dublin"
      }
    },
    {
      "type": "Feature",
      "geometry": {
        "type": "Point",
        "coordinates": [
          -6.3879541,
          53.3542273
        ]
      },
      "properties": {
        "osm_id": "n681465300",
        "name": "M&S Foodhall",
        "category": "supermarket",
        "subcategory": "shop=supermarket",
        "lat": 53.3542273,
        "lon": -6.3879541,
        "admin_division": "",
        "county": "dublin"
      }
    },
    {
      "type": "Feature",
      "geometry": {
        "type": "Point",
        "coordinates": [
          -6.379935,
          53.3501894
        ]
      },
      "properties": {
        "osm_id": "n681467039",
        "name": "SuperValu",
        "category": "supermarket",
        "subcategory": "shop=supermarket",
        "lat": 53.3501894,
        "lon": -6.379935,
        "admin_division": "Dublin",
        "county": "dublin"
      }
    },
    {
      "type": "Feature",
      "geometry": {
        "type": "Point",
        "coordinates": [
          -6.344821,
          53.3494872
        ]
      },
      "properties": {
        "osm_id": "n681475030",
        "name": "Spar",
        "category": "supermarket",
        "subcategory": "shop=convenience",
        "lat": 53.3494872,
        "lon": -6.344821,
        "admin_division": "",
        "county": "dublin"
      }
    },
    {
      "type": "Feature",
      "geometry": {
        "type": "Point",
        "coordinates": [
          -6.2432347,
          53.3989047
        ]
      },
      "properties": {
        "osm_id": "n681742375",
        "name": "Centra",
        "category": "supermarket",
        "subcategory": "shop=convenience",
        "lat": 53.3989047,
        "lon": -6.2432347,
        "admin_division": "Dublin",
        "county": "dublin"
      }
    },
    {
      "type": "Feature",
      "geometry": {
        "type": "Point",
        "coordinates": [
          -6.2368511,
          53.3051852
        ]
      },
      "properties": {
        "osm_id": "n683113636",
        "name": "Spar",
        "category": "supermarket",
        "subcategory": "shop=supermarket",
        "lat": 53.3051852,
        "lon": -6.2368511,
        "admin_division": "",
        "county": "dublin"
      }
    },
    {
      "type": "Feature",
      "geometry": {
        "type": "Point",
        "coordinates": [
          -6.2368281,
          53.2984302
        ]
      },
      "properties": {
        "osm_id": "n683132043",
        "name": "Lynam's",
        "category": "supermarket",
        "subcategory": "shop=convenience",
        "lat": 53.2984302,
        "lon": -6.2368281,
        "admin_division": "",
        "county": "dublin"
      }
    },
    {
      "type": "Feature",
      "geometry": {
        "type": "Point",
        "coordinates": [
          -6.2448612,
          53.3023144
        ]
      },
      "properties": {
        "osm_id": "n683132047",
        "name": "Costcutter",
        "category": "supermarket",
        "subcategory": "shop=convenience",
        "lat": 53.3023144,
        "lon": -6.2448612,
        "admin_division": "",
        "county": "dublin"
      }
    },
    {
      "type": "Feature",
      "geometry": {
        "type": "Point",
        "coordinates": [
          -6.2684551,
          53.370646
        ]
      },
      "properties": {
        "osm_id": "n688912012",
        "name": "McGroarty's",
        "category": "supermarket",
        "subcategory": "shop=convenience",
        "lat": 53.370646,
        "lon": -6.2684551,
        "admin_division": "Dublin",
        "county": "dublin"
      }
    },
    {
      "type": "Feature",
      "geometry": {
        "type": "Point",
        "coordinates": [
          -6.1115111,
          53.4935203
        ]
      },
      "properties": {
        "osm_id": "n689464974",
        "name": "Grogan's Shop",
        "category": "supermarket",
        "subcategory": "shop=convenience",
        "lat": 53.4935203,
        "lon": -6.1115111,
        "admin_division": "Portrane",
        "county": "dublin"
      }
    },
    {
      "type": "Feature",
      "geometry": {
        "type": "Point",
        "coordinates": [
          -6.1488968,
          53.4867927
        ]
      },
      "properties": {
        "osm_id": "n689479301",
        "name": "SuperValu",
        "category": "supermarket",
        "subcategory": "shop=supermarket",
        "lat": 53.4867927,
        "lon": -6.1488968,
        "admin_division": "Donabate",
        "county": "dublin"
      }
    },
    {
      "type": "Feature",
      "geometry": {
        "type": "Point",
        "coordinates": [
          -6.135822,
          53.4924149
        ]
      },
      "properties": {
        "osm_id": "n689479359",
        "name": "Back Again",
        "category": "supermarket",
        "subcategory": "shop=convenience",
        "lat": 53.4924149,
        "lon": -6.135822,
        "admin_division": "Donabate",
        "county": "dublin"
      }
    },
    {
      "type": "Feature",
      "geometry": {
        "type": "Point",
        "coordinates": [
          -6.2652818,
          53.3256786
        ]
      },
      "properties": {
        "osm_id": "n706180236",
        "name": "Lidl",
        "category": "supermarket",
        "subcategory": "shop=supermarket",
        "lat": 53.3256786,
        "lon": -6.2652818,
        "admin_division": "Dublin",
        "county": "dublin"
      }
    },
    {
      "type": "Feature",
      "geometry": {
        "type": "Point",
        "coordinates": [
          -6.210009,
          53.4452229
        ]
      },
      "properties": {
        "osm_id": "n708693173",
        "name": "Spar",
        "category": "supermarket",
        "subcategory": "shop=convenience",
        "lat": 53.4452229,
        "lon": -6.210009,
        "admin_division": "Swords",
        "county": "dublin"
      }
    },
    {
      "type": "Feature",
      "geometry": {
        "type": "Point",
        "coordinates": [
          -6.1247786,
          53.4337219
        ]
      },
      "properties": {
        "osm_id": "n710676597",
        "name": "Spar",
        "category": "supermarket",
        "subcategory": "shop=convenience",
        "lat": 53.4337219,
        "lon": -6.1247786,
        "admin_division": "",
        "county": "dublin"
      }
    },
    {
      "type": "Feature",
      "geometry": {
        "type": "Point",
        "coordinates": [
          -6.2650193,
          53.3341228
        ]
      },
      "properties": {
        "osm_id": "n739756782",
        "name": "Tesco Express",
        "category": "supermarket",
        "subcategory": "shop=convenience",
        "lat": 53.3341228,
        "lon": -6.2650193,
        "admin_division": "Dublin",
        "county": "dublin"
      }
    },
    {
      "type": "Feature",
      "geometry": {
        "type": "Point",
        "coordinates": [
          -6.3934461,
          53.4055436
        ]
      },
      "properties": {
        "osm_id": "n746742520",
        "name": "Spar",
        "category": "supermarket",
        "subcategory": "shop=convenience",
        "lat": 53.4055436,
        "lon": -6.3934461,
        "admin_division": "",
        "county": "dublin"
      }
    },
    {
      "type": "Feature",
      "geometry": {
        "type": "Point",
        "coordinates": [
          -6.2428952,
          53.2685434
        ]
      },
      "properties": {
        "osm_id": "n760250448",
        "name": "Centra",
        "category": "supermarket",
        "subcategory": "shop=convenience",
        "lat": 53.2685434,
        "lon": -6.2428952,
        "admin_division": "",
        "county": "dublin"
      }
    },
    {
      "type": "Feature",
      "geometry": {
        "type": "Point",
        "coordinates": [
          -6.2566763,
          53.2877757
        ]
      },
      "properties": {
        "osm_id": "n760422938",
        "name": "Centra",
        "category": "supermarket",
        "subcategory": "shop=convenience",
        "lat": 53.2877757,
        "lon": -6.2566763,
        "admin_division": "",
        "county": "dublin"
      }
    },
    {
      "type": "Feature",
      "geometry": {
        "type": "Point",
        "coordinates": [
          -6.4202832,
          53.3924837
        ]
      },
      "properties": {
        "osm_id": "n765685571",
        "name": "Eurospar",
        "category": "supermarket",
        "subcategory": "shop=supermarket",
        "lat": 53.3924837,
        "lon": -6.4202832,
        "admin_division": "Blanchardstown",
        "county": "dublin"
      }
    },
    {
      "type": "Feature",
      "geometry": {
        "type": "Point",
        "coordinates": [
          -6.2867653,
          53.3371884
        ]
      },
      "properties": {
        "osm_id": "n768231198",
        "name": "Centra",
        "category": "supermarket",
        "subcategory": "shop=convenience",
        "lat": 53.3371884,
        "lon": -6.2867653,
        "admin_division": "Dublin",
        "county": "dublin"
      }
    },
    {
      "type": "Feature",
      "geometry": {
        "type": "Point",
        "coordinates": [
          -6.2987027,
          53.3361114
        ]
      },
      "properties": {
        "osm_id": "n768231920",
        "name": "Ennis Butcher's",
        "category": "supermarket",
        "subcategory": "shop=butcher",
        "lat": 53.3361114,
        "lon": -6.2987027,
        "admin_division": "",
        "county": "dublin"
      }
    },
    {
      "type": "Feature",
      "geometry": {
        "type": "Point",
        "coordinates": [
          -6.2682315,
          53.3473973
        ]
      },
      "properties": {
        "osm_id": "n768516994",
        "name": "Spar",
        "category": "supermarket",
        "subcategory": "shop=convenience",
        "lat": 53.3473973,
        "lon": -6.2682315,
        "admin_division": "Dublin",
        "county": "dublin"
      }
    },
    {
      "type": "Feature",
      "geometry": {
        "type": "Point",
        "coordinates": [
          -6.276699,
          53.3496804
        ]
      },
      "properties": {
        "osm_id": "n768519995",
        "name": "Little Italy",
        "category": "supermarket",
        "subcategory": "shop=supermarket",
        "lat": 53.3496804,
        "lon": -6.276699,
        "admin_division": "",
        "county": "dublin"
      }
    },
    {
      "type": "Feature",
      "geometry": {
        "type": "Point",
        "coordinates": [
          -6.3196676,
          53.339296
        ]
      },
      "properties": {
        "osm_id": "n769208492",
        "name": "Savers",
        "category": "supermarket",
        "subcategory": "shop=convenience",
        "lat": 53.339296,
        "lon": -6.3196676,
        "admin_division": "Dublin",
        "county": "dublin"
      }
    },
    {
      "type": "Feature",
      "geometry": {
        "type": "Point",
        "coordinates": [
          -6.3727633,
          53.287016
        ]
      },
      "properties": {
        "osm_id": "n770873264",
        "name": "Tesco",
        "category": "supermarket",
        "subcategory": "shop=supermarket",
        "lat": 53.287016,
        "lon": -6.3727633,
        "admin_division": "Tallaght",
        "county": "dublin"
      }
    },
    {
      "type": "Feature",
      "geometry": {
        "type": "Point",
        "coordinates": [
          -6.2456752,
          53.4603504
        ]
      },
      "properties": {
        "osm_id": "n775278113",
        "name": "Spar",
        "category": "supermarket",
        "subcategory": "shop=convenience",
        "lat": 53.4603504,
        "lon": -6.2456752,
        "admin_division": "Swords, Co. Dublin",
        "county": "dublin"
      }
    },
    {
      "type": "Feature",
      "geometry": {
        "type": "Point",
        "coordinates": [
          -6.2608691,
          53.3401408
        ]
      },
      "properties": {
        "osm_id": "n781486939",
        "name": "Bus Stop Newsagents",
        "category": "supermarket",
        "subcategory": "shop=convenience",
        "lat": 53.3401408,
        "lon": -6.2608691,
        "admin_division": "Dublin",
        "county": "dublin"
      }
    },
    {
      "type": "Feature",
      "geometry": {
        "type": "Point",
        "coordinates": [
          -6.4596758,
          53.352569
        ]
      },
      "properties": {
        "osm_id": "n828701267",
        "name": "Fix Me",
        "category": "supermarket",
        "subcategory": "shop=greengrocer",
        "lat": 53.352569,
        "lon": -6.4596758,
        "admin_division": "",
        "county": "dublin"
      }
    },
    {
      "type": "Feature",
      "geometry": {
        "type": "Point",
        "coordinates": [
          -6.3169554,
          53.2785494
        ]
      },
      "properties": {
        "osm_id": "n870020014",
        "name": "Spar",
        "category": "supermarket",
        "subcategory": "shop=convenience",
        "lat": 53.2785494,
        "lon": -6.3169554,
        "admin_division": "",
        "county": "dublin"
      }
    },
    {
      "type": "Feature",
      "geometry": {
        "type": "Point",
        "coordinates": [
          -6.3218457,
          53.3386484
        ]
      },
      "properties": {
        "osm_id": "n872685147",
        "name": "Tesco Express",
        "category": "supermarket",
        "subcategory": "shop=convenience",
        "lat": 53.3386484,
        "lon": -6.3218457,
        "admin_division": "Dublin",
        "county": "dublin"
      }
    },
    {
      "type": "Feature",
      "geometry": {
        "type": "Point",
        "coordinates": [
          -6.2836233,
          53.3100637
        ]
      },
      "properties": {
        "osm_id": "n878495558",
        "name": "O'Toole's",
        "category": "supermarket",
        "subcategory": "shop=butcher",
        "lat": 53.3100637,
        "lon": -6.2836233,
        "admin_division": "",
        "county": "dublin"
      }
    },
    {
      "type": "Feature",
      "geometry": {
        "type": "Point",
        "coordinates": [
          -6.2829035,
          53.3098871
        ]
      },
      "properties": {
        "osm_id": "n878495559",
        "name": "Mark Downey",
        "category": "supermarket",
        "subcategory": "shop=supermarket",
        "lat": 53.3098871,
        "lon": -6.2829035,
        "admin_division": "",
        "county": "dublin"
      }
    },
    {
      "type": "Feature",
      "geometry": {
        "type": "Point",
        "coordinates": [
          -6.288857,
          53.3432885
        ]
      },
      "properties": {
        "osm_id": "n882293752",
        "name": "Mace",
        "category": "supermarket",
        "subcategory": "shop=convenience",
        "lat": 53.3432885,
        "lon": -6.288857,
        "admin_division": "Dublin",
        "county": "dublin"
      }
    },
    {
      "type": "Feature",
      "geometry": {
        "type": "Point",
        "coordinates": [
          -6.2936749,
          53.3375389
        ]
      },
      "properties": {
        "osm_id": "n890724796",
        "name": "C&C Family Butchers",
        "category": "supermarket",
        "subcategory": "shop=butcher",
        "lat": 53.3375389,
        "lon": -6.2936749,
        "admin_division": "",
        "county": "dublin"
      }
    },
    {
      "type": "Feature",
      "geometry": {
        "type": "Point",
        "coordinates": [
          -6.2877229,
          53.340687
        ]
      },
      "properties": {
        "osm_id": "n890728259",
        "name": "",
        "category": "supermarket",
        "subcategory": "shop=convenience",
        "lat": 53.340687,
        "lon": -6.2877229,
        "admin_division": "",
        "county": "dublin"
      }
    },
    {
      "type": "Feature",
      "geometry": {
        "type": "Point",
        "coordinates": [
          -6.2191742,
          53.3033228
        ]
      },
      "properties": {
        "osm_id": "n896333872",
        "name": "Centra",
        "category": "supermarket",
        "subcategory": "shop=convenience",
        "lat": 53.3033228,
        "lon": -6.2191742,
        "admin_division": "",
        "county": "dublin"
      }
    },
    {
      "type": "Feature",
      "geometry": {
        "type": "Point",
        "coordinates": [
          -6.2546514,
          53.3531703
        ]
      },
      "properties": {
        "osm_id": "n907043575",
        "name": "Polonez",
        "category": "supermarket",
        "subcategory": "shop=supermarket",
        "lat": 53.3531703,
        "lon": -6.2546514,
        "admin_division": "",
        "county": "dublin"
      }
    },
    {
      "type": "Feature",
      "geometry": {
        "type": "Point",
        "coordinates": [
          -6.2153103,
          53.5369635
        ]
      },
      "properties": {
        "osm_id": "n908974531",
        "name": "Applegreen",
        "category": "supermarket",
        "subcategory": "shop=convenience",
        "lat": 53.5369635,
        "lon": -6.2153103,
        "admin_division": "",
        "county": "dublin"
      }
    },
    {
      "type": "Feature",
      "geometry": {
        "type": "Point",
        "coordinates": [
          -6.2802127,
          53.3394299
        ]
      },
      "properties": {
        "osm_id": "n912051636",
        "name": "",
        "category": "supermarket",
        "subcategory": "shop=convenience",
        "lat": 53.3394299,
        "lon": -6.2802127,
        "admin_division": "",
        "county": "dublin"
      }
    },
    {
      "type": "Feature",
      "geometry": {
        "type": "Point",
        "coordinates": [
          -6.2421308,
          53.342661
        ]
      },
      "properties": {
        "osm_id": "n913911177",
        "name": "Supernatural Food Market",
        "category": "supermarket",
        "subcategory": "shop=supermarket",
        "lat": 53.342661,
        "lon": -6.2421308,
        "admin_division": "Dublin",
        "county": "dublin"
      }
    },
    {
      "type": "Feature",
      "geometry": {
        "type": "Point",
        "coordinates": [
          -6.3673115,
          53.3078767
        ]
      },
      "properties": {
        "osm_id": "n937866721",
        "name": "Centra",
        "category": "supermarket",
        "subcategory": "shop=convenience",
        "lat": 53.3078767,
        "lon": -6.3673115,
        "admin_division": "Tallaght",
        "county": "dublin"
      }
    },
    {
      "type": "Feature",
      "geometry": {
        "type": "Point",
        "coordinates": [
          -6.1701716,
          53.4512596
        ]
      },
      "properties": {
        "osm_id": "n943865289",
        "name": "Londis",
        "category": "supermarket",
        "subcategory": "shop=supermarket",
        "lat": 53.4512596,
        "lon": -6.1701716,
        "admin_division": "Malahide",
        "county": "dublin"
      }
    },
    {
      "type": "Feature",
      "geometry": {
        "type": "Point",
        "coordinates": [
          -6.1622593,
          53.3946009
        ]
      },
      "properties": {
        "osm_id": "n946026574",
        "name": "Dunnes Stores",
        "category": "supermarket",
        "subcategory": "shop=supermarket",
        "lat": 53.3946009,
        "lon": -6.1622593,
        "admin_division": "Dublin",
        "county": "dublin"
      }
    },
    {
      "type": "Feature",
      "geometry": {
        "type": "Point",
        "coordinates": [
          -6.0590588,
          53.3721749
        ]
      },
      "properties": {
        "osm_id": "n946860375",
        "name": "The Summit Stores",
        "category": "supermarket",
        "subcategory": "shop=convenience",
        "lat": 53.3721749,
        "lon": -6.0590588,
        "admin_division": "",
        "county": "dublin"
      }
    },
    {
      "type": "Feature",
      "geometry": {
        "type": "Point",
        "coordinates": [
          -6.2797103,
          53.3877275
        ]
      },
      "properties": {
        "osm_id": "n948542553",
        "name": "2 Guys",
        "category": "supermarket",
        "subcategory": "shop=convenience",
        "lat": 53.3877275,
        "lon": -6.2797103,
        "admin_division": "",
        "county": "dublin"
      }
    },
    {
      "type": "Feature",
      "geometry": {
        "type": "Point",
        "coordinates": [
          -6.2730892,
          53.3622706
        ]
      },
      "properties": {
        "osm_id": "n956048077",
        "name": "Tesco",
        "category": "supermarket",
        "subcategory": "shop=supermarket",
        "lat": 53.3622706,
        "lon": -6.2730892,
        "admin_division": "Dublin",
        "county": "dublin"
      }
    },
    {
      "type": "Feature",
      "geometry": {
        "type": "Point",
        "coordinates": [
          -6.1974414,
          53.2595022
        ]
      },
      "properties": {
        "osm_id": "n959243525",
        "name": "O'Coileain",
        "category": "supermarket",
        "subcategory": "shop=butcher",
        "lat": 53.2595022,
        "lon": -6.1974414,
        "admin_division": "",
        "county": "dublin"
      }
    },
    {
      "type": "Feature",
      "geometry": {
        "type": "Point",
        "coordinates": [
          -6.1972928,
          53.2592005
        ]
      },
      "properties": {
        "osm_id": "n959243529",
        "name": "Dunnes Stores",
        "category": "supermarket",
        "subcategory": "shop=supermarket",
        "lat": 53.2592005,
        "lon": -6.1972928,
        "admin_division": "",
        "county": "dublin"
      }
    },
    {
      "type": "Feature",
      "geometry": {
        "type": "Point",
        "coordinates": [
          -6.2301815,
          53.39775
        ]
      },
      "properties": {
        "osm_id": "n966238363",
        "name": "Centra",
        "category": "supermarket",
        "subcategory": "shop=convenience",
        "lat": 53.39775,
        "lon": -6.2301815,
        "admin_division": "Dublin",
        "county": "dublin"
      }
    },
    {
      "type": "Feature",
      "geometry": {
        "type": "Point",
        "coordinates": [
          -6.2448288,
          53.3336084
        ]
      },
      "properties": {
        "osm_id": "n973780786",
        "name": "Donnybrook Fair",
        "category": "supermarket",
        "subcategory": "shop=supermarket",
        "lat": 53.3336084,
        "lon": -6.2448288,
        "admin_division": "Dublin",
        "county": "dublin"
      }
    },
    {
      "type": "Feature",
      "geometry": {
        "type": "Point",
        "coordinates": [
          -6.2652403,
          53.3476189
        ]
      },
      "properties": {
        "osm_id": "n974547643",
        "name": "Oriental Emporium",
        "category": "supermarket",
        "subcategory": "shop=supermarket",
        "lat": 53.3476189,
        "lon": -6.2652403,
        "admin_division": "Dublin",
        "county": "dublin"
      }
    },
    {
      "type": "Feature",
      "geometry": {
        "type": "Point",
        "coordinates": [
          -6.297176,
          53.3446276
        ]
      },
      "properties": {
        "osm_id": "n975302715",
        "name": "SuperValu",
        "category": "supermarket",
        "subcategory": "shop=supermarket",
        "lat": 53.3446276,
        "lon": -6.297176,
        "admin_division": "Dublin",
        "county": "dublin"
      }
    },
    {
      "type": "Feature",
      "geometry": {
        "type": "Point",
        "coordinates": [
          -6.3757862,
          53.2832428
        ]
      },
      "properties": {
        "osm_id": "n983302034",
        "name": "Lidl",
        "category": "supermarket",
        "subcategory": "shop=supermarket",
        "lat": 53.2832428,
        "lon": -6.3757862,
        "admin_division": "Tallaght",
        "county": "dublin"
      }
    },
    {
      "type": "Feature",
      "geometry": {
        "type": "Point",
        "coordinates": [
          -6.2944522,
          53.3482018
        ]
      },
      "properties": {
        "osm_id": "n984249246",
        "name": "Londis",
        "category": "supermarket",
        "subcategory": "shop=convenience",
        "lat": 53.3482018,
        "lon": -6.2944522,
        "admin_division": "",
        "county": "dublin"
      }
    },
    {
      "type": "Feature",
      "geometry": {
        "type": "Point",
        "coordinates": [
          -6.2840505,
          53.3498148
        ]
      },
      "properties": {
        "osm_id": "n984249326",
        "name": "Lilliput Stores",
        "category": "supermarket",
        "subcategory": "shop=convenience",
        "lat": 53.3498148,
        "lon": -6.2840505,
        "admin_division": "",
        "county": "dublin"
      }
    },
    {
      "type": "Feature",
      "geometry": {
        "type": "Point",
        "coordinates": [
          -6.3129817,
          53.3196075
        ]
      },
      "properties": {
        "osm_id": "n988809528",
        "name": "Spar",
        "category": "supermarket",
        "subcategory": "shop=convenience",
        "lat": 53.3196075,
        "lon": -6.3129817,
        "admin_division": "",
        "county": "dublin"
      }
    },
    {
      "type": "Feature",
      "geometry": {
        "type": "Point",
        "coordinates": [
          -6.3910669,
          53.3938006
        ]
      },
      "properties": {
        "osm_id": "n988852242",
        "name": "Dunnes Stores",
        "category": "supermarket",
        "subcategory": "shop=supermarket",
        "lat": 53.3938006,
        "lon": -6.3910669,
        "admin_division": "",
        "county": "dublin"
      }
    },
    {
      "type": "Feature",
      "geometry": {
        "type": "Point",
        "coordinates": [
          -6.244848,
          53.3024192
        ]
      },
      "properties": {
        "osm_id": "n1031024459",
        "name": "Black Sheep coffee",
        "category": "supermarket",
        "subcategory": "shop=bakery",
        "lat": 53.3024192,
        "lon": -6.244848,
        "admin_division": "",
        "county": "dublin"
      }
    },
    {
      "type": "Feature",
      "geometry": {
        "type": "Point",
        "coordinates": [
          -6.2205077,
          53.2608798
        ]
      },
      "properties": {
        "osm_id": "n1038260891",
        "name": "Fresh. The Good Food Market",
        "category": "supermarket",
        "subcategory": "shop=supermarket",
        "lat": 53.2608798,
        "lon": -6.2205077,
        "admin_division": "Stepaside",
        "county": "dublin"
      }
    },
    {
      "type": "Feature",
      "geometry": {
        "type": "Point",
        "coordinates": [
          -6.2008221,
          53.2893247
        ]
      },
      "properties": {
        "osm_id": "n1056711326",
        "name": "Fenlons",
        "category": "supermarket",
        "subcategory": "shop=butcher",
        "lat": 53.2893247,
        "lon": -6.2008221,
        "admin_division": "",
        "county": "dublin"
      }
    },
    {
      "type": "Feature",
      "geometry": {
        "type": "Point",
        "coordinates": [
          -6.390398,
          53.2863996
        ]
      },
      "properties": {
        "osm_id": "n1076642051",
        "name": "SuperValu",
        "category": "supermarket",
        "subcategory": "shop=supermarket",
        "lat": 53.2863996,
        "lon": -6.390398,
        "admin_division": "Tallaght",
        "county": "dublin"
      }
    },
    {
      "type": "Feature",
      "geometry": {
        "type": "Point",
        "coordinates": [
          -6.2725276,
          53.3414259
        ]
      },
      "properties": {
        "osm_id": "n1099868776",
        "name": "Daybreak",
        "category": "supermarket",
        "subcategory": "shop=convenience",
        "lat": 53.3414259,
        "lon": -6.2725276,
        "admin_division": "Dublin",
        "county": "dublin"
      }
    },
    {
      "type": "Feature",
      "geometry": {
        "type": "Point",
        "coordinates": [
          -6.2078976,
          53.3106879
        ]
      },
      "properties": {
        "osm_id": "n1116293583",
        "name": "Spar",
        "category": "supermarket",
        "subcategory": "shop=convenience",
        "lat": 53.3106879,
        "lon": -6.2078976,
        "admin_division": "",
        "county": "dublin"
      }
    },
    {
      "type": "Feature",
      "geometry": {
        "type": "Point",
        "coordinates": [
          -6.2601578,
          53.3456697
        ]
      },
      "properties": {
        "osm_id": "n1155686452",
        "name": "Tesco Express",
        "category": "supermarket",
        "subcategory": "shop=convenience",
        "lat": 53.3456697,
        "lon": -6.2601578,
        "admin_division": "Dublin",
        "county": "dublin"
      }
    },
    {
      "type": "Feature",
      "geometry": {
        "type": "Point",
        "coordinates": [
          -6.3164286,
          53.3766452
        ]
      },
      "properties": {
        "osm_id": "n1159022123",
        "name": "Centra",
        "category": "supermarket",
        "subcategory": "shop=convenience",
        "lat": 53.3766452,
        "lon": -6.3164286,
        "admin_division": "Dublin",
        "county": "dublin"
      }
    },
    {
      "type": "Feature",
      "geometry": {
        "type": "Point",
        "coordinates": [
          -6.2654371,
          53.3500814
        ]
      },
      "properties": {
        "osm_id": "n1204233408",
        "name": "Dunnes Stores",
        "category": "supermarket",
        "subcategory": "shop=supermarket",
        "lat": 53.3500814,
        "lon": -6.2654371,
        "admin_division": "Dublin",
        "county": "dublin"
      }
    },
    {
      "type": "Feature",
      "geometry": {
        "type": "Point",
        "coordinates": [
          -6.2984989,
          53.2903111
        ]
      },
      "properties": {
        "osm_id": "n1223950038",
        "name": "Get Fresh",
        "category": "supermarket",
        "subcategory": "shop=greengrocer",
        "lat": 53.2903111,
        "lon": -6.2984989,
        "admin_division": "",
        "county": "dublin"
      }
    },
    {
      "type": "Feature",
      "geometry": {
        "type": "Point",
        "coordinates": [
          -6.278564,
          53.3426768
        ]
      },
      "properties": {
        "osm_id": "n1226171155",
        "name": "Tesco Express",
        "category": "supermarket",
        "subcategory": "shop=convenience",
        "lat": 53.3426768,
        "lon": -6.278564,
        "admin_division": "Dublin",
        "county": "dublin"
      }
    },
    {
      "type": "Feature",
      "geometry": {
        "type": "Point",
        "coordinates": [
          -6.2754627,
          53.3430786
        ]
      },
      "properties": {
        "osm_id": "n1226174524",
        "name": "Spar",
        "category": "supermarket",
        "subcategory": "shop=convenience",
        "lat": 53.3430786,
        "lon": -6.2754627,
        "admin_division": "Dublin",
        "county": "dublin"
      }
    },
    {
      "type": "Feature",
      "geometry": {
        "type": "Point",
        "coordinates": [
          -6.255392,
          53.374283
        ]
      },
      "properties": {
        "osm_id": "n1252914083",
        "name": "ExtraMart",
        "category": "supermarket",
        "subcategory": "shop=convenience",
        "lat": 53.374283,
        "lon": -6.255392,
        "admin_division": "Dublin",
        "county": "dublin"
      }
    },
    {
      "type": "Feature",
      "geometry": {
        "type": "Point",
        "coordinates": [
          -6.4077991,
          53.3476178
        ]
      },
      "properties": {
        "osm_id": "n1264001281",
        "name": "Lidl",
        "category": "supermarket",
        "subcategory": "shop=supermarket",
        "lat": 53.3476178,
        "lon": -6.4077991,
        "admin_division": "",
        "county": "dublin"
      }
    },
    {
      "type": "Feature",
      "geometry": {
        "type": "Point",
        "coordinates": [
          -6.2868466,
          53.3433719
        ]
      },
      "properties": {
        "osm_id": "n1266621892",
        "name": "Centra",
        "category": "supermarket",
        "subcategory": "shop=convenience",
        "lat": 53.3433719,
        "lon": -6.2868466,
        "admin_division": "Dublin",
        "county": "dublin"
      }
    },
    {
      "type": "Feature",
      "geometry": {
        "type": "Point",
        "coordinates": [
          -6.2888923,
          53.2781768
        ]
      },
      "properties": {
        "osm_id": "n1320101689",
        "name": "Centra",
        "category": "supermarket",
        "subcategory": "shop=convenience",
        "lat": 53.2781768,
        "lon": -6.2888923,
        "admin_division": "",
        "county": "dublin"
      }
    },
    {
      "type": "Feature",
      "geometry": {
        "type": "Point",
        "coordinates": [
          -6.2791202,
          53.3183261
        ]
      },
      "properties": {
        "osm_id": "n1322638073",
        "name": "Spar",
        "category": "supermarket",
        "subcategory": "shop=convenience",
        "lat": 53.3183261,
        "lon": -6.2791202,
        "admin_division": "Dublin",
        "county": "dublin"
      }
    },
    {
      "type": "Feature",
      "geometry": {
        "type": "Point",
        "coordinates": [
          -6.1973529,
          53.607085
        ]
      },
      "properties": {
        "osm_id": "n1324451175",
        "name": "Tesco Extra",
        "category": "supermarket",
        "subcategory": "shop=supermarket",
        "lat": 53.607085,
        "lon": -6.1973529,
        "admin_division": "Balbriggan",
        "county": "dublin"
      }
    },
    {
      "type": "Feature",
      "geometry": {
        "type": "Point",
        "coordinates": [
          -6.2472473,
          53.3778608
        ]
      },
      "properties": {
        "osm_id": "n1332667666",
        "name": "Centra",
        "category": "supermarket",
        "subcategory": "shop=convenience",
        "lat": 53.3778608,
        "lon": -6.2472473,
        "admin_division": "Dublin",
        "county": "dublin"
      }
    },
    {
      "type": "Feature",
      "geometry": {
        "type": "Point",
        "coordinates": [
          -6.2453095,
          53.2793024
        ]
      },
      "properties": {
        "osm_id": "n1350754906",
        "name": "Centra",
        "category": "supermarket",
        "subcategory": "shop=convenience",
        "lat": 53.2793024,
        "lon": -6.2453095,
        "admin_division": "",
        "county": "dublin"
      }
    },
    {
      "type": "Feature",
      "geometry": {
        "type": "Point",
        "coordinates": [
          -6.426592,
          53.4046063
        ]
      },
      "properties": {
        "osm_id": "n1358194718",
        "name": "Spar",
        "category": "supermarket",
        "subcategory": "shop=convenience",
        "lat": 53.4046063,
        "lon": -6.426592,
        "admin_division": "",
        "county": "dublin"
      }
    },
    {
      "type": "Feature",
      "geometry": {
        "type": "Point",
        "coordinates": [
          -6.2649738,
          53.3351116
        ]
      },
      "properties": {
        "osm_id": "n1361340486",
        "name": "Frank's Pork Shop",
        "category": "supermarket",
        "subcategory": "shop=butcher",
        "lat": 53.3351116,
        "lon": -6.2649738,
        "admin_division": "Dublin",
        "county": "dublin"
      }
    },
    {
      "type": "Feature",
      "geometry": {
        "type": "Point",
        "coordinates": [
          -6.2197666,
          53.4571174
        ]
      },
      "properties": {
        "osm_id": "n1399840315",
        "name": "Polonez",
        "category": "supermarket",
        "subcategory": "shop=supermarket",
        "lat": 53.4571174,
        "lon": -6.2197666,
        "admin_division": "",
        "county": "dublin"
      }
    },
    {
      "type": "Feature",
      "geometry": {
        "type": "Point",
        "coordinates": [
          -6.2742004,
          53.3407017
        ]
      },
      "properties": {
        "osm_id": "n1403258746",
        "name": "Lovin' Catering",
        "category": "supermarket",
        "subcategory": "shop=bakery",
        "lat": 53.3407017,
        "lon": -6.2742004,
        "admin_division": "",
        "county": "dublin"
      }
    },
    {
      "type": "Feature",
      "geometry": {
        "type": "Point",
        "coordinates": [
          -6.264223,
          53.3391128
        ]
      },
      "properties": {
        "osm_id": "n1406173509",
        "name": "Tutty's Corner Shop",
        "category": "supermarket",
        "subcategory": "shop=convenience",
        "lat": 53.3391128,
        "lon": -6.264223,
        "admin_division": "Dublin",
        "county": "dublin"
      }
    },
    {
      "type": "Feature",
      "geometry": {
        "type": "Point",
        "coordinates": [
          -6.2649791,
          53.3312357
        ]
      },
      "properties": {
        "osm_id": "n1408878833",
        "name": "The Bretzel Bakery",
        "category": "supermarket",
        "subcategory": "shop=bakery",
        "lat": 53.3312357,
        "lon": -6.2649791,
        "admin_division": "",
        "county": "dublin"
      }
    },
    {
      "type": "Feature",
      "geometry": {
        "type": "Point",
        "coordinates": [
          -6.1355784,
          53.2675643
        ]
      },
      "properties": {
        "osm_id": "n1411222303",
        "name": "SuperValu",
        "category": "supermarket",
        "subcategory": "shop=supermarket",
        "lat": 53.2675643,
        "lon": -6.1355784,
        "admin_division": "",
        "county": "dublin"
      }
    },
    {
      "type": "Feature",
      "geometry": {
        "type": "Point",
        "coordinates": [
          -6.1344008,
          53.256366
        ]
      },
      "properties": {
        "osm_id": "n1411222305",
        "name": "Tesco",
        "category": "supermarket",
        "subcategory": "shop=supermarket",
        "lat": 53.256366,
        "lon": -6.1344008,
        "admin_division": "",
        "county": "dublin"
      }
    },
    {
      "type": "Feature",
      "geometry": {
        "type": "Point",
        "coordinates": [
          -6.278201,
          53.3401127
        ]
      },
      "properties": {
        "osm_id": "n1412421802",
        "name": "Bakeology",
        "category": "supermarket",
        "subcategory": "amenity=fast_food",
        "lat": 53.3401127,
        "lon": -6.278201,
        "admin_division": "",
        "county": "dublin"
      }
    },
    {
      "type": "Feature",
      "geometry": {
        "type": "Point",
        "coordinates": [
          -6.2413409,
          53.2863808
        ]
      },
      "properties": {
        "osm_id": "n1416734129",
        "name": "Tesco",
        "category": "supermarket",
        "subcategory": "shop=supermarket",
        "lat": 53.2863808,
        "lon": -6.2413409,
        "admin_division": "Dundrum",
        "county": "dublin"
      }
    },
    {
      "type": "Feature",
      "geometry": {
        "type": "Point",
        "coordinates": [
          -6.1986319,
          53.3042675
        ]
      },
      "properties": {
        "osm_id": "n1418297159",
        "name": "Clark's",
        "category": "supermarket",
        "subcategory": "shop=convenience",
        "lat": 53.3042675,
        "lon": -6.1986319,
        "admin_division": "",
        "county": "dublin"
      }
    },
    {
      "type": "Feature",
      "geometry": {
        "type": "Point",
        "coordinates": [
          -6.1976972,
          53.3053453
        ]
      },
      "properties": {
        "osm_id": "n1418305350",
        "name": "Gleesons Food Corner",
        "category": "supermarket",
        "subcategory": "shop=convenience",
        "lat": 53.3053453,
        "lon": -6.1976972,
        "admin_division": "",
        "county": "dublin"
      }
    },
    {
      "type": "Feature",
      "geometry": {
        "type": "Point",
        "coordinates": [
          -6.2005924,
          53.2889591
        ]
      },
      "properties": {
        "osm_id": "n1420119533",
        "name": "Tesco",
        "category": "supermarket",
        "subcategory": "shop=supermarket",
        "lat": 53.2889591,
        "lon": -6.2005924,
        "admin_division": "",
        "county": "dublin"
      }
    },
    {
      "type": "Feature",
      "geometry": {
        "type": "Point",
        "coordinates": [
          -6.3534266,
          53.2760364
        ]
      },
      "properties": {
        "osm_id": "n1420913322",
        "name": "Centra",
        "category": "supermarket",
        "subcategory": "shop=convenience",
        "lat": 53.2760364,
        "lon": -6.3534266,
        "admin_division": "Tallaght",
        "county": "dublin"
      }
    },
    {
      "type": "Feature",
      "geometry": {
        "type": "Point",
        "coordinates": [
          -6.3662953,
          53.2759091
        ]
      },
      "properties": {
        "osm_id": "n1420913522",
        "name": "SuperValu",
        "category": "supermarket",
        "subcategory": "shop=supermarket",
        "lat": 53.2759091,
        "lon": -6.3662953,
        "admin_division": "Tallaght",
        "county": "dublin"
      }
    },
    {
      "type": "Feature",
      "geometry": {
        "type": "Point",
        "coordinates": [
          -6.3265848,
          53.3781237
        ]
      },
      "properties": {
        "osm_id": "n1423523492",
        "name": "Spar",
        "category": "supermarket",
        "subcategory": "shop=convenience",
        "lat": 53.3781237,
        "lon": -6.3265848,
        "admin_division": "",
        "county": "dublin"
      }
    },
    {
      "type": "Feature",
      "geometry": {
        "type": "Point",
        "coordinates": [
          -6.4210578,
          53.2907565
        ]
      },
      "properties": {
        "osm_id": "n1424006130",
        "name": "Spar",
        "category": "supermarket",
        "subcategory": "shop=convenience",
        "lat": 53.2907565,
        "lon": -6.4210578,
        "admin_division": "",
        "county": "dublin"
      }
    },
    {
      "type": "Feature",
      "geometry": {
        "type": "Point",
        "coordinates": [
          -6.330504,
          53.2757406
        ]
      },
      "properties": {
        "osm_id": "n1424006131",
        "name": "Spar",
        "category": "supermarket",
        "subcategory": "shop=convenience",
        "lat": 53.2757406,
        "lon": -6.330504,
        "admin_division": "",
        "county": "dublin"
      }
    },
    {
      "type": "Feature",
      "geometry": {
        "type": "Point",
        "coordinates": [
          -6.4230167,
          53.2824594
        ]
      },
      "properties": {
        "osm_id": "n1425052213",
        "name": "Dunnes Stores",
        "category": "supermarket",
        "subcategory": "shop=supermarket",
        "lat": 53.2824594,
        "lon": -6.4230167,
        "admin_division": "Citywest",
        "county": "dublin"
      }
    },
    {
      "type": "Feature",
      "geometry": {
        "type": "Point",
        "coordinates": [
          -6.2967784,
          53.2974736
        ]
      },
      "properties": {
        "osm_id": "n1425374426",
        "name": "Tesco",
        "category": "supermarket",
        "subcategory": "shop=supermarket",
        "lat": 53.2974736,
        "lon": -6.2967784,
        "admin_division": "",
        "county": "dublin"
      }
    },
    {
      "type": "Feature",
      "geometry": {
        "type": "Point",
        "coordinates": [
          -6.1803734,
          53.2974762
        ]
      },
      "properties": {
        "osm_id": "n1425999498",
        "name": "On A Platter",
        "category": "supermarket",
        "subcategory": "shop=convenience",
        "lat": 53.2974762,
        "lon": -6.1803734,
        "admin_division": "",
        "county": "dublin"
      }
    },
    {
      "type": "Feature",
      "geometry": {
        "type": "Point",
        "coordinates": [
          -6.1798028,
          53.3018214
        ]
      },
      "properties": {
        "osm_id": "n1425999503",
        "name": "SuperValu",
        "category": "supermarket",
        "subcategory": "shop=supermarket",
        "lat": 53.3018214,
        "lon": -6.1798028,
        "admin_division": "Blackrock",
        "county": "dublin"
      }
    },
    {
      "type": "Feature",
      "geometry": {
        "type": "Point",
        "coordinates": [
          -6.1352047,
          53.292291
        ]
      },
      "properties": {
        "osm_id": "n1425999504",
        "name": "SuperValu",
        "category": "supermarket",
        "subcategory": "shop=supermarket",
        "lat": 53.292291,
        "lon": -6.1352047,
        "admin_division": "Dún Laoghaire",
        "county": "dublin"
      }
    },
    {
      "type": "Feature",
      "geometry": {
        "type": "Point",
        "coordinates": [
          -6.26489,
          53.3253249
        ]
      },
      "properties": {
        "osm_id": "n1426048599",
        "name": "Aldi",
        "category": "supermarket",
        "subcategory": "shop=supermarket",
        "lat": 53.3253249,
        "lon": -6.26489,
        "admin_division": "Dublin",
        "county": "dublin"
      }
    },
    {
      "type": "Feature",
      "geometry": {
        "type": "Point",
        "coordinates": [
          -6.2804506,
          53.3431874
        ]
      },
      "properties": {
        "osm_id": "n1426048603",
        "name": "Lidl",
        "category": "supermarket",
        "subcategory": "shop=supermarket",
        "lat": 53.3431874,
        "lon": -6.2804506,
        "admin_division": "Dublin",
        "county": "dublin"
      }
    },
    {
      "type": "Feature",
      "geometry": {
        "type": "Point",
        "coordinates": [
          -6.2800972,
          53.3431167
        ]
      },
      "properties": {
        "osm_id": "n1426048608",
        "name": "Spar",
        "category": "supermarket",
        "subcategory": "shop=convenience",
        "lat": 53.3431167,
        "lon": -6.2800972,
        "admin_division": "Dublin",
        "county": "dublin"
      }
    },
    {
      "type": "Feature",
      "geometry": {
        "type": "Point",
        "coordinates": [
          -6.2646174,
          53.3290694
        ]
      },
      "properties": {
        "osm_id": "n1426048691",
        "name": "Spar",
        "category": "supermarket",
        "subcategory": "shop=convenience",
        "lat": 53.3290694,
        "lon": -6.2646174,
        "admin_division": "",
        "county": "dublin"
      }
    },
    {
      "type": "Feature",
      "geometry": {
        "type": "Point",
        "coordinates": [
          -6.2646559,
          53.3324609
        ]
      },
      "properties": {
        "osm_id": "n1426048718",
        "name": "Spar",
        "category": "supermarket",
        "subcategory": "shop=convenience",
        "lat": 53.3324609,
        "lon": -6.2646559,
        "admin_division": "",
        "county": "dublin"
      }
    },
    {
      "type": "Feature",
      "geometry": {
        "type": "Point",
        "coordinates": [
          -6.2873554,
          53.3365814
        ]
      },
      "properties": {
        "osm_id": "n1426100407",
        "name": "Lidl",
        "category": "supermarket",
        "subcategory": "shop=supermarket",
        "lat": 53.3365814,
        "lon": -6.2873554,
        "admin_division": "Dublin",
        "county": "dublin"
      }
    },
    {
      "type": "Feature",
      "geometry": {
        "type": "Point",
        "coordinates": [
          -6.291977,
          53.333289
        ]
      },
      "properties": {
        "osm_id": "n1426100434",
        "name": "Tesco Express",
        "category": "supermarket",
        "subcategory": "shop=convenience",
        "lat": 53.333289,
        "lon": -6.291977,
        "admin_division": "Dublin",
        "county": "dublin"
      }
    },
    {
      "type": "Feature",
      "geometry": {
        "type": "Point",
        "coordinates": [
          -6.2062079,
          53.6130842
        ]
      },
      "properties": {
        "osm_id": "n1426131461",
        "name": "Dunnes Stores",
        "category": "supermarket",
        "subcategory": "shop=supermarket",
        "lat": 53.6130842,
        "lon": -6.2062079,
        "admin_division": "",
        "county": "dublin"
      }
    },
    {
      "type": "Feature",
      "geometry": {
        "type": "Point",
        "coordinates": [
          -6.1098026,
          53.390043
        ]
      },
      "properties": {
        "osm_id": "n1430145811",
        "name": "SuperValu",
        "category": "supermarket",
        "subcategory": "shop=supermarket",
        "lat": 53.390043,
        "lon": -6.1098026,
        "admin_division": "Sutton",
        "county": "dublin"
      }
    },
    {
      "type": "Feature",
      "geometry": {
        "type": "Point",
        "coordinates": [
          -6.1825227,
          53.3888234
        ]
      },
      "properties": {
        "osm_id": "n1432780727",
        "name": "Centra",
        "category": "supermarket",
        "subcategory": "shop=convenience",
        "lat": 53.3888234,
        "lon": -6.1825227,
        "admin_division": "Dublin",
        "county": "dublin"
      }
    },
    {
      "type": "Feature",
      "geometry": {
        "type": "Point",
        "coordinates": [
          -6.2415179,
          53.337778
        ]
      },
      "properties": {
        "osm_id": "n1432810101",
        "name": "Spar",
        "category": "supermarket",
        "subcategory": "shop=convenience",
        "lat": 53.337778,
        "lon": -6.2415179,
        "admin_division": "Dublin",
        "county": "dublin"
      }
    },
    {
      "type": "Feature",
      "geometry": {
        "type": "Point",
        "coordinates": [
          -6.279742,
          53.3427888
        ]
      },
      "properties": {
        "osm_id": "n1473450253",
        "name": "Mannings Bakery & Café",
        "category": "supermarket",
        "subcategory": "shop=bakery",
        "lat": 53.3427888,
        "lon": -6.279742,
        "admin_division": "Dublin",
        "county": "dublin"
      }
    },
    {
      "type": "Feature",
      "geometry": {
        "type": "Point",
        "coordinates": [
          -6.2787003,
          53.342689
        ]
      },
      "properties": {
        "osm_id": "n1473450267",
        "name": "Centra",
        "category": "supermarket",
        "subcategory": "shop=convenience",
        "lat": 53.342689,
        "lon": -6.2787003,
        "admin_division": "Dublin",
        "county": "dublin"
      }
    },
    {
      "type": "Feature",
      "geometry": {
        "type": "Point",
        "coordinates": [
          -6.2764058,
          53.343166
        ]
      },
      "properties": {
        "osm_id": "n1473487754",
        "name": "Walsh",
        "category": "supermarket",
        "subcategory": "shop=convenience",
        "lat": 53.343166,
        "lon": -6.2764058,
        "admin_division": "Dublin",
        "county": "dublin"
      }
    },
    {
      "type": "Feature",
      "geometry": {
        "type": "Point",
        "coordinates": [
          -6.279003,
          53.342526
        ]
      },
      "properties": {
        "osm_id": "n1473502330",
        "name": "Sunflower",
        "category": "supermarket",
        "subcategory": "shop=convenience",
        "lat": 53.342526,
        "lon": -6.279003,
        "admin_division": "",
        "county": "dublin"
      }
    },
    {
      "type": "Feature",
      "geometry": {
        "type": "Point",
        "coordinates": [
          -6.2791961,
          53.3421553
        ]
      },
      "properties": {
        "osm_id": "n1473502331",
        "name": "C&N Meats",
        "category": "supermarket",
        "subcategory": "shop=butcher",
        "lat": 53.3421553,
        "lon": -6.2791961,
        "admin_division": "",
        "county": "dublin"
      }
    },
    {
      "type": "Feature",
      "geometry": {
        "type": "Point",
        "coordinates": [
          -6.2719512,
          53.3897574
        ]
      },
      "properties": {
        "osm_id": "n1484733483",
        "name": "Mace",
        "category": "supermarket",
        "subcategory": "shop=convenience",
        "lat": 53.3897574,
        "lon": -6.2719512,
        "admin_division": "",
        "county": "dublin"
      }
    },
    {
      "type": "Feature",
      "geometry": {
        "type": "Point",
        "coordinates": [
          -6.2870802,
          53.3906622
        ]
      },
      "properties": {
        "osm_id": "n1484734454",
        "name": "Tesco Express",
        "category": "supermarket",
        "subcategory": "shop=convenience",
        "lat": 53.3906622,
        "lon": -6.2870802,
        "admin_division": "Dublin",
        "county": "dublin"
      }
    },
    {
      "type": "Feature",
      "geometry": {
        "type": "Point",
        "coordinates": [
          -6.2864009,
          53.3906775
        ]
      },
      "properties": {
        "osm_id": "n1484734457",
        "name": "Spar",
        "category": "supermarket",
        "subcategory": "shop=convenience",
        "lat": 53.3906775,
        "lon": -6.2864009,
        "admin_division": "Dublin",
        "county": "dublin"
      }
    },
    {
      "type": "Feature",
      "geometry": {
        "type": "Point",
        "coordinates": [
          -6.2589715,
          53.3525238
        ]
      },
      "properties": {
        "osm_id": "n1488891293",
        "name": "Centra",
        "category": "supermarket",
        "subcategory": "shop=convenience",
        "lat": 53.3525238,
        "lon": -6.2589715,
        "admin_division": "Dublin",
        "county": "dublin"
      }
    },
    {
      "type": "Feature",
      "geometry": {
        "type": "Point",
        "coordinates": [
          -6.2656762,
          53.3856137
        ]
      },
      "properties": {
        "osm_id": "n1496722630",
        "name": "Eurospar",
        "category": "supermarket",
        "subcategory": "shop=supermarket",
        "lat": 53.3856137,
        "lon": -6.2656762,
        "admin_division": "Dublin",
        "county": "dublin"
      }
    },
    {
      "type": "Feature",
      "geometry": {
        "type": "Point",
        "coordinates": [
          -6.2606164,
          53.4037851
        ]
      },
      "properties": {
        "osm_id": "n1496743860",
        "name": "Eurospar",
        "category": "supermarket",
        "subcategory": "shop=supermarket",
        "lat": 53.4037851,
        "lon": -6.2606164,
        "admin_division": "Dublin",
        "county": "dublin"
      }
    },
    {
      "type": "Feature",
      "geometry": {
        "type": "Point",
        "coordinates": [
          -6.2265567,
          53.3855543
        ]
      },
      "properties": {
        "osm_id": "n1496778369",
        "name": "The Hatch",
        "category": "supermarket",
        "subcategory": "shop=convenience",
        "lat": 53.3855543,
        "lon": -6.2265567,
        "admin_division": "",
        "county": "dublin"
      }
    },
    {
      "type": "Feature",
      "geometry": {
        "type": "Point",
        "coordinates": [
          -6.2416328,
          53.381778
        ]
      },
      "properties": {
        "osm_id": "n1496779548",
        "name": "Costcutter",
        "category": "supermarket",
        "subcategory": "shop=convenience",
        "lat": 53.381778,
        "lon": -6.2416328,
        "admin_division": "Dublin",
        "county": "dublin"
      }
    },
    {
      "type": "Feature",
      "geometry": {
        "type": "Point",
        "coordinates": [
          -6.2404715,
          53.3815147
        ]
      },
      "properties": {
        "osm_id": "n1496779550",
        "name": "Gala",
        "category": "supermarket",
        "subcategory": "shop=convenience",
        "lat": 53.3815147,
        "lon": -6.2404715,
        "admin_division": "Dublin",
        "county": "dublin"
      }
    },
    {
      "type": "Feature",
      "geometry": {
        "type": "Point",
        "coordinates": [
          -6.2424258,
          53.3490574
        ]
      },
      "properties": {
        "osm_id": "n1497890060",
        "name": "Fresh",
        "category": "supermarket",
        "subcategory": "shop=convenience",
        "lat": 53.3490574,
        "lon": -6.2424258,
        "admin_division": "Dublin",
        "county": "dublin"
      }
    },
    {
      "type": "Feature",
      "geometry": {
        "type": "Point",
        "coordinates": [
          -6.2446516,
          53.349442
        ]
      },
      "properties": {
        "osm_id": "n1497890061",
        "name": "Spar",
        "category": "supermarket",
        "subcategory": "shop=convenience",
        "lat": 53.349442,
        "lon": -6.2446516,
        "admin_division": "Dublin",
        "county": "dublin"
      }
    },
    {
      "type": "Feature",
      "geometry": {
        "type": "Point",
        "coordinates": [
          -6.2984526,
          53.2906774
        ]
      },
      "properties": {
        "osm_id": "n1500342036",
        "name": "SuperValu",
        "category": "supermarket",
        "subcategory": "shop=supermarket",
        "lat": 53.2906774,
        "lon": -6.2984526,
        "admin_division": "",
        "county": "dublin"
      }
    },
    {
      "type": "Feature",
      "geometry": {
        "type": "Point",
        "coordinates": [
          -6.3183296,
          53.3155548
        ]
      },
      "properties": {
        "osm_id": "n1500501199",
        "name": "Dunnes Stores",
        "category": "supermarket",
        "subcategory": "shop=supermarket",
        "lat": 53.3155548,
        "lon": -6.3183296,
        "admin_division": "Dublin",
        "county": "dublin"
      }
    },
    {
      "type": "Feature",
      "geometry": {
        "type": "Point",
        "coordinates": [
          -6.316775,
          53.3158815
        ]
      },
      "properties": {
        "osm_id": "n1500501202",
        "name": "Keogh's Butchers",
        "category": "supermarket",
        "subcategory": "shop=butcher",
        "lat": 53.3158815,
        "lon": -6.316775,
        "admin_division": "",
        "county": "dublin"
      }
    },
    {
      "type": "Feature",
      "geometry": {
        "type": "Point",
        "coordinates": [
          -6.2162367,
          53.2781048
        ]
      },
      "properties": {
        "osm_id": "n1500542367",
        "name": "Dunnes Stores",
        "category": "supermarket",
        "subcategory": "shop=supermarket",
        "lat": 53.2781048,
        "lon": -6.2162367,
        "admin_division": "",
        "county": "dublin"
      }
    },
    {
      "type": "Feature",
      "geometry": {
        "type": "Point",
        "coordinates": [
          -6.2350096,
          53.3633965
        ]
      },
      "properties": {
        "osm_id": "n1508841440",
        "name": "Tesco Express",
        "category": "supermarket",
        "subcategory": "shop=convenience",
        "lat": 53.3633965,
        "lon": -6.2350096,
        "admin_division": "Dublin",
        "county": "dublin"
      }
    },
    {
      "type": "Feature",
      "geometry": {
        "type": "Point",
        "coordinates": [
          -6.2399322,
          53.3627453
        ]
      },
      "properties": {
        "osm_id": "n1508853551",
        "name": "J. Tallon",
        "category": "supermarket",
        "subcategory": "shop=convenience",
        "lat": 53.3627453,
        "lon": -6.2399322,
        "admin_division": "",
        "county": "dublin"
      }
    },
    {
      "type": "Feature",
      "geometry": {
        "type": "Point",
        "coordinates": [
          -6.2273429,
          53.3675616
        ]
      },
      "properties": {
        "osm_id": "n1508868461",
        "name": "Centra",
        "category": "supermarket",
        "subcategory": "shop=convenience",
        "lat": 53.3675616,
        "lon": -6.2273429,
        "admin_division": "Dublin",
        "county": "dublin"
      }
    },
    {
      "type": "Feature",
      "geometry": {
        "type": "Point",
        "coordinates": [
          -6.3979932,
          53.3443371
        ]
      },
      "properties": {
        "osm_id": "n1512943351",
        "name": "SuperValu",
        "category": "supermarket",
        "subcategory": "shop=supermarket",
        "lat": 53.3443371,
        "lon": -6.3979932,
        "admin_division": "",
        "county": "dublin"
      }
    },
    {
      "type": "Feature",
      "geometry": {
        "type": "Point",
        "coordinates": [
          -6.4007137,
          53.3382314
        ]
      },
      "properties": {
        "osm_id": "n1513102925",
        "name": "",
        "category": "supermarket",
        "subcategory": "shop=butcher",
        "lat": 53.3382314,
        "lon": -6.4007137,
        "admin_division": "",
        "county": "dublin"
      }
    },
    {
      "type": "Feature",
      "geometry": {
        "type": "Point",
        "coordinates": [
          -6.2702769,
          53.3430505
        ]
      },
      "properties": {
        "osm_id": "n1514079573",
        "name": "Sunny's Newsagents",
        "category": "supermarket",
        "subcategory": "shop=convenience",
        "lat": 53.3430505,
        "lon": -6.2702769,
        "admin_division": "Dublin",
        "county": "dublin"
      }
    },
    {
      "type": "Feature",
      "geometry": {
        "type": "Point",
        "coordinates": [
          -6.2294315,
          53.2650795
        ]
      },
      "properties": {
        "osm_id": "n1514262473",
        "name": "Today's Express",
        "category": "supermarket",
        "subcategory": "shop=convenience",
        "lat": 53.2650795,
        "lon": -6.2294315,
        "admin_division": "",
        "county": "dublin"
      }
    },
    {
      "type": "Feature",
      "geometry": {
        "type": "Point",
        "coordinates": [
          -6.2584067,
          53.3632099
        ]
      },
      "properties": {
        "osm_id": "n1517611762",
        "name": "Centra",
        "category": "supermarket",
        "subcategory": "shop=convenience",
        "lat": 53.3632099,
        "lon": -6.2584067,
        "admin_division": "Dublin",
        "county": "dublin"
      }
    },
    {
      "type": "Feature",
      "geometry": {
        "type": "Point",
        "coordinates": [
          -6.2135146,
          53.3630054
        ]
      },
      "properties": {
        "osm_id": "n1517841971",
        "name": "Spar",
        "category": "supermarket",
        "subcategory": "shop=convenience",
        "lat": 53.3630054,
        "lon": -6.2135146,
        "admin_division": "",
        "county": "dublin"
      }
    },
    {
      "type": "Feature",
      "geometry": {
        "type": "Point",
        "coordinates": [
          -6.1984908,
          53.2881751
        ]
      },
      "properties": {
        "osm_id": "n1520326681",
        "name": "Lidl",
        "category": "supermarket",
        "subcategory": "shop=supermarket",
        "lat": 53.2881751,
        "lon": -6.1984908,
        "admin_division": "",
        "county": "dublin"
      }
    },
    {
      "type": "Feature",
      "geometry": {
        "type": "Point",
        "coordinates": [
          -6.2270344,
          53.3571369
        ]
      },
      "properties": {
        "osm_id": "n1521570236",
        "name": "Spar",
        "category": "supermarket",
        "subcategory": "shop=convenience",
        "lat": 53.3571369,
        "lon": -6.2270344,
        "admin_division": "Dublin",
        "county": "dublin"
      }
    },
    {
      "type": "Feature",
      "geometry": {
        "type": "Point",
        "coordinates": [
          -6.2009442,
          53.387255
        ]
      },
      "properties": {
        "osm_id": "n1521660954",
        "name": "Spar",
        "category": "supermarket",
        "subcategory": "shop=convenience",
        "lat": 53.387255,
        "lon": -6.2009442,
        "admin_division": "Coolock Village, Dublin",
        "county": "dublin"
      }
    },
    {
      "type": "Feature",
      "geometry": {
        "type": "Point",
        "coordinates": [
          -6.1952338,
          53.3886828
        ]
      },
      "properties": {
        "osm_id": "n1521665241",
        "name": "Spar",
        "category": "supermarket",
        "subcategory": "shop=convenience",
        "lat": 53.3886828,
        "lon": -6.1952338,
        "admin_division": "",
        "county": "dublin"
      }
    },
    {
      "type": "Feature",
      "geometry": {
        "type": "Point",
        "coordinates": [
          -6.1272131,
          53.3979941
        ]
      },
      "properties": {
        "osm_id": "n1528838351",
        "name": "Graingers",
        "category": "supermarket",
        "subcategory": "shop=convenience",
        "lat": 53.3979941,
        "lon": -6.1272131,
        "admin_division": "",
        "county": "dublin"
      }
    },
    {
      "type": "Feature",
      "geometry": {
        "type": "Point",
        "coordinates": [
          -6.2221597,
          53.3964421
        ]
      },
      "properties": {
        "osm_id": "n1529939346",
        "name": "Centra",
        "category": "supermarket",
        "subcategory": "shop=convenience",
        "lat": 53.3964421,
        "lon": -6.2221597,
        "admin_division": "Dublin",
        "county": "dublin"
      }
    },
    {
      "type": "Feature",
      "geometry": {
        "type": "Point",
        "coordinates": [
          -6.2117052,
          53.3863999
        ]
      },
      "properties": {
        "osm_id": "n1529996795",
        "name": "Jays Newsagents",
        "category": "supermarket",
        "subcategory": "shop=convenience",
        "lat": 53.3863999,
        "lon": -6.2117052,
        "admin_division": "Dublin",
        "county": "dublin"
      }
    },
    {
      "type": "Feature",
      "geometry": {
        "type": "Point",
        "coordinates": [
          -6.2075225,
          53.3823479
        ]
      },
      "properties": {
        "osm_id": "n1529996816",
        "name": "Spar",
        "category": "supermarket",
        "subcategory": "shop=convenience",
        "lat": 53.3823479,
        "lon": -6.2075225,
        "admin_division": "Dublin",
        "county": "dublin"
      }
    },
    {
      "type": "Feature",
      "geometry": {
        "type": "Point",
        "coordinates": [
          -6.2151041,
          53.3832526
        ]
      },
      "properties": {
        "osm_id": "n1529996831",
        "name": "Tesco",
        "category": "supermarket",
        "subcategory": "shop=supermarket",
        "lat": 53.3832526,
        "lon": -6.2151041,
        "admin_division": "Dublin",
        "county": "dublin"
      }
    },
    {
      "type": "Feature",
      "geometry": {
        "type": "Point",
        "coordinates": [
          -6.1305243,
          53.4349575
        ]
      },
      "properties": {
        "osm_id": "n1540781089",
        "name": "Tony Higgins",
        "category": "supermarket",
        "subcategory": "shop=butcher",
        "lat": 53.4349575,
        "lon": -6.1305243,
        "admin_division": "",
        "county": "dublin"
      }
    },
    {
      "type": "Feature",
      "geometry": {
        "type": "Point",
        "coordinates": [
          -6.1305882,
          53.4346959
        ]
      },
      "properties": {
        "osm_id": "n1560002603",
        "name": "Dunnes Stores",
        "category": "supermarket",
        "subcategory": "shop=supermarket",
        "lat": 53.4346959,
        "lon": -6.1305882,
        "admin_division": "",
        "county": "dublin"
      }
    },
    {
      "type": "Feature",
      "geometry": {
        "type": "Point",
        "coordinates": [
          -6.243505,
          53.4524348
        ]
      },
      "properties": {
        "osm_id": "n1560022629",
        "name": "Daybreak",
        "category": "supermarket",
        "subcategory": "shop=convenience",
        "lat": 53.4524348,
        "lon": -6.243505,
        "admin_division": "Swords",
        "county": "dublin"
      }
    },
    {
      "type": "Feature",
      "geometry": {
        "type": "Point",
        "coordinates": [
          -6.3829287,
          53.5676329
        ]
      },
      "properties": {
        "osm_id": "n1563623744",
        "name": "Branagan's Craft Butchers",
        "category": "supermarket",
        "subcategory": "shop=butcher",
        "lat": 53.5676329,
        "lon": -6.3829287,
        "admin_division": "",
        "county": "dublin"
      }
    },
    {
      "type": "Feature",
      "geometry": {
        "type": "Point",
        "coordinates": [
          -6.2478958,
          53.4306213
        ]
      },
      "properties": {
        "osm_id": "n1587068204",
        "name": "Dublin Airport Duty Free",
        "category": "supermarket",
        "subcategory": "shop=convenience",
        "lat": 53.4306213,
        "lon": -6.2478958,
        "admin_division": "Dublin Airport",
        "county": "dublin"
      }
    },
    {
      "type": "Feature",
      "geometry": {
        "type": "Point",
        "coordinates": [
          -6.213208,
          53.2796868
        ]
      },
      "properties": {
        "osm_id": "n1596079339",
        "name": "Aldi",
        "category": "supermarket",
        "subcategory": "shop=supermarket",
        "lat": 53.2796868,
        "lon": -6.213208,
        "admin_division": "Sandyford Industrial Estate",
        "county": "dublin"
      }
    },
    {
      "type": "Feature",
      "geometry": {
        "type": "Point",
        "coordinates": [
          -6.2657757,
          53.3370952
        ]
      },
      "properties": {
        "osm_id": "n1596424007",
        "name": "Evergreen",
        "category": "supermarket",
        "subcategory": "shop=greengrocer",
        "lat": 53.3370952,
        "lon": -6.2657757,
        "admin_division": "Dublin",
        "county": "dublin"
      }
    },
    {
      "type": "Feature",
      "geometry": {
        "type": "Point",
        "coordinates": [
          -6.2750916,
          53.3338683
        ]
      },
      "properties": {
        "osm_id": "n1642977418",
        "name": "Mace",
        "category": "supermarket",
        "subcategory": "shop=convenience",
        "lat": 53.3338683,
        "lon": -6.2750916,
        "admin_division": "",
        "county": "dublin"
      }
    },
    {
      "type": "Feature",
      "geometry": {
        "type": "Point",
        "coordinates": [
          -6.1384561,
          53.3965951
        ]
      },
      "properties": {
        "osm_id": "n1667817421",
        "name": "Lidl",
        "category": "supermarket",
        "subcategory": "shop=supermarket",
        "lat": 53.3965951,
        "lon": -6.1384561,
        "admin_division": "Baldoyle",
        "county": "dublin"
      }
    },
    {
      "type": "Feature",
      "geometry": {
        "type": "Point",
        "coordinates": [
          -6.2748977,
          53.3323327
        ]
      },
      "properties": {
        "osm_id": "n1669971442",
        "name": "Ennis Butchers",
        "category": "supermarket",
        "subcategory": "shop=butcher",
        "lat": 53.3323327,
        "lon": -6.2748977,
        "admin_division": "Dublin",
        "county": "dublin"
      }
    },
    {
      "type": "Feature",
      "geometry": {
        "type": "Point",
        "coordinates": [
          -6.2332819,
          53.3565824
        ]
      },
      "properties": {
        "osm_id": "n1671341571",
        "name": "Centra",
        "category": "supermarket",
        "subcategory": "shop=convenience",
        "lat": 53.3565824,
        "lon": -6.2332819,
        "admin_division": "Dublin",
        "county": "dublin"
      }
    },
    {
      "type": "Feature",
      "geometry": {
        "type": "Point",
        "coordinates": [
          -6.298917,
          53.3611864
        ]
      },
      "properties": {
        "osm_id": "n1676063380",
        "name": "Polonez",
        "category": "supermarket",
        "subcategory": "shop=supermarket",
        "lat": 53.3611864,
        "lon": -6.298917,
        "admin_division": "",
        "county": "dublin"
      }
    },
    {
      "type": "Feature",
      "geometry": {
        "type": "Point",
        "coordinates": [
          -6.2579722,
          53.3502629
        ]
      },
      "properties": {
        "osm_id": "n1712114849",
        "name": "FX Buckley",
        "category": "supermarket",
        "subcategory": "shop=butcher",
        "lat": 53.3502629,
        "lon": -6.2579722,
        "admin_division": "Dublin",
        "county": "dublin"
      }
    },
    {
      "type": "Feature",
      "geometry": {
        "type": "Point",
        "coordinates": [
          -6.4562639,
          53.2843815
        ]
      },
      "properties": {
        "osm_id": "n1757200632",
        "name": "Avoca",
        "category": "supermarket",
        "subcategory": "shop=supermarket",
        "lat": 53.2843815,
        "lon": -6.4562639,
        "admin_division": "Rathcoole",
        "county": "dublin"
      }
    },
    {
      "type": "Feature",
      "geometry": {
        "type": "Point",
        "coordinates": [
          -6.3212473,
          53.3254757
        ]
      },
      "properties": {
        "osm_id": "n1757721324",
        "name": "Spar",
        "category": "supermarket",
        "subcategory": "shop=convenience",
        "lat": 53.3254757,
        "lon": -6.3212473,
        "admin_division": "",
        "county": "dublin"
      }
    },
    {
      "type": "Feature",
      "geometry": {
        "type": "Point",
        "coordinates": [
          -6.3947006,
          53.3206084
        ]
      },
      "properties": {
        "osm_id": "n1813169738",
        "name": "Nearby",
        "category": "supermarket",
        "subcategory": "shop=convenience",
        "lat": 53.3206084,
        "lon": -6.3947006,
        "admin_division": "Clondalkin",
        "county": "dublin"
      }
    },
    {
      "type": "Feature",
      "geometry": {
        "type": "Point",
        "coordinates": [
          -6.453273,
          53.3479966
        ]
      },
      "properties": {
        "osm_id": "n1822737667",
        "name": "SuperValu",
        "category": "supermarket",
        "subcategory": "shop=supermarket",
        "lat": 53.3479966,
        "lon": -6.453273,
        "admin_division": "Lucan",
        "county": "dublin"
      }
    },
    {
      "type": "Feature",
      "geometry": {
        "type": "Point",
        "coordinates": [
          -6.1877132,
          53.6120087
        ]
      },
      "properties": {
        "osm_id": "n1824050229",
        "name": "",
        "category": "supermarket",
        "subcategory": "shop=convenience",
        "lat": 53.6120087,
        "lon": -6.1877132,
        "admin_division": "",
        "county": "dublin"
      }
    },
    {
      "type": "Feature",
      "geometry": {
        "type": "Point",
        "coordinates": [
          -6.1893091,
          53.6131217
        ]
      },
      "properties": {
        "osm_id": "n1824050231",
        "name": "",
        "category": "supermarket",
        "subcategory": "shop=convenience",
        "lat": 53.6131217,
        "lon": -6.1893091,
        "admin_division": "",
        "county": "dublin"
      }
    },
    {
      "type": "Feature",
      "geometry": {
        "type": "Point",
        "coordinates": [
          -6.2057564,
          53.6131408
        ]
      },
      "properties": {
        "osm_id": "n1824060138",
        "name": "Castle Mill Butchers",
        "category": "supermarket",
        "subcategory": "shop=butcher",
        "lat": 53.6131408,
        "lon": -6.2057564,
        "admin_division": "",
        "county": "dublin"
      }
    },
    {
      "type": "Feature",
      "geometry": {
        "type": "Point",
        "coordinates": [
          -6.2784107,
          53.3426856
        ]
      },
      "properties": {
        "osm_id": "n1901105070",
        "name": "Bengal",
        "category": "supermarket",
        "subcategory": "shop=greengrocer",
        "lat": 53.3426856,
        "lon": -6.2784107,
        "admin_division": "",
        "county": "dublin"
      }
    },
    {
      "type": "Feature",
      "geometry": {
        "type": "Point",
        "coordinates": [
          -6.2686622,
          53.3437628
        ]
      },
      "properties": {
        "osm_id": "n1927532768",
        "name": "Gate Newsagent",
        "category": "supermarket",
        "subcategory": "shop=convenience",
        "lat": 53.3437628,
        "lon": -6.2686622,
        "admin_division": "",
        "county": "dublin"
      }
    },
    {
      "type": "Feature",
      "geometry": {
        "type": "Point",
        "coordinates": [
          -6.1782742,
          53.3805074
        ]
      },
      "properties": {
        "osm_id": "n1927714963",
        "name": "SuperValu",
        "category": "supermarket",
        "subcategory": "shop=supermarket",
        "lat": 53.3805074,
        "lon": -6.1782742,
        "admin_division": "Dublin",
        "county": "dublin"
      }
    },
    {
      "type": "Feature",
      "geometry": {
        "type": "Point",
        "coordinates": [
          -6.3800288,
          53.2770058
        ]
      },
      "properties": {
        "osm_id": "n1942106194",
        "name": "Centra",
        "category": "supermarket",
        "subcategory": "shop=convenience",
        "lat": 53.2770058,
        "lon": -6.3800288,
        "admin_division": "Tallaght",
        "county": "dublin"
      }
    },
    {
      "type": "Feature",
      "geometry": {
        "type": "Point",
        "coordinates": [
          -6.1355462,
          53.4222978
        ]
      },
      "properties": {
        "osm_id": "n1947464591",
        "name": "",
        "category": "supermarket",
        "subcategory": "shop=convenience",
        "lat": 53.4222978,
        "lon": -6.1355462,
        "admin_division": "",
        "county": "dublin"
      }
    },
    {
      "type": "Feature",
      "geometry": {
        "type": "Point",
        "coordinates": [
          -6.1399197,
          53.4197267
        ]
      },
      "properties": {
        "osm_id": "n1947466491",
        "name": "Mace",
        "category": "supermarket",
        "subcategory": "shop=convenience",
        "lat": 53.4197267,
        "lon": -6.1399197,
        "admin_division": "",
        "county": "dublin"
      }
    },
    {
      "type": "Feature",
      "geometry": {
        "type": "Point",
        "coordinates": [
          -6.1369418,
          53.4214194
        ]
      },
      "properties": {
        "osm_id": "n1947468213",
        "name": "JW Smiths Butcher",
        "category": "supermarket",
        "subcategory": "shop=butcher",
        "lat": 53.4214194,
        "lon": -6.1369418,
        "admin_division": "",
        "county": "dublin"
      }
    },
    {
      "type": "Feature",
      "geometry": {
        "type": "Point",
        "coordinates": [
          -6.1356534,
          53.4223106
        ]
      },
      "properties": {
        "osm_id": "n1947469808",
        "name": "The Village Garden",
        "category": "supermarket",
        "subcategory": "shop=greengrocer",
        "lat": 53.4223106,
        "lon": -6.1356534,
        "admin_division": "",
        "county": "dublin"
      }
    },
    {
      "type": "Feature",
      "geometry": {
        "type": "Point",
        "coordinates": [
          -6.3770619,
          53.2881359
        ]
      },
      "properties": {
        "osm_id": "n1950388261",
        "name": "Aldi",
        "category": "supermarket",
        "subcategory": "shop=supermarket",
        "lat": 53.2881359,
        "lon": -6.3770619,
        "admin_division": "Tallaght",
        "county": "dublin"
      }
    },
    {
      "type": "Feature",
      "geometry": {
        "type": "Point",
        "coordinates": [
          -6.3713251,
          53.2871782
        ]
      },
      "properties": {
        "osm_id": "n1950412437",
        "name": "Dunnes Stores",
        "category": "supermarket",
        "subcategory": "shop=supermarket",
        "lat": 53.2871782,
        "lon": -6.3713251,
        "admin_division": "Tallaght",
        "county": "dublin"
      }
    },
    {
      "type": "Feature",
      "geometry": {
        "type": "Point",
        "coordinates": [
          -6.2636859,
          53.347752
        ]
      },
      "properties": {
        "osm_id": "n1956582489",
        "name": "Filipino Bakery",
        "category": "supermarket",
        "subcategory": "shop=bakery",
        "lat": 53.347752,
        "lon": -6.2636859,
        "admin_division": "Dublin",
        "county": "dublin"
      }
    },
    {
      "type": "Feature",
      "geometry": {
        "type": "Point",
        "coordinates": [
          -6.271524,
          53.3457585
        ]
      },
      "properties": {
        "osm_id": "n2002857085",
        "name": "Costcutter Express",
        "category": "supermarket",
        "subcategory": "shop=convenience",
        "lat": 53.3457585,
        "lon": -6.271524,
        "admin_division": "Dublin",
        "county": "dublin"
      }
    },
    {
      "type": "Feature",
      "geometry": {
        "type": "Point",
        "coordinates": [
          -6.2882424,
          53.3361779
        ]
      },
      "properties": {
        "osm_id": "n2006222976",
        "name": "Polostores",
        "category": "supermarket",
        "subcategory": "shop=supermarket",
        "lat": 53.3361779,
        "lon": -6.2882424,
        "admin_division": "",
        "county": "dublin"
      }
    },
    {
      "type": "Feature",
      "geometry": {
        "type": "Point",
        "coordinates": [
          -6.269323,
          53.3521555
        ]
      },
      "properties": {
        "osm_id": "n2059582186",
        "name": "Spar",
        "category": "supermarket",
        "subcategory": "shop=convenience",
        "lat": 53.3521555,
        "lon": -6.269323,
        "admin_division": "",
        "county": "dublin"
      }
    },
    {
      "type": "Feature",
      "geometry": {
        "type": "Point",
        "coordinates": [
          -6.2961384,
          53.3144905
        ]
      },
      "properties": {
        "osm_id": "n2065207029",
        "name": "Centra",
        "category": "supermarket",
        "subcategory": "shop=convenience",
        "lat": 53.3144905,
        "lon": -6.2961384,
        "admin_division": "Dublin",
        "county": "dublin"
      }
    },
    {
      "type": "Feature",
      "geometry": {
        "type": "Point",
        "coordinates": [
          -6.2963708,
          53.3246096
        ]
      },
      "properties": {
        "osm_id": "n2076915235",
        "name": "Centra",
        "category": "supermarket",
        "subcategory": "shop=convenience",
        "lat": 53.3246096,
        "lon": -6.2963708,
        "admin_division": "Dublin",
        "county": "dublin"
      }
    },
    {
      "type": "Feature",
      "geometry": {
        "type": "Point",
        "coordinates": [
          -6.1552615,
          53.3854691
        ]
      },
      "properties": {
        "osm_id": "n2080833061",
        "name": "Centra",
        "category": "supermarket",
        "subcategory": "shop=convenience",
        "lat": 53.3854691,
        "lon": -6.1552615,
        "admin_division": "Dublin",
        "county": "dublin"
      }
    },
    {
      "type": "Feature",
      "geometry": {
        "type": "Point",
        "coordinates": [
          -6.2908053,
          53.326684
        ]
      },
      "properties": {
        "osm_id": "n2121574706",
        "name": "Spar",
        "category": "supermarket",
        "subcategory": "shop=convenience",
        "lat": 53.326684,
        "lon": -6.2908053,
        "admin_division": "",
        "county": "dublin"
      }
    },
    {
      "type": "Feature",
      "geometry": {
        "type": "Point",
        "coordinates": [
          -6.1999371,
          53.289167
        ]
      },
      "properties": {
        "osm_id": "n2175139424",
        "name": "Donnybrook Fair",
        "category": "supermarket",
        "subcategory": "shop=convenience",
        "lat": 53.289167,
        "lon": -6.1999371,
        "admin_division": "",
        "county": "dublin"
      }
    },
    {
      "type": "Feature",
      "geometry": {
        "type": "Point",
        "coordinates": [
          -6.101434,
          53.522863
        ]
      },
      "properties": {
        "osm_id": "n2211669224",
        "name": "Tesco",
        "category": "supermarket",
        "subcategory": "shop=supermarket",
        "lat": 53.522863,
        "lon": -6.101434,
        "admin_division": "Rush",
        "county": "dublin"
      }
    },
    {
      "type": "Feature",
      "geometry": {
        "type": "Point",
        "coordinates": [
          -6.2315256,
          53.3314697
        ]
      },
      "properties": {
        "osm_id": "n2219904812",
        "name": "Centra",
        "category": "supermarket",
        "subcategory": "shop=convenience",
        "lat": 53.3314697,
        "lon": -6.2315256,
        "admin_division": "Dublin",
        "county": "dublin"
      }
    },
    {
      "type": "Feature",
      "geometry": {
        "type": "Point",
        "coordinates": [
          -6.3797314,
          53.2995544
        ]
      },
      "properties": {
        "osm_id": "n2298361020",
        "name": "Reinhardt's Finest Quality Meats",
        "category": "supermarket",
        "subcategory": "shop=butcher",
        "lat": 53.2995544,
        "lon": -6.3797314,
        "admin_division": "",
        "county": "dublin"
      }
    },
    {
      "type": "Feature",
      "geometry": {
        "type": "Point",
        "coordinates": [
          -6.3799457,
          53.2995095
        ]
      },
      "properties": {
        "osm_id": "n2298362101",
        "name": "Newsbees Newsagents",
        "category": "supermarket",
        "subcategory": "shop=convenience",
        "lat": 53.2995095,
        "lon": -6.3799457,
        "admin_division": "",
        "county": "dublin"
      }
    },
    {
      "type": "Feature",
      "geometry": {
        "type": "Point",
        "coordinates": [
          -6.1891885,
          53.3007344
        ]
      },
      "properties": {
        "osm_id": "n2301397536",
        "name": "Butler's Pantry",
        "category": "supermarket",
        "subcategory": "shop=bakery",
        "lat": 53.3007344,
        "lon": -6.1891885,
        "admin_division": "",
        "county": "dublin"
      }
    },
    {
      "type": "Feature",
      "geometry": {
        "type": "Point",
        "coordinates": [
          -6.260352,
          53.3465035
        ]
      },
      "properties": {
        "osm_id": "n2302218626",
        "name": "SuperValu",
        "category": "supermarket",
        "subcategory": "shop=supermarket",
        "lat": 53.3465035,
        "lon": -6.260352,
        "admin_division": "Dublin",
        "county": "dublin"
      }
    },
    {
      "type": "Feature",
      "geometry": {
        "type": "Point",
        "coordinates": [
          -6.2616568,
          53.3444305
        ]
      },
      "properties": {
        "osm_id": "n2302621516",
        "name": "Circle K",
        "category": "supermarket",
        "subcategory": "shop=convenience",
        "lat": 53.3444305,
        "lon": -6.2616568,
        "admin_division": "Dublin",
        "county": "dublin"
      }
    },
    {
      "type": "Feature",
      "geometry": {
        "type": "Point",
        "coordinates": [
          -6.2365108,
          53.2861368
        ]
      },
      "properties": {
        "osm_id": "n2365668299",
        "name": "Mace",
        "category": "supermarket",
        "subcategory": "shop=convenience",
        "lat": 53.2861368,
        "lon": -6.2365108,
        "admin_division": "Dundrum",
        "county": "dublin"
      }
    },
    {
      "type": "Feature",
      "geometry": {
        "type": "Point",
        "coordinates": [
          -6.2448157,
          53.290195
        ]
      },
      "properties": {
        "osm_id": "n2365709474",
        "name": "Daybreak",
        "category": "supermarket",
        "subcategory": "shop=convenience",
        "lat": 53.290195,
        "lon": -6.2448157,
        "admin_division": "Dundrum",
        "county": "dublin"
      }
    },
    {
      "type": "Feature",
      "geometry": {
        "type": "Point",
        "coordinates": [
          -6.3724708,
          53.297784
        ]
      },
      "properties": {
        "osm_id": "n2370430249",
        "name": "Circle K",
        "category": "supermarket",
        "subcategory": "shop=convenience",
        "lat": 53.297784,
        "lon": -6.3724708,
        "admin_division": "Dublin",
        "county": "dublin"
      }
    },
    {
      "type": "Feature",
      "geometry": {
        "type": "Point",
        "coordinates": [
          -6.2294107,
          53.2649965
        ]
      },
      "properties": {
        "osm_id": "n2370676334",
        "name": "Colm Levey",
        "category": "supermarket",
        "subcategory": "shop=butcher",
        "lat": 53.2649965,
        "lon": -6.2294107,
        "admin_division": "",
        "county": "dublin"
      }
    },
    {
      "type": "Feature",
      "geometry": {
        "type": "Point",
        "coordinates": [
          -6.2655937,
          53.3560132
        ]
      },
      "properties": {
        "osm_id": "n2372311970",
        "name": "Gala",
        "category": "supermarket",
        "subcategory": "shop=convenience",
        "lat": 53.3560132,
        "lon": -6.2655937,
        "admin_division": "",
        "county": "dublin"
      }
    },
    {
      "type": "Feature",
      "geometry": {
        "type": "Point",
        "coordinates": [
          -6.2846287,
          53.3093128
        ]
      },
      "properties": {
        "osm_id": "n2376144811",
        "name": "LaHoya Greens",
        "category": "supermarket",
        "subcategory": "shop=grocery",
        "lat": 53.3093128,
        "lon": -6.2846287,
        "admin_division": "Dublin",
        "county": "dublin"
      }
    },
    {
      "type": "Feature",
      "geometry": {
        "type": "Point",
        "coordinates": [
          -6.2341102,
          53.3859985
        ]
      },
      "properties": {
        "osm_id": "n2378114428",
        "name": "Mace",
        "category": "supermarket",
        "subcategory": "shop=convenience",
        "lat": 53.3859985,
        "lon": -6.2341102,
        "admin_division": "Dublin",
        "county": "dublin"
      }
    },
    {
      "type": "Feature",
      "geometry": {
        "type": "Point",
        "coordinates": [
          -6.254858,
          53.3254152
        ]
      },
      "properties": {
        "osm_id": "n2396152605",
        "name": "Village Butcher",
        "category": "supermarket",
        "subcategory": "shop=butcher",
        "lat": 53.3254152,
        "lon": -6.254858,
        "admin_division": "Dublin",
        "county": "dublin"
      }
    },
    {
      "type": "Feature",
      "geometry": {
        "type": "Point",
        "coordinates": [
          -6.1639131,
          53.2776544
        ]
      },
      "properties": {
        "osm_id": "n2400163694",
        "name": "Lidl",
        "category": "supermarket",
        "subcategory": "shop=supermarket",
        "lat": 53.2776544,
        "lon": -6.1639131,
        "admin_division": "",
        "county": "dublin"
      }
    },
    {
      "type": "Feature",
      "geometry": {
        "type": "Point",
        "coordinates": [
          -6.1633201,
          53.2780832
        ]
      },
      "properties": {
        "osm_id": "n2400163695",
        "name": "Twomey's of Deansgrange",
        "category": "supermarket",
        "subcategory": "shop=supermarket",
        "lat": 53.2780832,
        "lon": -6.1633201,
        "admin_division": "Deansgrange",
        "county": "dublin"
      }
    },
    {
      "type": "Feature",
      "geometry": {
        "type": "Point",
        "coordinates": [
          -6.2656838,
          53.3368847
        ]
      },
      "properties": {
        "osm_id": "n2405703095",
        "name": "Hogans Butchers",
        "category": "supermarket",
        "subcategory": "shop=butcher",
        "lat": 53.3368847,
        "lon": -6.2656838,
        "admin_division": "",
        "county": "dublin"
      }
    },
    {
      "type": "Feature",
      "geometry": {
        "type": "Point",
        "coordinates": [
          -6.4430652,
          53.3589438
        ]
      },
      "properties": {
        "osm_id": "n2409736396",
        "name": "Chapel Hill Convenience Stores",
        "category": "supermarket",
        "subcategory": "shop=convenience",
        "lat": 53.3589438,
        "lon": -6.4430652,
        "admin_division": "",
        "county": "dublin"
      }
    },
    {
      "type": "Feature",
      "geometry": {
        "type": "Point",
        "coordinates": [
          -6.2494819,
          53.3454552
        ]
      },
      "properties": {
        "osm_id": "n2419563028",
        "name": "Colm's Deli",
        "category": "supermarket",
        "subcategory": "shop=convenience",
        "lat": 53.3454552,
        "lon": -6.2494819,
        "admin_division": "Dublin",
        "county": "dublin"
      }
    },
    {
      "type": "Feature",
      "geometry": {
        "type": "Point",
        "coordinates": [
          -6.249573,
          53.3918056
        ]
      },
      "properties": {
        "osm_id": "n2422688575",
        "name": "Tesco",
        "category": "supermarket",
        "subcategory": "shop=supermarket",
        "lat": 53.3918056,
        "lon": -6.249573,
        "admin_division": "Dublin",
        "county": "dublin"
      }
    },
    {
      "type": "Feature",
      "geometry": {
        "type": "Point",
        "coordinates": [
          -6.2921016,
          53.3338551
        ]
      },
      "properties": {
        "osm_id": "n2431435573",
        "name": "Wisła",
        "category": "supermarket",
        "subcategory": "shop=convenience",
        "lat": 53.3338551,
        "lon": -6.2921016,
        "admin_division": "",
        "county": "dublin"
      }
    },
    {
      "type": "Feature",
      "geometry": {
        "type": "Point",
        "coordinates": [
          -6.2839595,
          53.3314042
        ]
      },
      "properties": {
        "osm_id": "n2435830432",
        "name": "Timgad",
        "category": "supermarket",
        "subcategory": "shop=greengrocer",
        "lat": 53.3314042,
        "lon": -6.2839595,
        "admin_division": "",
        "county": "dublin"
      }
    },
    {
      "type": "Feature",
      "geometry": {
        "type": "Point",
        "coordinates": [
          -6.2349187,
          53.3209023
        ]
      },
      "properties": {
        "osm_id": "n2439265698",
        "name": "Comptoir",
        "category": "supermarket",
        "subcategory": "shop=bakery",
        "lat": 53.3209023,
        "lon": -6.2349187,
        "admin_division": "Dublin",
        "county": "dublin"
      }
    },
    {
      "type": "Feature",
      "geometry": {
        "type": "Point",
        "coordinates": [
          -6.4059553,
          53.3499523
        ]
      },
      "properties": {
        "osm_id": "n2455918497",
        "name": "Eurasia",
        "category": "supermarket",
        "subcategory": "shop=supermarket",
        "lat": 53.3499523,
        "lon": -6.4059553,
        "admin_division": "",
        "county": "dublin"
      }
    },
    {
      "type": "Feature",
      "geometry": {
        "type": "Point",
        "coordinates": [
          -6.3833151,
          53.420181
        ]
      },
      "properties": {
        "osm_id": "n2459649519",
        "name": "Netpol",
        "category": "supermarket",
        "subcategory": "shop=supermarket",
        "lat": 53.420181,
        "lon": -6.3833151,
        "admin_division": "",
        "county": "dublin"
      }
    },
    {
      "type": "Feature",
      "geometry": {
        "type": "Point",
        "coordinates": [
          -6.3894755,
          53.3722368
        ]
      },
      "properties": {
        "osm_id": "n2486863330",
        "name": "Spar",
        "category": "supermarket",
        "subcategory": "shop=convenience",
        "lat": 53.3722368,
        "lon": -6.3894755,
        "admin_division": "",
        "county": "dublin"
      }
    },
    {
      "type": "Feature",
      "geometry": {
        "type": "Point",
        "coordinates": [
          -6.335876,
          53.3409022
        ]
      },
      "properties": {
        "osm_id": "n2611267366",
        "name": "Decies Mini-Market",
        "category": "supermarket",
        "subcategory": "shop=convenience",
        "lat": 53.3409022,
        "lon": -6.335876,
        "admin_division": "Ballyfermot",
        "county": "dublin"
      }
    },
    {
      "type": "Feature",
      "geometry": {
        "type": "Point",
        "coordinates": [
          -6.3438939,
          53.3393359
        ]
      },
      "properties": {
        "osm_id": "n2612014306",
        "name": "Spar",
        "category": "supermarket",
        "subcategory": "shop=convenience",
        "lat": 53.3393359,
        "lon": -6.3438939,
        "admin_division": "",
        "county": "dublin"
      }
    },
    {
      "type": "Feature",
      "geometry": {
        "type": "Point",
        "coordinates": [
          -6.2142721,
          53.2527134
        ]
      },
      "properties": {
        "osm_id": "n2613391558",
        "name": "Centra",
        "category": "supermarket",
        "subcategory": "shop=convenience",
        "lat": 53.2527134,
        "lon": -6.2142721,
        "admin_division": "Stepaside",
        "county": "dublin"
      }
    },
    {
      "type": "Feature",
      "geometry": {
        "type": "Point",
        "coordinates": [
          -6.1966982,
          53.2793889
        ]
      },
      "properties": {
        "osm_id": "n2625914024",
        "name": "Spar",
        "category": "supermarket",
        "subcategory": "shop=convenience",
        "lat": 53.2793889,
        "lon": -6.1966982,
        "admin_division": "",
        "county": "dublin"
      }
    },
    {
      "type": "Feature",
      "geometry": {
        "type": "Point",
        "coordinates": [
          -6.268227,
          53.3563201
        ]
      },
      "properties": {
        "osm_id": "n2632334593",
        "name": "Spar",
        "category": "supermarket",
        "subcategory": "shop=convenience",
        "lat": 53.3563201,
        "lon": -6.268227,
        "admin_division": "Dublin",
        "county": "dublin"
      }
    },
    {
      "type": "Feature",
      "geometry": {
        "type": "Point",
        "coordinates": [
          -6.339231,
          53.3223245
        ]
      },
      "properties": {
        "osm_id": "n2668837067",
        "name": "Polonez",
        "category": "supermarket",
        "subcategory": "shop=convenience",
        "lat": 53.3223245,
        "lon": -6.339231,
        "admin_division": "Dublin",
        "county": "dublin"
      }
    },
    {
      "type": "Feature",
      "geometry": {
        "type": "Point",
        "coordinates": [
          -6.3334105,
          53.3174915
        ]
      },
      "properties": {
        "osm_id": "n2668844713",
        "name": "Spar",
        "category": "supermarket",
        "subcategory": "shop=convenience",
        "lat": 53.3174915,
        "lon": -6.3334105,
        "admin_division": "Dublin",
        "county": "dublin"
      }
    },
    {
      "type": "Feature",
      "geometry": {
        "type": "Point",
        "coordinates": [
          -6.3951864,
          53.3203967
        ]
      },
      "properties": {
        "osm_id": "n2685890410",
        "name": "Tuthills",
        "category": "supermarket",
        "subcategory": "shop=convenience",
        "lat": 53.3203967,
        "lon": -6.3951864,
        "admin_division": "",
        "county": "dublin"
      }
    },
    {
      "type": "Feature",
      "geometry": {
        "type": "Point",
        "coordinates": [
          -6.095442,
          53.522387
        ]
      },
      "properties": {
        "osm_id": "n2688902699",
        "name": "Eurospar",
        "category": "supermarket",
        "subcategory": "shop=supermarket",
        "lat": 53.522387,
        "lon": -6.095442,
        "admin_division": "Rush",
        "county": "dublin"
      }
    },
    {
      "type": "Feature",
      "geometry": {
        "type": "Point",
        "coordinates": [
          -6.2645168,
          53.3442855
        ]
      },
      "properties": {
        "osm_id": "n2692373401",
        "name": "Centra",
        "category": "supermarket",
        "subcategory": "shop=convenience",
        "lat": 53.3442855,
        "lon": -6.2645168,
        "admin_division": "Dublin",
        "county": "dublin"
      }
    },
    {
      "type": "Feature",
      "geometry": {
        "type": "Point",
        "coordinates": [
          -6.357978,
          53.3423868
        ]
      },
      "properties": {
        "osm_id": "n2697063076",
        "name": "Centra",
        "category": "supermarket",
        "subcategory": "shop=convenience",
        "lat": 53.3423868,
        "lon": -6.357978,
        "admin_division": "Dublin",
        "county": "dublin"
      }
    },
    {
      "type": "Feature",
      "geometry": {
        "type": "Point",
        "coordinates": [
          -6.4566914,
          53.3365058
        ]
      },
      "properties": {
        "osm_id": "n2705833252",
        "name": "Cakes n Bakes",
        "category": "supermarket",
        "subcategory": "shop=bakery",
        "lat": 53.3365058,
        "lon": -6.4566914,
        "admin_division": "Lucan, Dublin",
        "county": "dublin"
      }
    },
    {
      "type": "Feature",
      "geometry": {
        "type": "Point",
        "coordinates": [
          -6.2568964,
          53.3888585
        ]
      },
      "properties": {
        "osm_id": "n2721816894",
        "name": "Spar",
        "category": "supermarket",
        "subcategory": "shop=convenience",
        "lat": 53.3888585,
        "lon": -6.2568964,
        "admin_division": "",
        "county": "dublin"
      }
    },
    {
      "type": "Feature",
      "geometry": {
        "type": "Point",
        "coordinates": [
          -6.4649852,
          53.2817127
        ]
      },
      "properties": {
        "osm_id": "n2789498885",
        "name": "Centra",
        "category": "supermarket",
        "subcategory": "shop=convenience",
        "lat": 53.2817127,
        "lon": -6.4649852,
        "admin_division": "Rathcoole",
        "county": "dublin"
      }
    },
    {
      "type": "Feature",
      "geometry": {
        "type": "Point",
        "coordinates": [
          -6.2656528,
          53.3217213
        ]
      },
      "properties": {
        "osm_id": "n2797180091",
        "name": "Kwality Foods",
        "category": "supermarket",
        "subcategory": "shop=supermarket",
        "lat": 53.3217213,
        "lon": -6.2656528,
        "admin_division": "Dublin",
        "county": "dublin"
      }
    },
    {
      "type": "Feature",
      "geometry": {
        "type": "Point",
        "coordinates": [
          -6.2605598,
          53.3429123
        ]
      },
      "properties": {
        "osm_id": "n2826498546",
        "name": "Centra",
        "category": "supermarket",
        "subcategory": "shop=convenience",
        "lat": 53.3429123,
        "lon": -6.2605598,
        "admin_division": "Dublin",
        "county": "dublin"
      }
    },
    {
      "type": "Feature",
      "geometry": {
        "type": "Point",
        "coordinates": [
          -6.2597506,
          53.3441749
        ]
      },
      "properties": {
        "osm_id": "n2857696362",
        "name": "Spar",
        "category": "supermarket",
        "subcategory": "shop=convenience",
        "lat": 53.3441749,
        "lon": -6.2597506,
        "admin_division": "Dublin",
        "county": "dublin"
      }
    },
    {
      "type": "Feature",
      "geometry": {
        "type": "Point",
        "coordinates": [
          -6.2661291,
          53.3215309
        ]
      },
      "properties": {
        "osm_id": "n2885609027",
        "name": "Polonez",
        "category": "supermarket",
        "subcategory": "shop=supermarket",
        "lat": 53.3215309,
        "lon": -6.2661291,
        "admin_division": "Dublin",
        "county": "dublin"
      }
    },
    {
      "type": "Feature",
      "geometry": {
        "type": "Point",
        "coordinates": [
          -6.2739407,
          53.312559
        ]
      },
      "properties": {
        "osm_id": "n2885644007",
        "name": "John Byrne & Sons",
        "category": "supermarket",
        "subcategory": "shop=butcher",
        "lat": 53.312559,
        "lon": -6.2739407,
        "admin_division": "Dublin",
        "county": "dublin"
      }
    },
    {
      "type": "Feature",
      "geometry": {
        "type": "Point",
        "coordinates": [
          -6.2650165,
          53.3267806
        ]
      },
      "properties": {
        "osm_id": "n2886231117",
        "name": "Oriental Emporium",
        "category": "supermarket",
        "subcategory": "shop=supermarket",
        "lat": 53.3267806,
        "lon": -6.2650165,
        "admin_division": "Dublin",
        "county": "dublin"
      }
    },
    {
      "type": "Feature",
      "geometry": {
        "type": "Point",
        "coordinates": [
          -6.2554381,
          53.3687462
        ]
      },
      "properties": {
        "osm_id": "n2923309570",
        "name": "Millstop (Daybreak)",
        "category": "supermarket",
        "subcategory": "shop=convenience",
        "lat": 53.3687462,
        "lon": -6.2554381,
        "admin_division": "",
        "county": "dublin"
      }
    },
    {
      "type": "Feature",
      "geometry": {
        "type": "Point",
        "coordinates": [
          -6.4020933,
          53.38452
        ]
      },
      "properties": {
        "osm_id": "n2934179786",
        "name": "Polo Stores",
        "category": "supermarket",
        "subcategory": "shop=supermarket",
        "lat": 53.38452,
        "lon": -6.4020933,
        "admin_division": "",
        "county": "dublin"
      }
    },
    {
      "type": "Feature",
      "geometry": {
        "type": "Point",
        "coordinates": [
          -6.2871591,
          53.3559411
        ]
      },
      "properties": {
        "osm_id": "n2939213024",
        "name": "Thunders home bakery",
        "category": "supermarket",
        "subcategory": "shop=bakery",
        "lat": 53.3559411,
        "lon": -6.2871591,
        "admin_division": "",
        "county": "dublin"
      }
    },
    {
      "type": "Feature",
      "geometry": {
        "type": "Point",
        "coordinates": [
          -6.2636804,
          53.342023
        ]
      },
      "properties": {
        "osm_id": "n2940314532",
        "name": "Asia Market",
        "category": "supermarket",
        "subcategory": "shop=supermarket",
        "lat": 53.342023,
        "lon": -6.2636804,
        "admin_division": "Dublin",
        "county": "dublin"
      }
    },
    {
      "type": "Feature",
      "geometry": {
        "type": "Point",
        "coordinates": [
          -6.2869101,
          53.3559035
        ]
      },
      "properties": {
        "osm_id": "n2940556705",
        "name": "Buffy's Butchers",
        "category": "supermarket",
        "subcategory": "shop=butcher",
        "lat": 53.3559035,
        "lon": -6.2869101,
        "admin_division": "",
        "county": "dublin"
      }
    },
    {
      "type": "Feature",
      "geometry": {
        "type": "Point",
        "coordinates": [
          -6.2872524,
          53.3559364
        ]
      },
      "properties": {
        "osm_id": "n2940556714",
        "name": "Kelch's",
        "category": "supermarket",
        "subcategory": "shop=convenience",
        "lat": 53.3559364,
        "lon": -6.2872524,
        "admin_division": "",
        "county": "dublin"
      }
    },
    {
      "type": "Feature",
      "geometry": {
        "type": "Point",
        "coordinates": [
          -6.2822751,
          53.3507048
        ]
      },
      "properties": {
        "osm_id": "n2940666220",
        "name": "The Green Grocer",
        "category": "supermarket",
        "subcategory": "shop=greengrocer",
        "lat": 53.3507048,
        "lon": -6.2822751,
        "admin_division": "Dublin",
        "county": "dublin"
      }
    },
    {
      "type": "Feature",
      "geometry": {
        "type": "Point",
        "coordinates": [
          -6.2821505,
          53.3505986
        ]
      },
      "properties": {
        "osm_id": "n2940666222",
        "name": "Mahon's Butchers",
        "category": "supermarket",
        "subcategory": "shop=butcher",
        "lat": 53.3505986,
        "lon": -6.2821505,
        "admin_division": "Dublin",
        "county": "dublin"
      }
    },
    {
      "type": "Feature",
      "geometry": {
        "type": "Point",
        "coordinates": [
          -6.2032529,
          53.2712746
        ]
      },
      "properties": {
        "osm_id": "n2956114704",
        "name": "Centra",
        "category": "supermarket",
        "subcategory": "shop=convenience",
        "lat": 53.2712746,
        "lon": -6.2032529,
        "admin_division": "Dublin",
        "county": "dublin"
      }
    },
    {
      "type": "Feature",
      "geometry": {
        "type": "Point",
        "coordinates": [
          -6.2968396,
          53.4016368
        ]
      },
      "properties": {
        "osm_id": "n2958741329",
        "name": "Eurospar",
        "category": "supermarket",
        "subcategory": "shop=supermarket",
        "lat": 53.4016368,
        "lon": -6.2968396,
        "admin_division": "Dublin",
        "county": "dublin"
      }
    },
    {
      "type": "Feature",
      "geometry": {
        "type": "Point",
        "coordinates": [
          -6.2648806,
          53.3255163
        ]
      },
      "properties": {
        "osm_id": "n2980317232",
        "name": "Baked",
        "category": "supermarket",
        "subcategory": "amenity=cafe",
        "lat": 53.3255163,
        "lon": -6.2648806,
        "admin_division": "Dublin",
        "county": "dublin"
      }
    },
    {
      "type": "Feature",
      "geometry": {
        "type": "Point",
        "coordinates": [
          -6.2647353,
          53.3262485
        ]
      },
      "properties": {
        "osm_id": "n2983580708",
        "name": "The Orange Tree Bakery",
        "category": "supermarket",
        "subcategory": "shop=bakery",
        "lat": 53.3262485,
        "lon": -6.2647353,
        "admin_division": "Dublin",
        "county": "dublin"
      }
    },
    {
      "type": "Feature",
      "geometry": {
        "type": "Point",
        "coordinates": [
          -6.2983299,
          53.336017
        ]
      },
      "properties": {
        "osm_id": "n2984153567",
        "name": "Daveys",
        "category": "supermarket",
        "subcategory": "shop=convenience",
        "lat": 53.336017,
        "lon": -6.2983299,
        "admin_division": "Dublin",
        "county": "dublin"
      }
    },
    {
      "type": "Feature",
      "geometry": {
        "type": "Point",
        "coordinates": [
          -6.2924264,
          53.3426009
        ]
      },
      "properties": {
        "osm_id": "n2984182812",
        "name": "Eamon & Mary's Dairy",
        "category": "supermarket",
        "subcategory": "shop=convenience",
        "lat": 53.3426009,
        "lon": -6.2924264,
        "admin_division": "Dublin",
        "county": "dublin"
      }
    },
    {
      "type": "Feature",
      "geometry": {
        "type": "Point",
        "coordinates": [
          -6.292531,
          53.342588
        ]
      },
      "properties": {
        "osm_id": "n2984182813",
        "name": "Christy's Hospital Stop Shop",
        "category": "supermarket",
        "subcategory": "shop=convenience",
        "lat": 53.342588,
        "lon": -6.292531,
        "admin_division": "Dublin",
        "county": "dublin"
      }
    },
    {
      "type": "Feature",
      "geometry": {
        "type": "Point",
        "coordinates": [
          -6.2589143,
          53.3462898
        ]
      },
      "properties": {
        "osm_id": "n2988297340",
        "name": "Mini India",
        "category": "supermarket",
        "subcategory": "shop=convenience",
        "lat": 53.3462898,
        "lon": -6.2589143,
        "admin_division": "Dublin",
        "county": "dublin"
      }
    },
    {
      "type": "Feature",
      "geometry": {
        "type": "Point",
        "coordinates": [
          -6.2911228,
          53.3193075
        ]
      },
      "properties": {
        "osm_id": "n2988418882",
        "name": "Mace",
        "category": "supermarket",
        "subcategory": "shop=convenience",
        "lat": 53.3193075,
        "lon": -6.2911228,
        "admin_division": "Dublin",
        "county": "dublin"
      }
    },
    {
      "type": "Feature",
      "geometry": {
        "type": "Point",
        "coordinates": [
          -6.2914484,
          53.3198027
        ]
      },
      "properties": {
        "osm_id": "n2988815331",
        "name": "Rosebud",
        "category": "supermarket",
        "subcategory": "shop=convenience",
        "lat": 53.3198027,
        "lon": -6.2914484,
        "admin_division": "Dublin",
        "county": "dublin"
      }
    },
    {
      "type": "Feature",
      "geometry": {
        "type": "Point",
        "coordinates": [
          -6.2922963,
          53.3207297
        ]
      },
      "properties": {
        "osm_id": "n2988931461",
        "name": "Paul's Family Butchers",
        "category": "supermarket",
        "subcategory": "shop=butcher",
        "lat": 53.3207297,
        "lon": -6.2922963,
        "admin_division": "",
        "county": "dublin"
      }
    },
    {
      "type": "Feature",
      "geometry": {
        "type": "Point",
        "coordinates": [
          -6.2932728,
          53.3208782
        ]
      },
      "properties": {
        "osm_id": "n2988944622",
        "name": "Shay's",
        "category": "supermarket",
        "subcategory": "shop=convenience",
        "lat": 53.3208782,
        "lon": -6.2932728,
        "admin_division": "Dublin",
        "county": "dublin"
      }
    },
    {
      "type": "Feature",
      "geometry": {
        "type": "Point",
        "coordinates": [
          -6.2954391,
          53.3232322
        ]
      },
      "properties": {
        "osm_id": "n2990324344",
        "name": "Granny Smiths",
        "category": "supermarket",
        "subcategory": "shop=convenience",
        "lat": 53.3232322,
        "lon": -6.2954391,
        "admin_division": "Dublin",
        "county": "dublin"
      }
    },
    {
      "type": "Feature",
      "geometry": {
        "type": "Point",
        "coordinates": [
          -6.2965041,
          53.3248791
        ]
      },
      "properties": {
        "osm_id": "n2990859848",
        "name": "Get Fresh",
        "category": "supermarket",
        "subcategory": "shop=convenience",
        "lat": 53.3248791,
        "lon": -6.2965041,
        "admin_division": "Dublin",
        "county": "dublin"
      }
    },
    {
      "type": "Feature",
      "geometry": {
        "type": "Point",
        "coordinates": [
          -6.2681476,
          53.3573146
        ]
      },
      "properties": {
        "osm_id": "n2990902698",
        "name": "Camelot Store",
        "category": "supermarket",
        "subcategory": "shop=convenience",
        "lat": 53.3573146,
        "lon": -6.2681476,
        "admin_division": "",
        "county": "dublin"
      }
    },
    {
      "type": "Feature",
      "geometry": {
        "type": "Point",
        "coordinates": [
          -6.3046378,
          53.3273614
        ]
      },
      "properties": {
        "osm_id": "n2991107249",
        "name": "Brown's Family Butchers",
        "category": "supermarket",
        "subcategory": "shop=butcher",
        "lat": 53.3273614,
        "lon": -6.3046378,
        "admin_division": "Dublin",
        "county": "dublin"
      }
    },
    {
      "type": "Feature",
      "geometry": {
        "type": "Point",
        "coordinates": [
          -6.3045381,
          53.3273765
        ]
      },
      "properties": {
        "osm_id": "n2991107252",
        "name": "O'Briens Newsagents",
        "category": "supermarket",
        "subcategory": "shop=convenience",
        "lat": 53.3273765,
        "lon": -6.3045381,
        "admin_division": "Dublin",
        "county": "dublin"
      }
    },
    {
      "type": "Feature",
      "geometry": {
        "type": "Point",
        "coordinates": [
          -6.3048727,
          53.3273397
        ]
      },
      "properties": {
        "osm_id": "n2991107253",
        "name": "County Meats",
        "category": "supermarket",
        "subcategory": "shop=butcher",
        "lat": 53.3273397,
        "lon": -6.3048727,
        "admin_division": "Dublin",
        "county": "dublin"
      }
    },
    {
      "type": "Feature",
      "geometry": {
        "type": "Point",
        "coordinates": [
          -6.3053176,
          53.3273578
        ]
      },
      "properties": {
        "osm_id": "n2991127658",
        "name": "Daybreak",
        "category": "supermarket",
        "subcategory": "shop=convenience",
        "lat": 53.3273578,
        "lon": -6.3053176,
        "admin_division": "Dublin",
        "county": "dublin"
      }
    },
    {
      "type": "Feature",
      "geometry": {
        "type": "Point",
        "coordinates": [
          -6.3162471,
          53.3202155
        ]
      },
      "properties": {
        "osm_id": "n2992569887",
        "name": "Tesco Express",
        "category": "supermarket",
        "subcategory": "shop=convenience",
        "lat": 53.3202155,
        "lon": -6.3162471,
        "admin_division": "Dublin",
        "county": "dublin"
      }
    },
    {
      "type": "Feature",
      "geometry": {
        "type": "Point",
        "coordinates": [
          -6.3082264,
          53.3275146
        ]
      },
      "properties": {
        "osm_id": "n2992608167",
        "name": "Spar Express",
        "category": "supermarket",
        "subcategory": "shop=convenience",
        "lat": 53.3275146,
        "lon": -6.3082264,
        "admin_division": "Dublin",
        "county": "dublin"
      }
    },
    {
      "type": "Feature",
      "geometry": {
        "type": "Point",
        "coordinates": [
          -6.3105284,
          53.3274777
        ]
      },
      "properties": {
        "osm_id": "n2992678248",
        "name": "Nearby",
        "category": "supermarket",
        "subcategory": "shop=convenience",
        "lat": 53.3274777,
        "lon": -6.3105284,
        "admin_division": "Dublin",
        "county": "dublin"
      }
    },
    {
      "type": "Feature",
      "geometry": {
        "type": "Point",
        "coordinates": [
          -6.3193587,
          53.3344549
        ]
      },
      "properties": {
        "osm_id": "n2993100928",
        "name": "Spar",
        "category": "supermarket",
        "subcategory": "shop=convenience",
        "lat": 53.3344549,
        "lon": -6.3193587,
        "admin_division": "Dublin",
        "county": "dublin"
      }
    },
    {
      "type": "Feature",
      "geometry": {
        "type": "Point",
        "coordinates": [
          -6.2642245,
          53.3309331
        ]
      },
      "properties": {
        "osm_id": "n2994248419",
        "name": "Makkah Halal Foods Ltd.",
        "category": "supermarket",
        "subcategory": "shop=convenience",
        "lat": 53.3309331,
        "lon": -6.2642245,
        "admin_division": "Dublin",
        "county": "dublin"
      }
    },
    {
      "type": "Feature",
      "geometry": {
        "type": "Point",
        "coordinates": [
          -6.2642929,
          53.3311517
        ]
      },
      "properties": {
        "osm_id": "n2994248422",
        "name": "Richmond Stop",
        "category": "supermarket",
        "subcategory": "shop=convenience",
        "lat": 53.3311517,
        "lon": -6.2642929,
        "admin_division": "Dublin",
        "county": "dublin"
      }
    },
    {
      "type": "Feature",
      "geometry": {
        "type": "Point",
        "coordinates": [
          -6.2650454,
          53.3343398
        ]
      },
      "properties": {
        "osm_id": "n2995007506",
        "name": "Centra",
        "category": "supermarket",
        "subcategory": "shop=convenience",
        "lat": 53.3343398,
        "lon": -6.2650454,
        "admin_division": "Dublin",
        "county": "dublin"
      }
    },
    {
      "type": "Feature",
      "geometry": {
        "type": "Point",
        "coordinates": [
          -6.3156297,
          53.3196284
        ]
      },
      "properties": {
        "osm_id": "n2995285101",
        "name": "Brady's",
        "category": "supermarket",
        "subcategory": "shop=convenience",
        "lat": 53.3196284,
        "lon": -6.3156297,
        "admin_division": "",
        "county": "dublin"
      }
    },
    {
      "type": "Feature",
      "geometry": {
        "type": "Point",
        "coordinates": [
          -6.3153922,
          53.3198381
        ]
      },
      "properties": {
        "osm_id": "n2995285107",
        "name": "The A Team",
        "category": "supermarket",
        "subcategory": "shop=convenience",
        "lat": 53.3198381,
        "lon": -6.3153922,
        "admin_division": "Dublin",
        "county": "dublin"
      }
    },
    {
      "type": "Feature",
      "geometry": {
        "type": "Point",
        "coordinates": [
          -6.3165144,
          53.3203923
        ]
      },
      "properties": {
        "osm_id": "n2995287588",
        "name": "Brendan's Of Crumlin",
        "category": "supermarket",
        "subcategory": "shop=butcher",
        "lat": 53.3203923,
        "lon": -6.3165144,
        "admin_division": "Dublin",
        "county": "dublin"
      }
    },
    {
      "type": "Feature",
      "geometry": {
        "type": "Point",
        "coordinates": [
          -6.3175409,
          53.3210316
        ]
      },
      "properties": {
        "osm_id": "n2995295926",
        "name": "Spar",
        "category": "supermarket",
        "subcategory": "shop=convenience",
        "lat": 53.3210316,
        "lon": -6.3175409,
        "admin_division": "Dublin",
        "county": "dublin"
      }
    },
    {
      "type": "Feature",
      "geometry": {
        "type": "Point",
        "coordinates": [
          -6.2658141,
          53.3390711
        ]
      },
      "properties": {
        "osm_id": "n2996360241",
        "name": "All Season Grocery",
        "category": "supermarket",
        "subcategory": "shop=convenience",
        "lat": 53.3390711,
        "lon": -6.2658141,
        "admin_division": "Dublin",
        "county": "dublin"
      }
    },
    {
      "type": "Feature",
      "geometry": {
        "type": "Point",
        "coordinates": [
          -6.2951157,
          53.3942199
        ]
      },
      "properties": {
        "osm_id": "n2997499766",
        "name": "Centra",
        "category": "supermarket",
        "subcategory": "shop=convenience",
        "lat": 53.3942199,
        "lon": -6.2951157,
        "admin_division": "Dublin",
        "county": "dublin"
      }
    },
    {
      "type": "Feature",
      "geometry": {
        "type": "Point",
        "coordinates": [
          -6.2991209,
          53.3898955
        ]
      },
      "properties": {
        "osm_id": "n2998841760",
        "name": "Sutton's Farm Fresh",
        "category": "supermarket",
        "subcategory": "shop=greengrocer",
        "lat": 53.3898955,
        "lon": -6.2991209,
        "admin_division": "",
        "county": "dublin"
      }
    },
    {
      "type": "Feature",
      "geometry": {
        "type": "Point",
        "coordinates": [
          -6.2991718,
          53.388954
        ]
      },
      "properties": {
        "osm_id": "n3001684445",
        "name": "Mace",
        "category": "supermarket",
        "subcategory": "shop=supermarket",
        "lat": 53.388954,
        "lon": -6.2991718,
        "admin_division": "Dublin",
        "county": "dublin"
      }
    },
    {
      "type": "Feature",
      "geometry": {
        "type": "Point",
        "coordinates": [
          -6.2725585,
          53.3597886
        ]
      },
      "properties": {
        "osm_id": "n3002778087",
        "name": "Spice Bazaar",
        "category": "supermarket",
        "subcategory": "shop=supermarket",
        "lat": 53.3597886,
        "lon": -6.2725585,
        "admin_division": "Dublin",
        "county": "dublin"
      }
    },
    {
      "type": "Feature",
      "geometry": {
        "type": "Point",
        "coordinates": [
          -6.2768276,
          53.3830464
        ]
      },
      "properties": {
        "osm_id": "n3003753689",
        "name": "Centra",
        "category": "supermarket",
        "subcategory": "shop=convenience",
        "lat": 53.3830464,
        "lon": -6.2768276,
        "admin_division": "Dublin",
        "county": "dublin"
      }
    },
    {
      "type": "Feature",
      "geometry": {
        "type": "Point",
        "coordinates": [
          -6.1487745,
          53.4865577
        ]
      },
      "properties": {
        "osm_id": "n3004207094",
        "name": "Donabate Village Butchers",
        "category": "supermarket",
        "subcategory": "shop=butcher",
        "lat": 53.4865577,
        "lon": -6.1487745,
        "admin_division": "Donabate",
        "county": "dublin"
      }
    },
    {
      "type": "Feature",
      "geometry": {
        "type": "Point",
        "coordinates": [
          -6.2855897,
          53.3931696
        ]
      },
      "properties": {
        "osm_id": "n3005763616",
        "name": "Happy Apple",
        "category": "supermarket",
        "subcategory": "shop=convenience",
        "lat": 53.3931696,
        "lon": -6.2855897,
        "admin_division": "Dublin",
        "county": "dublin"
      }
    },
    {
      "type": "Feature",
      "geometry": {
        "type": "Point",
        "coordinates": [
          -6.2749938,
          53.3317745
        ]
      },
      "properties": {
        "osm_id": "n3008717072",
        "name": "",
        "category": "supermarket",
        "subcategory": "shop=convenience",
        "lat": 53.3317745,
        "lon": -6.2749938,
        "admin_division": "Dublin",
        "county": "dublin"
      }
    },
    {
      "type": "Feature",
      "geometry": {
        "type": "Point",
        "coordinates": [
          -6.2750029,
          53.3318348
        ]
      },
      "properties": {
        "osm_id": "n3008717073",
        "name": "Eddie's",
        "category": "supermarket",
        "subcategory": "shop=convenience",
        "lat": 53.3318348,
        "lon": -6.2750029,
        "admin_division": "Dublin",
        "county": "dublin"
      }
    },
    {
      "type": "Feature",
      "geometry": {
        "type": "Point",
        "coordinates": [
          -6.274998,
          53.3318792
        ]
      },
      "properties": {
        "osm_id": "n3008717074",
        "name": "Flemings",
        "category": "supermarket",
        "subcategory": "shop=convenience",
        "lat": 53.3318792,
        "lon": -6.274998,
        "admin_division": "Dublin",
        "county": "dublin"
      }
    },
    {
      "type": "Feature",
      "geometry": {
        "type": "Point",
        "coordinates": [
          -6.2754139,
          53.3326804
        ]
      },
      "properties": {
        "osm_id": "n3008717082",
        "name": "Halal Food & Grocery",
        "category": "supermarket",
        "subcategory": "shop=convenience",
        "lat": 53.3326804,
        "lon": -6.2754139,
        "admin_division": "Dublin",
        "county": "dublin"
      }
    },
    {
      "type": "Feature",
      "geometry": {
        "type": "Point",
        "coordinates": [
          -6.1064462,
          53.5795672
        ]
      },
      "properties": {
        "osm_id": "n3011362780",
        "name": "Gerrys",
        "category": "supermarket",
        "subcategory": "shop=supermarket",
        "lat": 53.5795672,
        "lon": -6.1064462,
        "admin_division": "Skerries",
        "county": "dublin"
      }
    },
    {
      "type": "Feature",
      "geometry": {
        "type": "Point",
        "coordinates": [
          -6.274875,
          53.3336705
        ]
      },
      "properties": {
        "osm_id": "n3028086236",
        "name": "Turloughs",
        "category": "supermarket",
        "subcategory": "shop=greengrocer",
        "lat": 53.3336705,
        "lon": -6.274875,
        "admin_division": "Dublin",
        "county": "dublin"
      }
    },
    {
      "type": "Feature",
      "geometry": {
        "type": "Point",
        "coordinates": [
          -6.2747414,
          53.333915
        ]
      },
      "properties": {
        "osm_id": "n3028086238",
        "name": "Camden Spices Halal Foods",
        "category": "supermarket",
        "subcategory": "shop=convenience",
        "lat": 53.333915,
        "lon": -6.2747414,
        "admin_division": "Dublin",
        "county": "dublin"
      }
    },
    {
      "type": "Feature",
      "geometry": {
        "type": "Point",
        "coordinates": [
          -6.2703112,
          53.3413757
        ]
      },
      "properties": {
        "osm_id": "n3035428410",
        "name": "Pat's Corner Newsagents and Groceries",
        "category": "supermarket",
        "subcategory": "shop=convenience",
        "lat": 53.3413757,
        "lon": -6.2703112,
        "admin_division": "Dublin",
        "county": "dublin"
      }
    },
    {
      "type": "Feature",
      "geometry": {
        "type": "Point",
        "coordinates": [
          -6.2744338,
          53.3121157
        ]
      },
      "properties": {
        "osm_id": "n3039675540",
        "name": "Donovans of Rathgar",
        "category": "supermarket",
        "subcategory": "shop=butcher",
        "lat": 53.3121157,
        "lon": -6.2744338,
        "admin_division": "Dublin",
        "county": "dublin"
      }
    },
    {
      "type": "Feature",
      "geometry": {
        "type": "Point",
        "coordinates": [
          -6.2621762,
          53.3469833
        ]
      },
      "properties": {
        "osm_id": "n3050341152",
        "name": "Day-Today",
        "category": "supermarket",
        "subcategory": "shop=convenience",
        "lat": 53.3469833,
        "lon": -6.2621762,
        "admin_division": "Dublin",
        "county": "dublin"
      }
    },
    {
      "type": "Feature",
      "geometry": {
        "type": "Point",
        "coordinates": [
          -6.2614748,
          53.3514657
        ]
      },
      "properties": {
        "osm_id": "n3052773344",
        "name": "Green Island",
        "category": "supermarket",
        "subcategory": "shop=supermarket",
        "lat": 53.3514657,
        "lon": -6.2614748,
        "admin_division": "Dublin",
        "county": "dublin"
      }
    },
    {
      "type": "Feature",
      "geometry": {
        "type": "Point",
        "coordinates": [
          -6.2941606,
          53.3909312
        ]
      },
      "properties": {
        "osm_id": "n3065884410",
        "name": "Clever Buy's",
        "category": "supermarket",
        "subcategory": "shop=convenience",
        "lat": 53.3909312,
        "lon": -6.2941606,
        "admin_division": "Dublin",
        "county": "dublin"
      }
    },
    {
      "type": "Feature",
      "geometry": {
        "type": "Point",
        "coordinates": [
          -6.3211884,
          53.325399
        ]
      },
      "properties": {
        "osm_id": "n3077675592",
        "name": "K Doyle",
        "category": "supermarket",
        "subcategory": "shop=greengrocer",
        "lat": 53.325399,
        "lon": -6.3211884,
        "admin_division": "",
        "county": "dublin"
      }
    },
    {
      "type": "Feature",
      "geometry": {
        "type": "Point",
        "coordinates": [
          -6.3215185,
          53.3259008
        ]
      },
      "properties": {
        "osm_id": "n3077675595",
        "name": "Burkes The Butchers",
        "category": "supermarket",
        "subcategory": "shop=butcher",
        "lat": 53.3259008,
        "lon": -6.3215185,
        "admin_division": "",
        "county": "dublin"
      }
    },
    {
      "type": "Feature",
      "geometry": {
        "type": "Point",
        "coordinates": [
          -6.321659,
          53.3261087
        ]
      },
      "properties": {
        "osm_id": "n3077675598",
        "name": "Gala",
        "category": "supermarket",
        "subcategory": "shop=convenience",
        "lat": 53.3261087,
        "lon": -6.321659,
        "admin_division": "",
        "county": "dublin"
      }
    },
    {
      "type": "Feature",
      "geometry": {
        "type": "Point",
        "coordinates": [
          -6.2812402,
          53.3180518
        ]
      },
      "properties": {
        "osm_id": "n3092330083",
        "name": "",
        "category": "supermarket",
        "subcategory": "shop=convenience",
        "lat": 53.3180518,
        "lon": -6.2812402,
        "admin_division": "",
        "county": "dublin"
      }
    },
    {
      "type": "Feature",
      "geometry": {
        "type": "Point",
        "coordinates": [
          -6.2829164,
          53.3099042
        ]
      },
      "properties": {
        "osm_id": "n3104886052",
        "name": "J. Downey & Son",
        "category": "supermarket",
        "subcategory": "shop=butcher",
        "lat": 53.3099042,
        "lon": -6.2829164,
        "admin_division": "Dublin",
        "county": "dublin"
      }
    },
    {
      "type": "Feature",
      "geometry": {
        "type": "Point",
        "coordinates": [
          -6.2835244,
          53.3103171
        ]
      },
      "properties": {
        "osm_id": "n3106278305",
        "name": "Centra",
        "category": "supermarket",
        "subcategory": "shop=convenience",
        "lat": 53.3103171,
        "lon": -6.2835244,
        "admin_division": "Dublin",
        "county": "dublin"
      }
    },
    {
      "type": "Feature",
      "geometry": {
        "type": "Point",
        "coordinates": [
          -6.2449892,
          53.4272703
        ]
      },
      "properties": {
        "osm_id": "n3112510755",
        "name": "Spar",
        "category": "supermarket",
        "subcategory": "shop=convenience",
        "lat": 53.4272703,
        "lon": -6.2449892,
        "admin_division": "Dublin Airport",
        "county": "dublin"
      }
    },
    {
      "type": "Feature",
      "geometry": {
        "type": "Point",
        "coordinates": [
          -6.2904858,
          53.3435006
        ]
      },
      "properties": {
        "osm_id": "n3124321667",
        "name": "Top Shop",
        "category": "supermarket",
        "subcategory": "shop=convenience",
        "lat": 53.3435006,
        "lon": -6.2904858,
        "admin_division": "Dublin",
        "county": "dublin"
      }
    },
    {
      "type": "Feature",
      "geometry": {
        "type": "Point",
        "coordinates": [
          -6.2772914,
          53.3427182
        ]
      },
      "properties": {
        "osm_id": "n3125025419",
        "name": "+55 Cafe Brazil",
        "category": "supermarket",
        "subcategory": "shop=convenience",
        "lat": 53.3427182,
        "lon": -6.2772914,
        "admin_division": "",
        "county": "dublin"
      }
    },
    {
      "type": "Feature",
      "geometry": {
        "type": "Point",
        "coordinates": [
          -6.2776095,
          53.3426722
        ]
      },
      "properties": {
        "osm_id": "n3125025422",
        "name": "Mediterranean Food Market",
        "category": "supermarket",
        "subcategory": "shop=greengrocer",
        "lat": 53.3426722,
        "lon": -6.2776095,
        "admin_division": "",
        "county": "dublin"
      }
    },
    {
      "type": "Feature",
      "geometry": {
        "type": "Point",
        "coordinates": [
          -6.2866392,
          53.3906724
        ]
      },
      "properties": {
        "osm_id": "n3126035955",
        "name": "Brian's Family Butchers",
        "category": "supermarket",
        "subcategory": "shop=butcher",
        "lat": 53.3906724,
        "lon": -6.2866392,
        "admin_division": "",
        "county": "dublin"
      }
    },
    {
      "type": "Feature",
      "geometry": {
        "type": "Point",
        "coordinates": [
          -6.2704607,
          53.33818
        ]
      },
      "properties": {
        "osm_id": "n3130075762",
        "name": "Nearby",
        "category": "supermarket",
        "subcategory": "shop=convenience",
        "lat": 53.33818,
        "lon": -6.2704607,
        "admin_division": "Dublin",
        "county": "dublin"
      }
    },
    {
      "type": "Feature",
      "geometry": {
        "type": "Point",
        "coordinates": [
          -6.2768048,
          53.4001554
        ]
      },
      "properties": {
        "osm_id": "n3137599779",
        "name": "Centra",
        "category": "supermarket",
        "subcategory": "shop=convenience",
        "lat": 53.4001554,
        "lon": -6.2768048,
        "admin_division": "Dublin",
        "county": "dublin"
      }
    },
    {
      "type": "Feature",
      "geometry": {
        "type": "Point",
        "coordinates": [
          -6.2501431,
          53.3545658
        ]
      },
      "properties": {
        "osm_id": "n3142939587",
        "name": "",
        "category": "supermarket",
        "subcategory": "shop=butcher",
        "lat": 53.3545658,
        "lon": -6.2501431,
        "admin_division": "Dublin",
        "county": "dublin"
      }
    },
    {
      "type": "Feature",
      "geometry": {
        "type": "Point",
        "coordinates": [
          -6.2951228,
          53.3395643
        ]
      },
      "properties": {
        "osm_id": "n3145302640",
        "name": "Londis",
        "category": "supermarket",
        "subcategory": "shop=convenience",
        "lat": 53.3395643,
        "lon": -6.2951228,
        "admin_division": "",
        "county": "dublin"
      }
    },
    {
      "type": "Feature",
      "geometry": {
        "type": "Point",
        "coordinates": [
          -6.3031232,
          53.4039888
        ]
      },
      "properties": {
        "osm_id": "n3150036522",
        "name": "Dunnes Stores",
        "category": "supermarket",
        "subcategory": "shop=supermarket",
        "lat": 53.4039888,
        "lon": -6.3031232,
        "admin_division": "Dublin",
        "county": "dublin"
      }
    },
    {
      "type": "Feature",
      "geometry": {
        "type": "Point",
        "coordinates": [
          -6.4130576,
          53.3205417
        ]
      },
      "properties": {
        "osm_id": "n3158754820",
        "name": "Spar",
        "category": "supermarket",
        "subcategory": "shop=convenience",
        "lat": 53.3205417,
        "lon": -6.4130576,
        "admin_division": "Clondalkin",
        "county": "dublin"
      }
    },
    {
      "type": "Feature",
      "geometry": {
        "type": "Point",
        "coordinates": [
          -6.2649386,
          53.3559618
        ]
      },
      "properties": {
        "osm_id": "n3161391300",
        "name": "Horseed Grocery",
        "category": "supermarket",
        "subcategory": "shop=convenience",
        "lat": 53.3559618,
        "lon": -6.2649386,
        "admin_division": "Dublin",
        "county": "dublin"
      }
    },
    {
      "type": "Feature",
      "geometry": {
        "type": "Point",
        "coordinates": [
          -6.3711052,
          53.331499
        ]
      },
      "properties": {
        "osm_id": "n3166920462",
        "name": "Spar",
        "category": "supermarket",
        "subcategory": "shop=supermarket",
        "lat": 53.331499,
        "lon": -6.3711052,
        "admin_division": "",
        "county": "dublin"
      }
    },
    {
      "type": "Feature",
      "geometry": {
        "type": "Point",
        "coordinates": [
          -6.2655397,
          53.2773491
        ]
      },
      "properties": {
        "osm_id": "n3191299117",
        "name": "Centra",
        "category": "supermarket",
        "subcategory": "shop=convenience",
        "lat": 53.2773491,
        "lon": -6.2655397,
        "admin_division": "",
        "county": "dublin"
      }
    },
    {
      "type": "Feature",
      "geometry": {
        "type": "Point",
        "coordinates": [
          -6.2661263,
          53.338096
        ]
      },
      "properties": {
        "osm_id": "n3203351290",
        "name": "Tesco Express",
        "category": "supermarket",
        "subcategory": "shop=convenience",
        "lat": 53.338096,
        "lon": -6.2661263,
        "admin_division": "Dublin",
        "county": "dublin"
      }
    },
    {
      "type": "Feature",
      "geometry": {
        "type": "Point",
        "coordinates": [
          -6.3705818,
          53.3269292
        ]
      },
      "properties": {
        "osm_id": "n3205581896",
        "name": "Londis",
        "category": "supermarket",
        "subcategory": "shop=convenience",
        "lat": 53.3269292,
        "lon": -6.3705818,
        "admin_division": "",
        "county": "dublin"
      }
    },
    {
      "type": "Feature",
      "geometry": {
        "type": "Point",
        "coordinates": [
          -6.2484991,
          53.3938399
        ]
      },
      "properties": {
        "osm_id": "n3231980113",
        "name": "Lidl",
        "category": "supermarket",
        "subcategory": "shop=supermarket",
        "lat": 53.3938399,
        "lon": -6.2484991,
        "admin_division": "Dublin",
        "county": "dublin"
      }
    },
    {
      "type": "Feature",
      "geometry": {
        "type": "Point",
        "coordinates": [
          -6.3989219,
          53.4026443
        ]
      },
      "properties": {
        "osm_id": "n3233585897",
        "name": "Village meats",
        "category": "supermarket",
        "subcategory": "shop=butcher",
        "lat": 53.4026443,
        "lon": -6.3989219,
        "admin_division": "",
        "county": "dublin"
      }
    },
    {
      "type": "Feature",
      "geometry": {
        "type": "Point",
        "coordinates": [
          -6.2488493,
          53.3441495
        ]
      },
      "properties": {
        "osm_id": "n3257534884",
        "name": "O'Donovan",
        "category": "supermarket",
        "subcategory": "amenity=cafe",
        "lat": 53.3441495,
        "lon": -6.2488493,
        "admin_division": "Dublin",
        "county": "dublin"
      }
    },
    {
      "type": "Feature",
      "geometry": {
        "type": "Point",
        "coordinates": [
          -6.2740203,
          53.3607099
        ]
      },
      "properties": {
        "osm_id": "n3303828130",
        "name": "Centra",
        "category": "supermarket",
        "subcategory": "shop=convenience",
        "lat": 53.3607099,
        "lon": -6.2740203,
        "admin_division": "Dublin",
        "county": "dublin"
      }
    },
    {
      "type": "Feature",
      "geometry": {
        "type": "Point",
        "coordinates": [
          -6.2581114,
          53.346598
        ]
      },
      "properties": {
        "osm_id": "n3314568882",
        "name": "Spar",
        "category": "supermarket",
        "subcategory": "shop=convenience",
        "lat": 53.346598,
        "lon": -6.2581114,
        "admin_division": "Dublin",
        "county": "dublin"
      }
    },
    {
      "type": "Feature",
      "geometry": {
        "type": "Point",
        "coordinates": [
          -6.2390303,
          53.3426047
        ]
      },
      "properties": {
        "osm_id": "n3338276450",
        "name": "il Valentino",
        "category": "supermarket",
        "subcategory": "amenity=cafe",
        "lat": 53.3426047,
        "lon": -6.2390303,
        "admin_division": "Dublin",
        "county": "dublin"
      }
    },
    {
      "type": "Feature",
      "geometry": {
        "type": "Point",
        "coordinates": [
          -6.2465521,
          53.3433929
        ]
      },
      "properties": {
        "osm_id": "n3387759521",
        "name": "Tesco Express",
        "category": "supermarket",
        "subcategory": "shop=convenience",
        "lat": 53.3433929,
        "lon": -6.2465521,
        "admin_division": "Dublin",
        "county": "dublin"
      }
    },
    {
      "type": "Feature",
      "geometry": {
        "type": "Point",
        "coordinates": [
          -6.3589304,
          53.3125316
        ]
      },
      "properties": {
        "osm_id": "n3413446702",
        "name": "Spar",
        "category": "supermarket",
        "subcategory": "shop=convenience",
        "lat": 53.3125316,
        "lon": -6.3589304,
        "admin_division": "",
        "county": "dublin"
      }
    },
    {
      "type": "Feature",
      "geometry": {
        "type": "Point",
        "coordinates": [
          -6.2654065,
          53.359998
        ]
      },
      "properties": {
        "osm_id": "n3425017123",
        "name": "",
        "category": "supermarket",
        "subcategory": "shop=convenience",
        "lat": 53.359998,
        "lon": -6.2654065,
        "admin_division": "",
        "county": "dublin"
      }
    },
    {
      "type": "Feature",
      "geometry": {
        "type": "Point",
        "coordinates": [
          -6.2566313,
          53.3482028
        ]
      },
      "properties": {
        "osm_id": "n3465653399",
        "name": "The One 2 Vue Shop",
        "category": "supermarket",
        "subcategory": "shop=bakery",
        "lat": 53.3482028,
        "lon": -6.2566313,
        "admin_division": "",
        "county": "dublin"
      }
    },
    {
      "type": "Feature",
      "geometry": {
        "type": "Point",
        "coordinates": [
          -6.2469112,
          53.3550773
        ]
      },
      "properties": {
        "osm_id": "n3477753525",
        "name": "Spar",
        "category": "supermarket",
        "subcategory": "shop=convenience",
        "lat": 53.3550773,
        "lon": -6.2469112,
        "admin_division": "Dublin",
        "county": "dublin"
      }
    },
    {
      "type": "Feature",
      "geometry": {
        "type": "Point",
        "coordinates": [
          -6.2064705,
          53.3983391
        ]
      },
      "properties": {
        "osm_id": "n3480105357",
        "name": "EJ's",
        "category": "supermarket",
        "subcategory": "shop=convenience",
        "lat": 53.3983391,
        "lon": -6.2064705,
        "admin_division": "Dublin",
        "county": "dublin"
      }
    },
    {
      "type": "Feature",
      "geometry": {
        "type": "Point",
        "coordinates": [
          -6.2080537,
          53.3819066
        ]
      },
      "properties": {
        "osm_id": "n3482841193",
        "name": "On the Run",
        "category": "supermarket",
        "subcategory": "shop=convenience",
        "lat": 53.3819066,
        "lon": -6.2080537,
        "admin_division": "Dublin",
        "county": "dublin"
      }
    },
    {
      "type": "Feature",
      "geometry": {
        "type": "Point",
        "coordinates": [
          -6.2119324,
          53.3957149
        ]
      },
      "properties": {
        "osm_id": "n3485778206",
        "name": "Dunnes Stores",
        "category": "supermarket",
        "subcategory": "shop=supermarket",
        "lat": 53.3957149,
        "lon": -6.2119324,
        "admin_division": "Dublin",
        "county": "dublin"
      }
    },
    {
      "type": "Feature",
      "geometry": {
        "type": "Point",
        "coordinates": [
          -6.1528691,
          53.4509363
        ]
      },
      "properties": {
        "osm_id": "n3517493061",
        "name": "SuperValu",
        "category": "supermarket",
        "subcategory": "shop=supermarket",
        "lat": 53.4509363,
        "lon": -6.1528691,
        "admin_division": "Malahide",
        "county": "dublin"
      }
    },
    {
      "type": "Feature",
      "geometry": {
        "type": "Point",
        "coordinates": [
          -6.1519779,
          53.4506664
        ]
      },
      "properties": {
        "osm_id": "n3517669968",
        "name": "Re Store",
        "category": "supermarket",
        "subcategory": "shop=convenience",
        "lat": 53.4506664,
        "lon": -6.1519779,
        "admin_division": "",
        "county": "dublin"
      }
    },
    {
      "type": "Feature",
      "geometry": {
        "type": "Point",
        "coordinates": [
          -6.124806,
          53.2258808
        ]
      },
      "properties": {
        "osm_id": "n3550798020",
        "name": "Bakelicious",
        "category": "supermarket",
        "subcategory": "shop=bakery",
        "lat": 53.2258808,
        "lon": -6.124806,
        "admin_division": "",
        "county": "dublin"
      }
    },
    {
      "type": "Feature",
      "geometry": {
        "type": "Point",
        "coordinates": [
          -6.2025146,
          53.3143691
        ]
      },
      "properties": {
        "osm_id": "n3553416699",
        "name": "Centra",
        "category": "supermarket",
        "subcategory": "shop=convenience",
        "lat": 53.3143691,
        "lon": -6.2025146,
        "admin_division": "Dublin",
        "county": "dublin"
      }
    },
    {
      "type": "Feature",
      "geometry": {
        "type": "Point",
        "coordinates": [
          -6.2526793,
          53.351143
        ]
      },
      "properties": {
        "osm_id": "n3579222571",
        "name": "SuperValu",
        "category": "supermarket",
        "subcategory": "shop=supermarket",
        "lat": 53.351143,
        "lon": -6.2526793,
        "admin_division": "Dublin",
        "county": "dublin"
      }
    },
    {
      "type": "Feature",
      "geometry": {
        "type": "Point",
        "coordinates": [
          -6.1722041,
          53.2906991
        ]
      },
      "properties": {
        "osm_id": "n3583918256",
        "name": "Spar",
        "category": "supermarket",
        "subcategory": "shop=convenience",
        "lat": 53.2906991,
        "lon": -6.1722041,
        "admin_division": "Blackrock",
        "county": "dublin"
      }
    },
    {
      "type": "Feature",
      "geometry": {
        "type": "Point",
        "coordinates": [
          -6.1757157,
          53.2888226
        ]
      },
      "properties": {
        "osm_id": "n3583920239",
        "name": "Centra",
        "category": "supermarket",
        "subcategory": "shop=convenience",
        "lat": 53.2888226,
        "lon": -6.1757157,
        "admin_division": "",
        "county": "dublin"
      }
    },
    {
      "type": "Feature",
      "geometry": {
        "type": "Point",
        "coordinates": [
          -6.2926715,
          53.3463704
        ]
      },
      "properties": {
        "osm_id": "n3627819070",
        "name": "Londis",
        "category": "supermarket",
        "subcategory": "shop=convenience",
        "lat": 53.3463704,
        "lon": -6.2926715,
        "admin_division": "Dublin",
        "county": "dublin"
      }
    },
    {
      "type": "Feature",
      "geometry": {
        "type": "Point",
        "coordinates": [
          -6.2189443,
          53.392796
        ]
      },
      "properties": {
        "osm_id": "n3639244725",
        "name": "Bus Stop Shop",
        "category": "supermarket",
        "subcategory": "shop=convenience",
        "lat": 53.392796,
        "lon": -6.2189443,
        "admin_division": "",
        "county": "dublin"
      }
    },
    {
      "type": "Feature",
      "geometry": {
        "type": "Point",
        "coordinates": [
          -6.2406902,
          53.3592875
        ]
      },
      "properties": {
        "osm_id": "n3676877493",
        "name": "North Strand Store",
        "category": "supermarket",
        "subcategory": "shop=convenience",
        "lat": 53.3592875,
        "lon": -6.2406902,
        "admin_division": "Dublin",
        "county": "dublin"
      }
    },
    {
      "type": "Feature",
      "geometry": {
        "type": "Point",
        "coordinates": [
          -6.2431104,
          53.3570461
        ]
      },
      "properties": {
        "osm_id": "n3677042039",
        "name": "Costcutter",
        "category": "supermarket",
        "subcategory": "shop=supermarket",
        "lat": 53.3570461,
        "lon": -6.2431104,
        "admin_division": "Dublin",
        "county": "dublin"
      }
    },
    {
      "type": "Feature",
      "geometry": {
        "type": "Point",
        "coordinates": [
          -6.0736743,
          53.388813
        ]
      },
      "properties": {
        "osm_id": "n3679004785",
        "name": "Daybreak",
        "category": "supermarket",
        "subcategory": "shop=convenience",
        "lat": 53.388813,
        "lon": -6.0736743,
        "admin_division": "Howth",
        "county": "dublin"
      }
    },
    {
      "type": "Feature",
      "geometry": {
        "type": "Point",
        "coordinates": [
          -6.264658,
          53.3235708
        ]
      },
      "properties": {
        "osm_id": "n3680296596",
        "name": "Dowling's Butchers",
        "category": "supermarket",
        "subcategory": "shop=butcher",
        "lat": 53.3235708,
        "lon": -6.264658,
        "admin_division": "Dublin",
        "county": "dublin"
      }
    },
    {
      "type": "Feature",
      "geometry": {
        "type": "Point",
        "coordinates": [
          -6.1632809,
          53.277993
        ]
      },
      "properties": {
        "osm_id": "n3703279059",
        "name": "F.X. Buckley",
        "category": "supermarket",
        "subcategory": "shop=butcher",
        "lat": 53.277993,
        "lon": -6.1632809,
        "admin_division": "Deansgrange",
        "county": "dublin"
      }
    },
    {
      "type": "Feature",
      "geometry": {
        "type": "Point",
        "coordinates": [
          -6.248604,
          53.361973
        ]
      },
      "properties": {
        "osm_id": "n3708634699",
        "name": "Daybreak",
        "category": "supermarket",
        "subcategory": "shop=convenience",
        "lat": 53.361973,
        "lon": -6.248604,
        "admin_division": "Dublin",
        "county": "dublin"
      }
    },
    {
      "type": "Feature",
      "geometry": {
        "type": "Point",
        "coordinates": [
          -6.3874194,
          53.3833157
        ]
      },
      "properties": {
        "osm_id": "n3718522104",
        "name": "Daybreak",
        "category": "supermarket",
        "subcategory": "shop=convenience",
        "lat": 53.3833157,
        "lon": -6.3874194,
        "admin_division": "",
        "county": "dublin"
      }
    },
    {
      "type": "Feature",
      "geometry": {
        "type": "Point",
        "coordinates": [
          -6.1770898,
          53.3013221
        ]
      },
      "properties": {
        "osm_id": "n3730354489",
        "name": "Centra",
        "category": "supermarket",
        "subcategory": "shop=convenience",
        "lat": 53.3013221,
        "lon": -6.1770898,
        "admin_division": "Blackrock",
        "county": "dublin"
      }
    },
    {
      "type": "Feature",
      "geometry": {
        "type": "Point",
        "coordinates": [
          -6.1785231,
          53.3009037
        ]
      },
      "properties": {
        "osm_id": "n3740250975",
        "name": "Asian Foods Butchers",
        "category": "supermarket",
        "subcategory": "shop=butcher",
        "lat": 53.3009037,
        "lon": -6.1785231,
        "admin_division": "",
        "county": "dublin"
      }
    },
    {
      "type": "Feature",
      "geometry": {
        "type": "Point",
        "coordinates": [
          -6.1784796,
          53.3008782
        ]
      },
      "properties": {
        "osm_id": "n3740250976",
        "name": "Asian Foods",
        "category": "supermarket",
        "subcategory": "shop=convenience",
        "lat": 53.3008782,
        "lon": -6.1784796,
        "admin_division": "",
        "county": "dublin"
      }
    },
    {
      "type": "Feature",
      "geometry": {
        "type": "Point",
        "coordinates": [
          -6.2003315,
          53.289741
        ]
      },
      "properties": {
        "osm_id": "n3750529749",
        "name": "The Natural Bakery",
        "category": "supermarket",
        "subcategory": "shop=bakery",
        "lat": 53.289741,
        "lon": -6.2003315,
        "admin_division": "",
        "county": "dublin"
      }
    },
    {
      "type": "Feature",
      "geometry": {
        "type": "Point",
        "coordinates": [
          -6.3218572,
          53.3239248
        ]
      },
      "properties": {
        "osm_id": "n3772620516",
        "name": "Nilands",
        "category": "supermarket",
        "subcategory": "shop=convenience",
        "lat": 53.3239248,
        "lon": -6.3218572,
        "admin_division": "Dublin",
        "county": "dublin"
      }
    },
    {
      "type": "Feature",
      "geometry": {
        "type": "Point",
        "coordinates": [
          -6.2869212,
          53.3648244
        ]
      },
      "properties": {
        "osm_id": "n3780380513",
        "name": "Today's Local - Faussaugh Stores",
        "category": "supermarket",
        "subcategory": "shop=convenience",
        "lat": 53.3648244,
        "lon": -6.2869212,
        "admin_division": "Dublin",
        "county": "dublin"
      }
    },
    {
      "type": "Feature",
      "geometry": {
        "type": "Point",
        "coordinates": [
          -6.2831189,
          53.3513747
        ]
      },
      "properties": {
        "osm_id": "n3874513562",
        "name": "The Green Door",
        "category": "supermarket",
        "subcategory": "shop=bakery",
        "lat": 53.3513747,
        "lon": -6.2831189,
        "admin_division": "",
        "county": "dublin"
      }
    },
    {
      "type": "Feature",
      "geometry": {
        "type": "Point",
        "coordinates": [
          -6.2381923,
          53.3226195
        ]
      },
      "properties": {
        "osm_id": "n3974258560",
        "name": "Tesco Express",
        "category": "supermarket",
        "subcategory": "shop=convenience",
        "lat": 53.3226195,
        "lon": -6.2381923,
        "admin_division": "Donnybrook",
        "county": "dublin"
      }
    },
    {
      "type": "Feature",
      "geometry": {
        "type": "Point",
        "coordinates": [
          -6.246415,
          53.3452417
        ]
      },
      "properties": {
        "osm_id": "n3979495651",
        "name": "Eurospar",
        "category": "supermarket",
        "subcategory": "shop=supermarket",
        "lat": 53.3452417,
        "lon": -6.246415,
        "admin_division": "Dublin",
        "county": "dublin"
      }
    },
    {
      "type": "Feature",
      "geometry": {
        "type": "Point",
        "coordinates": [
          -6.3048946,
          53.3990742
        ]
      },
      "properties": {
        "osm_id": "n4022416800",
        "name": "The Finglas Meat Market",
        "category": "supermarket",
        "subcategory": "shop=butcher",
        "lat": 53.3990742,
        "lon": -6.3048946,
        "admin_division": "",
        "county": "dublin"
      }
    },
    {
      "type": "Feature",
      "geometry": {
        "type": "Point",
        "coordinates": [
          -6.3191926,
          53.3666272
        ]
      },
      "properties": {
        "osm_id": "n4029779542",
        "name": "Phoenix Home Bakery",
        "category": "supermarket",
        "subcategory": "shop=bakery",
        "lat": 53.3666272,
        "lon": -6.3191926,
        "admin_division": "Dublin",
        "county": "dublin"
      }
    },
    {
      "type": "Feature",
      "geometry": {
        "type": "Point",
        "coordinates": [
          -6.200598,
          53.2909693
        ]
      },
      "properties": {
        "osm_id": "n4080137177",
        "name": "Ingredients Asian Supermarket",
        "category": "supermarket",
        "subcategory": "shop=supermarket",
        "lat": 53.2909693,
        "lon": -6.200598,
        "admin_division": "Stillorgan",
        "county": "dublin"
      }
    },
    {
      "type": "Feature",
      "geometry": {
        "type": "Point",
        "coordinates": [
          -6.2364194,
          53.3442349
        ]
      },
      "properties": {
        "osm_id": "n4201954494",
        "name": "Spar",
        "category": "supermarket",
        "subcategory": "shop=convenience",
        "lat": 53.3442349,
        "lon": -6.2364194,
        "admin_division": "",
        "county": "dublin"
      }
    },
    {
      "type": "Feature",
      "geometry": {
        "type": "Point",
        "coordinates": [
          -6.2956599,
          53.3148431
        ]
      },
      "properties": {
        "osm_id": "n4205911416",
        "name": "Tesco Express",
        "category": "supermarket",
        "subcategory": "shop=convenience",
        "lat": 53.3148431,
        "lon": -6.2956599,
        "admin_division": "Dublin",
        "county": "dublin"
      }
    },
    {
      "type": "Feature",
      "geometry": {
        "type": "Point",
        "coordinates": [
          -6.2926432,
          53.3170957
        ]
      },
      "properties": {
        "osm_id": "n4209207503",
        "name": "On the Run",
        "category": "supermarket",
        "subcategory": "shop=convenience",
        "lat": 53.3170957,
        "lon": -6.2926432,
        "admin_division": "Dublin",
        "county": "dublin"
      }
    },
    {
      "type": "Feature",
      "geometry": {
        "type": "Point",
        "coordinates": [
          -6.2909571,
          53.3340729
        ]
      },
      "properties": {
        "osm_id": "n4218636549",
        "name": "Spar",
        "category": "supermarket",
        "subcategory": "shop=convenience",
        "lat": 53.3340729,
        "lon": -6.2909571,
        "admin_division": "Dublin",
        "county": "dublin"
      }
    },
    {
      "type": "Feature",
      "geometry": {
        "type": "Point",
        "coordinates": [
          -6.3272358,
          53.3198847
        ]
      },
      "properties": {
        "osm_id": "n4248244289",
        "name": "Home",
        "category": "supermarket",
        "subcategory": "shop=convenience",
        "lat": 53.3198847,
        "lon": -6.3272358,
        "admin_division": "",
        "county": "dublin"
      }
    },
    {
      "type": "Feature",
      "geometry": {
        "type": "Point",
        "coordinates": [
          -6.2991335,
          53.3293766
        ]
      },
      "properties": {
        "osm_id": "n4252198691",
        "name": "Kimex Cash & Carry",
        "category": "supermarket",
        "subcategory": "shop=supermarket",
        "lat": 53.3293766,
        "lon": -6.2991335,
        "admin_division": "",
        "county": "dublin"
      }
    },
    {
      "type": "Feature",
      "geometry": {
        "type": "Point",
        "coordinates": [
          -6.2922067,
          53.3339315
        ]
      },
      "properties": {
        "osm_id": "n4266245708",
        "name": "Balkan",
        "category": "supermarket",
        "subcategory": "shop=supermarket",
        "lat": 53.3339315,
        "lon": -6.2922067,
        "admin_division": "",
        "county": "dublin"
      }
    },
    {
      "type": "Feature",
      "geometry": {
        "type": "Point",
        "coordinates": [
          -6.2922702,
          53.3339813
        ]
      },
      "properties": {
        "osm_id": "n4266245726",
        "name": "Shazly & Sons",
        "category": "supermarket",
        "subcategory": "shop=greengrocer",
        "lat": 53.3339813,
        "lon": -6.2922702,
        "admin_division": "",
        "county": "dublin"
      }
    },
    {
      "type": "Feature",
      "geometry": {
        "type": "Point",
        "coordinates": [
          -6.3763105,
          53.2832504
        ]
      },
      "properties": {
        "osm_id": "n4293420786",
        "name": "Polonez",
        "category": "supermarket",
        "subcategory": "shop=supermarket",
        "lat": 53.2832504,
        "lon": -6.3763105,
        "admin_division": "Tallaght",
        "county": "dublin"
      }
    },
    {
      "type": "Feature",
      "geometry": {
        "type": "Point",
        "coordinates": [
          -6.3958019,
          53.3250623
        ]
      },
      "properties": {
        "osm_id": "n4324854821",
        "name": "Dunnes Stores",
        "category": "supermarket",
        "subcategory": "shop=supermarket",
        "lat": 53.3250623,
        "lon": -6.3958019,
        "admin_division": "Clondalkin",
        "county": "dublin"
      }
    },
    {
      "type": "Feature",
      "geometry": {
        "type": "Point",
        "coordinates": [
          -6.2560542,
          53.3209734
        ]
      },
      "properties": {
        "osm_id": "n4368865472",
        "name": "Lawlor's",
        "category": "supermarket",
        "subcategory": "shop=butcher",
        "lat": 53.3209734,
        "lon": -6.2560542,
        "admin_division": "Dublin",
        "county": "dublin"
      }
    },
    {
      "type": "Feature",
      "geometry": {
        "type": "Point",
        "coordinates": [
          -6.400398,
          53.2780562
        ]
      },
      "properties": {
        "osm_id": "n4379473789",
        "name": "Centra",
        "category": "supermarket",
        "subcategory": "shop=convenience",
        "lat": 53.2780562,
        "lon": -6.400398,
        "admin_division": "Tallaght",
        "county": "dublin"
      }
    },
    {
      "type": "Feature",
      "geometry": {
        "type": "Point",
        "coordinates": [
          -6.4176341,
          53.2775883
        ]
      },
      "properties": {
        "osm_id": "n4386417599",
        "name": "Spar",
        "category": "supermarket",
        "subcategory": "shop=convenience",
        "lat": 53.2775883,
        "lon": -6.4176341,
        "admin_division": "",
        "county": "dublin"
      }
    },
    {
      "type": "Feature",
      "geometry": {
        "type": "Point",
        "coordinates": [
          -6.3667897,
          53.2878248
        ]
      },
      "properties": {
        "osm_id": "n4386425657",
        "name": "",
        "category": "supermarket",
        "subcategory": "shop=supermarket",
        "lat": 53.2878248,
        "lon": -6.3667897,
        "admin_division": "",
        "county": "dublin"
      }
    },
    {
      "type": "Feature",
      "geometry": {
        "type": "Point",
        "coordinates": [
          -6.3422051,
          53.2955309
        ]
      },
      "properties": {
        "osm_id": "n4386437218",
        "name": "Centra",
        "category": "supermarket",
        "subcategory": "shop=convenience",
        "lat": 53.2955309,
        "lon": -6.3422051,
        "admin_division": "Tallaght",
        "county": "dublin"
      }
    },
    {
      "type": "Feature",
      "geometry": {
        "type": "Point",
        "coordinates": [
          -6.2642342,
          53.3239558
        ]
      },
      "properties": {
        "osm_id": "n4396967814",
        "name": "James Whelan",
        "category": "supermarket",
        "subcategory": "shop=butcher",
        "lat": 53.3239558,
        "lon": -6.2642342,
        "admin_division": "Dublin",
        "county": "dublin"
      }
    },
    {
      "type": "Feature",
      "geometry": {
        "type": "Point",
        "coordinates": [
          -6.1400285,
          53.277307
        ]
      },
      "properties": {
        "osm_id": "n4423820389",
        "name": "Aldi",
        "category": "supermarket",
        "subcategory": "shop=supermarket",
        "lat": 53.277307,
        "lon": -6.1400285,
        "admin_division": "",
        "county": "dublin"
      }
    },
    {
      "type": "Feature",
      "geometry": {
        "type": "Point",
        "coordinates": [
          -6.2896791,
          53.5855852
        ]
      },
      "properties": {
        "osm_id": "n4432291082",
        "name": "The Butchery",
        "category": "supermarket",
        "subcategory": "shop=butcher",
        "lat": 53.5855852,
        "lon": -6.2896791,
        "admin_division": "Naul",
        "county": "dublin"
      }
    },
    {
      "type": "Feature",
      "geometry": {
        "type": "Point",
        "coordinates": [
          -6.2898156,
          53.5857178
        ]
      },
      "properties": {
        "osm_id": "n4432293208",
        "name": "Daybreak",
        "category": "supermarket",
        "subcategory": "shop=convenience",
        "lat": 53.5857178,
        "lon": -6.2898156,
        "admin_division": "Naul",
        "county": "dublin"
      }
    },
    {
      "type": "Feature",
      "geometry": {
        "type": "Point",
        "coordinates": [
          -6.2604438,
          53.3602978
        ]
      },
      "properties": {
        "osm_id": "n4443375689",
        "name": "Tesco Express",
        "category": "supermarket",
        "subcategory": "shop=convenience",
        "lat": 53.3602978,
        "lon": -6.2604438,
        "admin_division": "Dublin",
        "county": "dublin"
      }
    },
    {
      "type": "Feature",
      "geometry": {
        "type": "Point",
        "coordinates": [
          -6.3986926,
          53.2781755
        ]
      },
      "properties": {
        "osm_id": "n4500228183",
        "name": "",
        "category": "supermarket",
        "subcategory": "shop=convenience",
        "lat": 53.2781755,
        "lon": -6.3986926,
        "admin_division": "",
        "county": "dublin"
      }
    },
    {
      "type": "Feature",
      "geometry": {
        "type": "Point",
        "coordinates": [
          -6.2269909,
          53.3535891
        ]
      },
      "properties": {
        "osm_id": "n4502657291",
        "name": "Max Pizza",
        "category": "supermarket",
        "subcategory": "shop=supermarket",
        "lat": 53.3535891,
        "lon": -6.2269909,
        "admin_division": "Dublin",
        "county": "dublin"
      }
    },
    {
      "type": "Feature",
      "geometry": {
        "type": "Point",
        "coordinates": [
          -6.1444419,
          53.2548753
        ]
      },
      "properties": {
        "osm_id": "n4508860276",
        "name": "Circle K",
        "category": "supermarket",
        "subcategory": "shop=convenience",
        "lat": 53.2548753,
        "lon": -6.1444419,
        "admin_division": "",
        "county": "dublin"
      }
    },
    {
      "type": "Feature",
      "geometry": {
        "type": "Point",
        "coordinates": [
          -6.4004795,
          53.2787231
        ]
      },
      "properties": {
        "osm_id": "n4511368748",
        "name": "",
        "category": "supermarket",
        "subcategory": "shop=convenience",
        "lat": 53.2787231,
        "lon": -6.4004795,
        "admin_division": "",
        "county": "dublin"
      }
    },
    {
      "type": "Feature",
      "geometry": {
        "type": "Point",
        "coordinates": [
          -6.367391,
          53.2860356
        ]
      },
      "properties": {
        "osm_id": "n4538333500",
        "name": "Costless Asian store",
        "category": "supermarket",
        "subcategory": "shop=supermarket",
        "lat": 53.2860356,
        "lon": -6.367391,
        "admin_division": "",
        "county": "dublin"
      }
    },
    {
      "type": "Feature",
      "geometry": {
        "type": "Point",
        "coordinates": [
          -6.1983287,
          53.2884938
        ]
      },
      "properties": {
        "osm_id": "n4549711708",
        "name": "Dublin Meat Co.",
        "category": "supermarket",
        "subcategory": "shop=butcher",
        "lat": 53.2884938,
        "lon": -6.1983287,
        "admin_division": "",
        "county": "dublin"
      }
    },
    {
      "type": "Feature",
      "geometry": {
        "type": "Point",
        "coordinates": [
          -6.1377607,
          53.2788883
        ]
      },
      "properties": {
        "osm_id": "n4560991248",
        "name": "Lidl",
        "category": "supermarket",
        "subcategory": "shop=supermarket",
        "lat": 53.2788883,
        "lon": -6.1377607,
        "admin_division": "",
        "county": "dublin"
      }
    },
    {
      "type": "Feature",
      "geometry": {
        "type": "Point",
        "coordinates": [
          -6.2166155,
          53.2886131
        ]
      },
      "properties": {
        "osm_id": "n4612876870",
        "name": "Spar",
        "category": "supermarket",
        "subcategory": "shop=convenience",
        "lat": 53.2886131,
        "lon": -6.2166155,
        "admin_division": "",
        "county": "dublin"
      }
    },
    {
      "type": "Feature",
      "geometry": {
        "type": "Point",
        "coordinates": [
          -6.2318689,
          53.4707674
        ]
      },
      "properties": {
        "osm_id": "n4616166907",
        "name": "Mroz",
        "category": "supermarket",
        "subcategory": "shop=supermarket",
        "lat": 53.4707674,
        "lon": -6.2318689,
        "admin_division": "",
        "county": "dublin"
      }
    },
    {
      "type": "Feature",
      "geometry": {
        "type": "Point",
        "coordinates": [
          -6.2206362,
          53.455498
        ]
      },
      "properties": {
        "osm_id": "n4686836814",
        "name": "More For Less",
        "category": "supermarket",
        "subcategory": "shop=convenience",
        "lat": 53.455498,
        "lon": -6.2206362,
        "admin_division": "",
        "county": "dublin"
      }
    },
    {
      "type": "Feature",
      "geometry": {
        "type": "Point",
        "coordinates": [
          -6.2214999,
          53.4590304
        ]
      },
      "properties": {
        "osm_id": "n4686839155",
        "name": "Polish Market",
        "category": "supermarket",
        "subcategory": "shop=supermarket",
        "lat": 53.4590304,
        "lon": -6.2214999,
        "admin_division": "Swords",
        "county": "dublin"
      }
    },
    {
      "type": "Feature",
      "geometry": {
        "type": "Point",
        "coordinates": [
          -6.2186772,
          53.4536352
        ]
      },
      "properties": {
        "osm_id": "n4686846002",
        "name": "Tuthills",
        "category": "supermarket",
        "subcategory": "shop=convenience",
        "lat": 53.4536352,
        "lon": -6.2186772,
        "admin_division": "Swords",
        "county": "dublin"
      }
    },
    {
      "type": "Feature",
      "geometry": {
        "type": "Point",
        "coordinates": [
          -6.2193779,
          53.4540564
        ]
      },
      "properties": {
        "osm_id": "n4686846017",
        "name": "More 4 Less",
        "category": "supermarket",
        "subcategory": "shop=convenience",
        "lat": 53.4540564,
        "lon": -6.2193779,
        "admin_division": "",
        "county": "dublin"
      }
    },
    {
      "type": "Feature",
      "geometry": {
        "type": "Point",
        "coordinates": [
          -6.2202651,
          53.4590572
        ]
      },
      "properties": {
        "osm_id": "n4686871294",
        "name": "Cardrac express",
        "category": "supermarket",
        "subcategory": "shop=convenience",
        "lat": 53.4590572,
        "lon": -6.2202651,
        "admin_division": "Swords",
        "county": "dublin"
      }
    },
    {
      "type": "Feature",
      "geometry": {
        "type": "Point",
        "coordinates": [
          -6.3768928,
          53.3868376
        ]
      },
      "properties": {
        "osm_id": "n4743314676",
        "name": "Lituanica",
        "category": "supermarket",
        "subcategory": "shop=supermarket",
        "lat": 53.3868376,
        "lon": -6.3768928,
        "admin_division": "",
        "county": "dublin"
      }
    },
    {
      "type": "Feature",
      "geometry": {
        "type": "Point",
        "coordinates": [
          -6.2079691,
          53.3174417
        ]
      },
      "properties": {
        "osm_id": "n4751529382",
        "name": "Brown's",
        "category": "supermarket",
        "subcategory": "shop=convenience",
        "lat": 53.3174417,
        "lon": -6.2079691,
        "admin_division": "",
        "county": "dublin"
      }
    },
    {
      "type": "Feature",
      "geometry": {
        "type": "Point",
        "coordinates": [
          -6.1962748,
          53.3086892
        ]
      },
      "properties": {
        "osm_id": "n4804347224",
        "name": "Your Stop",
        "category": "supermarket",
        "subcategory": "shop=convenience",
        "lat": 53.3086892,
        "lon": -6.1962748,
        "admin_division": "",
        "county": "dublin"
      }
    },
    {
      "type": "Feature",
      "geometry": {
        "type": "Point",
        "coordinates": [
          -6.2106335,
          53.318277
        ]
      },
      "properties": {
        "osm_id": "n4837342727",
        "name": "Circle K",
        "category": "supermarket",
        "subcategory": "shop=convenience",
        "lat": 53.318277,
        "lon": -6.2106335,
        "admin_division": "",
        "county": "dublin"
      }
    },
    {
      "type": "Feature",
      "geometry": {
        "type": "Point",
        "coordinates": [
          -6.3620426,
          53.415361
        ]
      },
      "properties": {
        "osm_id": "n4864350755",
        "name": "Mace",
        "category": "supermarket",
        "subcategory": "shop=convenience",
        "lat": 53.415361,
        "lon": -6.3620426,
        "admin_division": "Dublin",
        "county": "dublin"
      }
    },
    {
      "type": "Feature",
      "geometry": {
        "type": "Point",
        "coordinates": [
          -6.2861083,
          53.3374668
        ]
      },
      "properties": {
        "osm_id": "n4871882984",
        "name": "Barley Hall",
        "category": "supermarket",
        "subcategory": "shop=grocery",
        "lat": 53.3374668,
        "lon": -6.2861083,
        "admin_division": "Dublin",
        "county": "dublin"
      }
    },
    {
      "type": "Feature",
      "geometry": {
        "type": "Point",
        "coordinates": [
          -6.2768726,
          53.3601092
        ]
      },
      "properties": {
        "osm_id": "n4899884228",
        "name": "Moldova",
        "category": "supermarket",
        "subcategory": "shop=convenience",
        "lat": 53.3601092,
        "lon": -6.2768726,
        "admin_division": "",
        "county": "dublin"
      }
    },
    {
      "type": "Feature",
      "geometry": {
        "type": "Point",
        "coordinates": [
          -6.2746977,
          53.3606277
        ]
      },
      "properties": {
        "osm_id": "n4899884232",
        "name": "Elliot's",
        "category": "supermarket",
        "subcategory": "shop=bakery",
        "lat": 53.3606277,
        "lon": -6.2746977,
        "admin_division": "",
        "county": "dublin"
      }
    },
    {
      "type": "Feature",
      "geometry": {
        "type": "Point",
        "coordinates": [
          -6.3232743,
          53.3243104
        ]
      },
      "properties": {
        "osm_id": "n4913827331",
        "name": "Centra",
        "category": "supermarket",
        "subcategory": "shop=convenience",
        "lat": 53.3243104,
        "lon": -6.3232743,
        "admin_division": "Dublin",
        "county": "dublin"
      }
    },
    {
      "type": "Feature",
      "geometry": {
        "type": "Point",
        "coordinates": [
          -6.3296479,
          53.3241344
        ]
      },
      "properties": {
        "osm_id": "n4913827370",
        "name": "Kokonut",
        "category": "supermarket",
        "subcategory": "shop=convenience",
        "lat": 53.3241344,
        "lon": -6.3296479,
        "admin_division": "",
        "county": "dublin"
      }
    },
    {
      "type": "Feature",
      "geometry": {
        "type": "Point",
        "coordinates": [
          -6.2522304,
          53.3379592
        ]
      },
      "properties": {
        "osm_id": "n5046224021",
        "name": "The Natural Bakery",
        "category": "supermarket",
        "subcategory": "shop=bakery",
        "lat": 53.3379592,
        "lon": -6.2522304,
        "admin_division": "Dublin",
        "county": "dublin"
      }
    },
    {
      "type": "Feature",
      "geometry": {
        "type": "Point",
        "coordinates": [
          -6.2786331,
          53.3202039
        ]
      },
      "properties": {
        "osm_id": "n5058868976",
        "name": "Maxol",
        "category": "supermarket",
        "subcategory": "shop=convenience",
        "lat": 53.3202039,
        "lon": -6.2786331,
        "admin_division": "",
        "county": "dublin"
      }
    },
    {
      "type": "Feature",
      "geometry": {
        "type": "Point",
        "coordinates": [
          -6.2928448,
          53.3467154
        ]
      },
      "properties": {
        "osm_id": "n5089543003",
        "name": "Fresh",
        "category": "supermarket",
        "subcategory": "shop=convenience",
        "lat": 53.3467154,
        "lon": -6.2928448,
        "admin_division": "Dublin",
        "county": "dublin"
      }
    },
    {
      "type": "Feature",
      "geometry": {
        "type": "Point",
        "coordinates": [
          -6.2160486,
          53.3327094
        ]
      },
      "properties": {
        "osm_id": "n5108280523",
        "name": "Nourish",
        "category": "supermarket",
        "subcategory": "shop=supermarket",
        "lat": 53.3327094,
        "lon": -6.2160486,
        "admin_division": "",
        "county": "dublin"
      }
    },
    {
      "type": "Feature",
      "geometry": {
        "type": "Point",
        "coordinates": [
          -6.2619494,
          53.3460014
        ]
      },
      "properties": {
        "osm_id": "n5109507722",
        "name": "Twist",
        "category": "supermarket",
        "subcategory": "shop=bakery",
        "lat": 53.3460014,
        "lon": -6.2619494,
        "admin_division": "Dublin",
        "county": "dublin"
      }
    },
    {
      "type": "Feature",
      "geometry": {
        "type": "Point",
        "coordinates": [
          -6.2651923,
          53.35198
        ]
      },
      "properties": {
        "osm_id": "n5135896046",
        "name": "Kazak Russian Shop",
        "category": "supermarket",
        "subcategory": "shop=supermarket",
        "lat": 53.35198,
        "lon": -6.2651923,
        "admin_division": "",
        "county": "dublin"
      }
    },
    {
      "type": "Feature",
      "geometry": {
        "type": "Point",
        "coordinates": [
          -6.3331121,
          53.3762364
        ]
      },
      "properties": {
        "osm_id": "n5155895122",
        "name": "SuperValu",
        "category": "supermarket",
        "subcategory": "shop=supermarket",
        "lat": 53.3762364,
        "lon": -6.3331121,
        "admin_division": "Dublin",
        "county": "dublin"
      }
    },
    {
      "type": "Feature",
      "geometry": {
        "type": "Point",
        "coordinates": [
          -6.2379419,
          53.3224793
        ]
      },
      "properties": {
        "osm_id": "n5167945443",
        "name": "The Natural Bakery",
        "category": "supermarket",
        "subcategory": "shop=bakery",
        "lat": 53.3224793,
        "lon": -6.2379419,
        "admin_division": "Donnybrook",
        "county": "dublin"
      }
    },
    {
      "type": "Feature",
      "geometry": {
        "type": "Point",
        "coordinates": [
          -6.2147828,
          53.308527
        ]
      },
      "properties": {
        "osm_id": "n5170237095",
        "name": "Spar",
        "category": "supermarket",
        "subcategory": "shop=supermarket",
        "lat": 53.308527,
        "lon": -6.2147828,
        "admin_division": "Dublin",
        "county": "dublin"
      }
    },
    {
      "type": "Feature",
      "geometry": {
        "type": "Point",
        "coordinates": [
          -6.4247351,
          53.3235165
        ]
      },
      "properties": {
        "osm_id": "n5207417489",
        "name": "Daybreak",
        "category": "supermarket",
        "subcategory": "shop=convenience",
        "lat": 53.3235165,
        "lon": -6.4247351,
        "admin_division": "Clondalkin",
        "county": "dublin"
      }
    },
    {
      "type": "Feature",
      "geometry": {
        "type": "Point",
        "coordinates": [
          -6.2621548,
          53.3429671
        ]
      },
      "properties": {
        "osm_id": "n5212682322",
        "name": "Ladurée Dublin",
        "category": "supermarket",
        "subcategory": "shop=bakery",
        "lat": 53.3429671,
        "lon": -6.2621548,
        "admin_division": "Dublin",
        "county": "dublin"
      }
    },
    {
      "type": "Feature",
      "geometry": {
        "type": "Point",
        "coordinates": [
          -6.3751921,
          53.286474
        ]
      },
      "properties": {
        "osm_id": "n5250588243",
        "name": "Mroz",
        "category": "supermarket",
        "subcategory": "shop=convenience",
        "lat": 53.286474,
        "lon": -6.3751921,
        "admin_division": "",
        "county": "dublin"
      }
    },
    {
      "type": "Feature",
      "geometry": {
        "type": "Point",
        "coordinates": [
          -6.2206573,
          53.4577289
        ]
      },
      "properties": {
        "osm_id": "n5254407521",
        "name": "Centra",
        "category": "supermarket",
        "subcategory": "shop=convenience",
        "lat": 53.4577289,
        "lon": -6.2206573,
        "admin_division": "Swords",
        "county": "dublin"
      }
    },
    {
      "type": "Feature",
      "geometry": {
        "type": "Point",
        "coordinates": [
          -6.2662988,
          53.5176175
        ]
      },
      "properties": {
        "osm_id": "n5268042831",
        "name": "Mace",
        "category": "supermarket",
        "subcategory": "shop=convenience",
        "lat": 53.5176175,
        "lon": -6.2662988,
        "admin_division": "",
        "county": "dublin"
      }
    },
    {
      "type": "Feature",
      "geometry": {
        "type": "Point",
        "coordinates": [
          -6.2118063,
          53.5648753
        ]
      },
      "properties": {
        "osm_id": "n5268078429",
        "name": "Applegreen",
        "category": "supermarket",
        "subcategory": "shop=convenience",
        "lat": 53.5648753,
        "lon": -6.2118063,
        "admin_division": "",
        "county": "dublin"
      }
    },
    {
      "type": "Feature",
      "geometry": {
        "type": "Point",
        "coordinates": [
          -6.154504,
          53.4505255
        ]
      },
      "properties": {
        "osm_id": "n5282175133",
        "name": "Paperweight",
        "category": "supermarket",
        "subcategory": "shop=convenience",
        "lat": 53.4505255,
        "lon": -6.154504,
        "admin_division": "",
        "county": "dublin"
      }
    },
    {
      "type": "Feature",
      "geometry": {
        "type": "Point",
        "coordinates": [
          -6.2613353,
          53.3512872
        ]
      },
      "properties": {
        "osm_id": "n5300250099",
        "name": "Pick & Pay",
        "category": "supermarket",
        "subcategory": "shop=convenience",
        "lat": 53.3512872,
        "lon": -6.2613353,
        "admin_division": "Dublin",
        "county": "dublin"
      }
    },
    {
      "type": "Feature",
      "geometry": {
        "type": "Point",
        "coordinates": [
          -6.2611257,
          53.3525771
        ]
      },
      "properties": {
        "osm_id": "n5301488756",
        "name": "Londis",
        "category": "supermarket",
        "subcategory": "shop=convenience",
        "lat": 53.3525771,
        "lon": -6.2611257,
        "admin_division": "",
        "county": "dublin"
      }
    },
    {
      "type": "Feature",
      "geometry": {
        "type": "Point",
        "coordinates": [
          -6.2605745,
          53.3531437
        ]
      },
      "properties": {
        "osm_id": "n5301563869",
        "name": "Rongs",
        "category": "supermarket",
        "subcategory": "shop=supermarket",
        "lat": 53.3531437,
        "lon": -6.2605745,
        "admin_division": "Dublin",
        "county": "dublin"
      }
    },
    {
      "type": "Feature",
      "geometry": {
        "type": "Point",
        "coordinates": [
          -6.2599971,
          53.3530762
        ]
      },
      "properties": {
        "osm_id": "n5301569918",
        "name": "Nimra Asian Foods",
        "category": "supermarket",
        "subcategory": "shop=supermarket",
        "lat": 53.3530762,
        "lon": -6.2599971,
        "admin_division": "Dublin",
        "county": "dublin"
      }
    },
    {
      "type": "Feature",
      "geometry": {
        "type": "Point",
        "coordinates": [
          -6.364027,
          53.3529738
        ]
      },
      "properties": {
        "osm_id": "n5333589932",
        "name": "Circle K",
        "category": "supermarket",
        "subcategory": "shop=convenience",
        "lat": 53.3529738,
        "lon": -6.364027,
        "admin_division": "",
        "county": "dublin"
      }
    },
    {
      "type": "Feature",
      "geometry": {
        "type": "Point",
        "coordinates": [
          -6.1790532,
          53.4019815
        ]
      },
      "properties": {
        "osm_id": "n5342923222",
        "name": "Star Buys",
        "category": "supermarket",
        "subcategory": "shop=supermarket",
        "lat": 53.4019815,
        "lon": -6.1790532,
        "admin_division": "Dublin",
        "county": "dublin"
      }
    },
    {
      "type": "Feature",
      "geometry": {
        "type": "Point",
        "coordinates": [
          -6.2617368,
          53.3436612
        ]
      },
      "properties": {
        "osm_id": "n5350191603",
        "name": "Convenience shop",
        "category": "supermarket",
        "subcategory": "shop=convenience",
        "lat": 53.3436612,
        "lon": -6.2617368,
        "admin_division": "Dublin",
        "county": "dublin"
      }
    },
    {
      "type": "Feature",
      "geometry": {
        "type": "Point",
        "coordinates": [
          -6.2773603,
          53.3340309
        ]
      },
      "properties": {
        "osm_id": "n5353169375",
        "name": "Happy's News and Booze",
        "category": "supermarket",
        "subcategory": "shop=convenience",
        "lat": 53.3340309,
        "lon": -6.2773603,
        "admin_division": "",
        "county": "dublin"
      }
    },
    {
      "type": "Feature",
      "geometry": {
        "type": "Point",
        "coordinates": [
          -6.2617509,
          53.3462075
        ]
      },
      "properties": {
        "osm_id": "n5367355655",
        "name": "Riverside",
        "category": "supermarket",
        "subcategory": "shop=convenience",
        "lat": 53.3462075,
        "lon": -6.2617509,
        "admin_division": "Dublin",
        "county": "dublin"
      }
    },
    {
      "type": "Feature",
      "geometry": {
        "type": "Point",
        "coordinates": [
          -6.2610498,
          53.3556882
        ]
      },
      "properties": {
        "osm_id": "n5375459842",
        "name": "McNally's Newsagents",
        "category": "supermarket",
        "subcategory": "shop=convenience",
        "lat": 53.3556882,
        "lon": -6.2610498,
        "admin_division": "",
        "county": "dublin"
      }
    },
    {
      "type": "Feature",
      "geometry": {
        "type": "Point",
        "coordinates": [
          -6.263762,
          53.3471924
        ]
      },
      "properties": {
        "osm_id": "n5376983455",
        "name": "Anatolia",
        "category": "supermarket",
        "subcategory": "shop=supermarket",
        "lat": 53.3471924,
        "lon": -6.263762,
        "admin_division": "Dublin",
        "county": "dublin"
      }
    },
    {
      "type": "Feature",
      "geometry": {
        "type": "Point",
        "coordinates": [
          -6.2570538,
          53.3908449
        ]
      },
      "properties": {
        "osm_id": "n5381116598",
        "name": "Shanard Late Shop",
        "category": "supermarket",
        "subcategory": "shop=convenience",
        "lat": 53.3908449,
        "lon": -6.2570538,
        "admin_division": "",
        "county": "dublin"
      }
    },
    {
      "type": "Feature",
      "geometry": {
        "type": "Point",
        "coordinates": [
          -6.2582749,
          53.3852792
        ]
      },
      "properties": {
        "osm_id": "n5381214197",
        "name": "Londis",
        "category": "supermarket",
        "subcategory": "shop=convenience",
        "lat": 53.3852792,
        "lon": -6.2582749,
        "admin_division": "",
        "county": "dublin"
      }
    },
    {
      "type": "Feature",
      "geometry": {
        "type": "Point",
        "coordinates": [
          -6.2615934,
          53.3590749
        ]
      },
      "properties": {
        "osm_id": "n5405991622",
        "name": "Alimentara Transilvania",
        "category": "supermarket",
        "subcategory": "shop=supermarket",
        "lat": 53.3590749,
        "lon": -6.2615934,
        "admin_division": "",
        "county": "dublin"
      }
    },
    {
      "type": "Feature",
      "geometry": {
        "type": "Point",
        "coordinates": [
          -6.2615653,
          53.3591149
        ]
      },
      "properties": {
        "osm_id": "n5405991623",
        "name": "Goldribbon",
        "category": "supermarket",
        "subcategory": "shop=bakery",
        "lat": 53.3591149,
        "lon": -6.2615653,
        "admin_division": "",
        "county": "dublin"
      }
    },
    {
      "type": "Feature",
      "geometry": {
        "type": "Point",
        "coordinates": [
          -6.2380237,
          53.387715
        ]
      },
      "properties": {
        "osm_id": "n5419527348",
        "name": "P. Byrne & Sons",
        "category": "supermarket",
        "subcategory": "shop=butcher",
        "lat": 53.387715,
        "lon": -6.2380237,
        "admin_division": "Dublin",
        "county": "dublin"
      }
    },
    {
      "type": "Feature",
      "geometry": {
        "type": "Point",
        "coordinates": [
          -6.2378886,
          53.3877212
        ]
      },
      "properties": {
        "osm_id": "n5419527349",
        "name": "Beaumont Bakery",
        "category": "supermarket",
        "subcategory": "shop=bakery",
        "lat": 53.3877212,
        "lon": -6.2378886,
        "admin_division": "Dublin",
        "county": "dublin"
      }
    },
    {
      "type": "Feature",
      "geometry": {
        "type": "Point",
        "coordinates": [
          -6.2374822,
          53.3877398
        ]
      },
      "properties": {
        "osm_id": "n5419527354",
        "name": "Barry's",
        "category": "supermarket",
        "subcategory": "shop=greengrocer",
        "lat": 53.3877398,
        "lon": -6.2374822,
        "admin_division": "Dublin",
        "county": "dublin"
      }
    },
    {
      "type": "Feature",
      "geometry": {
        "type": "Point",
        "coordinates": [
          -6.2143051,
          53.3841222
        ]
      },
      "properties": {
        "osm_id": "n5421670742",
        "name": "Centra",
        "category": "supermarket",
        "subcategory": "shop=convenience",
        "lat": 53.3841222,
        "lon": -6.2143051,
        "admin_division": "Dublin",
        "county": "dublin"
      }
    },
    {
      "type": "Feature",
      "geometry": {
        "type": "Point",
        "coordinates": [
          -6.2454676,
          53.290677
        ]
      },
      "properties": {
        "osm_id": "n5494544275",
        "name": "Lidl",
        "category": "supermarket",
        "subcategory": "shop=supermarket",
        "lat": 53.290677,
        "lon": -6.2454676,
        "admin_division": "Dundrum",
        "county": "dublin"
      }
    },
    {
      "type": "Feature",
      "geometry": {
        "type": "Point",
        "coordinates": [
          -6.3122035,
          53.384807
        ]
      },
      "properties": {
        "osm_id": "n5546953990",
        "name": "Dunnes Stores",
        "category": "supermarket",
        "subcategory": "shop=supermarket",
        "lat": 53.384807,
        "lon": -6.3122035,
        "admin_division": "Dublin",
        "county": "dublin"
      }
    },
    {
      "type": "Feature",
      "geometry": {
        "type": "Point",
        "coordinates": [
          -6.3704294,
          53.3440091
        ]
      },
      "properties": {
        "osm_id": "n5549640262",
        "name": "",
        "category": "supermarket",
        "subcategory": "shop=convenience",
        "lat": 53.3440091,
        "lon": -6.3704294,
        "admin_division": "Dublin",
        "county": "dublin"
      }
    },
    {
      "type": "Feature",
      "geometry": {
        "type": "Point",
        "coordinates": [
          -6.180597,
          53.4011338
        ]
      },
      "properties": {
        "osm_id": "n5561973810",
        "name": "The Butcher Shop",
        "category": "supermarket",
        "subcategory": "shop=butcher",
        "lat": 53.4011338,
        "lon": -6.180597,
        "admin_division": "Dublin",
        "county": "dublin"
      }
    },
    {
      "type": "Feature",
      "geometry": {
        "type": "Point",
        "coordinates": [
          -6.1804126,
          53.4013985
        ]
      },
      "properties": {
        "osm_id": "n5562033603",
        "name": "The Natural Bakery",
        "category": "supermarket",
        "subcategory": "shop=bakery",
        "lat": 53.4013985,
        "lon": -6.1804126,
        "admin_division": "Dublin",
        "county": "dublin"
      }
    },
    {
      "type": "Feature",
      "geometry": {
        "type": "Point",
        "coordinates": [
          -6.2300561,
          53.3951485
        ]
      },
      "properties": {
        "osm_id": "n5564682009",
        "name": "Bimbo's Corner Shop",
        "category": "supermarket",
        "subcategory": "shop=convenience",
        "lat": 53.3951485,
        "lon": -6.2300561,
        "admin_division": "",
        "county": "dublin"
      }
    },
    {
      "type": "Feature",
      "geometry": {
        "type": "Point",
        "coordinates": [
          -6.2611801,
          53.4051642
        ]
      },
      "properties": {
        "osm_id": "n5577354521",
        "name": "Lidl",
        "category": "supermarket",
        "subcategory": "shop=supermarket",
        "lat": 53.4051642,
        "lon": -6.2611801,
        "admin_division": "Dublin",
        "county": "dublin"
      }
    },
    {
      "type": "Feature",
      "geometry": {
        "type": "Point",
        "coordinates": [
          -6.2524742,
          53.3509506
        ]
      },
      "properties": {
        "osm_id": "n5585403335",
        "name": "Spar",
        "category": "supermarket",
        "subcategory": "shop=convenience",
        "lat": 53.3509506,
        "lon": -6.2524742,
        "admin_division": "",
        "county": "dublin"
      }
    },
    {
      "type": "Feature",
      "geometry": {
        "type": "Point",
        "coordinates": [
          -6.2537469,
          53.3507553
        ]
      },
      "properties": {
        "osm_id": "n5585403357",
        "name": "Mobile Expert",
        "category": "supermarket",
        "subcategory": "shop=convenience",
        "lat": 53.3507553,
        "lon": -6.2537469,
        "admin_division": "Dublin",
        "county": "dublin"
      }
    },
    {
      "type": "Feature",
      "geometry": {
        "type": "Point",
        "coordinates": [
          -6.1926619,
          53.3760819
        ]
      },
      "properties": {
        "osm_id": "n5590887358",
        "name": "Spar",
        "category": "supermarket",
        "subcategory": "shop=convenience",
        "lat": 53.3760819,
        "lon": -6.1926619,
        "admin_division": "Dublin",
        "county": "dublin"
      }
    },
    {
      "type": "Feature",
      "geometry": {
        "type": "Point",
        "coordinates": [
          -6.3772229,
          53.3496074
        ]
      },
      "properties": {
        "osm_id": "n5603182331",
        "name": "Re Store",
        "category": "supermarket",
        "subcategory": "shop=convenience",
        "lat": 53.3496074,
        "lon": -6.3772229,
        "admin_division": "",
        "county": "dublin"
      }
    },
    {
      "type": "Feature",
      "geometry": {
        "type": "Point",
        "coordinates": [
          -6.1712756,
          53.4034435
        ]
      },
      "properties": {
        "osm_id": "n5604168431",
        "name": "Centra",
        "category": "supermarket",
        "subcategory": "shop=convenience",
        "lat": 53.4034435,
        "lon": -6.1712756,
        "admin_division": "Dublin",
        "county": "dublin"
      }
    },
    {
      "type": "Feature",
      "geometry": {
        "type": "Point",
        "coordinates": [
          -6.1586976,
          53.2828119
        ]
      },
      "properties": {
        "osm_id": "n5605991600",
        "name": "Texaco",
        "category": "supermarket",
        "subcategory": "shop=convenience",
        "lat": 53.2828119,
        "lon": -6.1586976,
        "admin_division": "",
        "county": "dublin"
      }
    },
    {
      "type": "Feature",
      "geometry": {
        "type": "Point",
        "coordinates": [
          -6.2244507,
          53.4535052
        ]
      },
      "properties": {
        "osm_id": "n5614225114",
        "name": "",
        "category": "supermarket",
        "subcategory": "shop=convenience",
        "lat": 53.4535052,
        "lon": -6.2244507,
        "admin_division": "",
        "county": "dublin"
      }
    },
    {
      "type": "Feature",
      "geometry": {
        "type": "Point",
        "coordinates": [
          -6.3433759,
          53.3161273
        ]
      },
      "properties": {
        "osm_id": "n5624579152",
        "name": "Mace",
        "category": "supermarket",
        "subcategory": "shop=convenience",
        "lat": 53.3161273,
        "lon": -6.3433759,
        "admin_division": "",
        "county": "dublin"
      }
    },
    {
      "type": "Feature",
      "geometry": {
        "type": "Point",
        "coordinates": [
          -6.2608399,
          53.3501547
        ]
      },
      "properties": {
        "osm_id": "n5628678411",
        "name": "Eurospar",
        "category": "supermarket",
        "subcategory": "shop=supermarket",
        "lat": 53.3501547,
        "lon": -6.2608399,
        "admin_division": "Dublin",
        "county": "dublin"
      }
    },
    {
      "type": "Feature",
      "geometry": {
        "type": "Point",
        "coordinates": [
          -6.3823142,
          53.287286
        ]
      },
      "properties": {
        "osm_id": "n5629484883",
        "name": "The Butchers Kitchen",
        "category": "supermarket",
        "subcategory": "shop=butcher",
        "lat": 53.287286,
        "lon": -6.3823142,
        "admin_division": "",
        "county": "dublin"
      }
    },
    {
      "type": "Feature",
      "geometry": {
        "type": "Point",
        "coordinates": [
          -6.1073678,
          53.2789216
        ]
      },
      "properties": {
        "osm_id": "n5635130295",
        "name": "Circle K",
        "category": "supermarket",
        "subcategory": "shop=convenience",
        "lat": 53.2789216,
        "lon": -6.1073678,
        "admin_division": "",
        "county": "dublin"
      }
    },
    {
      "type": "Feature",
      "geometry": {
        "type": "Point",
        "coordinates": [
          -6.2995886,
          53.3117231
        ]
      },
      "properties": {
        "osm_id": "n5649658853",
        "name": "Londis",
        "category": "supermarket",
        "subcategory": "shop=convenience",
        "lat": 53.3117231,
        "lon": -6.2995886,
        "admin_division": "",
        "county": "dublin"
      }
    },
    {
      "type": "Feature",
      "geometry": {
        "type": "Point",
        "coordinates": [
          -6.2434744,
          53.3200559
        ]
      },
      "properties": {
        "osm_id": "n5659027547",
        "name": "Circle K",
        "category": "supermarket",
        "subcategory": "shop=convenience",
        "lat": 53.3200559,
        "lon": -6.2434744,
        "admin_division": "",
        "county": "dublin"
      }
    },
    {
      "type": "Feature",
      "geometry": {
        "type": "Point",
        "coordinates": [
          -6.1357269,
          53.4924177
        ]
      },
      "properties": {
        "osm_id": "n5671003013",
        "name": "An Bácús Beag",
        "category": "supermarket",
        "subcategory": "shop=bakery",
        "lat": 53.4924177,
        "lon": -6.1357269,
        "admin_division": "Donabate",
        "county": "dublin"
      }
    },
    {
      "type": "Feature",
      "geometry": {
        "type": "Point",
        "coordinates": [
          -6.1978587,
          53.4867688
        ]
      },
      "properties": {
        "osm_id": "n5673359175",
        "name": "Circle K",
        "category": "supermarket",
        "subcategory": "shop=convenience",
        "lat": 53.4867688,
        "lon": -6.1978587,
        "admin_division": "",
        "county": "dublin"
      }
    },
    {
      "type": "Feature",
      "geometry": {
        "type": "Point",
        "coordinates": [
          -6.2894468,
          53.3578372
        ]
      },
      "properties": {
        "osm_id": "n5694827179",
        "name": "Lidl",
        "category": "supermarket",
        "subcategory": "shop=supermarket",
        "lat": 53.3578372,
        "lon": -6.2894468,
        "admin_division": "Dublin",
        "county": "dublin"
      }
    },
    {
      "type": "Feature",
      "geometry": {
        "type": "Point",
        "coordinates": [
          -6.3352008,
          53.3410367
        ]
      },
      "properties": {
        "osm_id": "n5770705035",
        "name": "Centra",
        "category": "supermarket",
        "subcategory": "shop=convenience",
        "lat": 53.3410367,
        "lon": -6.3352008,
        "admin_division": "Dublin",
        "county": "dublin"
      }
    },
    {
      "type": "Feature",
      "geometry": {
        "type": "Point",
        "coordinates": [
          -6.3779437,
          53.2907417
        ]
      },
      "properties": {
        "osm_id": "n5779961908",
        "name": "",
        "category": "supermarket",
        "subcategory": "shop=convenience",
        "lat": 53.2907417,
        "lon": -6.3779437,
        "admin_division": "",
        "county": "dublin"
      }
    },
    {
      "type": "Feature",
      "geometry": {
        "type": "Point",
        "coordinates": [
          -6.2777493,
          53.3488686
        ]
      },
      "properties": {
        "osm_id": "n5792836440",
        "name": "Fitness Ireland",
        "category": "supermarket",
        "subcategory": "shop=convenience",
        "lat": 53.3488686,
        "lon": -6.2777493,
        "admin_division": "Dublin",
        "county": "dublin"
      }
    },
    {
      "type": "Feature",
      "geometry": {
        "type": "Point",
        "coordinates": [
          -6.4394334,
          53.3958653
        ]
      },
      "properties": {
        "osm_id": "n5851557356",
        "name": "Day-Today",
        "category": "supermarket",
        "subcategory": "shop=convenience",
        "lat": 53.3958653,
        "lon": -6.4394334,
        "admin_division": "",
        "county": "dublin"
      }
    },
    {
      "type": "Feature",
      "geometry": {
        "type": "Point",
        "coordinates": [
          -6.2694298,
          53.3482561
        ]
      },
      "properties": {
        "osm_id": "n5857257616",
        "name": "Pinoy Sari Sari Store Ltd",
        "category": "supermarket",
        "subcategory": "shop=supermarket",
        "lat": 53.3482561,
        "lon": -6.2694298,
        "admin_division": "",
        "county": "dublin"
      }
    },
    {
      "type": "Feature",
      "geometry": {
        "type": "Point",
        "coordinates": [
          -6.3507709,
          53.3424369
        ]
      },
      "properties": {
        "osm_id": "n5862047872",
        "name": "News Express",
        "category": "supermarket",
        "subcategory": "shop=convenience",
        "lat": 53.3424369,
        "lon": -6.3507709,
        "admin_division": "",
        "county": "dublin"
      }
    },
    {
      "type": "Feature",
      "geometry": {
        "type": "Point",
        "coordinates": [
          -6.3509151,
          53.3424338
        ]
      },
      "properties": {
        "osm_id": "n5862047876",
        "name": "K. Doyle Greengrocer",
        "category": "supermarket",
        "subcategory": "shop=greengrocer",
        "lat": 53.3424338,
        "lon": -6.3509151,
        "admin_division": "Dublin",
        "county": "dublin"
      }
    },
    {
      "type": "Feature",
      "geometry": {
        "type": "Point",
        "coordinates": [
          -6.3519587,
          53.3423929
        ]
      },
      "properties": {
        "osm_id": "n5862048388",
        "name": "Spar",
        "category": "supermarket",
        "subcategory": "shop=convenience",
        "lat": 53.3423929,
        "lon": -6.3519587,
        "admin_division": "",
        "county": "dublin"
      }
    },
    {
      "type": "Feature",
      "geometry": {
        "type": "Point",
        "coordinates": [
          -6.3527041,
          53.3424184
        ]
      },
      "properties": {
        "osm_id": "n5862048414",
        "name": "Whelan's Butchers & Deli",
        "category": "supermarket",
        "subcategory": "shop=butcher",
        "lat": 53.3424184,
        "lon": -6.3527041,
        "admin_division": "",
        "county": "dublin"
      }
    },
    {
      "type": "Feature",
      "geometry": {
        "type": "Point",
        "coordinates": [
          -6.3528251,
          53.3424271
        ]
      },
      "properties": {
        "osm_id": "n5862048415",
        "name": "McLoughlin's Butchers & Deli",
        "category": "supermarket",
        "subcategory": "shop=butcher",
        "lat": 53.3424271,
        "lon": -6.3528251,
        "admin_division": "",
        "county": "dublin"
      }
    },
    {
      "type": "Feature",
      "geometry": {
        "type": "Point",
        "coordinates": [
          -6.3529924,
          53.3424386
        ]
      },
      "properties": {
        "osm_id": "n5862048416",
        "name": "More 4 Less",
        "category": "supermarket",
        "subcategory": "shop=convenience",
        "lat": 53.3424386,
        "lon": -6.3529924,
        "admin_division": "",
        "county": "dublin"
      }
    },
    {
      "type": "Feature",
      "geometry": {
        "type": "Point",
        "coordinates": [
          -6.3531527,
          53.3424494
        ]
      },
      "properties": {
        "osm_id": "n5862048419",
        "name": "Tasty Treats Bakery",
        "category": "supermarket",
        "subcategory": "shop=bakery",
        "lat": 53.3424494,
        "lon": -6.3531527,
        "admin_division": "",
        "county": "dublin"
      }
    },
    {
      "type": "Feature",
      "geometry": {
        "type": "Point",
        "coordinates": [
          -6.3534025,
          53.3424572
        ]
      },
      "properties": {
        "osm_id": "n5862048421",
        "name": "More 4 Less",
        "category": "supermarket",
        "subcategory": "shop=convenience",
        "lat": 53.3424572,
        "lon": -6.3534025,
        "admin_division": "",
        "county": "dublin"
      }
    },
    {
      "type": "Feature",
      "geometry": {
        "type": "Point",
        "coordinates": [
          -6.354328,
          53.3425329
        ]
      },
      "properties": {
        "osm_id": "n5862048428",
        "name": "Londis",
        "category": "supermarket",
        "subcategory": "shop=convenience",
        "lat": 53.3425329,
        "lon": -6.354328,
        "admin_division": "",
        "county": "dublin"
      }
    },
    {
      "type": "Feature",
      "geometry": {
        "type": "Point",
        "coordinates": [
          -6.3447869,
          53.3391582
        ]
      },
      "properties": {
        "osm_id": "n5862147292",
        "name": "Maggies",
        "category": "supermarket",
        "subcategory": "shop=convenience",
        "lat": 53.3391582,
        "lon": -6.3447869,
        "admin_division": "",
        "county": "dublin"
      }
    },
    {
      "type": "Feature",
      "geometry": {
        "type": "Point",
        "coordinates": [
          -6.3662127,
          53.3406907
        ]
      },
      "properties": {
        "osm_id": "n5895385367",
        "name": "Centra",
        "category": "supermarket",
        "subcategory": "shop=convenience",
        "lat": 53.3406907,
        "lon": -6.3662127,
        "admin_division": "Dublin",
        "county": "dublin"
      }
    },
    {
      "type": "Feature",
      "geometry": {
        "type": "Point",
        "coordinates": [
          -6.2789436,
          53.3506008
        ]
      },
      "properties": {
        "osm_id": "n5941342191",
        "name": "Lidl",
        "category": "supermarket",
        "subcategory": "shop=supermarket",
        "lat": 53.3506008,
        "lon": -6.2789436,
        "admin_division": "Dublin",
        "county": "dublin"
      }
    },
    {
      "type": "Feature",
      "geometry": {
        "type": "Point",
        "coordinates": [
          -6.1997139,
          53.4525041
        ]
      },
      "properties": {
        "osm_id": "n5985266759",
        "name": "Daybreak",
        "category": "supermarket",
        "subcategory": "shop=convenience",
        "lat": 53.4525041,
        "lon": -6.1997139,
        "admin_division": "Swords",
        "county": "dublin"
      }
    },
    {
      "type": "Feature",
      "geometry": {
        "type": "Point",
        "coordinates": [
          -6.479096,
          53.2939561
        ]
      },
      "properties": {
        "osm_id": "n5995564564",
        "name": "F.X.Buckley",
        "category": "supermarket",
        "subcategory": "shop=butcher",
        "lat": 53.2939561,
        "lon": -6.479096,
        "admin_division": "",
        "county": "dublin"
      }
    },
    {
      "type": "Feature",
      "geometry": {
        "type": "Point",
        "coordinates": [
          -6.1352928,
          53.292694
        ]
      },
      "properties": {
        "osm_id": "n6013636378",
        "name": "Centra",
        "category": "supermarket",
        "subcategory": "shop=convenience",
        "lat": 53.292694,
        "lon": -6.1352928,
        "admin_division": "",
        "county": "dublin"
      }
    },
    {
      "type": "Feature",
      "geometry": {
        "type": "Point",
        "coordinates": [
          -6.3725706,
          53.2865204
        ]
      },
      "properties": {
        "osm_id": "n6025988593",
        "name": "Spar",
        "category": "supermarket",
        "subcategory": "shop=convenience",
        "lat": 53.2865204,
        "lon": -6.3725706,
        "admin_division": "",
        "county": "dublin"
      }
    },
    {
      "type": "Feature",
      "geometry": {
        "type": "Point",
        "coordinates": [
          -6.2176487,
          53.3734609
        ]
      },
      "properties": {
        "osm_id": "n6032948744",
        "name": "",
        "category": "supermarket",
        "subcategory": "shop=convenience",
        "lat": 53.3734609,
        "lon": -6.2176487,
        "admin_division": "Dublin",
        "county": "dublin"
      }
    },
    {
      "type": "Feature",
      "geometry": {
        "type": "Point",
        "coordinates": [
          -6.2235352,
          53.3767989
        ]
      },
      "properties": {
        "osm_id": "n6033290892",
        "name": "Spar",
        "category": "supermarket",
        "subcategory": "shop=convenience",
        "lat": 53.3767989,
        "lon": -6.2235352,
        "admin_division": "",
        "county": "dublin"
      }
    },
    {
      "type": "Feature",
      "geometry": {
        "type": "Point",
        "coordinates": [
          -6.1475734,
          53.2835497
        ]
      },
      "properties": {
        "osm_id": "n6034424232",
        "name": "Nearby",
        "category": "supermarket",
        "subcategory": "shop=convenience",
        "lat": 53.2835497,
        "lon": -6.1475734,
        "admin_division": "Dún Laoghaire",
        "county": "dublin"
      }
    },
    {
      "type": "Feature",
      "geometry": {
        "type": "Point",
        "coordinates": [
          -6.1531983,
          53.2853418
        ]
      },
      "properties": {
        "osm_id": "n6044772535",
        "name": "Centra",
        "category": "supermarket",
        "subcategory": "shop=convenience",
        "lat": 53.2853418,
        "lon": -6.1531983,
        "admin_division": "Dún Laoghaire",
        "county": "dublin"
      }
    },
    {
      "type": "Feature",
      "geometry": {
        "type": "Point",
        "coordinates": [
          -6.2008507,
          53.4455708
        ]
      },
      "properties": {
        "osm_id": "n6049729131",
        "name": "Eurospar",
        "category": "supermarket",
        "subcategory": "shop=supermarket",
        "lat": 53.4455708,
        "lon": -6.2008507,
        "admin_division": "Kinsealy",
        "county": "dublin"
      }
    },
    {
      "type": "Feature",
      "geometry": {
        "type": "Point",
        "coordinates": [
          -6.3756014,
          53.2860972
        ]
      },
      "properties": {
        "osm_id": "n6055248807",
        "name": "Polonez",
        "category": "supermarket",
        "subcategory": "shop=supermarket",
        "lat": 53.2860972,
        "lon": -6.3756014,
        "admin_division": "",
        "county": "dublin"
      }
    },
    {
      "type": "Feature",
      "geometry": {
        "type": "Point",
        "coordinates": [
          -6.1472556,
          53.2835461
        ]
      },
      "properties": {
        "osm_id": "n6055602768",
        "name": "Gunning Stores",
        "category": "supermarket",
        "subcategory": "shop=convenience",
        "lat": 53.2835461,
        "lon": -6.1472556,
        "admin_division": "Dún Laoghaire",
        "county": "dublin"
      }
    },
    {
      "type": "Feature",
      "geometry": {
        "type": "Point",
        "coordinates": [
          -6.3175111,
          53.2828213
        ]
      },
      "properties": {
        "osm_id": "n6058643428",
        "name": "SuperValu",
        "category": "supermarket",
        "subcategory": "shop=supermarket",
        "lat": 53.2828213,
        "lon": -6.3175111,
        "admin_division": "",
        "county": "dublin"
      }
    },
    {
      "type": "Feature",
      "geometry": {
        "type": "Point",
        "coordinates": [
          -6.1705959,
          53.4040418
        ]
      },
      "properties": {
        "osm_id": "n6072006476",
        "name": "Food Plus Belmayne",
        "category": "supermarket",
        "subcategory": "shop=convenience",
        "lat": 53.4040418,
        "lon": -6.1705959,
        "admin_division": "",
        "county": "dublin"
      }
    },
    {
      "type": "Feature",
      "geometry": {
        "type": "Point",
        "coordinates": [
          -6.2515393,
          53.3304379
        ]
      },
      "properties": {
        "osm_id": "n6088867484",
        "name": "Spar",
        "category": "supermarket",
        "subcategory": "shop=convenience",
        "lat": 53.3304379,
        "lon": -6.2515393,
        "admin_division": "Dublin",
        "county": "dublin"
      }
    },
    {
      "type": "Feature",
      "geometry": {
        "type": "Point",
        "coordinates": [
          -6.2658345,
          53.337366
        ]
      },
      "properties": {
        "osm_id": "n6106480824",
        "name": "Spar",
        "category": "supermarket",
        "subcategory": "shop=convenience",
        "lat": 53.337366,
        "lon": -6.2658345,
        "admin_division": "Dublin",
        "county": "dublin"
      }
    },
    {
      "type": "Feature",
      "geometry": {
        "type": "Point",
        "coordinates": [
          -6.2631153,
          53.3459442
        ]
      },
      "properties": {
        "osm_id": "n6128203804",
        "name": "Centra",
        "category": "supermarket",
        "subcategory": "shop=convenience",
        "lat": 53.3459442,
        "lon": -6.2631153,
        "admin_division": "Dublin",
        "county": "dublin"
      }
    },
    {
      "type": "Feature",
      "geometry": {
        "type": "Point",
        "coordinates": [
          -6.2692361,
          53.3499096
        ]
      },
      "properties": {
        "osm_id": "n6144855291",
        "name": "Padoca",
        "category": "supermarket",
        "subcategory": "shop=bakery",
        "lat": 53.3499096,
        "lon": -6.2692361,
        "admin_division": "Dublin, Dublin",
        "county": "dublin"
      }
    },
    {
      "type": "Feature",
      "geometry": {
        "type": "Point",
        "coordinates": [
          -6.1411734,
          53.277579
        ]
      },
      "properties": {
        "osm_id": "n6151896935",
        "name": "Euro Saver",
        "category": "supermarket",
        "subcategory": "shop=convenience",
        "lat": 53.277579,
        "lon": -6.1411734,
        "admin_division": "Dún Laoghaire",
        "county": "dublin"
      }
    },
    {
      "type": "Feature",
      "geometry": {
        "type": "Point",
        "coordinates": [
          -6.1409195,
          53.2777519
        ]
      },
      "properties": {
        "osm_id": "n6151896952",
        "name": "Centra",
        "category": "supermarket",
        "subcategory": "shop=convenience",
        "lat": 53.2777519,
        "lon": -6.1409195,
        "admin_division": "",
        "county": "dublin"
      }
    },
    {
      "type": "Feature",
      "geometry": {
        "type": "Point",
        "coordinates": [
          -6.3415702,
          53.3292445
        ]
      },
      "properties": {
        "osm_id": "n6174940070",
        "name": "Green Door Market",
        "category": "supermarket",
        "subcategory": "shop=greengrocer",
        "lat": 53.3292445,
        "lon": -6.3415702,
        "admin_division": "Dublin",
        "county": "dublin"
      }
    },
    {
      "type": "Feature",
      "geometry": {
        "type": "Point",
        "coordinates": [
          -6.1382977,
          53.2931564
        ]
      },
      "properties": {
        "osm_id": "n6178641229",
        "name": "The Gourmet Pantry",
        "category": "supermarket",
        "subcategory": "shop=grocery",
        "lat": 53.2931564,
        "lon": -6.1382977,
        "admin_division": "Dún Laoghaire",
        "county": "dublin"
      }
    },
    {
      "type": "Feature",
      "geometry": {
        "type": "Point",
        "coordinates": [
          -6.138177,
          53.2930979
        ]
      },
      "properties": {
        "osm_id": "n6178704557",
        "name": "T. Murphy",
        "category": "supermarket",
        "subcategory": "shop=greengrocer",
        "lat": 53.2930979,
        "lon": -6.138177,
        "admin_division": "Dún Laoghaire",
        "county": "dublin"
      }
    },
    {
      "type": "Feature",
      "geometry": {
        "type": "Point",
        "coordinates": [
          -6.137495,
          53.2928077
        ]
      },
      "properties": {
        "osm_id": "n6178795475",
        "name": "Hick's",
        "category": "supermarket",
        "subcategory": "shop=butcher",
        "lat": 53.2928077,
        "lon": -6.137495,
        "admin_division": "Dún Laoghaire",
        "county": "dublin"
      }
    },
    {
      "type": "Feature",
      "geometry": {
        "type": "Point",
        "coordinates": [
          -6.1373671,
          53.2927721
        ]
      },
      "properties": {
        "osm_id": "n6178812292",
        "name": "Zbój",
        "category": "supermarket",
        "subcategory": "shop=grocery",
        "lat": 53.2927721,
        "lon": -6.1373671,
        "admin_division": "Dún Laoghaire",
        "county": "dublin"
      }
    },
    {
      "type": "Feature",
      "geometry": {
        "type": "Point",
        "coordinates": [
          -6.1401129,
          53.294116
        ]
      },
      "properties": {
        "osm_id": "n6179175057",
        "name": "Pinoy Sari Sari",
        "category": "supermarket",
        "subcategory": "shop=grocery",
        "lat": 53.294116,
        "lon": -6.1401129,
        "admin_division": "Dún Laoghaire",
        "county": "dublin"
      }
    },
    {
      "type": "Feature",
      "geometry": {
        "type": "Point",
        "coordinates": [
          -6.1384526,
          53.2913019
        ]
      },
      "properties": {
        "osm_id": "n6179270866",
        "name": "Cornerstone Express",
        "category": "supermarket",
        "subcategory": "shop=convenience",
        "lat": 53.2913019,
        "lon": -6.1384526,
        "admin_division": "Dún Laoghaire",
        "county": "dublin"
      }
    },
    {
      "type": "Feature",
      "geometry": {
        "type": "Point",
        "coordinates": [
          -6.136701,
          53.2918611
        ]
      },
      "properties": {
        "osm_id": "n6184690202",
        "name": "Croissantly",
        "category": "supermarket",
        "subcategory": "shop=bakery",
        "lat": 53.2918611,
        "lon": -6.136701,
        "admin_division": "Dún Laoghaire",
        "county": "dublin"
      }
    },
    {
      "type": "Feature",
      "geometry": {
        "type": "Point",
        "coordinates": [
          -6.2605756,
          53.3401919
        ]
      },
      "properties": {
        "osm_id": "n6185260270",
        "name": "Circle K",
        "category": "supermarket",
        "subcategory": "shop=convenience",
        "lat": 53.3401919,
        "lon": -6.2605756,
        "admin_division": "Dublin",
        "county": "dublin"
      }
    },
    {
      "type": "Feature",
      "geometry": {
        "type": "Point",
        "coordinates": [
          -6.3147475,
          53.3397458
        ]
      },
      "properties": {
        "osm_id": "n6192788847",
        "name": "Bulfin News",
        "category": "supermarket",
        "subcategory": "shop=convenience",
        "lat": 53.3397458,
        "lon": -6.3147475,
        "admin_division": "Dublin",
        "county": "dublin"
      }
    },
    {
      "type": "Feature",
      "geometry": {
        "type": "Point",
        "coordinates": [
          -6.314652,
          53.3397516
        ]
      },
      "properties": {
        "osm_id": "n6192788848",
        "name": "P&P Meats",
        "category": "supermarket",
        "subcategory": "shop=butcher",
        "lat": 53.3397516,
        "lon": -6.314652,
        "admin_division": "Dublin",
        "county": "dublin"
      }
    },
    {
      "type": "Feature",
      "geometry": {
        "type": "Point",
        "coordinates": [
          -6.2560377,
          53.3423657
        ]
      },
      "properties": {
        "osm_id": "n6202146377",
        "name": "Circle K",
        "category": "supermarket",
        "subcategory": "shop=convenience",
        "lat": 53.3423657,
        "lon": -6.2560377,
        "admin_division": "Dublin",
        "county": "dublin"
      }
    },
    {
      "type": "Feature",
      "geometry": {
        "type": "Point",
        "coordinates": [
          -6.2376374,
          53.3625768
        ]
      },
      "properties": {
        "osm_id": "n6240289841",
        "name": "Eurospar",
        "category": "supermarket",
        "subcategory": "shop=supermarket",
        "lat": 53.3625768,
        "lon": -6.2376374,
        "admin_division": "Dublin",
        "county": "dublin"
      }
    },
    {
      "type": "Feature",
      "geometry": {
        "type": "Point",
        "coordinates": [
          -6.2659031,
          53.3414671
        ]
      },
      "properties": {
        "osm_id": "n6240781732",
        "name": "Smyth's Butchers",
        "category": "supermarket",
        "subcategory": "shop=butcher",
        "lat": 53.3414671,
        "lon": -6.2659031,
        "admin_division": "",
        "county": "dublin"
      }
    },
    {
      "type": "Feature",
      "geometry": {
        "type": "Point",
        "coordinates": [
          -6.2214864,
          53.4590973
        ]
      },
      "properties": {
        "osm_id": "n6241694527",
        "name": "Spice Bazar",
        "category": "supermarket",
        "subcategory": "shop=supermarket",
        "lat": 53.4590973,
        "lon": -6.2214864,
        "admin_division": "Swords",
        "county": "dublin"
      }
    },
    {
      "type": "Feature",
      "geometry": {
        "type": "Point",
        "coordinates": [
          -6.361308,
          53.3731161
        ]
      },
      "properties": {
        "osm_id": "n6242163380",
        "name": "Spar",
        "category": "supermarket",
        "subcategory": "shop=convenience",
        "lat": 53.3731161,
        "lon": -6.361308,
        "admin_division": "Castleknock",
        "county": "dublin"
      }
    },
    {
      "type": "Feature",
      "geometry": {
        "type": "Point",
        "coordinates": [
          -6.3611806,
          53.3730201
        ]
      },
      "properties": {
        "osm_id": "n6242163383",
        "name": "Butlers Pantry Castleknock",
        "category": "supermarket",
        "subcategory": "shop=supermarket",
        "lat": 53.3730201,
        "lon": -6.3611806,
        "admin_division": "Castleknock",
        "county": "dublin"
      }
    },
    {
      "type": "Feature",
      "geometry": {
        "type": "Point",
        "coordinates": [
          -6.2645069,
          53.4031262
        ]
      },
      "properties": {
        "osm_id": "n6252771776",
        "name": "Circle K",
        "category": "supermarket",
        "subcategory": "shop=convenience",
        "lat": 53.4031262,
        "lon": -6.2645069,
        "admin_division": "",
        "county": "dublin"
      }
    },
    {
      "type": "Feature",
      "geometry": {
        "type": "Point",
        "coordinates": [
          -6.2293737,
          53.3485749
        ]
      },
      "properties": {
        "osm_id": "n6255409285",
        "name": "Centra",
        "category": "supermarket",
        "subcategory": "shop=supermarket",
        "lat": 53.3485749,
        "lon": -6.2293737,
        "admin_division": "",
        "county": "dublin"
      }
    },
    {
      "type": "Feature",
      "geometry": {
        "type": "Point",
        "coordinates": [
          -6.2638427,
          53.3458121
        ]
      },
      "properties": {
        "osm_id": "n6257799722",
        "name": "Haoliland",
        "category": "supermarket",
        "subcategory": "shop=bakery",
        "lat": 53.3458121,
        "lon": -6.2638427,
        "admin_division": "Dublin",
        "county": "dublin"
      }
    },
    {
      "type": "Feature",
      "geometry": {
        "type": "Point",
        "coordinates": [
          -6.2670645,
          53.3453272
        ]
      },
      "properties": {
        "osm_id": "n6257799740",
        "name": "Dollard & Co.",
        "category": "supermarket",
        "subcategory": "shop=supermarket",
        "lat": 53.3453272,
        "lon": -6.2670645,
        "admin_division": "Dublin",
        "county": "dublin"
      }
    },
    {
      "type": "Feature",
      "geometry": {
        "type": "Point",
        "coordinates": [
          -6.4691885,
          53.2968327
        ]
      },
      "properties": {
        "osm_id": "n6261100801",
        "name": "Daybreak",
        "category": "supermarket",
        "subcategory": "shop=convenience",
        "lat": 53.2968327,
        "lon": -6.4691885,
        "admin_division": "Rathcoole",
        "county": "dublin"
      }
    },
    {
      "type": "Feature",
      "geometry": {
        "type": "Point",
        "coordinates": [
          -6.4992899,
          53.3000333
        ]
      },
      "properties": {
        "osm_id": "n6266246323",
        "name": "Brady's Butchers",
        "category": "supermarket",
        "subcategory": "shop=butcher",
        "lat": 53.3000333,
        "lon": -6.4992899,
        "admin_division": "Newcastle",
        "county": "dublin"
      }
    },
    {
      "type": "Feature",
      "geometry": {
        "type": "Point",
        "coordinates": [
          -6.4795197,
          53.293954
        ]
      },
      "properties": {
        "osm_id": "n6267769985",
        "name": "Doyle Catering Meats Limited",
        "category": "supermarket",
        "subcategory": "shop=butcher",
        "lat": 53.293954,
        "lon": -6.4795197,
        "admin_division": "",
        "county": "dublin"
      }
    },
    {
      "type": "Feature",
      "geometry": {
        "type": "Point",
        "coordinates": [
          -6.4803734,
          53.295911
        ]
      },
      "properties": {
        "osm_id": "n6269981825",
        "name": "Market Butcher",
        "category": "supermarket",
        "subcategory": "shop=butcher",
        "lat": 53.295911,
        "lon": -6.4803734,
        "admin_division": "",
        "county": "dublin"
      }
    },
    {
      "type": "Feature",
      "geometry": {
        "type": "Point",
        "coordinates": [
          -6.4802969,
          53.296194
        ]
      },
      "properties": {
        "osm_id": "n6269981826",
        "name": "M&K Meats Limited",
        "category": "supermarket",
        "subcategory": "shop=butcher",
        "lat": 53.296194,
        "lon": -6.4802969,
        "admin_division": "",
        "county": "dublin"
      }
    },
    {
      "type": "Feature",
      "geometry": {
        "type": "Point",
        "coordinates": [
          -6.2687241,
          53.3407449
        ]
      },
      "properties": {
        "osm_id": "n6284436628",
        "name": "Londis",
        "category": "supermarket",
        "subcategory": "shop=convenience",
        "lat": 53.3407449,
        "lon": -6.2687241,
        "admin_division": "Dublin",
        "county": "dublin"
      }
    },
    {
      "type": "Feature",
      "geometry": {
        "type": "Point",
        "coordinates": [
          -6.256093,
          53.3505843
        ]
      },
      "properties": {
        "osm_id": "n6303724410",
        "name": "Tesco Express",
        "category": "supermarket",
        "subcategory": "shop=convenience",
        "lat": 53.3505843,
        "lon": -6.256093,
        "admin_division": "Dublin",
        "county": "dublin"
      }
    },
    {
      "type": "Feature",
      "geometry": {
        "type": "Point",
        "coordinates": [
          -6.1405106,
          53.2438129
        ]
      },
      "properties": {
        "osm_id": "n6316882131",
        "name": "Spar",
        "category": "supermarket",
        "subcategory": "shop=convenience",
        "lat": 53.2438129,
        "lon": -6.1405106,
        "admin_division": "",
        "county": "dublin"
      }
    },
    {
      "type": "Feature",
      "geometry": {
        "type": "Point",
        "coordinates": [
          -6.1478698,
          53.2955548
        ]
      },
      "properties": {
        "osm_id": "n6319496968",
        "name": "Circle K",
        "category": "supermarket",
        "subcategory": "shop=convenience",
        "lat": 53.2955548,
        "lon": -6.1478698,
        "admin_division": "Dún Laoghaire",
        "county": "dublin"
      }
    },
    {
      "type": "Feature",
      "geometry": {
        "type": "Point",
        "coordinates": [
          -6.1431323,
          53.2767308
        ]
      },
      "properties": {
        "osm_id": "n6328572660",
        "name": "Maxol",
        "category": "supermarket",
        "subcategory": "shop=convenience",
        "lat": 53.2767308,
        "lon": -6.1431323,
        "admin_division": "",
        "county": "dublin"
      }
    },
    {
      "type": "Feature",
      "geometry": {
        "type": "Point",
        "coordinates": [
          -6.2241324,
          53.4542515
        ]
      },
      "properties": {
        "osm_id": "n6330851094",
        "name": "Dublin Meat Co.",
        "category": "supermarket",
        "subcategory": "shop=butcher",
        "lat": 53.4542515,
        "lon": -6.2241324,
        "admin_division": "Swords",
        "county": "dublin"
      }
    },
    {
      "type": "Feature",
      "geometry": {
        "type": "Point",
        "coordinates": [
          -6.3054731,
          53.4876512
        ]
      },
      "properties": {
        "osm_id": "n6339174958",
        "name": "Daybreak",
        "category": "supermarket",
        "subcategory": "shop=convenience",
        "lat": 53.4876512,
        "lon": -6.3054731,
        "admin_division": "Rolestown",
        "county": "dublin"
      }
    },
    {
      "type": "Feature",
      "geometry": {
        "type": "Point",
        "coordinates": [
          -6.3331127,
          53.3165156
        ]
      },
      "properties": {
        "osm_id": "n6392003466",
        "name": "Spar",
        "category": "supermarket",
        "subcategory": "shop=convenience",
        "lat": 53.3165156,
        "lon": -6.3331127,
        "admin_division": "",
        "county": "dublin"
      }
    },
    {
      "type": "Feature",
      "geometry": {
        "type": "Point",
        "coordinates": [
          -6.1728978,
          53.2780168
        ]
      },
      "properties": {
        "osm_id": "n6412424676",
        "name": "Londis",
        "category": "supermarket",
        "subcategory": "shop=convenience",
        "lat": 53.2780168,
        "lon": -6.1728978,
        "admin_division": "",
        "county": "dublin"
      }
    },
    {
      "type": "Feature",
      "geometry": {
        "type": "Point",
        "coordinates": [
          -6.2754167,
          53.3325765
        ]
      },
      "properties": {
        "osm_id": "n6421393839",
        "name": "Gaillot et Gray",
        "category": "supermarket",
        "subcategory": "shop=bakery",
        "lat": 53.3325765,
        "lon": -6.2754167,
        "admin_division": "",
        "county": "dublin"
      }
    },
    {
      "type": "Feature",
      "geometry": {
        "type": "Point",
        "coordinates": [
          -6.2464855,
          53.2944376
        ]
      },
      "properties": {
        "osm_id": "n6433690188",
        "name": "Circle K",
        "category": "supermarket",
        "subcategory": "shop=convenience",
        "lat": 53.2944376,
        "lon": -6.2464855,
        "admin_division": "",
        "county": "dublin"
      }
    },
    {
      "type": "Feature",
      "geometry": {
        "type": "Point",
        "coordinates": [
          -6.2464651,
          53.2914619
        ]
      },
      "properties": {
        "osm_id": "n6434652375",
        "name": "Polonez",
        "category": "supermarket",
        "subcategory": "shop=convenience",
        "lat": 53.2914619,
        "lon": -6.2464651,
        "admin_division": "",
        "county": "dublin"
      }
    },
    {
      "type": "Feature",
      "geometry": {
        "type": "Point",
        "coordinates": [
          -6.2594436,
          53.3487117
        ]
      },
      "properties": {
        "osm_id": "n6544830673",
        "name": "Circle K",
        "category": "supermarket",
        "subcategory": "shop=convenience",
        "lat": 53.3487117,
        "lon": -6.2594436,
        "admin_division": "Dublin",
        "county": "dublin"
      }
    },
    {
      "type": "Feature",
      "geometry": {
        "type": "Point",
        "coordinates": [
          -6.0653511,
          53.385955
        ]
      },
      "properties": {
        "osm_id": "n6657669750",
        "name": "Collier",
        "category": "supermarket",
        "subcategory": "shop=butcher",
        "lat": 53.385955,
        "lon": -6.0653511,
        "admin_division": "",
        "county": "dublin"
      }
    },
    {
      "type": "Feature",
      "geometry": {
        "type": "Point",
        "coordinates": [
          -6.1102901,
          53.3896593
        ]
      },
      "properties": {
        "osm_id": "n6676979027",
        "name": "Higgin's",
        "category": "supermarket",
        "subcategory": "shop=butcher",
        "lat": 53.3896593,
        "lon": -6.1102901,
        "admin_division": "",
        "county": "dublin"
      }
    },
    {
      "type": "Feature",
      "geometry": {
        "type": "Point",
        "coordinates": [
          -6.1820032,
          53.3015382
        ]
      },
      "properties": {
        "osm_id": "n6680167916",
        "name": "Aldi",
        "category": "supermarket",
        "subcategory": "shop=supermarket",
        "lat": 53.3015382,
        "lon": -6.1820032,
        "admin_division": "",
        "county": "dublin"
      }
    },
    {
      "type": "Feature",
      "geometry": {
        "type": "Point",
        "coordinates": [
          -6.3373884,
          53.3723313
        ]
      },
      "properties": {
        "osm_id": "n6704087870",
        "name": "Londis",
        "category": "supermarket",
        "subcategory": "shop=convenience",
        "lat": 53.3723313,
        "lon": -6.3373884,
        "admin_division": "",
        "county": "dublin"
      }
    },
    {
      "type": "Feature",
      "geometry": {
        "type": "Point",
        "coordinates": [
          -6.142058,
          53.2947528
        ]
      },
      "properties": {
        "osm_id": "n6710858595",
        "name": "Pizza Max",
        "category": "supermarket",
        "subcategory": "amenity=fast_food",
        "lat": 53.2947528,
        "lon": -6.142058,
        "admin_division": "Dún Laoghaire",
        "county": "dublin"
      }
    },
    {
      "type": "Feature",
      "geometry": {
        "type": "Point",
        "coordinates": [
          -6.1788116,
          53.3027557
        ]
      },
      "properties": {
        "osm_id": "n6721461920",
        "name": "Blackrock Central",
        "category": "supermarket",
        "subcategory": "shop=convenience",
        "lat": 53.3027557,
        "lon": -6.1788116,
        "admin_division": "",
        "county": "dublin"
      }
    },
    {
      "type": "Feature",
      "geometry": {
        "type": "Point",
        "coordinates": [
          -6.1939099,
          53.2742512
        ]
      },
      "properties": {
        "osm_id": "n6749206543",
        "name": "J&K's Corner",
        "category": "supermarket",
        "subcategory": "shop=bakery",
        "lat": 53.2742512,
        "lon": -6.1939099,
        "admin_division": "",
        "county": "dublin"
      }
    },
    {
      "type": "Feature",
      "geometry": {
        "type": "Point",
        "coordinates": [
          -6.3120309,
          53.3845038
        ]
      },
      "properties": {
        "osm_id": "n6795483404",
        "name": "Sutton's Fresh Fruit & Veg",
        "category": "supermarket",
        "subcategory": "shop=greengrocer",
        "lat": 53.3845038,
        "lon": -6.3120309,
        "admin_division": "Dublin",
        "county": "dublin"
      }
    },
    {
      "type": "Feature",
      "geometry": {
        "type": "Point",
        "coordinates": [
          -6.3121484,
          53.3847109
        ]
      },
      "properties": {
        "osm_id": "n6795621375",
        "name": "Bridge Butchers",
        "category": "supermarket",
        "subcategory": "shop=butcher",
        "lat": 53.3847109,
        "lon": -6.3121484,
        "admin_division": "Dublin",
        "county": "dublin"
      }
    },
    {
      "type": "Feature",
      "geometry": {
        "type": "Point",
        "coordinates": [
          -6.3124613,
          53.3854708
        ]
      },
      "properties": {
        "osm_id": "n6795635485",
        "name": "Green Valley Meats Factory Shop",
        "category": "supermarket",
        "subcategory": "shop=butcher",
        "lat": 53.3854708,
        "lon": -6.3124613,
        "admin_division": "Dublin",
        "county": "dublin"
      }
    },
    {
      "type": "Feature",
      "geometry": {
        "type": "Point",
        "coordinates": [
          -6.1383093,
          53.2914402
        ]
      },
      "properties": {
        "osm_id": "n7070310238",
        "name": "",
        "category": "supermarket",
        "subcategory": "amenity=cafe",
        "lat": 53.2914402,
        "lon": -6.1383093,
        "admin_division": "Dún Laoghaire",
        "county": "dublin"
      }
    },
    {
      "type": "Feature",
      "geometry": {
        "type": "Point",
        "coordinates": [
          -6.3243166,
          53.3364415
        ]
      },
      "properties": {
        "osm_id": "n7072121643",
        "name": "Lumley's Bakery",
        "category": "supermarket",
        "subcategory": "shop=bakery",
        "lat": 53.3364415,
        "lon": -6.3243166,
        "admin_division": "",
        "county": "dublin"
      }
    },
    {
      "type": "Feature",
      "geometry": {
        "type": "Point",
        "coordinates": [
          -6.3215313,
          53.3393288
        ]
      },
      "properties": {
        "osm_id": "n7072121653",
        "name": "Taste of Poland Mini Market",
        "category": "supermarket",
        "subcategory": "shop=convenience",
        "lat": 53.3393288,
        "lon": -6.3215313,
        "admin_division": "",
        "county": "dublin"
      }
    },
    {
      "type": "Feature",
      "geometry": {
        "type": "Point",
        "coordinates": [
          -6.26389,
          53.3425939
        ]
      },
      "properties": {
        "osm_id": "n7081952286",
        "name": "Nutty Delights",
        "category": "supermarket",
        "subcategory": "shop=convenience",
        "lat": 53.3425939,
        "lon": -6.26389,
        "admin_division": "",
        "county": "dublin"
      }
    },
    {
      "type": "Feature",
      "geometry": {
        "type": "Point",
        "coordinates": [
          -6.2676948,
          53.3487076
        ]
      },
      "properties": {
        "osm_id": "n7243508037",
        "name": "Asian Food",
        "category": "supermarket",
        "subcategory": "shop=convenience",
        "lat": 53.3487076,
        "lon": -6.2676948,
        "admin_division": "Dublin",
        "county": "dublin"
      }
    },
    {
      "type": "Feature",
      "geometry": {
        "type": "Point",
        "coordinates": [
          -6.2743206,
          53.3323928
        ]
      },
      "properties": {
        "osm_id": "n7251796352",
        "name": "Tesco Express",
        "category": "supermarket",
        "subcategory": "shop=convenience",
        "lat": 53.3323928,
        "lon": -6.2743206,
        "admin_division": "Dublin",
        "county": "dublin"
      }
    },
    {
      "type": "Feature",
      "geometry": {
        "type": "Point",
        "coordinates": [
          -6.2315835,
          53.3498759
        ]
      },
      "properties": {
        "osm_id": "n7263044391",
        "name": "Gala",
        "category": "supermarket",
        "subcategory": "shop=convenience",
        "lat": 53.3498759,
        "lon": -6.2315835,
        "admin_division": "",
        "county": "dublin"
      }
    },
    {
      "type": "Feature",
      "geometry": {
        "type": "Point",
        "coordinates": [
          -6.3560712,
          53.3186762
        ]
      },
      "properties": {
        "osm_id": "n7328197634",
        "name": "Asia Market",
        "category": "supermarket",
        "subcategory": "shop=supermarket",
        "lat": 53.3186762,
        "lon": -6.3560712,
        "admin_division": "",
        "county": "dublin"
      }
    },
    {
      "type": "Feature",
      "geometry": {
        "type": "Point",
        "coordinates": [
          -6.3997784,
          53.3836948
        ]
      },
      "properties": {
        "osm_id": "n7446453363",
        "name": "Moldova",
        "category": "supermarket",
        "subcategory": "shop=supermarket",
        "lat": 53.3836948,
        "lon": -6.3997784,
        "admin_division": "",
        "county": "dublin"
      }
    },
    {
      "type": "Feature",
      "geometry": {
        "type": "Point",
        "coordinates": [
          -6.2100399,
          53.5406358
        ]
      },
      "properties": {
        "osm_id": "n7593611045",
        "name": "Applegreen",
        "category": "supermarket",
        "subcategory": "shop=convenience",
        "lat": 53.5406358,
        "lon": -6.2100399,
        "admin_division": "",
        "county": "dublin"
      }
    },
    {
      "type": "Feature",
      "geometry": {
        "type": "Point",
        "coordinates": [
          -6.1234174,
          53.2395057
        ]
      },
      "properties": {
        "osm_id": "n7605343181",
        "name": "Spar",
        "category": "supermarket",
        "subcategory": "shop=convenience",
        "lat": 53.2395057,
        "lon": -6.1234174,
        "admin_division": "",
        "county": "dublin"
      }
    },
    {
      "type": "Feature",
      "geometry": {
        "type": "Point",
        "coordinates": [
          -6.1441253,
          53.2712096
        ]
      },
      "properties": {
        "osm_id": "n7606117588",
        "name": "Daybreak",
        "category": "supermarket",
        "subcategory": "shop=convenience",
        "lat": 53.2712096,
        "lon": -6.1441253,
        "admin_division": "Dún Laoghaire",
        "county": "dublin"
      }
    },
    {
      "type": "Feature",
      "geometry": {
        "type": "Point",
        "coordinates": [
          -6.4176981,
          53.3418429
        ]
      },
      "properties": {
        "osm_id": "n7617911487",
        "name": "Mróz",
        "category": "supermarket",
        "subcategory": "shop=supermarket",
        "lat": 53.3418429,
        "lon": -6.4176981,
        "admin_division": "",
        "county": "dublin"
      }
    },
    {
      "type": "Feature",
      "geometry": {
        "type": "Point",
        "coordinates": [
          -6.1343082,
          53.256337
        ]
      },
      "properties": {
        "osm_id": "n7627009544",
        "name": "Newsworld",
        "category": "supermarket",
        "subcategory": "shop=convenience",
        "lat": 53.256337,
        "lon": -6.1343082,
        "admin_division": "",
        "county": "dublin"
      }
    },
    {
      "type": "Feature",
      "geometry": {
        "type": "Point",
        "coordinates": [
          -6.2140959,
          53.3844454
        ]
      },
      "properties": {
        "osm_id": "n7684005555",
        "name": "Find Asia Asian Super Market",
        "category": "supermarket",
        "subcategory": "shop=supermarket",
        "lat": 53.3844454,
        "lon": -6.2140959,
        "admin_division": "Artane",
        "county": "dublin"
      }
    },
    {
      "type": "Feature",
      "geometry": {
        "type": "Point",
        "coordinates": [
          -6.3101919,
          53.3423695
        ]
      },
      "properties": {
        "osm_id": "n7790697456",
        "name": "Dublin Food Co-op",
        "category": "supermarket",
        "subcategory": "shop=supermarket",
        "lat": 53.3423695,
        "lon": -6.3101919,
        "admin_division": "Dublin",
        "county": "dublin"
      }
    },
    {
      "type": "Feature",
      "geometry": {
        "type": "Point",
        "coordinates": [
          -6.3947202,
          53.32665
        ]
      },
      "properties": {
        "osm_id": "n7839946771",
        "name": "Polonez",
        "category": "supermarket",
        "subcategory": "shop=convenience",
        "lat": 53.32665,
        "lon": -6.3947202,
        "admin_division": "",
        "county": "dublin"
      }
    },
    {
      "type": "Feature",
      "geometry": {
        "type": "Point",
        "coordinates": [
          -6.3948323,
          53.3265213
        ]
      },
      "properties": {
        "osm_id": "n7839946772",
        "name": "Moldova",
        "category": "supermarket",
        "subcategory": "shop=convenience",
        "lat": 53.3265213,
        "lon": -6.3948323,
        "admin_division": "",
        "county": "dublin"
      }
    },
    {
      "type": "Feature",
      "geometry": {
        "type": "Point",
        "coordinates": [
          -6.2726722,
          53.4049715
        ]
      },
      "properties": {
        "osm_id": "n7939615407",
        "name": "The Seed Potato Company",
        "category": "supermarket",
        "subcategory": "shop=greengrocer",
        "lat": 53.4049715,
        "lon": -6.2726722,
        "admin_division": "Dublin",
        "county": "dublin"
      }
    },
    {
      "type": "Feature",
      "geometry": {
        "type": "Point",
        "coordinates": [
          -6.2228517,
          53.2888583
        ]
      },
      "properties": {
        "osm_id": "n7968720915",
        "name": "Flemings Butchers",
        "category": "supermarket",
        "subcategory": "shop=butcher",
        "lat": 53.2888583,
        "lon": -6.2228517,
        "admin_division": "Kilmacud",
        "county": "dublin"
      }
    },
    {
      "type": "Feature",
      "geometry": {
        "type": "Point",
        "coordinates": [
          -6.2227253,
          53.2888663
        ]
      },
      "properties": {
        "osm_id": "n7968723736",
        "name": "Robbie's Greengrocer & Food Store",
        "category": "supermarket",
        "subcategory": "shop=greengrocer",
        "lat": 53.2888663,
        "lon": -6.2227253,
        "admin_division": "Kilmacud",
        "county": "dublin"
      }
    },
    {
      "type": "Feature",
      "geometry": {
        "type": "Point",
        "coordinates": [
          -6.2657741,
          53.3407888
        ]
      },
      "properties": {
        "osm_id": "n8017420646",
        "name": "Lidl",
        "category": "supermarket",
        "subcategory": "shop=supermarket",
        "lat": 53.3407888,
        "lon": -6.2657741,
        "admin_division": "Dublin",
        "county": "dublin"
      }
    },
    {
      "type": "Feature",
      "geometry": {
        "type": "Point",
        "coordinates": [
          -6.2614031,
          53.3493055
        ]
      },
      "properties": {
        "osm_id": "n8040461163",
        "name": "YES Kabayan",
        "category": "supermarket",
        "subcategory": "shop=supermarket",
        "lat": 53.3493055,
        "lon": -6.2614031,
        "admin_division": "",
        "county": "dublin"
      }
    },
    {
      "type": "Feature",
      "geometry": {
        "type": "Point",
        "coordinates": [
          -6.4067232,
          53.3500682
        ]
      },
      "properties": {
        "osm_id": "n8075009333",
        "name": "Polonez",
        "category": "supermarket",
        "subcategory": "shop=supermarket",
        "lat": 53.3500682,
        "lon": -6.4067232,
        "admin_division": "",
        "county": "dublin"
      }
    },
    {
      "type": "Feature",
      "geometry": {
        "type": "Point",
        "coordinates": [
          -6.2701215,
          53.3512018
        ]
      },
      "properties": {
        "osm_id": "n8287166432",
        "name": "Brazil Food express",
        "category": "supermarket",
        "subcategory": "shop=supermarket",
        "lat": 53.3512018,
        "lon": -6.2701215,
        "admin_division": "Dublin",
        "county": "dublin"
      }
    },
    {
      "type": "Feature",
      "geometry": {
        "type": "Point",
        "coordinates": [
          -6.2540903,
          53.3254537
        ]
      },
      "properties": {
        "osm_id": "n8303276368",
        "name": "",
        "category": "supermarket",
        "subcategory": "shop=butcher",
        "lat": 53.3254537,
        "lon": -6.2540903,
        "admin_division": "",
        "county": "dublin"
      }
    },
    {
      "type": "Feature",
      "geometry": {
        "type": "Point",
        "coordinates": [
          -6.2650212,
          53.3507519
        ]
      },
      "properties": {
        "osm_id": "n8613842635",
        "name": "Star Asia Foods",
        "category": "supermarket",
        "subcategory": "shop=supermarket",
        "lat": 53.3507519,
        "lon": -6.2650212,
        "admin_division": "",
        "county": "dublin"
      }
    },
    {
      "type": "Feature",
      "geometry": {
        "type": "Point",
        "coordinates": [
          -6.2654261,
          53.3160683
        ]
      },
      "properties": {
        "osm_id": "n8663136390",
        "name": "Grocer On The Green",
        "category": "supermarket",
        "subcategory": "shop=convenience",
        "lat": 53.3160683,
        "lon": -6.2654261,
        "admin_division": "Dublin",
        "county": "dublin"
      }
    },
    {
      "type": "Feature",
      "geometry": {
        "type": "Point",
        "coordinates": [
          -6.1379296,
          53.2748903
        ]
      },
      "properties": {
        "osm_id": "n8807546734",
        "name": "Mace",
        "category": "supermarket",
        "subcategory": "shop=convenience",
        "lat": 53.2748903,
        "lon": -6.1379296,
        "admin_division": "Sallynoggin",
        "county": "dublin"
      }
    },
    {
      "type": "Feature",
      "geometry": {
        "type": "Point",
        "coordinates": [
          -6.1090446,
          53.5796586
        ]
      },
      "properties": {
        "osm_id": "n8941721993",
        "name": "The Rock Bakery",
        "category": "supermarket",
        "subcategory": "shop=bakery",
        "lat": 53.5796586,
        "lon": -6.1090446,
        "admin_division": "Skerries",
        "county": "dublin"
      }
    },
    {
      "type": "Feature",
      "geometry": {
        "type": "Point",
        "coordinates": [
          -6.2157445,
          53.3327557
        ]
      },
      "properties": {
        "osm_id": "n8952233568",
        "name": "Butcher's Block",
        "category": "supermarket",
        "subcategory": "shop=butcher",
        "lat": 53.3327557,
        "lon": -6.2157445,
        "admin_division": "",
        "county": "dublin"
      }
    },
    {
      "type": "Feature",
      "geometry": {
        "type": "Point",
        "coordinates": [
          -6.3704549,
          53.2883849
        ]
      },
      "properties": {
        "osm_id": "n9181003821",
        "name": "Spice Bazaar",
        "category": "supermarket",
        "subcategory": "shop=supermarket",
        "lat": 53.2883849,
        "lon": -6.3704549,
        "admin_division": "Tallaght",
        "county": "dublin"
      }
    },
    {
      "type": "Feature",
      "geometry": {
        "type": "Point",
        "coordinates": [
          -6.397248,
          53.3855082
        ]
      },
      "properties": {
        "osm_id": "n9200238425",
        "name": "Polonez",
        "category": "supermarket",
        "subcategory": "shop=supermarket",
        "lat": 53.3855082,
        "lon": -6.397248,
        "admin_division": "",
        "county": "dublin"
      }
    },
    {
      "type": "Feature",
      "geometry": {
        "type": "Point",
        "coordinates": [
          -6.2198293,
          53.4546195
        ]
      },
      "properties": {
        "osm_id": "n9243486831",
        "name": "SuperValu",
        "category": "supermarket",
        "subcategory": "shop=supermarket",
        "lat": 53.4546195,
        "lon": -6.2198293,
        "admin_division": "Swords",
        "county": "dublin"
      }
    },
    {
      "type": "Feature",
      "geometry": {
        "type": "Point",
        "coordinates": [
          -6.3563768,
          53.2880387
        ]
      },
      "properties": {
        "osm_id": "n9244365311",
        "name": "Spar",
        "category": "supermarket",
        "subcategory": "shop=convenience",
        "lat": 53.2880387,
        "lon": -6.3563768,
        "admin_division": "",
        "county": "dublin"
      }
    },
    {
      "type": "Feature",
      "geometry": {
        "type": "Point",
        "coordinates": [
          -6.1040577,
          53.2772625
        ]
      },
      "properties": {
        "osm_id": "n9248498577",
        "name": "SuperValu",
        "category": "supermarket",
        "subcategory": "shop=supermarket",
        "lat": 53.2772625,
        "lon": -6.1040577,
        "admin_division": "Dalkey, Dublin",
        "county": "dublin"
      }
    },
    {
      "type": "Feature",
      "geometry": {
        "type": "Point",
        "coordinates": [
          -6.24501,
          53.4727773
        ]
      },
      "properties": {
        "osm_id": "n9271887983",
        "name": "Centra",
        "category": "supermarket",
        "subcategory": "shop=supermarket",
        "lat": 53.4727773,
        "lon": -6.24501,
        "admin_division": "Swords",
        "county": "dublin"
      }
    },
    {
      "type": "Feature",
      "geometry": {
        "type": "Point",
        "coordinates": [
          -6.113203,
          53.2752368
        ]
      },
      "properties": {
        "osm_id": "n9294124093",
        "name": "D Conway",
        "category": "supermarket",
        "subcategory": "shop=convenience",
        "lat": 53.2752368,
        "lon": -6.113203,
        "admin_division": "Dalkey",
        "county": "dublin"
      }
    },
    {
      "type": "Feature",
      "geometry": {
        "type": "Point",
        "coordinates": [
          -6.337188,
          53.3069513
        ]
      },
      "properties": {
        "osm_id": "n9312963851",
        "name": "Centra",
        "category": "supermarket",
        "subcategory": "shop=convenience",
        "lat": 53.3069513,
        "lon": -6.337188,
        "admin_division": "Dublin",
        "county": "dublin"
      }
    },
    {
      "type": "Feature",
      "geometry": {
        "type": "Point",
        "coordinates": [
          -6.1581346,
          53.4079714
        ]
      },
      "properties": {
        "osm_id": "n9318933732",
        "name": "Mace",
        "category": "supermarket",
        "subcategory": "shop=convenience",
        "lat": 53.4079714,
        "lon": -6.1581346,
        "admin_division": "Dublin",
        "county": "dublin"
      }
    },
    {
      "type": "Feature",
      "geometry": {
        "type": "Point",
        "coordinates": [
          -6.2309418,
          53.3534652
        ]
      },
      "properties": {
        "osm_id": "n9322362417",
        "name": "Centra",
        "category": "supermarket",
        "subcategory": "shop=supermarket",
        "lat": 53.3534652,
        "lon": -6.2309418,
        "admin_division": "Dublin",
        "county": "dublin"
      }
    },
    {
      "type": "Feature",
      "geometry": {
        "type": "Point",
        "coordinates": [
          -6.2312297,
          53.3534858
        ]
      },
      "properties": {
        "osm_id": "n9322362617",
        "name": "Polomarket",
        "category": "supermarket",
        "subcategory": "shop=supermarket",
        "lat": 53.3534858,
        "lon": -6.2312297,
        "admin_division": "Dublin",
        "county": "dublin"
      }
    },
    {
      "type": "Feature",
      "geometry": {
        "type": "Point",
        "coordinates": [
          -6.2844852,
          53.4043272
        ]
      },
      "properties": {
        "osm_id": "n9327841839",
        "name": "Spar",
        "category": "supermarket",
        "subcategory": "shop=convenience",
        "lat": 53.4043272,
        "lon": -6.2844852,
        "admin_division": "Dublin",
        "county": "dublin"
      }
    },
    {
      "type": "Feature",
      "geometry": {
        "type": "Point",
        "coordinates": [
          -6.2399879,
          53.4263951
        ]
      },
      "properties": {
        "osm_id": "n9350493917",
        "name": "Spar",
        "category": "supermarket",
        "subcategory": "shop=convenience",
        "lat": 53.4263951,
        "lon": -6.2399879,
        "admin_division": "Dublin Airport",
        "county": "dublin"
      }
    },
    {
      "type": "Feature",
      "geometry": {
        "type": "Point",
        "coordinates": [
          -6.3345237,
          53.3298121
        ]
      },
      "properties": {
        "osm_id": "n9359612527",
        "name": "Centra",
        "category": "supermarket",
        "subcategory": "shop=convenience",
        "lat": 53.3298121,
        "lon": -6.3345237,
        "admin_division": "Dublin",
        "county": "dublin"
      }
    },
    {
      "type": "Feature",
      "geometry": {
        "type": "Point",
        "coordinates": [
          -6.1546777,
          53.4840939
        ]
      },
      "properties": {
        "osm_id": "n9383018956",
        "name": "Mace",
        "category": "supermarket",
        "subcategory": "shop=convenience",
        "lat": 53.4840939,
        "lon": -6.1546777,
        "admin_division": "Donabate",
        "county": "dublin"
      }
    },
    {
      "type": "Feature",
      "geometry": {
        "type": "Point",
        "coordinates": [
          -6.3079097,
          53.3444335
        ]
      },
      "properties": {
        "osm_id": "n9430979802",
        "name": "Spar",
        "category": "supermarket",
        "subcategory": "shop=convenience",
        "lat": 53.3444335,
        "lon": -6.3079097,
        "admin_division": "",
        "county": "dublin"
      }
    },
    {
      "type": "Feature",
      "geometry": {
        "type": "Point",
        "coordinates": [
          -6.3718979,
          53.2866697
        ]
      },
      "properties": {
        "osm_id": "n9563596229",
        "name": "Mannings",
        "category": "supermarket",
        "subcategory": "shop=bakery",
        "lat": 53.2866697,
        "lon": -6.3718979,
        "admin_division": "",
        "county": "dublin"
      }
    },
    {
      "type": "Feature",
      "geometry": {
        "type": "Point",
        "coordinates": [
          -6.1045803,
          53.2776008
        ]
      },
      "properties": {
        "osm_id": "n9566311503",
        "name": "Hicks of Dalkey",
        "category": "supermarket",
        "subcategory": "shop=butcher",
        "lat": 53.2776008,
        "lon": -6.1045803,
        "admin_division": "Dalkey",
        "county": "dublin"
      }
    },
    {
      "type": "Feature",
      "geometry": {
        "type": "Point",
        "coordinates": [
          -6.2143958,
          53.39581
        ]
      },
      "properties": {
        "osm_id": "n9628631904",
        "name": "SuperValu",
        "category": "supermarket",
        "subcategory": "shop=supermarket",
        "lat": 53.39581,
        "lon": -6.2143958,
        "admin_division": "Dublin",
        "county": "dublin"
      }
    },
    {
      "type": "Feature",
      "geometry": {
        "type": "Point",
        "coordinates": [
          -6.1664696,
          53.2846586
        ]
      },
      "properties": {
        "osm_id": "n9711327914",
        "name": "The Bungalow",
        "category": "supermarket",
        "subcategory": "shop=convenience",
        "lat": 53.2846586,
        "lon": -6.1664696,
        "admin_division": "",
        "county": "dublin"
      }
    },
    {
      "type": "Feature",
      "geometry": {
        "type": "Point",
        "coordinates": [
          -6.2560503,
          53.3503285
        ]
      },
      "properties": {
        "osm_id": "n9892726954",
        "name": "Lidl",
        "category": "supermarket",
        "subcategory": "shop=supermarket",
        "lat": 53.3503285,
        "lon": -6.2560503,
        "admin_division": "Dublin",
        "county": "dublin"
      }
    },
    {
      "type": "Feature",
      "geometry": {
        "type": "Point",
        "coordinates": [
          -6.1473557,
          53.3866959
        ]
      },
      "properties": {
        "osm_id": "n9958947984",
        "name": "Centra",
        "category": "supermarket",
        "subcategory": "shop=convenience",
        "lat": 53.3866959,
        "lon": -6.1473557,
        "admin_division": "Dublin",
        "county": "dublin"
      }
    },
    {
      "type": "Feature",
      "geometry": {
        "type": "Point",
        "coordinates": [
          -6.2945423,
          53.3318945
        ]
      },
      "properties": {
        "osm_id": "n9975511836",
        "name": "Mace",
        "category": "supermarket",
        "subcategory": "shop=convenience",
        "lat": 53.3318945,
        "lon": -6.2945423,
        "admin_division": "Dublin",
        "county": "dublin"
      }
    },
    {
      "type": "Feature",
      "geometry": {
        "type": "Point",
        "coordinates": [
          -6.3981218,
          53.3852421
        ]
      },
      "properties": {
        "osm_id": "n10039018424",
        "name": "Flavour",
        "category": "supermarket",
        "subcategory": "shop=supermarket",
        "lat": 53.3852421,
        "lon": -6.3981218,
        "admin_division": "",
        "county": "dublin"
      }
    },
    {
      "type": "Feature",
      "geometry": {
        "type": "Point",
        "coordinates": [
          -6.3986455,
          53.3844792
        ]
      },
      "properties": {
        "osm_id": "n10039018425",
        "name": "Bombay Bazar",
        "category": "supermarket",
        "subcategory": "shop=supermarket",
        "lat": 53.3844792,
        "lon": -6.3986455,
        "admin_division": "",
        "county": "dublin"
      }
    },
    {
      "type": "Feature",
      "geometry": {
        "type": "Point",
        "coordinates": [
          -6.2249321,
          53.4537626
        ]
      },
      "properties": {
        "osm_id": "n10097075350",
        "name": "Dublin Meat Co.",
        "category": "supermarket",
        "subcategory": "shop=butcher",
        "lat": 53.4537626,
        "lon": -6.2249321,
        "admin_division": "Swords",
        "county": "dublin"
      }
    },
    {
      "type": "Feature",
      "geometry": {
        "type": "Point",
        "coordinates": [
          -6.2331982,
          53.3481827
        ]
      },
      "properties": {
        "osm_id": "n10120757386",
        "name": "Fresh The Good Food Market",
        "category": "supermarket",
        "subcategory": "shop=supermarket",
        "lat": 53.3481827,
        "lon": -6.2331982,
        "admin_division": "Dublin",
        "county": "dublin"
      }
    },
    {
      "type": "Feature",
      "geometry": {
        "type": "Point",
        "coordinates": [
          -6.2275653,
          53.3421715
        ]
      },
      "properties": {
        "osm_id": "n10136276604",
        "name": "Spar",
        "category": "supermarket",
        "subcategory": "shop=convenience",
        "lat": 53.3421715,
        "lon": -6.2275653,
        "admin_division": "",
        "county": "dublin"
      }
    },
    {
      "type": "Feature",
      "geometry": {
        "type": "Point",
        "coordinates": [
          -6.2396033,
          53.4120781
        ]
      },
      "properties": {
        "osm_id": "n10140748959",
        "name": "Applegreen",
        "category": "supermarket",
        "subcategory": "shop=convenience",
        "lat": 53.4120781,
        "lon": -6.2396033,
        "admin_division": "Dublin",
        "county": "dublin"
      }
    },
    {
      "type": "Feature",
      "geometry": {
        "type": "Point",
        "coordinates": [
          -6.1377418,
          53.2930955
        ]
      },
      "properties": {
        "osm_id": "n10261027678",
        "name": "Smart Shop Eurostore",
        "category": "supermarket",
        "subcategory": "shop=convenience",
        "lat": 53.2930955,
        "lon": -6.1377418,
        "admin_division": "Dún Laoghaire",
        "county": "dublin"
      }
    },
    {
      "type": "Feature",
      "geometry": {
        "type": "Point",
        "coordinates": [
          -6.1586131,
          53.2684805
        ]
      },
      "properties": {
        "osm_id": "n10303378002",
        "name": "Centra",
        "category": "supermarket",
        "subcategory": "shop=convenience",
        "lat": 53.2684805,
        "lon": -6.1586131,
        "admin_division": "",
        "county": "dublin"
      }
    },
    {
      "type": "Feature",
      "geometry": {
        "type": "Point",
        "coordinates": [
          -6.135557,
          53.2924146
        ]
      },
      "properties": {
        "osm_id": "n10309184985",
        "name": "The Kiosk",
        "category": "supermarket",
        "subcategory": "shop=convenience",
        "lat": 53.2924146,
        "lon": -6.135557,
        "admin_division": "",
        "county": "dublin"
      }
    },
    {
      "type": "Feature",
      "geometry": {
        "type": "Point",
        "coordinates": [
          -6.2435653,
          53.3330428
        ]
      },
      "properties": {
        "osm_id": "n10315658620",
        "name": "Spar",
        "category": "supermarket",
        "subcategory": "shop=convenience",
        "lat": 53.3330428,
        "lon": -6.2435653,
        "admin_division": "",
        "county": "dublin"
      }
    },
    {
      "type": "Feature",
      "geometry": {
        "type": "Point",
        "coordinates": [
          -6.2572213,
          53.3358225
        ]
      },
      "properties": {
        "osm_id": "n10582777072",
        "name": "Chapter & Verse",
        "category": "supermarket",
        "subcategory": "shop=convenience",
        "lat": 53.3358225,
        "lon": -6.2572213,
        "admin_division": "Dublin",
        "county": "dublin"
      }
    },
    {
      "type": "Feature",
      "geometry": {
        "type": "Point",
        "coordinates": [
          -6.1132093,
          53.5771299
        ]
      },
      "properties": {
        "osm_id": "n10586459785",
        "name": "Centra",
        "category": "supermarket",
        "subcategory": "shop=convenience",
        "lat": 53.5771299,
        "lon": -6.1132093,
        "admin_division": "Skerries",
        "county": "dublin"
      }
    },
    {
      "type": "Feature",
      "geometry": {
        "type": "Point",
        "coordinates": [
          -6.3292804,
          53.4268156
        ]
      },
      "properties": {
        "osm_id": "n10589609867",
        "name": "Circle K",
        "category": "supermarket",
        "subcategory": "shop=convenience",
        "lat": 53.4268156,
        "lon": -6.3292804,
        "admin_division": "",
        "county": "dublin"
      }
    },
    {
      "type": "Feature",
      "geometry": {
        "type": "Point",
        "coordinates": [
          -6.1343362,
          53.2563503
        ]
      },
      "properties": {
        "osm_id": "n10600228584",
        "name": "Cosgraves",
        "category": "supermarket",
        "subcategory": "shop=butcher",
        "lat": 53.2563503,
        "lon": -6.1343362,
        "admin_division": "",
        "county": "dublin"
      }
    },
    {
      "type": "Feature",
      "geometry": {
        "type": "Point",
        "coordinates": [
          -6.1662539,
          53.2686028
        ]
      },
      "properties": {
        "osm_id": "n10601132631",
        "name": "Daybreak",
        "category": "supermarket",
        "subcategory": "shop=convenience",
        "lat": 53.2686028,
        "lon": -6.1662539,
        "admin_division": "Cornelscourt",
        "county": "dublin"
      }
    },
    {
      "type": "Feature",
      "geometry": {
        "type": "Point",
        "coordinates": [
          -6.2780384,
          53.3472737
        ]
      },
      "properties": {
        "osm_id": "n10646883832",
        "name": "Tesco Express",
        "category": "supermarket",
        "subcategory": "shop=convenience",
        "lat": 53.3472737,
        "lon": -6.2780384,
        "admin_division": "Dublin",
        "county": "dublin"
      }
    },
    {
      "type": "Feature",
      "geometry": {
        "type": "Point",
        "coordinates": [
          -6.1886108,
          53.5878793
        ]
      },
      "properties": {
        "osm_id": "n10677110769",
        "name": "Spar",
        "category": "supermarket",
        "subcategory": "shop=convenience",
        "lat": 53.5878793,
        "lon": -6.1886108,
        "admin_division": "Balrothery",
        "county": "dublin"
      }
    },
    {
      "type": "Feature",
      "geometry": {
        "type": "Point",
        "coordinates": [
          -6.2632759,
          53.3314638
        ]
      },
      "properties": {
        "osm_id": "n10692812933",
        "name": "Tesco Express",
        "category": "supermarket",
        "subcategory": "shop=convenience",
        "lat": 53.3314638,
        "lon": -6.2632759,
        "admin_division": "Dublin",
        "county": "dublin"
      }
    },
    {
      "type": "Feature",
      "geometry": {
        "type": "Point",
        "coordinates": [
          -6.1662342,
          53.5272771
        ]
      },
      "properties": {
        "osm_id": "n10720146880",
        "name": "Costcutter",
        "category": "supermarket",
        "subcategory": "shop=convenience",
        "lat": 53.5272771,
        "lon": -6.1662342,
        "admin_division": "Lusk",
        "county": "dublin"
      }
    },
    {
      "type": "Feature",
      "geometry": {
        "type": "Point",
        "coordinates": [
          -6.1662235,
          53.5272169
        ]
      },
      "properties": {
        "osm_id": "n10720146882",
        "name": "Howley's Butcher",
        "category": "supermarket",
        "subcategory": "shop=butcher",
        "lat": 53.5272169,
        "lon": -6.1662235,
        "admin_division": "Lusk",
        "county": "dublin"
      }
    },
    {
      "type": "Feature",
      "geometry": {
        "type": "Point",
        "coordinates": [
          -6.1834408,
          53.2663402
        ]
      },
      "properties": {
        "osm_id": "n10951811254",
        "name": "The Scarlet Heifer",
        "category": "supermarket",
        "subcategory": "shop=butcher",
        "lat": 53.2663402,
        "lon": -6.1834408,
        "admin_division": "",
        "county": "dublin"
      }
    },
    {
      "type": "Feature",
      "geometry": {
        "type": "Point",
        "coordinates": [
          -6.4684979,
          53.3369419
        ]
      },
      "properties": {
        "osm_id": "n10965538600",
        "name": "Aldi",
        "category": "supermarket",
        "subcategory": "shop=supermarket",
        "lat": 53.3369419,
        "lon": -6.4684979,
        "admin_division": "Adamstown",
        "county": "dublin"
      }
    },
    {
      "type": "Feature",
      "geometry": {
        "type": "Point",
        "coordinates": [
          -6.4689744,
          53.3366769
        ]
      },
      "properties": {
        "osm_id": "n10965538601",
        "name": "Tesco",
        "category": "supermarket",
        "subcategory": "shop=supermarket",
        "lat": 53.3366769,
        "lon": -6.4689744,
        "admin_division": "Adamstown",
        "county": "dublin"
      }
    },
    {
      "type": "Feature",
      "geometry": {
        "type": "Point",
        "coordinates": [
          -6.2651829,
          53.3557803
        ]
      },
      "properties": {
        "osm_id": "n11046666678",
        "name": "Centra",
        "category": "supermarket",
        "subcategory": "shop=convenience",
        "lat": 53.3557803,
        "lon": -6.2651829,
        "admin_division": "Dublin",
        "county": "dublin"
      }
    },
    {
      "type": "Feature",
      "geometry": {
        "type": "Point",
        "coordinates": [
          -6.2546447,
          53.3720704
        ]
      },
      "properties": {
        "osm_id": "n11072043589",
        "name": "Londis",
        "category": "supermarket",
        "subcategory": "shop=convenience",
        "lat": 53.3720704,
        "lon": -6.2546447,
        "admin_division": "",
        "county": "dublin"
      }
    },
    {
      "type": "Feature",
      "geometry": {
        "type": "Point",
        "coordinates": [
          -6.3121528,
          53.2793804
        ]
      },
      "properties": {
        "osm_id": "n11158885104",
        "name": "Tesco Express",
        "category": "supermarket",
        "subcategory": "shop=convenience",
        "lat": 53.2793804,
        "lon": -6.3121528,
        "admin_division": "",
        "county": "dublin"
      }
    },
    {
      "type": "Feature",
      "geometry": {
        "type": "Point",
        "coordinates": [
          -6.2607117,
          53.3600643
        ]
      },
      "properties": {
        "osm_id": "n11178960004",
        "name": "Miku's Butchers",
        "category": "supermarket",
        "subcategory": "shop=butcher",
        "lat": 53.3600643,
        "lon": -6.2607117,
        "admin_division": "",
        "county": "dublin"
      }
    },
    {
      "type": "Feature",
      "geometry": {
        "type": "Point",
        "coordinates": [
          -6.260339,
          53.3604578
        ]
      },
      "properties": {
        "osm_id": "n11178968168",
        "name": "A&F Meats",
        "category": "supermarket",
        "subcategory": "shop=butcher",
        "lat": 53.3604578,
        "lon": -6.260339,
        "admin_division": "",
        "county": "dublin"
      }
    },
    {
      "type": "Feature",
      "geometry": {
        "type": "Point",
        "coordinates": [
          -6.1405208,
          53.3887279
        ]
      },
      "properties": {
        "osm_id": "n11200163223",
        "name": "ALDI",
        "category": "supermarket",
        "subcategory": "shop=supermarket",
        "lat": 53.3887279,
        "lon": -6.1405208,
        "admin_division": "Sutton",
        "county": "dublin"
      }
    },
    {
      "type": "Feature",
      "geometry": {
        "type": "Point",
        "coordinates": [
          -6.2926971,
          53.3632505
        ]
      },
      "properties": {
        "osm_id": "n11228862359",
        "name": "Aldi",
        "category": "supermarket",
        "subcategory": "shop=supermarket",
        "lat": 53.3632505,
        "lon": -6.2926971,
        "admin_division": "Dublin",
        "county": "dublin"
      }
    },
    {
      "type": "Feature",
      "geometry": {
        "type": "Point",
        "coordinates": [
          -6.2690936,
          53.3495872
        ]
      },
      "properties": {
        "osm_id": "n11243847832",
        "name": "Brasiliero",
        "category": "supermarket",
        "subcategory": "shop=convenience",
        "lat": 53.3495872,
        "lon": -6.2690936,
        "admin_division": "Dublin",
        "county": "dublin"
      }
    },
    {
      "type": "Feature",
      "geometry": {
        "type": "Point",
        "coordinates": [
          -6.2705885,
          53.3487347
        ]
      },
      "properties": {
        "osm_id": "n11243855191",
        "name": "Noor & Madina",
        "category": "supermarket",
        "subcategory": "shop=convenience",
        "lat": 53.3487347,
        "lon": -6.2705885,
        "admin_division": "",
        "county": "dublin"
      }
    },
    {
      "type": "Feature",
      "geometry": {
        "type": "Point",
        "coordinates": [
          -6.2683136,
          53.3500847
        ]
      },
      "properties": {
        "osm_id": "n11243878511",
        "name": "Quick Pick",
        "category": "supermarket",
        "subcategory": "shop=convenience",
        "lat": 53.3500847,
        "lon": -6.2683136,
        "admin_division": "",
        "county": "dublin"
      }
    },
    {
      "type": "Feature",
      "geometry": {
        "type": "Point",
        "coordinates": [
          -6.2703922,
          53.347388
        ]
      },
      "properties": {
        "osm_id": "n11243904876",
        "name": "Garden of Eden fresh herb shop",
        "category": "supermarket",
        "subcategory": "shop=convenience",
        "lat": 53.347388,
        "lon": -6.2703922,
        "admin_division": "",
        "county": "dublin"
      }
    },
    {
      "type": "Feature",
      "geometry": {
        "type": "Point",
        "coordinates": [
          -6.2094348,
          53.3154255
        ]
      },
      "properties": {
        "osm_id": "n11291657524",
        "name": "Snack n Go",
        "category": "supermarket",
        "subcategory": "shop=convenience",
        "lat": 53.3154255,
        "lon": -6.2094348,
        "admin_division": "",
        "county": "dublin"
      }
    },
    {
      "type": "Feature",
      "geometry": {
        "type": "Point",
        "coordinates": [
          -6.2633731,
          53.3575001
        ]
      },
      "properties": {
        "osm_id": "n11295480032",
        "name": "Spar",
        "category": "supermarket",
        "subcategory": "shop=convenience",
        "lat": 53.3575001,
        "lon": -6.2633731,
        "admin_division": "Dublin",
        "county": "dublin"
      }
    },
    {
      "type": "Feature",
      "geometry": {
        "type": "Point",
        "coordinates": [
          -6.3954036,
          53.3207088
        ]
      },
      "properties": {
        "osm_id": "n11387999727",
        "name": "Betsys",
        "category": "supermarket",
        "subcategory": "shop=bakery",
        "lat": 53.3207088,
        "lon": -6.3954036,
        "admin_division": "",
        "county": "dublin"
      }
    },
    {
      "type": "Feature",
      "geometry": {
        "type": "Point",
        "coordinates": [
          -6.2670539,
          53.3488258
        ]
      },
      "properties": {
        "osm_id": "n11483521467",
        "name": "Polonez",
        "category": "supermarket",
        "subcategory": "shop=supermarket",
        "lat": 53.3488258,
        "lon": -6.2670539,
        "admin_division": "",
        "county": "dublin"
      }
    },
    {
      "type": "Feature",
      "geometry": {
        "type": "Point",
        "coordinates": [
          -6.1218108,
          53.2867009
        ]
      },
      "properties": {
        "osm_id": "n11522373456",
        "name": "Baker Street",
        "category": "supermarket",
        "subcategory": "shop=bakery",
        "lat": 53.2867009,
        "lon": -6.1218108,
        "admin_division": "",
        "county": "dublin"
      }
    },
    {
      "type": "Feature",
      "geometry": {
        "type": "Point",
        "coordinates": [
          -6.2227084,
          53.3070013
        ]
      },
      "properties": {
        "osm_id": "n11573210071",
        "name": "SU shop",
        "category": "supermarket",
        "subcategory": "shop=convenience",
        "lat": 53.3070013,
        "lon": -6.2227084,
        "admin_division": "",
        "county": "dublin"
      }
    },
    {
      "type": "Feature",
      "geometry": {
        "type": "Point",
        "coordinates": [
          -6.2711008,
          53.3483549
        ]
      },
      "properties": {
        "osm_id": "n11617477533",
        "name": "O'Malley's Fruit & Veg",
        "category": "supermarket",
        "subcategory": "shop=convenience",
        "lat": 53.3483549,
        "lon": -6.2711008,
        "admin_division": "",
        "county": "dublin"
      }
    },
    {
      "type": "Feature",
      "geometry": {
        "type": "Point",
        "coordinates": [
          -6.2711697,
          53.3485297
        ]
      },
      "properties": {
        "osm_id": "n11617477534",
        "name": "Sam Dennigan & Co. Distributors",
        "category": "supermarket",
        "subcategory": "shop=convenience",
        "lat": 53.3485297,
        "lon": -6.2711697,
        "admin_division": "",
        "county": "dublin"
      }
    },
    {
      "type": "Feature",
      "geometry": {
        "type": "Point",
        "coordinates": [
          -6.2632179,
          53.3406924
        ]
      },
      "properties": {
        "osm_id": "n11634110545",
        "name": "Spar",
        "category": "supermarket",
        "subcategory": "shop=convenience",
        "lat": 53.3406924,
        "lon": -6.2632179,
        "admin_division": "Dublin",
        "county": "dublin"
      }
    },
    {
      "type": "Feature",
      "geometry": {
        "type": "Point",
        "coordinates": [
          -6.2968088,
          53.3832036
        ]
      },
      "properties": {
        "osm_id": "n11691173749",
        "name": "",
        "category": "supermarket",
        "subcategory": "shop=butcher",
        "lat": 53.3832036,
        "lon": -6.2968088,
        "admin_division": "",
        "county": "dublin"
      }
    },
    {
      "type": "Feature",
      "geometry": {
        "type": "Point",
        "coordinates": [
          -6.3176241,
          53.3158374
        ]
      },
      "properties": {
        "osm_id": "n11724881359",
        "name": "Thunders Home Bakery And Deli",
        "category": "supermarket",
        "subcategory": "shop=bakery",
        "lat": 53.3158374,
        "lon": -6.3176241,
        "admin_division": "",
        "county": "dublin"
      }
    },
    {
      "type": "Feature",
      "geometry": {
        "type": "Point",
        "coordinates": [
          -6.3178189,
          53.3159486
        ]
      },
      "properties": {
        "osm_id": "n11724881363",
        "name": "Cosgraves",
        "category": "supermarket",
        "subcategory": "shop=butcher",
        "lat": 53.3159486,
        "lon": -6.3178189,
        "admin_division": "",
        "county": "dublin"
      }
    },
    {
      "type": "Feature",
      "geometry": {
        "type": "Point",
        "coordinates": [
          -6.2543962,
          53.3590857
        ]
      },
      "properties": {
        "osm_id": "n11741914281",
        "name": "Russell Street Bakery",
        "category": "supermarket",
        "subcategory": "shop=bakery",
        "lat": 53.3590857,
        "lon": -6.2543962,
        "admin_division": "Dublin",
        "county": "dublin"
      }
    },
    {
      "type": "Feature",
      "geometry": {
        "type": "Point",
        "coordinates": [
          -6.2498758,
          53.3428541
        ]
      },
      "properties": {
        "osm_id": "n11745064213",
        "name": "Centra",
        "category": "supermarket",
        "subcategory": "shop=convenience",
        "lat": 53.3428541,
        "lon": -6.2498758,
        "admin_division": "Dublin",
        "county": "dublin"
      }
    },
    {
      "type": "Feature",
      "geometry": {
        "type": "Point",
        "coordinates": [
          -6.2413697,
          53.3510127
        ]
      },
      "properties": {
        "osm_id": "n11793705441",
        "name": "The Happy Apple (K&A)",
        "category": "supermarket",
        "subcategory": "shop=convenience",
        "lat": 53.3510127,
        "lon": -6.2413697,
        "admin_division": "",
        "county": "dublin"
      }
    },
    {
      "type": "Feature",
      "geometry": {
        "type": "Point",
        "coordinates": [
          -6.2496134,
          53.3664431
        ]
      },
      "properties": {
        "osm_id": "n11878990242",
        "name": "",
        "category": "supermarket",
        "subcategory": "shop=convenience",
        "lat": 53.3664431,
        "lon": -6.2496134,
        "admin_division": "",
        "county": "dublin"
      }
    },
    {
      "type": "Feature",
      "geometry": {
        "type": "Point",
        "coordinates": [
          -6.2392857,
          53.3491492
        ]
      },
      "properties": {
        "osm_id": "n11896597227",
        "name": "Tesco Express",
        "category": "supermarket",
        "subcategory": "shop=supermarket",
        "lat": 53.3491492,
        "lon": -6.2392857,
        "admin_division": "Dublin",
        "county": "dublin"
      }
    },
    {
      "type": "Feature",
      "geometry": {
        "type": "Point",
        "coordinates": [
          -6.1492436,
          53.4178928
        ]
      },
      "properties": {
        "osm_id": "n11945358869",
        "name": "Centra",
        "category": "supermarket",
        "subcategory": "shop=convenience",
        "lat": 53.4178928,
        "lon": -6.1492436,
        "admin_division": "Portmarnock",
        "county": "dublin"
      }
    },
    {
      "type": "Feature",
      "geometry": {
        "type": "Point",
        "coordinates": [
          -6.1443467,
          53.2826281
        ]
      },
      "properties": {
        "osm_id": "n11979233994",
        "name": "Tesco",
        "category": "supermarket",
        "subcategory": "shop=supermarket",
        "lat": 53.2826281,
        "lon": -6.1443467,
        "admin_division": "",
        "county": "dublin"
      }
    },
    {
      "type": "Feature",
      "geometry": {
        "type": "Point",
        "coordinates": [
          -6.268555,
          53.3482089
        ]
      },
      "properties": {
        "osm_id": "n12018247432",
        "name": "Moldova",
        "category": "supermarket",
        "subcategory": "shop=convenience",
        "lat": 53.3482089,
        "lon": -6.268555,
        "admin_division": "",
        "county": "dublin"
      }
    },
    {
      "type": "Feature",
      "geometry": {
        "type": "Point",
        "coordinates": [
          -6.268418,
          53.3478152
        ]
      },
      "properties": {
        "osm_id": "n12018266555",
        "name": "Ayla foods",
        "category": "supermarket",
        "subcategory": "shop=greengrocer",
        "lat": 53.3478152,
        "lon": -6.268418,
        "admin_division": "",
        "county": "dublin"
      }
    },
    {
      "type": "Feature",
      "geometry": {
        "type": "Point",
        "coordinates": [
          -6.2683573,
          53.3476635
        ]
      },
      "properties": {
        "osm_id": "n12018266758",
        "name": "Super Asian Foods",
        "category": "supermarket",
        "subcategory": "shop=supermarket",
        "lat": 53.3476635,
        "lon": -6.2683573,
        "admin_division": "",
        "county": "dublin"
      }
    },
    {
      "type": "Feature",
      "geometry": {
        "type": "Point",
        "coordinates": [
          -6.252275,
          53.3512012
        ]
      },
      "properties": {
        "osm_id": "n12144126816",
        "name": "Eurasia Supermarket",
        "category": "supermarket",
        "subcategory": "shop=supermarket",
        "lat": 53.3512012,
        "lon": -6.252275,
        "admin_division": "",
        "county": "dublin"
      }
    },
    {
      "type": "Feature",
      "geometry": {
        "type": "Point",
        "coordinates": [
          -6.2518317,
          53.3447701
        ]
      },
      "properties": {
        "osm_id": "n12161713561",
        "name": "Bread 41 Lab",
        "category": "supermarket",
        "subcategory": "shop=bakery",
        "lat": 53.3447701,
        "lon": -6.2518317,
        "admin_division": "Dublin",
        "county": "dublin"
      }
    },
    {
      "type": "Feature",
      "geometry": {
        "type": "Point",
        "coordinates": [
          -6.278405,
          53.3406636
        ]
      },
      "properties": {
        "osm_id": "n12176894243",
        "name": "Darren & Dave's Fish and Poultry",
        "category": "supermarket",
        "subcategory": "shop=butcher",
        "lat": 53.3406636,
        "lon": -6.278405,
        "admin_division": "",
        "county": "dublin"
      }
    },
    {
      "type": "Feature",
      "geometry": {
        "type": "Point",
        "coordinates": [
          -6.2138907,
          53.3853176
        ]
      },
      "properties": {
        "osm_id": "n12206710851",
        "name": "Lidl",
        "category": "supermarket",
        "subcategory": "shop=supermarket",
        "lat": 53.3853176,
        "lon": -6.2138907,
        "admin_division": "",
        "county": "dublin"
      }
    },
    {
      "type": "Feature",
      "geometry": {
        "type": "Point",
        "coordinates": [
          -6.2408106,
          53.3247103
        ]
      },
      "properties": {
        "osm_id": "n12282323627",
        "name": "Tesco Express",
        "category": "supermarket",
        "subcategory": "shop=convenience",
        "lat": 53.3247103,
        "lon": -6.2408106,
        "admin_division": "Dublin",
        "county": "dublin"
      }
    },
    {
      "type": "Feature",
      "geometry": {
        "type": "Point",
        "coordinates": [
          -6.2764196,
          53.3381577
        ]
      },
      "properties": {
        "osm_id": "n12450275134",
        "name": "Tesco Express",
        "category": "supermarket",
        "subcategory": "shop=convenience",
        "lat": 53.3381577,
        "lon": -6.2764196,
        "admin_division": "",
        "county": "dublin"
      }
    },
    {
      "type": "Feature",
      "geometry": {
        "type": "Point",
        "coordinates": [
          -6.0914094,
          53.5217903
        ]
      },
      "properties": {
        "osm_id": "n12504285003",
        "name": "Hackets Family Butchers",
        "category": "supermarket",
        "subcategory": "shop=butcher",
        "lat": 53.5217903,
        "lon": -6.0914094,
        "admin_division": "Rush",
        "county": "dublin"
      }
    },
    {
      "type": "Feature",
      "geometry": {
        "type": "Point",
        "coordinates": [
          -6.095639,
          53.5224109
        ]
      },
      "properties": {
        "osm_id": "n12520942544",
        "name": "Boylans",
        "category": "supermarket",
        "subcategory": "shop=butcher",
        "lat": 53.5224109,
        "lon": -6.095639,
        "admin_division": "Rush",
        "county": "dublin"
      }
    },
    {
      "type": "Feature",
      "geometry": {
        "type": "Point",
        "coordinates": [
          -6.3842526,
          53.293677
        ]
      },
      "properties": {
        "osm_id": "n12553464936",
        "name": "Tesco Express",
        "category": "supermarket",
        "subcategory": "shop=convenience",
        "lat": 53.293677,
        "lon": -6.3842526,
        "admin_division": "",
        "county": "dublin"
      }
    },
    {
      "type": "Feature",
      "geometry": {
        "type": "Point",
        "coordinates": [
          -6.3939564,
          53.3196217
        ]
      },
      "properties": {
        "osm_id": "n12636332869",
        "name": "F.X.Buckley",
        "category": "supermarket",
        "subcategory": "shop=butcher",
        "lat": 53.3196217,
        "lon": -6.3939564,
        "admin_division": "",
        "county": "dublin"
      }
    },
    {
      "type": "Feature",
      "geometry": {
        "type": "Point",
        "coordinates": [
          -6.3963415,
          53.3242335
        ]
      },
      "properties": {
        "osm_id": "n12636352961",
        "name": "Tuhills",
        "category": "supermarket",
        "subcategory": "shop=convenience",
        "lat": 53.3242335,
        "lon": -6.3963415,
        "admin_division": "",
        "county": "dublin"
      }
    },
    {
      "type": "Feature",
      "geometry": {
        "type": "Point",
        "coordinates": [
          -6.396206,
          53.3247936
        ]
      },
      "properties": {
        "osm_id": "n12636352975",
        "name": "The Natural Bakery",
        "category": "supermarket",
        "subcategory": "shop=bakery",
        "lat": 53.3247936,
        "lon": -6.396206,
        "admin_division": "",
        "county": "dublin"
      }
    },
    {
      "type": "Feature",
      "geometry": {
        "type": "Point",
        "coordinates": [
          -6.3961879,
          53.3248717
        ]
      },
      "properties": {
        "osm_id": "n12636352979",
        "name": "McLoughlins",
        "category": "supermarket",
        "subcategory": "shop=butcher",
        "lat": 53.3248717,
        "lon": -6.3961879,
        "admin_division": "",
        "county": "dublin"
      }
    },
    {
      "type": "Feature",
      "geometry": {
        "type": "Point",
        "coordinates": [
          -6.3948558,
          53.3261866
        ]
      },
      "properties": {
        "osm_id": "n12636552996",
        "name": "Nimra Asian Foods",
        "category": "supermarket",
        "subcategory": "shop=convenience",
        "lat": 53.3261866,
        "lon": -6.3948558,
        "admin_division": "",
        "county": "dublin"
      }
    },
    {
      "type": "Feature",
      "geometry": {
        "type": "Point",
        "coordinates": [
          -6.1533881,
          53.2932364
        ]
      },
      "properties": {
        "osm_id": "n12641066220",
        "name": "Flemings",
        "category": "supermarket",
        "subcategory": "shop=butcher",
        "lat": 53.2932364,
        "lon": -6.1533881,
        "admin_division": "",
        "county": "dublin"
      }
    },
    {
      "type": "Feature",
      "geometry": {
        "type": "Point",
        "coordinates": [
          -6.2633597,
          53.3513489
        ]
      },
      "properties": {
        "osm_id": "n12675454874",
        "name": "Mroz Polish Supermarket",
        "category": "supermarket",
        "subcategory": "shop=supermarket",
        "lat": 53.3513489,
        "lon": -6.2633597,
        "admin_division": "",
        "county": "dublin"
      }
    },
    {
      "type": "Feature",
      "geometry": {
        "type": "Point",
        "coordinates": [
          -6.1402503,
          53.3883216
        ]
      },
      "properties": {
        "osm_id": "n12705867949",
        "name": "Centra",
        "category": "supermarket",
        "subcategory": "shop=convenience",
        "lat": 53.3883216,
        "lon": -6.1402503,
        "admin_division": "Sutton",
        "county": "dublin"
      }
    },
    {
      "type": "Feature",
      "geometry": {
        "type": "Point",
        "coordinates": [
          -6.2595272,
          53.4052936
        ]
      },
      "properties": {
        "osm_id": "n12705932847",
        "name": "Eaststore",
        "category": "supermarket",
        "subcategory": "shop=convenience",
        "lat": 53.4052936,
        "lon": -6.2595272,
        "admin_division": "",
        "county": "dublin"
      }
    },
    {
      "type": "Feature",
      "geometry": {
        "type": "Point",
        "coordinates": [
          -6.2596109,
          53.4051378
        ]
      },
      "properties": {
        "osm_id": "n12705932848",
        "name": "Your Spice",
        "category": "supermarket",
        "subcategory": "shop=convenience",
        "lat": 53.4051378,
        "lon": -6.2596109,
        "admin_division": "",
        "county": "dublin"
      }
    },
    {
      "type": "Feature",
      "geometry": {
        "type": "Point",
        "coordinates": [
          -6.2878077,
          53.3414798
        ]
      },
      "properties": {
        "osm_id": "n12723445733",
        "name": "Tesco Express",
        "category": "supermarket",
        "subcategory": "shop=convenience",
        "lat": 53.3414798,
        "lon": -6.2878077,
        "admin_division": "",
        "county": "dublin"
      }
    },
    {
      "type": "Feature",
      "geometry": {
        "type": "Point",
        "coordinates": [
          -6.4404162,
          53.3875386
        ]
      },
      "properties": {
        "osm_id": "n12843785896",
        "name": "Centra",
        "category": "supermarket",
        "subcategory": "shop=convenience",
        "lat": 53.3875386,
        "lon": -6.4404162,
        "admin_division": "Hansfield",
        "county": "dublin"
      }
    },
    {
      "type": "Feature",
      "geometry": {
        "type": "Point",
        "coordinates": [
          -6.1221857,
          53.2868313
        ]
      },
      "properties": {
        "osm_id": "n12893806951",
        "name": "Spar",
        "category": "supermarket",
        "subcategory": "shop=convenience",
        "lat": 53.2868313,
        "lon": -6.1221857,
        "admin_division": "",
        "county": "dublin"
      }
    },
    {
      "type": "Feature",
      "geometry": {
        "type": "Point",
        "coordinates": [
          -6.2679853,
          53.2901561
        ]
      },
      "properties": {
        "osm_id": "n12915650376",
        "name": "FX Buckley",
        "category": "supermarket",
        "subcategory": "shop=butcher",
        "lat": 53.2901561,
        "lon": -6.2679853,
        "admin_division": "",
        "county": "dublin"
      }
    },
    {
      "type": "Feature",
      "geometry": {
        "type": "Point",
        "coordinates": [
          -6.1965917,
          53.2795472
        ]
      },
      "properties": {
        "osm_id": "n12968927890",
        "name": "Spar",
        "category": "supermarket",
        "subcategory": "shop=convenience",
        "lat": 53.2795472,
        "lon": -6.1965917,
        "admin_division": "",
        "county": "dublin"
      }
    },
    {
      "type": "Feature",
      "geometry": {
        "type": "Point",
        "coordinates": [
          -6.1238366,
          53.252594
        ]
      },
      "properties": {
        "osm_id": "n12993250802",
        "name": "Applegreen",
        "category": "supermarket",
        "subcategory": "shop=convenience",
        "lat": 53.252594,
        "lon": -6.1238366,
        "admin_division": "",
        "county": "dublin"
      }
    },
    {
      "type": "Feature",
      "geometry": {
        "type": "Point",
        "coordinates": [
          -6.2512517,
          53.3458311
        ]
      },
      "properties": {
        "osm_id": "n13084541486",
        "name": "Tesco Express",
        "category": "supermarket",
        "subcategory": "shop=convenience",
        "lat": 53.3458311,
        "lon": -6.2512517,
        "admin_division": "",
        "county": "dublin"
      }
    },
    {
      "type": "Feature",
      "geometry": {
        "type": "Point",
        "coordinates": [
          -6.1340902,
          53.2929466
        ]
      },
      "properties": {
        "osm_id": "n13086502898",
        "name": "Number One Food Market",
        "category": "supermarket",
        "subcategory": "shop=supermarket",
        "lat": 53.2929466,
        "lon": -6.1340902,
        "admin_division": "",
        "county": "dublin"
      }
    },
    {
      "type": "Feature",
      "geometry": {
        "type": "Point",
        "coordinates": [
          -6.2614706,
          53.3491004
        ]
      },
      "properties": {
        "osm_id": "n13112399742",
        "name": "",
        "category": "supermarket",
        "subcategory": "shop=convenience",
        "lat": 53.3491004,
        "lon": -6.2614706,
        "admin_division": "",
        "county": "dublin"
      }
    },
    {
      "type": "Feature",
      "geometry": {
        "type": "Point",
        "coordinates": [
          -6.3260483,
          53.3241469
        ]
      },
      "properties": {
        "osm_id": "n13121266801",
        "name": "Your Shop The Abbey",
        "category": "supermarket",
        "subcategory": "shop=convenience",
        "lat": 53.3241469,
        "lon": -6.3260483,
        "admin_division": "",
        "county": "dublin"
      }
    },
    {
      "type": "Feature",
      "geometry": {
        "type": "Point",
        "coordinates": [
          -6.3053884,
          53.3273554
        ]
      },
      "properties": {
        "osm_id": "n13121616401",
        "name": "Desa.ie Asian Products",
        "category": "supermarket",
        "subcategory": "shop=convenience",
        "lat": 53.3273554,
        "lon": -6.3053884,
        "admin_division": "",
        "county": "dublin"
      }
    },
    {
      "type": "Feature",
      "geometry": {
        "type": "Point",
        "coordinates": [
          -6.354996,
          53.2942645
        ]
      },
      "properties": {
        "osm_id": "n13127852201",
        "name": "Daybreak",
        "category": "supermarket",
        "subcategory": "shop=convenience",
        "lat": 53.2942645,
        "lon": -6.354996,
        "admin_division": "",
        "county": "dublin"
      }
    },
    {
      "type": "Feature",
      "geometry": {
        "type": "Point",
        "coordinates": [
          -6.2641906,
          53.3554563
        ]
      },
      "properties": {
        "osm_id": "n13240722375",
        "name": "Hodma Shop",
        "category": "supermarket",
        "subcategory": "shop=convenience",
        "lat": 53.3554563,
        "lon": -6.2641906,
        "admin_division": "Dublin",
        "county": "dublin"
      }
    },
    {
      "type": "Feature",
      "geometry": {
        "type": "Point",
        "coordinates": [
          -6.2823762,
          53.3584656
        ]
      },
      "properties": {
        "osm_id": "n13241032505",
        "name": "Centra",
        "category": "supermarket",
        "subcategory": "shop=convenience",
        "lat": 53.3584656,
        "lon": -6.2823762,
        "admin_division": "",
        "county": "dublin"
      }
    },
    {
      "type": "Feature",
      "geometry": {
        "type": "Point",
        "coordinates": [
          -6.1244394,
          53.2532075
        ]
      },
      "properties": {
        "osm_id": "n13298438941",
        "name": "Centra",
        "category": "supermarket",
        "subcategory": "shop=convenience",
        "lat": 53.2532075,
        "lon": -6.1244394,
        "admin_division": "",
        "county": "dublin"
      }
    },
    {
      "type": "Feature",
      "geometry": {
        "type": "Point",
        "coordinates": [
          -6.4391443,
          53.389604
        ]
      },
      "properties": {
        "osm_id": "n13301597411",
        "name": "SuperValu",
        "category": "supermarket",
        "subcategory": "shop=supermarket",
        "lat": 53.389604,
        "lon": -6.4391443,
        "admin_division": "",
        "county": "dublin"
      }
    },
    {
      "type": "Feature",
      "geometry": {
        "type": "Point",
        "coordinates": [
          -6.255932,
          53.3860713
        ]
      },
      "properties": {
        "osm_id": "n13305555789",
        "name": "",
        "category": "supermarket",
        "subcategory": "shop=convenience",
        "lat": 53.3860713,
        "lon": -6.255932,
        "admin_division": "Dublin",
        "county": "dublin"
      }
    },
    {
      "type": "Feature",
      "geometry": {
        "type": "Point",
        "coordinates": [
          -6.39187,
          53.3281982
        ]
      },
      "properties": {
        "osm_id": "n13333157959",
        "name": "Polo Stores",
        "category": "supermarket",
        "subcategory": "shop=supermarket",
        "lat": 53.3281982,
        "lon": -6.39187,
        "admin_division": "",
        "county": "dublin"
      }
    },
    {
      "type": "Feature",
      "geometry": {
        "type": "Point",
        "coordinates": [
          -6.3170339,
          53.4006523
        ]
      },
      "properties": {
        "osm_id": "n13390821669",
        "name": "Gahan Meats",
        "category": "supermarket",
        "subcategory": "shop=butcher",
        "lat": 53.4006523,
        "lon": -6.3170339,
        "admin_division": "",
        "county": "dublin"
      }
    },
    {
      "type": "Feature",
      "geometry": {
        "type": "Point",
        "coordinates": [
          -6.0765957,
          53.3890543
        ]
      },
      "properties": {
        "osm_id": "n13409073273",
        "name": "Tesco",
        "category": "supermarket",
        "subcategory": "shop=supermarket",
        "lat": 53.3890543,
        "lon": -6.0765957,
        "admin_division": "Howth",
        "county": "dublin"
      }
    },
    {
      "type": "Feature",
      "geometry": {
        "type": "Point",
        "coordinates": [
          -6.2696729,
          53.3492715
        ]
      },
      "properties": {
        "osm_id": "n13432362902",
        "name": "Coreana Supermarket",
        "category": "supermarket",
        "subcategory": "shop=supermarket",
        "lat": 53.3492715,
        "lon": -6.2696729,
        "admin_division": "",
        "county": "dublin"
      }
    },
    {
      "type": "Feature",
      "geometry": {
        "type": "Point",
        "coordinates": [
          -6.1246985,
          53.2262355
        ]
      },
      "properties": {
        "osm_id": "n13475137565",
        "name": "PM O'Loughlin Food Emporium",
        "category": "supermarket",
        "subcategory": "shop=supermarket",
        "lat": 53.2262355,
        "lon": -6.1246985,
        "admin_division": "",
        "county": "dublin"
      }
    },
    {
      "type": "Feature",
      "geometry": {
        "type": "Point",
        "coordinates": [
          -6.1244516,
          53.2261628
        ]
      },
      "properties": {
        "osm_id": "n13475137566",
        "name": "The Shankill Market",
        "category": "supermarket",
        "subcategory": "shop=greengrocer",
        "lat": 53.2261628,
        "lon": -6.1244516,
        "admin_division": "",
        "county": "dublin"
      }
    },
    {
      "type": "Feature",
      "geometry": {
        "type": "Point",
        "coordinates": [
          -6.3032756,
          53.403672
        ]
      },
      "properties": {
        "osm_id": "n13525591401",
        "name": "Yami Yami",
        "category": "supermarket",
        "subcategory": "shop=bakery",
        "lat": 53.403672,
        "lon": -6.3032756,
        "admin_division": "",
        "county": "dublin"
      }
    },
    {
      "type": "Feature",
      "geometry": {
        "type": "Point",
        "coordinates": [
          -6.2373039,
          53.3395505
        ]
      },
      "properties": {
        "osm_id": "n13544379821",
        "name": "Artybaker",
        "category": "supermarket",
        "subcategory": "shop=bakery",
        "lat": 53.3395505,
        "lon": -6.2373039,
        "admin_division": "",
        "county": "dublin"
      }
    },
    {
      "type": "Feature",
      "geometry": {
        "type": "Point",
        "coordinates": [
          -6.1130485,
          53.2090012
        ]
      },
      "properties": {
        "osm_id": "n13544726219",
        "name": "Mróz",
        "category": "supermarket",
        "subcategory": "shop=supermarket",
        "lat": 53.2090012,
        "lon": -6.1130485,
        "admin_division": "",
        "county": "dublin"
      }
    },
    {
      "type": "Feature",
      "geometry": {
        "type": "Point",
        "coordinates": [
          -6.2707877,
          53.3483596
        ]
      },
      "properties": {
        "osm_id": "n13565481526",
        "name": "H. Lawlor & Co Ltd",
        "category": "supermarket",
        "subcategory": "shop=greengrocer",
        "lat": 53.3483596,
        "lon": -6.2707877,
        "admin_division": "",
        "county": "dublin"
      }
    },
    {
      "type": "Feature",
      "geometry": {
        "type": "Point",
        "coordinates": [
          -6.1313661,
          53.2901041
        ]
      },
      "properties": {
        "osm_id": "n13566318201",
        "name": "Fable Bakery",
        "category": "supermarket",
        "subcategory": "shop=bakery",
        "lat": 53.2901041,
        "lon": -6.1313661,
        "admin_division": "",
        "county": "dublin"
      }
    },
    {
      "type": "Feature",
      "geometry": {
        "type": "Point",
        "coordinates": [
          -6.3050639,
          53.3020595
        ]
      },
      "properties": {
        "osm_id": "n13575269592",
        "name": "Gala",
        "category": "supermarket",
        "subcategory": "shop=convenience",
        "lat": 53.3020595,
        "lon": -6.3050639,
        "admin_division": "",
        "county": "dublin"
      }
    },
    {
      "type": "Feature",
      "geometry": {
        "type": "Point",
        "coordinates": [
          -6.2711064,
          53.3506536
        ]
      },
      "properties": {
        "osm_id": "n13603432806",
        "name": "European Market",
        "category": "supermarket",
        "subcategory": "shop=supermarket",
        "lat": 53.3506536,
        "lon": -6.2711064,
        "admin_division": "",
        "county": "dublin"
      }
    },
    {
      "type": "Feature",
      "geometry": {
        "type": "Point",
        "coordinates": [
          -6.1534456,
          53.4519902
        ]
      },
      "properties": {
        "osm_id": "n13668896712",
        "name": "Donnybrook Fair",
        "category": "supermarket",
        "subcategory": "shop=supermarket",
        "lat": 53.4519902,
        "lon": -6.1534456,
        "admin_division": "",
        "county": "dublin"
      }
    },
    {
      "type": "Feature",
      "geometry": {
        "type": "Point",
        "coordinates": [
          -6.1840421,
          53.6058274
        ]
      },
      "properties": {
        "osm_id": "n13706763534",
        "name": "Quality Foods",
        "category": "supermarket",
        "subcategory": "shop=supermarket",
        "lat": 53.6058274,
        "lon": -6.1840421,
        "admin_division": "",
        "county": "dublin"
      }
    },
    {
      "type": "Feature",
      "geometry": {
        "type": "Point",
        "coordinates": [
          -6.1844089,
          53.6103208
        ]
      },
      "properties": {
        "osm_id": "n13706763538",
        "name": "Spar",
        "category": "supermarket",
        "subcategory": "shop=convenience",
        "lat": 53.6103208,
        "lon": -6.1844089,
        "admin_division": "",
        "county": "dublin"
      }
    },
    {
      "type": "Feature",
      "geometry": {
        "type": "Point",
        "coordinates": [
          -6.2789831,
          53.3417293
        ]
      },
      "properties": {
        "osm_id": "n13739763829",
        "name": "Catherine's Bakery",
        "category": "supermarket",
        "subcategory": "shop=bakery",
        "lat": 53.3417293,
        "lon": -6.2789831,
        "admin_division": "",
        "county": "dublin"
      }
    },
    {
      "type": "Feature",
      "geometry": {
        "type": "Point",
        "coordinates": [
          -6.1455578,
          53.2455474
        ]
      },
      "properties": {
        "osm_id": "n13759613312",
        "name": "Tesco Express",
        "category": "supermarket",
        "subcategory": "shop=convenience",
        "lat": 53.2455474,
        "lon": -6.1455578,
        "admin_division": "",
        "county": "dublin"
      }
    },
    {
      "type": "Feature",
      "geometry": {
        "type": "Point",
        "coordinates": [
          -6.3818952,
          53.3836691
        ]
      },
      "properties": {
        "osm_id": "n13759613436",
        "name": "Brown Bag Bakery",
        "category": "supermarket",
        "subcategory": "shop=bakery",
        "lat": 53.3836691,
        "lon": -6.3818952,
        "admin_division": "",
        "county": "dublin"
      }
    },
    {
      "type": "Feature",
      "geometry": {
        "type": "Point",
        "coordinates": [
          -6.1372114,
          53.291656
        ]
      },
      "properties": {
        "osm_id": "n13825357802",
        "name": "Domomart",
        "category": "supermarket",
        "subcategory": "shop=supermarket",
        "lat": 53.291656,
        "lon": -6.1372114,
        "admin_division": "",
        "county": "dublin"
      }
    },
    {
      "type": "Feature",
      "geometry": {
        "type": "Point",
        "coordinates": [
          -6.138165,
          53.2932797
        ]
      },
      "properties": {
        "osm_id": "n13924356681",
        "name": "The Natural Bakery",
        "category": "supermarket",
        "subcategory": "shop=bakery",
        "lat": 53.2932797,
        "lon": -6.138165,
        "admin_division": "",
        "county": "dublin"
      }
    },
    {
      "type": "Feature",
      "geometry": {
        "type": "Point",
        "coordinates": [
          -6.3817834,
          53.3826545
        ]
      },
      "properties": {
        "osm_id": "w4491088",
        "name": "Tesco",
        "category": "supermarket",
        "subcategory": "shop=supermarket",
        "lat": 53.3826545,
        "lon": -6.3817834,
        "admin_division": "Blanchardstown",
        "county": "dublin"
      }
    },
    {
      "type": "Feature",
      "geometry": {
        "type": "Point",
        "coordinates": [
          -6.4594243,
          53.3529621
        ]
      },
      "properties": {
        "osm_id": "w22726828",
        "name": "Tesco",
        "category": "supermarket",
        "subcategory": "shop=supermarket",
        "lat": 53.3529621,
        "lon": -6.4594243,
        "admin_division": "Lucan",
        "county": "dublin"
      }
    },
    {
      "type": "Feature",
      "geometry": {
        "type": "Point",
        "coordinates": [
          -6.4005418,
          53.3962612
        ]
      },
      "properties": {
        "osm_id": "w22778068",
        "name": "Lidl",
        "category": "supermarket",
        "subcategory": "shop=supermarket",
        "lat": 53.3962612,
        "lon": -6.4005418,
        "admin_division": "Blanchardstown",
        "county": "dublin"
      }
    },
    {
      "type": "Feature",
      "geometry": {
        "type": "Point",
        "coordinates": [
          -6.2532802,
          53.2752802
        ]
      },
      "properties": {
        "osm_id": "w22990135",
        "name": "SuperValu",
        "category": "supermarket",
        "subcategory": "shop=supermarket",
        "lat": 53.2752802,
        "lon": -6.2532802,
        "admin_division": "",
        "county": "dublin"
      }
    },
    {
      "type": "Feature",
      "geometry": {
        "type": "Point",
        "coordinates": [
          -6.2092409,
          53.2994744
        ]
      },
      "properties": {
        "osm_id": "w25416010",
        "name": "SuperValu",
        "category": "supermarket",
        "subcategory": "shop=supermarket",
        "lat": 53.2994744,
        "lon": -6.2092409,
        "admin_division": "",
        "county": "dublin"
      }
    },
    {
      "type": "Feature",
      "geometry": {
        "type": "Point",
        "coordinates": [
          -6.2605448,
          53.2964517
        ]
      },
      "properties": {
        "osm_id": "w26635429",
        "name": "SuperValu",
        "category": "supermarket",
        "subcategory": "shop=supermarket",
        "lat": 53.2964517,
        "lon": -6.2605448,
        "admin_division": "",
        "county": "dublin"
      }
    },
    {
      "type": "Feature",
      "geometry": {
        "type": "Point",
        "coordinates": [
          -6.3050753,
          53.3974439
        ]
      },
      "properties": {
        "osm_id": "w26943103",
        "name": "Lidl",
        "category": "supermarket",
        "subcategory": "shop=supermarket",
        "lat": 53.3974439,
        "lon": -6.3050753,
        "admin_division": "Dublin",
        "county": "dublin"
      }
    },
    {
      "type": "Feature",
      "geometry": {
        "type": "Point",
        "coordinates": [
          -6.2505881,
          53.3983963
        ]
      },
      "properties": {
        "osm_id": "w27201923",
        "name": "Aldi",
        "category": "supermarket",
        "subcategory": "shop=supermarket",
        "lat": 53.3983963,
        "lon": -6.2505881,
        "admin_division": "",
        "county": "dublin"
      }
    },
    {
      "type": "Feature",
      "geometry": {
        "type": "Point",
        "coordinates": [
          -6.2294769,
          53.4626518
        ]
      },
      "properties": {
        "osm_id": "w27338945",
        "name": "JC's",
        "category": "supermarket",
        "subcategory": "shop=supermarket",
        "lat": 53.4626518,
        "lon": -6.2294769,
        "admin_division": "Swords",
        "county": "dublin"
      }
    },
    {
      "type": "Feature",
      "geometry": {
        "type": "Point",
        "coordinates": [
          -6.4235006,
          53.3482479
        ]
      },
      "properties": {
        "osm_id": "w28177530",
        "name": "Lidl",
        "category": "supermarket",
        "subcategory": "shop=supermarket",
        "lat": 53.3482479,
        "lon": -6.4235006,
        "admin_division": "Lucan",
        "county": "dublin"
      }
    },
    {
      "type": "Feature",
      "geometry": {
        "type": "Point",
        "coordinates": [
          -6.3733052,
          53.2993476
        ]
      },
      "properties": {
        "osm_id": "w28531968",
        "name": "Aldi",
        "category": "supermarket",
        "subcategory": "shop=supermarket",
        "lat": 53.2993476,
        "lon": -6.3733052,
        "admin_division": "",
        "county": "dublin"
      }
    },
    {
      "type": "Feature",
      "geometry": {
        "type": "Point",
        "coordinates": [
          -6.375865,
          53.3564956
        ]
      },
      "properties": {
        "osm_id": "w29558391",
        "name": "Aldi",
        "category": "supermarket",
        "subcategory": "shop=supermarket",
        "lat": 53.3564956,
        "lon": -6.375865,
        "admin_division": "Palmerston",
        "county": "dublin"
      }
    },
    {
      "type": "Feature",
      "geometry": {
        "type": "Point",
        "coordinates": [
          -6.3456365,
          53.3212953
        ]
      },
      "properties": {
        "osm_id": "w37718083",
        "name": "Fresco Foods",
        "category": "supermarket",
        "subcategory": "shop=supermarket",
        "lat": 53.3212953,
        "lon": -6.3456365,
        "admin_division": "",
        "county": "dublin"
      }
    },
    {
      "type": "Feature",
      "geometry": {
        "type": "Point",
        "coordinates": [
          -6.3429358,
          53.3105407
        ]
      },
      "properties": {
        "osm_id": "w37720537",
        "name": "Lidl",
        "category": "supermarket",
        "subcategory": "shop=supermarket",
        "lat": 53.3105407,
        "lon": -6.3429358,
        "admin_division": "Dublin",
        "county": "dublin"
      }
    },
    {
      "type": "Feature",
      "geometry": {
        "type": "Point",
        "coordinates": [
          -6.3393239,
          53.3220431
        ]
      },
      "properties": {
        "osm_id": "w37720711",
        "name": "Lidl",
        "category": "supermarket",
        "subcategory": "shop=supermarket",
        "lat": 53.3220431,
        "lon": -6.3393239,
        "admin_division": "Dublin",
        "county": "dublin"
      }
    },
    {
      "type": "Feature",
      "geometry": {
        "type": "Point",
        "coordinates": [
          -6.1076802,
          53.5778325
        ]
      },
      "properties": {
        "osm_id": "w39473964",
        "name": "SuperValu",
        "category": "supermarket",
        "subcategory": "shop=supermarket",
        "lat": 53.5778325,
        "lon": -6.1076802,
        "admin_division": "Skerries",
        "county": "dublin"
      }
    },
    {
      "type": "Feature",
      "geometry": {
        "type": "Point",
        "coordinates": [
          -6.2970859,
          53.3827284
        ]
      },
      "properties": {
        "osm_id": "w42299644",
        "name": "Tesco Extra",
        "category": "supermarket",
        "subcategory": "shop=supermarket",
        "lat": 53.3827284,
        "lon": -6.2970859,
        "admin_division": "Dublin",
        "county": "dublin"
      }
    },
    {
      "type": "Feature",
      "geometry": {
        "type": "Point",
        "coordinates": [
          -6.1453346,
          53.3970341
        ]
      },
      "properties": {
        "osm_id": "w42419251",
        "name": "Applegreen",
        "category": "supermarket",
        "subcategory": "shop=convenience",
        "lat": 53.3970341,
        "lon": -6.1453346,
        "admin_division": "",
        "county": "dublin"
      }
    },
    {
      "type": "Feature",
      "geometry": {
        "type": "Point",
        "coordinates": [
          -6.2659746,
          53.3210428
        ]
      },
      "properties": {
        "osm_id": "w44402518",
        "name": "Tesco Metro",
        "category": "supermarket",
        "subcategory": "shop=supermarket",
        "lat": 53.3210428,
        "lon": -6.2659746,
        "admin_division": "Dublin",
        "county": "dublin"
      }
    },
    {
      "type": "Feature",
      "geometry": {
        "type": "Point",
        "coordinates": [
          -6.3650787,
          53.4141579
        ]
      },
      "properties": {
        "osm_id": "w49722596",
        "name": "Spar",
        "category": "supermarket",
        "subcategory": "shop=convenience",
        "lat": 53.4141579,
        "lon": -6.3650787,
        "admin_division": "Blanchardstown",
        "county": "dublin"
      }
    },
    {
      "type": "Feature",
      "geometry": {
        "type": "Point",
        "coordinates": [
          -6.4180465,
          53.2857376
        ]
      },
      "properties": {
        "osm_id": "w51335261",
        "name": "Lidl",
        "category": "supermarket",
        "subcategory": "shop=supermarket",
        "lat": 53.2857376,
        "lon": -6.4180465,
        "admin_division": "Citywest",
        "county": "dublin"
      }
    },
    {
      "type": "Feature",
      "geometry": {
        "type": "Point",
        "coordinates": [
          -6.166811,
          53.268462
        ]
      },
      "properties": {
        "osm_id": "w51732435",
        "name": "Dunnes Stores",
        "category": "supermarket",
        "subcategory": "shop=supermarket",
        "lat": 53.268462,
        "lon": -6.166811,
        "admin_division": "Cornelscourt",
        "county": "dublin"
      }
    },
    {
      "type": "Feature",
      "geometry": {
        "type": "Point",
        "coordinates": [
          -6.2652938,
          53.3223091
        ]
      },
      "properties": {
        "osm_id": "w51733732",
        "name": "Centra",
        "category": "supermarket",
        "subcategory": "shop=convenience",
        "lat": 53.3223091,
        "lon": -6.2652938,
        "admin_division": "Dublin",
        "county": "dublin"
      }
    },
    {
      "type": "Feature",
      "geometry": {
        "type": "Point",
        "coordinates": [
          -6.2990785,
          53.3904869
        ]
      },
      "properties": {
        "osm_id": "w51775837",
        "name": "SuperValu",
        "category": "supermarket",
        "subcategory": "shop=supermarket",
        "lat": 53.3904869,
        "lon": -6.2990785,
        "admin_division": "Dublin",
        "county": "dublin"
      }
    },
    {
      "type": "Feature",
      "geometry": {
        "type": "Point",
        "coordinates": [
          -6.22479,
          53.4537241
        ]
      },
      "properties": {
        "osm_id": "w51832200",
        "name": "",
        "category": "supermarket",
        "subcategory": "shop=butcher",
        "lat": 53.4537241,
        "lon": -6.22479,
        "admin_division": "",
        "county": "dublin"
      }
    },
    {
      "type": "Feature",
      "geometry": {
        "type": "Point",
        "coordinates": [
          -6.156959,
          53.2755088
        ]
      },
      "properties": {
        "osm_id": "w52156730",
        "name": "Lidl",
        "category": "supermarket",
        "subcategory": "shop=supermarket",
        "lat": 53.2755088,
        "lon": -6.156959,
        "admin_division": "Dún Laoghaire",
        "county": "dublin"
      }
    },
    {
      "type": "Feature",
      "geometry": {
        "type": "Point",
        "coordinates": [
          -6.1704222,
          53.4512818
        ]
      },
      "properties": {
        "osm_id": "w53128402",
        "name": "Shiels Londis",
        "category": "supermarket",
        "subcategory": "shop=supermarket",
        "lat": 53.4512818,
        "lon": -6.1704222,
        "admin_division": "",
        "county": "dublin"
      }
    },
    {
      "type": "Feature",
      "geometry": {
        "type": "Point",
        "coordinates": [
          -6.2683113,
          53.2906092
        ]
      },
      "properties": {
        "osm_id": "w54054318",
        "name": "Circle K",
        "category": "supermarket",
        "subcategory": "shop=convenience",
        "lat": 53.2906092,
        "lon": -6.2683113,
        "admin_division": "",
        "county": "dublin"
      }
    },
    {
      "type": "Feature",
      "geometry": {
        "type": "Point",
        "coordinates": [
          -6.3529042,
          53.3414462
        ]
      },
      "properties": {
        "osm_id": "w55354013",
        "name": "Tesco",
        "category": "supermarket",
        "subcategory": "shop=supermarket",
        "lat": 53.3414462,
        "lon": -6.3529042,
        "admin_division": "Dublin",
        "county": "dublin"
      }
    },
    {
      "type": "Feature",
      "geometry": {
        "type": "Point",
        "coordinates": [
          -6.232624,
          53.3399224
        ]
      },
      "properties": {
        "osm_id": "w55448710",
        "name": "Mellon's Shop",
        "category": "supermarket",
        "subcategory": "shop=convenience",
        "lat": 53.3399224,
        "lon": -6.232624,
        "admin_division": "",
        "county": "dublin"
      }
    },
    {
      "type": "Feature",
      "geometry": {
        "type": "Point",
        "coordinates": [
          -6.459824,
          53.3550239
        ]
      },
      "properties": {
        "osm_id": "w57913965",
        "name": "Mace",
        "category": "supermarket",
        "subcategory": "shop=convenience",
        "lat": 53.3550239,
        "lon": -6.459824,
        "admin_division": "",
        "county": "dublin"
      }
    },
    {
      "type": "Feature",
      "geometry": {
        "type": "Point",
        "coordinates": [
          -6.1536401,
          53.2940311
        ]
      },
      "properties": {
        "osm_id": "w58647420",
        "name": "Spar",
        "category": "supermarket",
        "subcategory": "shop=convenience",
        "lat": 53.2940311,
        "lon": -6.1536401,
        "admin_division": "",
        "county": "dublin"
      }
    },
    {
      "type": "Feature",
      "geometry": {
        "type": "Point",
        "coordinates": [
          -6.1518,
          53.2939609
        ]
      },
      "properties": {
        "osm_id": "w58647435",
        "name": "Dunnes Stores",
        "category": "supermarket",
        "subcategory": "shop=supermarket",
        "lat": 53.2939609,
        "lon": -6.1518,
        "admin_division": "",
        "county": "dublin"
      }
    },
    {
      "type": "Feature",
      "geometry": {
        "type": "Point",
        "coordinates": [
          -6.1522631,
          53.2939752
        ]
      },
      "properties": {
        "osm_id": "w58647472",
        "name": "Avoca Food Market",
        "category": "supermarket",
        "subcategory": "shop=supermarket",
        "lat": 53.2939752,
        "lon": -6.1522631,
        "admin_division": "Monkstown",
        "county": "dublin"
      }
    },
    {
      "type": "Feature",
      "geometry": {
        "type": "Point",
        "coordinates": [
          -6.1379221,
          53.2933632
        ]
      },
      "properties": {
        "osm_id": "w58692967",
        "name": "The Natural Bakery",
        "category": "supermarket",
        "subcategory": "shop=bakery",
        "lat": 53.2933632,
        "lon": -6.1379221,
        "admin_division": "Dún Laoghaire",
        "county": "dublin"
      }
    },
    {
      "type": "Feature",
      "geometry": {
        "type": "Point",
        "coordinates": [
          -6.1370575,
          53.2925917
        ]
      },
      "properties": {
        "osm_id": "w58693079",
        "name": "XL",
        "category": "supermarket",
        "subcategory": "shop=convenience",
        "lat": 53.2925917,
        "lon": -6.1370575,
        "admin_division": "Dún Laoghaire",
        "county": "dublin"
      }
    },
    {
      "type": "Feature",
      "geometry": {
        "type": "Point",
        "coordinates": [
          -6.292572,
          53.3191675
        ]
      },
      "properties": {
        "osm_id": "w60067116",
        "name": "SuperValu",
        "category": "supermarket",
        "subcategory": "shop=supermarket",
        "lat": 53.3191675,
        "lon": -6.292572,
        "admin_division": "Dublin",
        "county": "dublin"
      }
    },
    {
      "type": "Feature",
      "geometry": {
        "type": "Point",
        "coordinates": [
          -6.1135682,
          53.2092223
        ]
      },
      "properties": {
        "osm_id": "w61498631",
        "name": "Lidl",
        "category": "supermarket",
        "subcategory": "shop=supermarket",
        "lat": 53.2092223,
        "lon": -6.1135682,
        "admin_division": "Bray",
        "county": "dublin"
      }
    },
    {
      "type": "Feature",
      "geometry": {
        "type": "Point",
        "coordinates": [
          -6.2202271,
          53.4534653
        ]
      },
      "properties": {
        "osm_id": "w64748997",
        "name": "Dunnes Stores",
        "category": "supermarket",
        "subcategory": "shop=supermarket",
        "lat": 53.4534653,
        "lon": -6.2202271,
        "admin_division": "",
        "county": "dublin"
      }
    },
    {
      "type": "Feature",
      "geometry": {
        "type": "Point",
        "coordinates": [
          -6.2161584,
          53.2918924
        ]
      },
      "properties": {
        "osm_id": "w68577039",
        "name": "The Food Shop",
        "category": "supermarket",
        "subcategory": "shop=bakery",
        "lat": 53.2918924,
        "lon": -6.2161584,
        "admin_division": "",
        "county": "dublin"
      }
    },
    {
      "type": "Feature",
      "geometry": {
        "type": "Point",
        "coordinates": [
          -6.3836752,
          53.3150453
        ]
      },
      "properties": {
        "osm_id": "w70309024",
        "name": "Circle K",
        "category": "supermarket",
        "subcategory": "shop=convenience",
        "lat": 53.3150453,
        "lon": -6.3836752,
        "admin_division": "",
        "county": "dublin"
      }
    },
    {
      "type": "Feature",
      "geometry": {
        "type": "Point",
        "coordinates": [
          -6.3494839,
          53.3781946
        ]
      },
      "properties": {
        "osm_id": "w70317247",
        "name": "",
        "category": "supermarket",
        "subcategory": "shop=convenience",
        "lat": 53.3781946,
        "lon": -6.3494839,
        "admin_division": "",
        "county": "dublin"
      }
    },
    {
      "type": "Feature",
      "geometry": {
        "type": "Point",
        "coordinates": [
          -6.2125375,
          53.2961321
        ]
      },
      "properties": {
        "osm_id": "w70749444",
        "name": "John O'Reilly",
        "category": "supermarket",
        "subcategory": "shop=butcher",
        "lat": 53.2961321,
        "lon": -6.2125375,
        "admin_division": "Mount Merrion",
        "county": "dublin"
      }
    },
    {
      "type": "Feature",
      "geometry": {
        "type": "Point",
        "coordinates": [
          -6.2119658,
          53.2961562
        ]
      },
      "properties": {
        "osm_id": "w70749459",
        "name": "McGuires",
        "category": "supermarket",
        "subcategory": "shop=convenience",
        "lat": 53.2961562,
        "lon": -6.2119658,
        "admin_division": "Mount Merrion",
        "county": "dublin"
      }
    },
    {
      "type": "Feature",
      "geometry": {
        "type": "Point",
        "coordinates": [
          -6.2428959,
          53.3403818
        ]
      },
      "properties": {
        "osm_id": "w78363341",
        "name": "Spar",
        "category": "supermarket",
        "subcategory": "shop=convenience",
        "lat": 53.3403818,
        "lon": -6.2428959,
        "admin_division": "",
        "county": "dublin"
      }
    },
    {
      "type": "Feature",
      "geometry": {
        "type": "Point",
        "coordinates": [
          -6.3746103,
          53.3992452
        ]
      },
      "properties": {
        "osm_id": "w80512832",
        "name": "Centra",
        "category": "supermarket",
        "subcategory": "shop=convenience",
        "lat": 53.3992452,
        "lon": -6.3746103,
        "admin_division": "",
        "county": "dublin"
      }
    },
    {
      "type": "Feature",
      "geometry": {
        "type": "Point",
        "coordinates": [
          -6.3722149,
          53.3443602
        ]
      },
      "properties": {
        "osm_id": "w80990215",
        "name": "Lidl",
        "category": "supermarket",
        "subcategory": "shop=supermarket",
        "lat": 53.3443602,
        "lon": -6.3722149,
        "admin_division": "Dublin",
        "county": "dublin"
      }
    },
    {
      "type": "Feature",
      "geometry": {
        "type": "Point",
        "coordinates": [
          -6.3637968,
          53.2978451
        ]
      },
      "properties": {
        "osm_id": "w81342072",
        "name": "Circle K",
        "category": "supermarket",
        "subcategory": "shop=convenience",
        "lat": 53.2978451,
        "lon": -6.3637968,
        "admin_division": "",
        "county": "dublin"
      }
    },
    {
      "type": "Feature",
      "geometry": {
        "type": "Point",
        "coordinates": [
          -6.2142316,
          53.3190771
        ]
      },
      "properties": {
        "osm_id": "w81355339",
        "name": "Tesco",
        "category": "supermarket",
        "subcategory": "shop=supermarket",
        "lat": 53.3190771,
        "lon": -6.2142316,
        "admin_division": "Dublin",
        "county": "dublin"
      }
    },
    {
      "type": "Feature",
      "geometry": {
        "type": "Point",
        "coordinates": [
          -6.215121,
          53.2641174
        ]
      },
      "properties": {
        "osm_id": "w83076971",
        "name": "Centra",
        "category": "supermarket",
        "subcategory": "shop=convenience",
        "lat": 53.2641174,
        "lon": -6.215121,
        "admin_division": "",
        "county": "dublin"
      }
    },
    {
      "type": "Feature",
      "geometry": {
        "type": "Point",
        "coordinates": [
          -6.2460788,
          53.3339184
        ]
      },
      "properties": {
        "osm_id": "w84018116",
        "name": "",
        "category": "supermarket",
        "subcategory": "shop=convenience",
        "lat": 53.3339184,
        "lon": -6.2460788,
        "admin_division": "",
        "county": "dublin"
      }
    },
    {
      "type": "Feature",
      "geometry": {
        "type": "Point",
        "coordinates": [
          -6.2434351,
          53.3336549
        ]
      },
      "properties": {
        "osm_id": "w84018126",
        "name": "Tesco",
        "category": "supermarket",
        "subcategory": "shop=supermarket",
        "lat": 53.3336549,
        "lon": -6.2434351,
        "admin_division": "Dublin",
        "county": "dublin"
      }
    },
    {
      "type": "Feature",
      "geometry": {
        "type": "Point",
        "coordinates": [
          -6.3295781,
          53.3216178
        ]
      },
      "properties": {
        "osm_id": "w85321156",
        "name": "SuperValu",
        "category": "supermarket",
        "subcategory": "shop=supermarket",
        "lat": 53.3216178,
        "lon": -6.3295781,
        "admin_division": "Dublin",
        "county": "dublin"
      }
    },
    {
      "type": "Feature",
      "geometry": {
        "type": "Point",
        "coordinates": [
          -6.3266198,
          53.2916096
        ]
      },
      "properties": {
        "osm_id": "w85621412",
        "name": "Maxol",
        "category": "supermarket",
        "subcategory": "shop=convenience",
        "lat": 53.2916096,
        "lon": -6.3266198,
        "admin_division": "",
        "county": "dublin"
      }
    },
    {
      "type": "Feature",
      "geometry": {
        "type": "Point",
        "coordinates": [
          -6.2145556,
          53.2527089
        ]
      },
      "properties": {
        "osm_id": "w89435379",
        "name": "Flemings",
        "category": "supermarket",
        "subcategory": "shop=butcher",
        "lat": 53.2527089,
        "lon": -6.2145556,
        "admin_division": "",
        "county": "dublin"
      }
    },
    {
      "type": "Feature",
      "geometry": {
        "type": "Point",
        "coordinates": [
          -6.2229919,
          53.288837
        ]
      },
      "properties": {
        "osm_id": "w90606046",
        "name": "Centra",
        "category": "supermarket",
        "subcategory": "shop=convenience",
        "lat": 53.288837,
        "lon": -6.2229919,
        "admin_division": "",
        "county": "dublin"
      }
    },
    {
      "type": "Feature",
      "geometry": {
        "type": "Point",
        "coordinates": [
          -6.3786722,
          53.273765
        ]
      },
      "properties": {
        "osm_id": "w95671497",
        "name": "The Top Shop",
        "category": "supermarket",
        "subcategory": "shop=convenience",
        "lat": 53.273765,
        "lon": -6.3786722,
        "admin_division": "",
        "county": "dublin"
      }
    },
    {
      "type": "Feature",
      "geometry": {
        "type": "Point",
        "coordinates": [
          -6.2232876,
          53.338854
        ]
      },
      "properties": {
        "osm_id": "w96196924",
        "name": "E. Lawless Newsagent",
        "category": "supermarket",
        "subcategory": "shop=convenience",
        "lat": 53.338854,
        "lon": -6.2232876,
        "admin_division": "",
        "county": "dublin"
      }
    },
    {
      "type": "Feature",
      "geometry": {
        "type": "Point",
        "coordinates": [
          -6.2338447,
          53.3370627
        ]
      },
      "properties": {
        "osm_id": "w96255050",
        "name": "Eurospar",
        "category": "supermarket",
        "subcategory": "shop=supermarket",
        "lat": 53.3370627,
        "lon": -6.2338447,
        "admin_division": "Dublin",
        "county": "dublin"
      }
    },
    {
      "type": "Feature",
      "geometry": {
        "type": "Point",
        "coordinates": [
          -6.2328618,
          53.3377418
        ]
      },
      "properties": {
        "osm_id": "w96255096",
        "name": "Tesco",
        "category": "supermarket",
        "subcategory": "shop=supermarket",
        "lat": 53.3377418,
        "lon": -6.2328618,
        "admin_division": "Dublin",
        "county": "dublin"
      }
    },
    {
      "type": "Feature",
      "geometry": {
        "type": "Point",
        "coordinates": [
          -6.2738533,
          53.3116647
        ]
      },
      "properties": {
        "osm_id": "w105915517",
        "name": "SuperValu",
        "category": "supermarket",
        "subcategory": "shop=supermarket",
        "lat": 53.3116647,
        "lon": -6.2738533,
        "admin_division": "Dublin",
        "county": "dublin"
      }
    },
    {
      "type": "Feature",
      "geometry": {
        "type": "Point",
        "coordinates": [
          -6.2307479,
          53.2928287
        ]
      },
      "properties": {
        "osm_id": "w110954568",
        "name": "Circle K",
        "category": "supermarket",
        "subcategory": "shop=convenience",
        "lat": 53.2928287,
        "lon": -6.2307479,
        "admin_division": "",
        "county": "dublin"
      }
    },
    {
      "type": "Feature",
      "geometry": {
        "type": "Point",
        "coordinates": [
          -6.2568334,
          53.3590266
        ]
      },
      "properties": {
        "osm_id": "w111412486",
        "name": "Spar",
        "category": "supermarket",
        "subcategory": "shop=convenience",
        "lat": 53.3590266,
        "lon": -6.2568334,
        "admin_division": "",
        "county": "dublin"
      }
    },
    {
      "type": "Feature",
      "geometry": {
        "type": "Point",
        "coordinates": [
          -6.1173672,
          53.2770309
        ]
      },
      "properties": {
        "osm_id": "w115596597",
        "name": "Barnhill Stores",
        "category": "supermarket",
        "subcategory": "shop=convenience",
        "lat": 53.2770309,
        "lon": -6.1173672,
        "admin_division": "Dalkey",
        "county": "dublin"
      }
    },
    {
      "type": "Feature",
      "geometry": {
        "type": "Point",
        "coordinates": [
          -6.4004344,
          53.2845164
        ]
      },
      "properties": {
        "osm_id": "w123163904",
        "name": "",
        "category": "supermarket",
        "subcategory": "shop=convenience",
        "lat": 53.2845164,
        "lon": -6.4004344,
        "admin_division": "",
        "county": "dublin"
      }
    },
    {
      "type": "Feature",
      "geometry": {
        "type": "Point",
        "coordinates": [
          -6.4047672,
          53.288236
        ]
      },
      "properties": {
        "osm_id": "w123284980",
        "name": "Rossfield Stores",
        "category": "supermarket",
        "subcategory": "shop=convenience",
        "lat": 53.288236,
        "lon": -6.4047672,
        "admin_division": "",
        "county": "dublin"
      }
    },
    {
      "type": "Feature",
      "geometry": {
        "type": "Point",
        "coordinates": [
          -6.1462121,
          53.2683641
        ]
      },
      "properties": {
        "osm_id": "w127529522",
        "name": "Centra",
        "category": "supermarket",
        "subcategory": "shop=convenience",
        "lat": 53.2683641,
        "lon": -6.1462121,
        "admin_division": "Dún Laoghaire",
        "county": "dublin"
      }
    },
    {
      "type": "Feature",
      "geometry": {
        "type": "Point",
        "coordinates": [
          -6.205555,
          53.2886326
        ]
      },
      "properties": {
        "osm_id": "w128432609",
        "name": "Centra",
        "category": "supermarket",
        "subcategory": "shop=convenience",
        "lat": 53.2886326,
        "lon": -6.205555,
        "admin_division": "Stillorgan",
        "county": "dublin"
      }
    },
    {
      "type": "Feature",
      "geometry": {
        "type": "Point",
        "coordinates": [
          -6.393782,
          53.3199214
        ]
      },
      "properties": {
        "osm_id": "w128748842",
        "name": "Tesco",
        "category": "supermarket",
        "subcategory": "shop=supermarket",
        "lat": 53.3199214,
        "lon": -6.393782,
        "admin_division": "Clondalkin",
        "county": "dublin"
      }
    },
    {
      "type": "Feature",
      "geometry": {
        "type": "Point",
        "coordinates": [
          -6.4049182,
          53.3517782
        ]
      },
      "properties": {
        "osm_id": "w129809650",
        "name": "Aldi",
        "category": "supermarket",
        "subcategory": "shop=supermarket",
        "lat": 53.3517782,
        "lon": -6.4049182,
        "admin_division": "",
        "county": "dublin"
      }
    },
    {
      "type": "Feature",
      "geometry": {
        "type": "Point",
        "coordinates": [
          -6.2132331,
          53.3843581
        ]
      },
      "properties": {
        "osm_id": "w129924293",
        "name": "Dublin Meat Co.",
        "category": "supermarket",
        "subcategory": "shop=butcher",
        "lat": 53.3843581,
        "lon": -6.2132331,
        "admin_division": "",
        "county": "dublin"
      }
    },
    {
      "type": "Feature",
      "geometry": {
        "type": "Point",
        "coordinates": [
          -6.216859,
          53.2839636
        ]
      },
      "properties": {
        "osm_id": "w138542101",
        "name": "Nearby",
        "category": "supermarket",
        "subcategory": "shop=convenience",
        "lat": 53.2839636,
        "lon": -6.216859,
        "admin_division": "",
        "county": "dublin"
      }
    },
    {
      "type": "Feature",
      "geometry": {
        "type": "Point",
        "coordinates": [
          -6.2168228,
          53.283611
        ]
      },
      "properties": {
        "osm_id": "w138542102",
        "name": "Des",
        "category": "supermarket",
        "subcategory": "shop=butcher",
        "lat": 53.283611,
        "lon": -6.2168228,
        "admin_division": "",
        "county": "dublin"
      }
    },
    {
      "type": "Feature",
      "geometry": {
        "type": "Point",
        "coordinates": [
          -6.242929,
          53.3625484
        ]
      },
      "properties": {
        "osm_id": "w140592537",
        "name": "Circle K",
        "category": "supermarket",
        "subcategory": "shop=convenience",
        "lat": 53.3625484,
        "lon": -6.242929,
        "admin_division": "",
        "county": "dublin"
      }
    },
    {
      "type": "Feature",
      "geometry": {
        "type": "Point",
        "coordinates": [
          -6.3513614,
          53.3780091
        ]
      },
      "properties": {
        "osm_id": "w146980121",
        "name": "",
        "category": "supermarket",
        "subcategory": "shop=convenience",
        "lat": 53.3780091,
        "lon": -6.3513614,
        "admin_division": "",
        "county": "dublin"
      }
    },
    {
      "type": "Feature",
      "geometry": {
        "type": "Point",
        "coordinates": [
          -6.2996741,
          53.3603494
        ]
      },
      "properties": {
        "osm_id": "w150896609",
        "name": "Tesco",
        "category": "supermarket",
        "subcategory": "shop=supermarket",
        "lat": 53.3603494,
        "lon": -6.2996741,
        "admin_division": "Dublin",
        "county": "dublin"
      }
    },
    {
      "type": "Feature",
      "geometry": {
        "type": "Point",
        "coordinates": [
          -6.2599206,
          53.2685953
        ]
      },
      "properties": {
        "osm_id": "w154289274",
        "name": "Grange Star",
        "category": "supermarket",
        "subcategory": "shop=convenience",
        "lat": 53.2685953,
        "lon": -6.2599206,
        "admin_division": "",
        "county": "dublin"
      }
    },
    {
      "type": "Feature",
      "geometry": {
        "type": "Point",
        "coordinates": [
          -6.3940122,
          53.314359
        ]
      },
      "properties": {
        "osm_id": "w155424368",
        "name": "Circle K",
        "category": "supermarket",
        "subcategory": "shop=convenience",
        "lat": 53.314359,
        "lon": -6.3940122,
        "admin_division": "",
        "county": "dublin"
      }
    },
    {
      "type": "Feature",
      "geometry": {
        "type": "Point",
        "coordinates": [
          -6.2637877,
          53.2917817
        ]
      },
      "properties": {
        "osm_id": "w164365616",
        "name": "Lidl",
        "category": "supermarket",
        "subcategory": "shop=supermarket",
        "lat": 53.2917817,
        "lon": -6.2637877,
        "admin_division": "",
        "county": "dublin"
      }
    },
    {
      "type": "Feature",
      "geometry": {
        "type": "Point",
        "coordinates": [
          -6.213872,
          53.3854071
        ]
      },
      "properties": {
        "osm_id": "w209438400",
        "name": "Lidl",
        "category": "supermarket",
        "subcategory": "shop=supermarket",
        "lat": 53.3854071,
        "lon": -6.213872,
        "admin_division": "Dublin",
        "county": "dublin"
      }
    },
    {
      "type": "Feature",
      "geometry": {
        "type": "Point",
        "coordinates": [
          -6.2043465,
          53.2955557
        ]
      },
      "properties": {
        "osm_id": "w228275753",
        "name": "Circle K",
        "category": "supermarket",
        "subcategory": "shop=convenience",
        "lat": 53.2955557,
        "lon": -6.2043465,
        "admin_division": "",
        "county": "dublin"
      }
    },
    {
      "type": "Feature",
      "geometry": {
        "type": "Point",
        "coordinates": [
          -6.2812192,
          53.3710903
        ]
      },
      "properties": {
        "osm_id": "w228608576",
        "name": "Circle K",
        "category": "supermarket",
        "subcategory": "shop=convenience",
        "lat": 53.3710903,
        "lon": -6.2812192,
        "admin_division": "",
        "county": "dublin"
      }
    },
    {
      "type": "Feature",
      "geometry": {
        "type": "Point",
        "coordinates": [
          -6.2677817,
          53.3464514
        ]
      },
      "properties": {
        "osm_id": "w228762043",
        "name": "Real Brazil Foods",
        "category": "supermarket",
        "subcategory": "shop=supermarket",
        "lat": 53.3464514,
        "lon": -6.2677817,
        "admin_division": "Dublin",
        "county": "dublin"
      }
    },
    {
      "type": "Feature",
      "geometry": {
        "type": "Point",
        "coordinates": [
          -6.282925,
          53.3136133
        ]
      },
      "properties": {
        "osm_id": "w228873475",
        "name": "Tesco Metro",
        "category": "supermarket",
        "subcategory": "shop=supermarket",
        "lat": 53.3136133,
        "lon": -6.282925,
        "admin_division": "Dublin",
        "county": "dublin"
      }
    },
    {
      "type": "Feature",
      "geometry": {
        "type": "Point",
        "coordinates": [
          -6.2673049,
          53.2924812
        ]
      },
      "properties": {
        "osm_id": "w228963992",
        "name": "Aldi",
        "category": "supermarket",
        "subcategory": "shop=supermarket",
        "lat": 53.2924812,
        "lon": -6.2673049,
        "admin_division": "",
        "county": "dublin"
      }
    },
    {
      "type": "Feature",
      "geometry": {
        "type": "Point",
        "coordinates": [
          -6.2683665,
          53.3468512
        ]
      },
      "properties": {
        "osm_id": "w229057387",
        "name": "Cookie Monster",
        "category": "supermarket",
        "subcategory": "shop=bakery",
        "lat": 53.3468512,
        "lon": -6.2683665,
        "admin_division": "Dublin",
        "county": "dublin"
      }
    },
    {
      "type": "Feature",
      "geometry": {
        "type": "Point",
        "coordinates": [
          -6.2080851,
          53.3820128
        ]
      },
      "properties": {
        "osm_id": "w229101744",
        "name": "Circle K",
        "category": "supermarket",
        "subcategory": "shop=convenience",
        "lat": 53.3820128,
        "lon": -6.2080851,
        "admin_division": "Dublin",
        "county": "dublin"
      }
    },
    {
      "type": "Feature",
      "geometry": {
        "type": "Point",
        "coordinates": [
          -6.2128852,
          53.3541022
        ]
      },
      "properties": {
        "osm_id": "w229549548",
        "name": "",
        "category": "supermarket",
        "subcategory": "shop=convenience",
        "lat": 53.3541022,
        "lon": -6.2128852,
        "admin_division": "",
        "county": "dublin"
      }
    },
    {
      "type": "Feature",
      "geometry": {
        "type": "Point",
        "coordinates": [
          -6.1795365,
          53.6056006
        ]
      },
      "properties": {
        "osm_id": "w229761067",
        "name": "Lidl",
        "category": "supermarket",
        "subcategory": "shop=supermarket",
        "lat": 53.6056006,
        "lon": -6.1795365,
        "admin_division": "Balbriggan",
        "county": "dublin"
      }
    },
    {
      "type": "Feature",
      "geometry": {
        "type": "Point",
        "coordinates": [
          -6.1859883,
          53.6119041
        ]
      },
      "properties": {
        "osm_id": "w229878235",
        "name": "SuperValu",
        "category": "supermarket",
        "subcategory": "shop=supermarket",
        "lat": 53.6119041,
        "lon": -6.1859883,
        "admin_division": "Balbriggan",
        "county": "dublin"
      }
    },
    {
      "type": "Feature",
      "geometry": {
        "type": "Point",
        "coordinates": [
          -6.2380888,
          53.3138914
        ]
      },
      "properties": {
        "osm_id": "w229997114",
        "name": "Applegreen",
        "category": "supermarket",
        "subcategory": "shop=convenience",
        "lat": 53.3138914,
        "lon": -6.2380888,
        "admin_division": "Dublin",
        "county": "dublin"
      }
    },
    {
      "type": "Feature",
      "geometry": {
        "type": "Point",
        "coordinates": [
          -6.2516176,
          53.341315
        ]
      },
      "properties": {
        "osm_id": "w231192204",
        "name": "Hansel & Gretel",
        "category": "supermarket",
        "subcategory": "shop=bakery",
        "lat": 53.341315,
        "lon": -6.2516176,
        "admin_division": "Dublin",
        "county": "dublin"
      }
    },
    {
      "type": "Feature",
      "geometry": {
        "type": "Point",
        "coordinates": [
          -6.2540604,
          53.3384091
        ]
      },
      "properties": {
        "osm_id": "w231199025",
        "name": "Spar",
        "category": "supermarket",
        "subcategory": "shop=convenience",
        "lat": 53.3384091,
        "lon": -6.2540604,
        "admin_division": "Dublin",
        "county": "dublin"
      }
    },
    {
      "type": "Feature",
      "geometry": {
        "type": "Point",
        "coordinates": [
          -6.2915534,
          53.3610259
        ]
      },
      "properties": {
        "osm_id": "w231622055",
        "name": "Circle K",
        "category": "supermarket",
        "subcategory": "shop=convenience",
        "lat": 53.3610259,
        "lon": -6.2915534,
        "admin_division": "",
        "county": "dublin"
      }
    },
    {
      "type": "Feature",
      "geometry": {
        "type": "Point",
        "coordinates": [
          -6.2320448,
          53.357117
        ]
      },
      "properties": {
        "osm_id": "w231852057",
        "name": "Aldi",
        "category": "supermarket",
        "subcategory": "shop=supermarket",
        "lat": 53.357117,
        "lon": -6.2320448,
        "admin_division": "",
        "county": "dublin"
      }
    },
    {
      "type": "Feature",
      "geometry": {
        "type": "Point",
        "coordinates": [
          -6.1058087,
          53.5706962
        ]
      },
      "properties": {
        "osm_id": "w232859210",
        "name": "C&T's Holmpatrick Supermarket",
        "category": "supermarket",
        "subcategory": "shop=supermarket",
        "lat": 53.5706962,
        "lon": -6.1058087,
        "admin_division": "Skerries",
        "county": "dublin"
      }
    },
    {
      "type": "Feature",
      "geometry": {
        "type": "Point",
        "coordinates": [
          -6.2516053,
          53.3380224
        ]
      },
      "properties": {
        "osm_id": "w233217790",
        "name": "Tesco",
        "category": "supermarket",
        "subcategory": "shop=supermarket",
        "lat": 53.3380224,
        "lon": -6.2516053,
        "admin_division": "Dublin",
        "county": "dublin"
      }
    },
    {
      "type": "Feature",
      "geometry": {
        "type": "Point",
        "coordinates": [
          -6.1957023,
          53.3594835
        ]
      },
      "properties": {
        "osm_id": "w233507004",
        "name": "Spar",
        "category": "supermarket",
        "subcategory": "shop=convenience",
        "lat": 53.3594835,
        "lon": -6.1957023,
        "admin_division": "Clontarf",
        "county": "dublin"
      }
    },
    {
      "type": "Feature",
      "geometry": {
        "type": "Point",
        "coordinates": [
          -6.196179,
          53.3593172
        ]
      },
      "properties": {
        "osm_id": "w233507043",
        "name": "Thunders",
        "category": "supermarket",
        "subcategory": "shop=bakery",
        "lat": 53.3593172,
        "lon": -6.196179,
        "admin_division": "",
        "county": "dublin"
      }
    },
    {
      "type": "Feature",
      "geometry": {
        "type": "Point",
        "coordinates": [
          -6.2574475,
          53.3488665
        ]
      },
      "properties": {
        "osm_id": "w233516829",
        "name": "Gala",
        "category": "supermarket",
        "subcategory": "shop=convenience",
        "lat": 53.3488665,
        "lon": -6.2574475,
        "admin_division": "Dublin",
        "county": "dublin"
      }
    },
    {
      "type": "Feature",
      "geometry": {
        "type": "Point",
        "coordinates": [
          -6.2587594,
          53.347807
        ]
      },
      "properties": {
        "osm_id": "w233790942",
        "name": "Daybreak",
        "category": "supermarket",
        "subcategory": "shop=convenience",
        "lat": 53.347807,
        "lon": -6.2587594,
        "admin_division": "Dublin",
        "county": "dublin"
      }
    },
    {
      "type": "Feature",
      "geometry": {
        "type": "Point",
        "coordinates": [
          -6.2584739,
          53.3484344
        ]
      },
      "properties": {
        "osm_id": "w233797906",
        "name": "Spar",
        "category": "supermarket",
        "subcategory": "shop=convenience",
        "lat": 53.3484344,
        "lon": -6.2584739,
        "admin_division": "Dublin",
        "county": "dublin"
      }
    },
    {
      "type": "Feature",
      "geometry": {
        "type": "Point",
        "coordinates": [
          -6.2483899,
          53.3366543
        ]
      },
      "properties": {
        "osm_id": "w234082882",
        "name": "Spar",
        "category": "supermarket",
        "subcategory": "shop=convenience",
        "lat": 53.3366543,
        "lon": -6.2483899,
        "admin_division": "Dublin",
        "county": "dublin"
      }
    },
    {
      "type": "Feature",
      "geometry": {
        "type": "Point",
        "coordinates": [
          -6.1970633,
          53.4926434
        ]
      },
      "properties": {
        "osm_id": "w238256988",
        "name": "Maxol",
        "category": "supermarket",
        "subcategory": "shop=convenience",
        "lat": 53.4926434,
        "lon": -6.1970633,
        "admin_division": "Donabate",
        "county": "dublin"
      }
    },
    {
      "type": "Feature",
      "geometry": {
        "type": "Point",
        "coordinates": [
          -6.2896191,
          53.281356
        ]
      },
      "properties": {
        "osm_id": "w239304460",
        "name": "",
        "category": "supermarket",
        "subcategory": "shop=convenience",
        "lat": 53.281356,
        "lon": -6.2896191,
        "admin_division": "",
        "county": "dublin"
      }
    },
    {
      "type": "Feature",
      "geometry": {
        "type": "Point",
        "coordinates": [
          -6.2090159,
          53.2764346
        ]
      },
      "properties": {
        "osm_id": "w242062984",
        "name": "Circle K",
        "category": "supermarket",
        "subcategory": "shop=convenience",
        "lat": 53.2764346,
        "lon": -6.2090159,
        "admin_division": "",
        "county": "dublin"
      }
    },
    {
      "type": "Feature",
      "geometry": {
        "type": "Point",
        "coordinates": [
          -6.2822406,
          53.3106689
        ]
      },
      "properties": {
        "osm_id": "w242471572",
        "name": "Aldi",
        "category": "supermarket",
        "subcategory": "shop=supermarket",
        "lat": 53.3106689,
        "lon": -6.2822406,
        "admin_division": "Dublin",
        "county": "dublin"
      }
    },
    {
      "type": "Feature",
      "geometry": {
        "type": "Point",
        "coordinates": [
          -6.2522262,
          53.3376638
        ]
      },
      "properties": {
        "osm_id": "w249212479",
        "name": "Bon Espresso & News",
        "category": "supermarket",
        "subcategory": "shop=convenience",
        "lat": 53.3376638,
        "lon": -6.2522262,
        "admin_division": "Dublin",
        "county": "dublin"
      }
    },
    {
      "type": "Feature",
      "geometry": {
        "type": "Point",
        "coordinates": [
          -6.2523365,
          53.3377093
        ]
      },
      "properties": {
        "osm_id": "w249212480",
        "name": "Spar",
        "category": "supermarket",
        "subcategory": "shop=convenience",
        "lat": 53.3377093,
        "lon": -6.2523365,
        "admin_division": "Dublin",
        "county": "dublin"
      }
    },
    {
      "type": "Feature",
      "geometry": {
        "type": "Point",
        "coordinates": [
          -6.3681118,
          53.3514
        ]
      },
      "properties": {
        "osm_id": "w249629273",
        "name": "Palmetstown Meats",
        "category": "supermarket",
        "subcategory": "shop=butcher",
        "lat": 53.3514,
        "lon": -6.3681118,
        "admin_division": "",
        "county": "dublin"
      }
    },
    {
      "type": "Feature",
      "geometry": {
        "type": "Point",
        "coordinates": [
          -6.368335,
          53.351462
        ]
      },
      "properties": {
        "osm_id": "w249630730",
        "name": "Mace",
        "category": "supermarket",
        "subcategory": "shop=convenience",
        "lat": 53.351462,
        "lon": -6.368335,
        "admin_division": "",
        "county": "dublin"
      }
    },
    {
      "type": "Feature",
      "geometry": {
        "type": "Point",
        "coordinates": [
          -6.4178705,
          53.3832293
        ]
      },
      "properties": {
        "osm_id": "w250700784",
        "name": "",
        "category": "supermarket",
        "subcategory": "shop=convenience",
        "lat": 53.3832293,
        "lon": -6.4178705,
        "admin_division": "",
        "county": "dublin"
      }
    },
    {
      "type": "Feature",
      "geometry": {
        "type": "Point",
        "coordinates": [
          -6.2596739,
          53.3535573
        ]
      },
      "properties": {
        "osm_id": "w252809422",
        "name": "Brazuca's",
        "category": "supermarket",
        "subcategory": "shop=convenience",
        "lat": 53.3535573,
        "lon": -6.2596739,
        "admin_division": "Dublin",
        "county": "dublin"
      }
    },
    {
      "type": "Feature",
      "geometry": {
        "type": "Point",
        "coordinates": [
          -6.3458346,
          53.3354506
        ]
      },
      "properties": {
        "osm_id": "w255284415",
        "name": "Aldi",
        "category": "supermarket",
        "subcategory": "shop=supermarket",
        "lat": 53.3354506,
        "lon": -6.3458346,
        "admin_division": "",
        "county": "dublin"
      }
    },
    {
      "type": "Feature",
      "geometry": {
        "type": "Point",
        "coordinates": [
          -6.2801967,
          53.3297338
        ]
      },
      "properties": {
        "osm_id": "w255302627",
        "name": "",
        "category": "supermarket",
        "subcategory": "shop=convenience",
        "lat": 53.3297338,
        "lon": -6.2801967,
        "admin_division": "",
        "county": "dublin"
      }
    },
    {
      "type": "Feature",
      "geometry": {
        "type": "Point",
        "coordinates": [
          -6.375063,
          53.3560868
        ]
      },
      "properties": {
        "osm_id": "w257148058",
        "name": "Circle K",
        "category": "supermarket",
        "subcategory": "shop=convenience",
        "lat": 53.3560868,
        "lon": -6.375063,
        "admin_division": "",
        "county": "dublin"
      }
    },
    {
      "type": "Feature",
      "geometry": {
        "type": "Point",
        "coordinates": [
          -6.3047489,
          53.3986065
        ]
      },
      "properties": {
        "osm_id": "w259900407",
        "name": "Aldi",
        "category": "supermarket",
        "subcategory": "shop=supermarket",
        "lat": 53.3986065,
        "lon": -6.3047489,
        "admin_division": "",
        "county": "dublin"
      }
    },
    {
      "type": "Feature",
      "geometry": {
        "type": "Point",
        "coordinates": [
          -6.268205,
          53.3208324
        ]
      },
      "properties": {
        "osm_id": "w260578708",
        "name": "Circle K",
        "category": "supermarket",
        "subcategory": "shop=convenience",
        "lat": 53.3208324,
        "lon": -6.268205,
        "admin_division": "",
        "county": "dublin"
      }
    },
    {
      "type": "Feature",
      "geometry": {
        "type": "Point",
        "coordinates": [
          -6.3360334,
          53.324274
        ]
      },
      "properties": {
        "osm_id": "w262723219",
        "name": "Aldi",
        "category": "supermarket",
        "subcategory": "shop=supermarket",
        "lat": 53.324274,
        "lon": -6.3360334,
        "admin_division": "Dublin",
        "county": "dublin"
      }
    },
    {
      "type": "Feature",
      "geometry": {
        "type": "Point",
        "coordinates": [
          -6.3068959,
          53.399377
        ]
      },
      "properties": {
        "osm_id": "w263068551",
        "name": "Circle K",
        "category": "supermarket",
        "subcategory": "shop=convenience",
        "lat": 53.399377,
        "lon": -6.3068959,
        "admin_division": "",
        "county": "dublin"
      }
    },
    {
      "type": "Feature",
      "geometry": {
        "type": "Point",
        "coordinates": [
          -6.335868,
          53.2894242
        ]
      },
      "properties": {
        "osm_id": "w264466097",
        "name": "Re Store",
        "category": "supermarket",
        "subcategory": "shop=convenience",
        "lat": 53.2894242,
        "lon": -6.335868,
        "admin_division": "",
        "county": "dublin"
      }
    },
    {
      "type": "Feature",
      "geometry": {
        "type": "Point",
        "coordinates": [
          -6.3769136,
          53.3779255
        ]
      },
      "properties": {
        "osm_id": "w270243788",
        "name": "Centra",
        "category": "supermarket",
        "subcategory": "shop=convenience",
        "lat": 53.3779255,
        "lon": -6.3769136,
        "admin_division": "Castleknock",
        "county": "dublin"
      }
    },
    {
      "type": "Feature",
      "geometry": {
        "type": "Point",
        "coordinates": [
          -6.3746515,
          53.3856746
        ]
      },
      "properties": {
        "osm_id": "w270249406",
        "name": "Mace",
        "category": "supermarket",
        "subcategory": "shop=convenience",
        "lat": 53.3856746,
        "lon": -6.3746515,
        "admin_division": "",
        "county": "dublin"
      }
    },
    {
      "type": "Feature",
      "geometry": {
        "type": "Point",
        "coordinates": [
          -6.2342837,
          53.4288203
        ]
      },
      "properties": {
        "osm_id": "w272690806",
        "name": "Circle K",
        "category": "supermarket",
        "subcategory": "shop=convenience",
        "lat": 53.4288203,
        "lon": -6.2342837,
        "admin_division": "",
        "county": "dublin"
      }
    },
    {
      "type": "Feature",
      "geometry": {
        "type": "Point",
        "coordinates": [
          -6.2617144,
          53.3436581
        ]
      },
      "properties": {
        "osm_id": "w273958448",
        "name": "Number 1 Shop",
        "category": "supermarket",
        "subcategory": "shop=convenience",
        "lat": 53.3436581,
        "lon": -6.2617144,
        "admin_division": "Dublin",
        "county": "dublin"
      }
    },
    {
      "type": "Feature",
      "geometry": {
        "type": "Point",
        "coordinates": [
          -6.259364,
          53.346636
        ]
      },
      "properties": {
        "osm_id": "w273989891",
        "name": "Circle K",
        "category": "supermarket",
        "subcategory": "shop=convenience",
        "lat": 53.346636,
        "lon": -6.259364,
        "admin_division": "Dublin",
        "county": "dublin"
      }
    },
    {
      "type": "Feature",
      "geometry": {
        "type": "Point",
        "coordinates": [
          -6.3345547,
          53.2693428
        ]
      },
      "properties": {
        "osm_id": "w274160257",
        "name": "Lidl",
        "category": "supermarket",
        "subcategory": "shop=supermarket",
        "lat": 53.2693428,
        "lon": -6.3345547,
        "admin_division": "",
        "county": "dublin"
      }
    },
    {
      "type": "Feature",
      "geometry": {
        "type": "Point",
        "coordinates": [
          -6.3961242,
          53.4015007
        ]
      },
      "properties": {
        "osm_id": "w282930231",
        "name": "Aldi",
        "category": "supermarket",
        "subcategory": "shop=supermarket",
        "lat": 53.4015007,
        "lon": -6.3961242,
        "admin_division": "",
        "county": "dublin"
      }
    },
    {
      "type": "Feature",
      "geometry": {
        "type": "Point",
        "coordinates": [
          -6.3970942,
          53.4020105
        ]
      },
      "properties": {
        "osm_id": "w282930232",
        "name": "Circle K",
        "category": "supermarket",
        "subcategory": "shop=convenience",
        "lat": 53.4020105,
        "lon": -6.3970942,
        "admin_division": "",
        "county": "dublin"
      }
    },
    {
      "type": "Feature",
      "geometry": {
        "type": "Point",
        "coordinates": [
          -6.2454267,
          53.3598425
        ]
      },
      "properties": {
        "osm_id": "w291637245",
        "name": "Lidl",
        "category": "supermarket",
        "subcategory": "shop=supermarket",
        "lat": 53.3598425,
        "lon": -6.2454267,
        "admin_division": "",
        "county": "dublin"
      }
    },
    {
      "type": "Feature",
      "geometry": {
        "type": "Point",
        "coordinates": [
          -6.254034,
          53.3694171
        ]
      },
      "properties": {
        "osm_id": "w291640262",
        "name": "Tesco Metro",
        "category": "supermarket",
        "subcategory": "shop=supermarket",
        "lat": 53.3694171,
        "lon": -6.254034,
        "admin_division": "Dublin",
        "county": "dublin"
      }
    },
    {
      "type": "Feature",
      "geometry": {
        "type": "Point",
        "coordinates": [
          -6.3339324,
          53.3428251
        ]
      },
      "properties": {
        "osm_id": "w291728273",
        "name": "",
        "category": "supermarket",
        "subcategory": "shop=convenience",
        "lat": 53.3428251,
        "lon": -6.3339324,
        "admin_division": "",
        "county": "dublin"
      }
    },
    {
      "type": "Feature",
      "geometry": {
        "type": "Point",
        "coordinates": [
          -6.4377755,
          53.3184607
        ]
      },
      "properties": {
        "osm_id": "w292236341",
        "name": "Circle K",
        "category": "supermarket",
        "subcategory": "shop=convenience",
        "lat": 53.3184607,
        "lon": -6.4377755,
        "admin_division": "",
        "county": "dublin"
      }
    },
    {
      "type": "Feature",
      "geometry": {
        "type": "Point",
        "coordinates": [
          -6.1914903,
          53.3586656
        ]
      },
      "properties": {
        "osm_id": "w293009650",
        "name": "Circle K",
        "category": "supermarket",
        "subcategory": "shop=convenience",
        "lat": 53.3586656,
        "lon": -6.1914903,
        "admin_division": "Dublin",
        "county": "dublin"
      }
    },
    {
      "type": "Feature",
      "geometry": {
        "type": "Point",
        "coordinates": [
          -6.2549334,
          53.3258465
        ]
      },
      "properties": {
        "osm_id": "w294907666",
        "name": "SuperValu",
        "category": "supermarket",
        "subcategory": "shop=supermarket",
        "lat": 53.3258465,
        "lon": -6.2549334,
        "admin_division": "Dublin",
        "county": "dublin"
      }
    },
    {
      "type": "Feature",
      "geometry": {
        "type": "Point",
        "coordinates": [
          -6.2698314,
          53.3473455
        ]
      },
      "properties": {
        "osm_id": "w297641213",
        "name": "Ideal Fruit Company",
        "category": "supermarket",
        "subcategory": "shop=greengrocer",
        "lat": 53.3473455,
        "lon": -6.2698314,
        "admin_division": "",
        "county": "dublin"
      }
    },
    {
      "type": "Feature",
      "geometry": {
        "type": "Point",
        "coordinates": [
          -6.2699152,
          53.3472522
        ]
      },
      "properties": {
        "osm_id": "w297641215",
        "name": "Vincent Thorne & Sons",
        "category": "supermarket",
        "subcategory": "shop=greengrocer",
        "lat": 53.3472522,
        "lon": -6.2699152,
        "admin_division": "",
        "county": "dublin"
      }
    },
    {
      "type": "Feature",
      "geometry": {
        "type": "Point",
        "coordinates": [
          -6.3180506,
          53.3690391
        ]
      },
      "properties": {
        "osm_id": "w300719207",
        "name": "Mace",
        "category": "supermarket",
        "subcategory": "shop=convenience",
        "lat": 53.3690391,
        "lon": -6.3180506,
        "admin_division": "",
        "county": "dublin"
      }
    },
    {
      "type": "Feature",
      "geometry": {
        "type": "Point",
        "coordinates": [
          -6.2661485,
          53.3821003
        ]
      },
      "properties": {
        "osm_id": "w301789793",
        "name": "Circle K",
        "category": "supermarket",
        "subcategory": "shop=convenience",
        "lat": 53.3821003,
        "lon": -6.2661485,
        "admin_division": "Dublin",
        "county": "dublin"
      }
    },
    {
      "type": "Feature",
      "geometry": {
        "type": "Point",
        "coordinates": [
          -6.2723097,
          53.3897123
        ]
      },
      "properties": {
        "osm_id": "w301823545",
        "name": "Circle K",
        "category": "supermarket",
        "subcategory": "shop=convenience",
        "lat": 53.3897123,
        "lon": -6.2723097,
        "admin_division": "",
        "county": "dublin"
      }
    },
    {
      "type": "Feature",
      "geometry": {
        "type": "Point",
        "coordinates": [
          -6.2828318,
          53.3094455
        ]
      },
      "properties": {
        "osm_id": "w306199648",
        "name": "Lidl",
        "category": "supermarket",
        "subcategory": "shop=supermarket",
        "lat": 53.3094455,
        "lon": -6.2828318,
        "admin_division": "Dublin",
        "county": "dublin"
      }
    },
    {
      "type": "Feature",
      "geometry": {
        "type": "Point",
        "coordinates": [
          -6.2502037,
          53.3515697
        ]
      },
      "properties": {
        "osm_id": "w307149427",
        "name": "Spar",
        "category": "supermarket",
        "subcategory": "shop=convenience",
        "lat": 53.3515697,
        "lon": -6.2502037,
        "admin_division": "Dublin",
        "county": "dublin"
      }
    },
    {
      "type": "Feature",
      "geometry": {
        "type": "Point",
        "coordinates": [
          -6.3080857,
          53.3414238
        ]
      },
      "properties": {
        "osm_id": "w307344602",
        "name": "Circle K",
        "category": "supermarket",
        "subcategory": "shop=convenience",
        "lat": 53.3414238,
        "lon": -6.3080857,
        "admin_division": "",
        "county": "dublin"
      }
    },
    {
      "type": "Feature",
      "geometry": {
        "type": "Point",
        "coordinates": [
          -6.1156829,
          53.2101743
        ]
      },
      "properties": {
        "osm_id": "w308294417",
        "name": "Circle K",
        "category": "supermarket",
        "subcategory": "shop=convenience",
        "lat": 53.2101743,
        "lon": -6.1156829,
        "admin_division": "",
        "county": "dublin"
      }
    },
    {
      "type": "Feature",
      "geometry": {
        "type": "Point",
        "coordinates": [
          -6.3946778,
          53.3134618
        ]
      },
      "properties": {
        "osm_id": "w312014344",
        "name": "Aldi",
        "category": "supermarket",
        "subcategory": "shop=supermarket",
        "lat": 53.3134618,
        "lon": -6.3946778,
        "admin_division": "",
        "county": "dublin"
      }
    },
    {
      "type": "Feature",
      "geometry": {
        "type": "Point",
        "coordinates": [
          -6.2089989,
          53.3757234
        ]
      },
      "properties": {
        "osm_id": "w313703385",
        "name": "Centra",
        "category": "supermarket",
        "subcategory": "shop=convenience",
        "lat": 53.3757234,
        "lon": -6.2089989,
        "admin_division": "Dublin",
        "county": "dublin"
      }
    },
    {
      "type": "Feature",
      "geometry": {
        "type": "Point",
        "coordinates": [
          -6.2467792,
          53.3934375
        ]
      },
      "properties": {
        "osm_id": "w313801079",
        "name": "Circle K",
        "category": "supermarket",
        "subcategory": "shop=convenience",
        "lat": 53.3934375,
        "lon": -6.2467792,
        "admin_division": "",
        "county": "dublin"
      }
    },
    {
      "type": "Feature",
      "geometry": {
        "type": "Point",
        "coordinates": [
          -6.1773457,
          53.3797365
        ]
      },
      "properties": {
        "osm_id": "w313827643",
        "name": "J.W. Smyth's",
        "category": "supermarket",
        "subcategory": "shop=butcher",
        "lat": 53.3797365,
        "lon": -6.1773457,
        "admin_division": "Raheny, Dublin",
        "county": "dublin"
      }
    },
    {
      "type": "Feature",
      "geometry": {
        "type": "Point",
        "coordinates": [
          -6.2004093,
          53.3732115
        ]
      },
      "properties": {
        "osm_id": "w313839801",
        "name": "Applegreen",
        "category": "supermarket",
        "subcategory": "shop=convenience",
        "lat": 53.3732115,
        "lon": -6.2004093,
        "admin_division": "Dublin",
        "county": "dublin"
      }
    },
    {
      "type": "Feature",
      "geometry": {
        "type": "Point",
        "coordinates": [
          -6.230595,
          53.3644637
        ]
      },
      "properties": {
        "osm_id": "w313953589",
        "name": "Spar",
        "category": "supermarket",
        "subcategory": "shop=convenience",
        "lat": 53.3644637,
        "lon": -6.230595,
        "admin_division": "Dublin",
        "county": "dublin"
      }
    },
    {
      "type": "Feature",
      "geometry": {
        "type": "Point",
        "coordinates": [
          -6.2371174,
          53.3624743
        ]
      },
      "properties": {
        "osm_id": "w314264812",
        "name": "Brady's Craft Butcher",
        "category": "supermarket",
        "subcategory": "shop=butcher",
        "lat": 53.3624743,
        "lon": -6.2371174,
        "admin_division": "Dublin",
        "county": "dublin"
      }
    },
    {
      "type": "Feature",
      "geometry": {
        "type": "Point",
        "coordinates": [
          -6.2636714,
          53.3004696
        ]
      },
      "properties": {
        "osm_id": "w316519204",
        "name": "Spar",
        "category": "supermarket",
        "subcategory": "shop=convenience",
        "lat": 53.3004696,
        "lon": -6.2636714,
        "admin_division": "",
        "county": "dublin"
      }
    },
    {
      "type": "Feature",
      "geometry": {
        "type": "Point",
        "coordinates": [
          -6.2072623,
          53.324272
        ]
      },
      "properties": {
        "osm_id": "w316640584",
        "name": "Circle K",
        "category": "supermarket",
        "subcategory": "shop=convenience",
        "lat": 53.324272,
        "lon": -6.2072623,
        "admin_division": "Dublin",
        "county": "dublin"
      }
    },
    {
      "type": "Feature",
      "geometry": {
        "type": "Point",
        "coordinates": [
          -6.1842242,
          53.3647474
        ]
      },
      "properties": {
        "osm_id": "w319604936",
        "name": "Mace",
        "category": "supermarket",
        "subcategory": "shop=convenience",
        "lat": 53.3647474,
        "lon": -6.1842242,
        "admin_division": "Dublin",
        "county": "dublin"
      }
    },
    {
      "type": "Feature",
      "geometry": {
        "type": "Point",
        "coordinates": [
          -6.1030885,
          53.2769155
        ]
      },
      "properties": {
        "osm_id": "w321453616",
        "name": "Select Stores",
        "category": "supermarket",
        "subcategory": "shop=supermarket",
        "lat": 53.2769155,
        "lon": -6.1030885,
        "admin_division": "",
        "county": "dublin"
      }
    },
    {
      "type": "Feature",
      "geometry": {
        "type": "Point",
        "coordinates": [
          -6.2608839,
          53.3501494
        ]
      },
      "properties": {
        "osm_id": "w325147050",
        "name": "Spar",
        "category": "supermarket",
        "subcategory": "shop=convenience",
        "lat": 53.3501494,
        "lon": -6.2608839,
        "admin_division": "Dublin",
        "county": "dublin"
      }
    },
    {
      "type": "Feature",
      "geometry": {
        "type": "Point",
        "coordinates": [
          -6.348685,
          53.3068325
        ]
      },
      "properties": {
        "osm_id": "w326167708",
        "name": "Maxol",
        "category": "supermarket",
        "subcategory": "shop=convenience",
        "lat": 53.3068325,
        "lon": -6.348685,
        "admin_division": "",
        "county": "dublin"
      }
    },
    {
      "type": "Feature",
      "geometry": {
        "type": "Point",
        "coordinates": [
          -6.2627938,
          53.3506949
        ]
      },
      "properties": {
        "osm_id": "w330614955",
        "name": "Polonez Food Store",
        "category": "supermarket",
        "subcategory": "shop=convenience",
        "lat": 53.3506949,
        "lon": -6.2627938,
        "admin_division": "Dublin",
        "county": "dublin"
      }
    },
    {
      "type": "Feature",
      "geometry": {
        "type": "Point",
        "coordinates": [
          -6.2460544,
          53.3882632
        ]
      },
      "properties": {
        "osm_id": "w332250881",
        "name": "Centra",
        "category": "supermarket",
        "subcategory": "shop=convenience",
        "lat": 53.3882632,
        "lon": -6.2460544,
        "admin_division": "Dublin",
        "county": "dublin"
      }
    },
    {
      "type": "Feature",
      "geometry": {
        "type": "Point",
        "coordinates": [
          -6.189297,
          53.3961242
        ]
      },
      "properties": {
        "osm_id": "w339626135",
        "name": "Lidl",
        "category": "supermarket",
        "subcategory": "shop=supermarket",
        "lat": 53.3961242,
        "lon": -6.189297,
        "admin_division": "Dublin",
        "county": "dublin"
      }
    },
    {
      "type": "Feature",
      "geometry": {
        "type": "Point",
        "coordinates": [
          -6.2182797,
          53.3762983
        ]
      },
      "properties": {
        "osm_id": "w342860617",
        "name": "Circle K",
        "category": "supermarket",
        "subcategory": "shop=convenience",
        "lat": 53.3762983,
        "lon": -6.2182797,
        "admin_division": "Dublin",
        "county": "dublin"
      }
    },
    {
      "type": "Feature",
      "geometry": {
        "type": "Point",
        "coordinates": [
          -6.1530473,
          53.4512111
        ]
      },
      "properties": {
        "osm_id": "w345055140",
        "name": "SuperValu",
        "category": "supermarket",
        "subcategory": "shop=supermarket",
        "lat": 53.4512111,
        "lon": -6.1530473,
        "admin_division": "Malahide",
        "county": "dublin"
      }
    },
    {
      "type": "Feature",
      "geometry": {
        "type": "Point",
        "coordinates": [
          -6.2283947,
          53.4617076
        ]
      },
      "properties": {
        "osm_id": "w351614429",
        "name": "Lidl",
        "category": "supermarket",
        "subcategory": "shop=supermarket",
        "lat": 53.4617076,
        "lon": -6.2283947,
        "admin_division": "Swords",
        "county": "dublin"
      }
    },
    {
      "type": "Feature",
      "geometry": {
        "type": "Point",
        "coordinates": [
          -6.2596616,
          53.3496722
        ]
      },
      "properties": {
        "osm_id": "w353991662",
        "name": "Cinnamood",
        "category": "supermarket",
        "subcategory": "shop=bakery",
        "lat": 53.3496722,
        "lon": -6.2596616,
        "admin_division": "Dublin",
        "county": "dublin"
      }
    },
    {
      "type": "Feature",
      "geometry": {
        "type": "Point",
        "coordinates": [
          -6.2541559,
          53.3695366
        ]
      },
      "properties": {
        "osm_id": "w356323207",
        "name": "Scribbles",
        "category": "supermarket",
        "subcategory": "shop=convenience",
        "lat": 53.3695366,
        "lon": -6.2541559,
        "admin_division": "Dublin",
        "county": "dublin"
      }
    },
    {
      "type": "Feature",
      "geometry": {
        "type": "Point",
        "coordinates": [
          -6.0734439,
          53.3885983
        ]
      },
      "properties": {
        "osm_id": "w363767065",
        "name": "The Gem Howth",
        "category": "supermarket",
        "subcategory": "shop=convenience",
        "lat": 53.3885983,
        "lon": -6.0734439,
        "admin_division": "",
        "county": "dublin"
      }
    },
    {
      "type": "Feature",
      "geometry": {
        "type": "Point",
        "coordinates": [
          -6.1346179,
          53.291351
        ]
      },
      "properties": {
        "osm_id": "w367900688",
        "name": "Dunnes Stores",
        "category": "supermarket",
        "subcategory": "shop=supermarket",
        "lat": 53.291351,
        "lon": -6.1346179,
        "admin_division": "Dún Laoghaire",
        "county": "dublin"
      }
    },
    {
      "type": "Feature",
      "geometry": {
        "type": "Point",
        "coordinates": [
          -6.105878,
          53.5705981
        ]
      },
      "properties": {
        "osm_id": "w370683708",
        "name": "Des Byrne",
        "category": "supermarket",
        "subcategory": "shop=butcher",
        "lat": 53.5705981,
        "lon": -6.105878,
        "admin_division": "Skerries",
        "county": "dublin"
      }
    },
    {
      "type": "Feature",
      "geometry": {
        "type": "Point",
        "coordinates": [
          -6.2160781,
          53.3331538
        ]
      },
      "properties": {
        "osm_id": "w372477027",
        "name": "Tesco",
        "category": "supermarket",
        "subcategory": "shop=supermarket",
        "lat": 53.3331538,
        "lon": -6.2160781,
        "admin_division": "Dublin",
        "county": "dublin"
      }
    },
    {
      "type": "Feature",
      "geometry": {
        "type": "Point",
        "coordinates": [
          -6.2168713,
          53.4125361
        ]
      },
      "properties": {
        "osm_id": "w373386081",
        "name": "Circle K",
        "category": "supermarket",
        "subcategory": "shop=convenience",
        "lat": 53.4125361,
        "lon": -6.2168713,
        "admin_division": "",
        "county": "dublin"
      }
    },
    {
      "type": "Feature",
      "geometry": {
        "type": "Point",
        "coordinates": [
          -6.2191802,
          53.4621747
        ]
      },
      "properties": {
        "osm_id": "w374001516",
        "name": "Applegreen",
        "category": "supermarket",
        "subcategory": "shop=convenience",
        "lat": 53.4621747,
        "lon": -6.2191802,
        "admin_division": "Swords",
        "county": "dublin"
      }
    },
    {
      "type": "Feature",
      "geometry": {
        "type": "Point",
        "coordinates": [
          -6.1762132,
          53.287562
        ]
      },
      "properties": {
        "osm_id": "w397317293",
        "name": "Dunnes Stores",
        "category": "supermarket",
        "subcategory": "shop=supermarket",
        "lat": 53.287562,
        "lon": -6.1762132,
        "admin_division": "Blackrock",
        "county": "dublin"
      }
    },
    {
      "type": "Feature",
      "geometry": {
        "type": "Point",
        "coordinates": [
          -6.2960976,
          53.3839445
        ]
      },
      "properties": {
        "osm_id": "w399394294",
        "name": "",
        "category": "supermarket",
        "subcategory": "shop=convenience",
        "lat": 53.3839445,
        "lon": -6.2960976,
        "admin_division": "",
        "county": "dublin"
      }
    },
    {
      "type": "Feature",
      "geometry": {
        "type": "Point",
        "coordinates": [
          -6.1227991,
          53.2871885
        ]
      },
      "properties": {
        "osm_id": "w420526702",
        "name": "Cavistons",
        "category": "supermarket",
        "subcategory": "shop=supermarket",
        "lat": 53.2871885,
        "lon": -6.1227991,
        "admin_division": "",
        "county": "dublin"
      }
    },
    {
      "type": "Feature",
      "geometry": {
        "type": "Point",
        "coordinates": [
          -6.326693,
          53.3358729
        ]
      },
      "properties": {
        "osm_id": "w422282788",
        "name": "Scoops",
        "category": "supermarket",
        "subcategory": "shop=convenience",
        "lat": 53.3358729,
        "lon": -6.326693,
        "admin_division": "Dublin",
        "county": "dublin"
      }
    },
    {
      "type": "Feature",
      "geometry": {
        "type": "Point",
        "coordinates": [
          -6.4677017,
          53.2812053
        ]
      },
      "properties": {
        "osm_id": "w426743417",
        "name": "Tesco Express",
        "category": "supermarket",
        "subcategory": "shop=convenience",
        "lat": 53.2812053,
        "lon": -6.4677017,
        "admin_division": "Rathcoole",
        "county": "dublin"
      }
    },
    {
      "type": "Feature",
      "geometry": {
        "type": "Point",
        "coordinates": [
          -6.4687189,
          53.2815459
        ]
      },
      "properties": {
        "osm_id": "w426743420",
        "name": "Spar",
        "category": "supermarket",
        "subcategory": "shop=convenience",
        "lat": 53.2815459,
        "lon": -6.4687189,
        "admin_division": "Rathcoole",
        "county": "dublin"
      }
    },
    {
      "type": "Feature",
      "geometry": {
        "type": "Point",
        "coordinates": [
          -6.4686957,
          53.2830742
        ]
      },
      "properties": {
        "osm_id": "w427076467",
        "name": "Circle K",
        "category": "supermarket",
        "subcategory": "shop=convenience",
        "lat": 53.2830742,
        "lon": -6.4686957,
        "admin_division": "Rathcoole",
        "county": "dublin"
      }
    },
    {
      "type": "Feature",
      "geometry": {
        "type": "Point",
        "coordinates": [
          -6.4306343,
          53.2951363
        ]
      },
      "properties": {
        "osm_id": "w429398153",
        "name": "Circle K",
        "category": "supermarket",
        "subcategory": "shop=convenience",
        "lat": 53.2951363,
        "lon": -6.4306343,
        "admin_division": "",
        "county": "dublin"
      }
    },
    {
      "type": "Feature",
      "geometry": {
        "type": "Point",
        "coordinates": [
          -6.3982047,
          53.3295356
        ]
      },
      "properties": {
        "osm_id": "w434328290",
        "name": "Circle K",
        "category": "supermarket",
        "subcategory": "shop=convenience",
        "lat": 53.3295356,
        "lon": -6.3982047,
        "admin_division": "",
        "county": "dublin"
      }
    },
    {
      "type": "Feature",
      "geometry": {
        "type": "Point",
        "coordinates": [
          -6.3002151,
          53.3388841
        ]
      },
      "properties": {
        "osm_id": "w445174995",
        "name": "Mace",
        "category": "supermarket",
        "subcategory": "shop=convenience",
        "lat": 53.3388841,
        "lon": -6.3002151,
        "admin_division": "Dublin",
        "county": "dublin"
      }
    },
    {
      "type": "Feature",
      "geometry": {
        "type": "Point",
        "coordinates": [
          -6.3080735,
          53.3399099
        ]
      },
      "properties": {
        "osm_id": "w450842273",
        "name": "Eurospar",
        "category": "supermarket",
        "subcategory": "shop=supermarket",
        "lat": 53.3399099,
        "lon": -6.3080735,
        "admin_division": "Dublin",
        "county": "dublin"
      }
    },
    {
      "type": "Feature",
      "geometry": {
        "type": "Point",
        "coordinates": [
          -6.3078475,
          53.3400259
        ]
      },
      "properties": {
        "osm_id": "w450842277",
        "name": "The Natural Bakery",
        "category": "supermarket",
        "subcategory": "shop=bakery",
        "lat": 53.3400259,
        "lon": -6.3078475,
        "admin_division": "",
        "county": "dublin"
      }
    },
    {
      "type": "Feature",
      "geometry": {
        "type": "Point",
        "coordinates": [
          -6.2272734,
          53.4513208
        ]
      },
      "properties": {
        "osm_id": "w451593162",
        "name": "Lidl",
        "category": "supermarket",
        "subcategory": "shop=supermarket",
        "lat": 53.4513208,
        "lon": -6.2272734,
        "admin_division": "Swords",
        "county": "dublin"
      }
    },
    {
      "type": "Feature",
      "geometry": {
        "type": "Point",
        "coordinates": [
          -6.2034446,
          53.2979882
        ]
      },
      "properties": {
        "osm_id": "w459463770",
        "name": "Applegreen",
        "category": "supermarket",
        "subcategory": "shop=convenience",
        "lat": 53.2979882,
        "lon": -6.2034446,
        "admin_division": "",
        "county": "dublin"
      }
    },
    {
      "type": "Feature",
      "geometry": {
        "type": "Point",
        "coordinates": [
          -6.4096289,
          53.3827814
        ]
      },
      "properties": {
        "osm_id": "w461479338",
        "name": "Spar",
        "category": "supermarket",
        "subcategory": "shop=convenience",
        "lat": 53.3827814,
        "lon": -6.4096289,
        "admin_division": "Clonsilla",
        "county": "dublin"
      }
    },
    {
      "type": "Feature",
      "geometry": {
        "type": "Point",
        "coordinates": [
          -6.327179,
          53.3122244
        ]
      },
      "properties": {
        "osm_id": "w474682544",
        "name": "Mace",
        "category": "supermarket",
        "subcategory": "shop=convenience",
        "lat": 53.3122244,
        "lon": -6.327179,
        "admin_division": "",
        "county": "dublin"
      }
    },
    {
      "type": "Feature",
      "geometry": {
        "type": "Point",
        "coordinates": [
          -6.3214495,
          53.2990522
        ]
      },
      "properties": {
        "osm_id": "w486623207",
        "name": "SuperValu",
        "category": "supermarket",
        "subcategory": "shop=supermarket",
        "lat": 53.2990522,
        "lon": -6.3214495,
        "admin_division": "Dublin",
        "county": "dublin"
      }
    },
    {
      "type": "Feature",
      "geometry": {
        "type": "Point",
        "coordinates": [
          -6.3208252,
          53.2990373
        ]
      },
      "properties": {
        "osm_id": "w486623211",
        "name": "Day-Today",
        "category": "supermarket",
        "subcategory": "shop=convenience",
        "lat": 53.2990373,
        "lon": -6.3208252,
        "admin_division": "",
        "county": "dublin"
      }
    },
    {
      "type": "Feature",
      "geometry": {
        "type": "Point",
        "coordinates": [
          -6.3209065,
          53.2990451
        ]
      },
      "properties": {
        "osm_id": "w486623212",
        "name": "Second to None",
        "category": "supermarket",
        "subcategory": "shop=greengrocer",
        "lat": 53.2990451,
        "lon": -6.3209065,
        "admin_division": "",
        "county": "dublin"
      }
    },
    {
      "type": "Feature",
      "geometry": {
        "type": "Point",
        "coordinates": [
          -6.3209878,
          53.2990528
        ]
      },
      "properties": {
        "osm_id": "w486623213",
        "name": "Brady's Butchers",
        "category": "supermarket",
        "subcategory": "shop=butcher",
        "lat": 53.2990528,
        "lon": -6.3209878,
        "admin_division": "",
        "county": "dublin"
      }
    },
    {
      "type": "Feature",
      "geometry": {
        "type": "Point",
        "coordinates": [
          -6.3272153,
          53.3098998
        ]
      },
      "properties": {
        "osm_id": "w490986313",
        "name": "McHugh's Local Supermarket",
        "category": "supermarket",
        "subcategory": "shop=supermarket",
        "lat": 53.3098998,
        "lon": -6.3272153,
        "admin_division": "",
        "county": "dublin"
      }
    },
    {
      "type": "Feature",
      "geometry": {
        "type": "Point",
        "coordinates": [
          -6.1379656,
          53.4211215
        ]
      },
      "properties": {
        "osm_id": "w491584599",
        "name": "Lidl",
        "category": "supermarket",
        "subcategory": "shop=supermarket",
        "lat": 53.4211215,
        "lon": -6.1379656,
        "admin_division": "Portmarnock",
        "county": "dublin"
      }
    },
    {
      "type": "Feature",
      "geometry": {
        "type": "Point",
        "coordinates": [
          -6.3033332,
          53.2989149
        ]
      },
      "properties": {
        "osm_id": "w491824124",
        "name": "",
        "category": "supermarket",
        "subcategory": "shop=convenience",
        "lat": 53.2989149,
        "lon": -6.3033332,
        "admin_division": "",
        "county": "dublin"
      }
    },
    {
      "type": "Feature",
      "geometry": {
        "type": "Point",
        "coordinates": [
          -6.4929016,
          53.2959918
        ]
      },
      "properties": {
        "osm_id": "w492484360",
        "name": "Spar",
        "category": "supermarket",
        "subcategory": "shop=convenience",
        "lat": 53.2959918,
        "lon": -6.4929016,
        "admin_division": "Newcastle",
        "county": "dublin"
      }
    },
    {
      "type": "Feature",
      "geometry": {
        "type": "Point",
        "coordinates": [
          -6.3025388,
          53.3107388
        ]
      },
      "properties": {
        "osm_id": "w493323098",
        "name": "Circle K",
        "category": "supermarket",
        "subcategory": "shop=convenience",
        "lat": 53.3107388,
        "lon": -6.3025388,
        "admin_division": "",
        "county": "dublin"
      }
    },
    {
      "type": "Feature",
      "geometry": {
        "type": "Point",
        "coordinates": [
          -6.3253592,
          53.3103375
        ]
      },
      "properties": {
        "osm_id": "w493983626",
        "name": "",
        "category": "supermarket",
        "subcategory": "shop=convenience",
        "lat": 53.3103375,
        "lon": -6.3253592,
        "admin_division": "",
        "county": "dublin"
      }
    },
    {
      "type": "Feature",
      "geometry": {
        "type": "Point",
        "coordinates": [
          -6.2989833,
          53.2955791
        ]
      },
      "properties": {
        "osm_id": "w494018489",
        "name": "Circle K",
        "category": "supermarket",
        "subcategory": "shop=convenience",
        "lat": 53.2955791,
        "lon": -6.2989833,
        "admin_division": "",
        "county": "dublin"
      }
    },
    {
      "type": "Feature",
      "geometry": {
        "type": "Point",
        "coordinates": [
          -6.3527256,
          53.2881232
        ]
      },
      "properties": {
        "osm_id": "w497275037",
        "name": "Lidl",
        "category": "supermarket",
        "subcategory": "shop=supermarket",
        "lat": 53.2881232,
        "lon": -6.3527256,
        "admin_division": "Tallaght",
        "county": "dublin"
      }
    },
    {
      "type": "Feature",
      "geometry": {
        "type": "Point",
        "coordinates": [
          -6.3505517,
          53.3237778
        ]
      },
      "properties": {
        "osm_id": "w499706423",
        "name": "Maxol",
        "category": "supermarket",
        "subcategory": "shop=convenience",
        "lat": 53.3237778,
        "lon": -6.3505517,
        "admin_division": "",
        "county": "dublin"
      }
    },
    {
      "type": "Feature",
      "geometry": {
        "type": "Point",
        "coordinates": [
          -6.3213352,
          53.3169479
        ]
      },
      "properties": {
        "osm_id": "w500288060",
        "name": "Centra",
        "category": "supermarket",
        "subcategory": "shop=convenience",
        "lat": 53.3169479,
        "lon": -6.3213352,
        "admin_division": "Dublin",
        "county": "dublin"
      }
    },
    {
      "type": "Feature",
      "geometry": {
        "type": "Point",
        "coordinates": [
          -6.1614429,
          53.3957987
        ]
      },
      "properties": {
        "osm_id": "w503184276",
        "name": "Circle K",
        "category": "supermarket",
        "subcategory": "shop=convenience",
        "lat": 53.3957987,
        "lon": -6.1614429,
        "admin_division": "",
        "county": "dublin"
      }
    },
    {
      "type": "Feature",
      "geometry": {
        "type": "Point",
        "coordinates": [
          -6.2165204,
          53.4594891
        ]
      },
      "properties": {
        "osm_id": "w516697623",
        "name": "Aldi",
        "category": "supermarket",
        "subcategory": "shop=supermarket",
        "lat": 53.4594891,
        "lon": -6.2165204,
        "admin_division": "",
        "county": "dublin"
      }
    },
    {
      "type": "Feature",
      "geometry": {
        "type": "Point",
        "coordinates": [
          -6.2843237,
          53.3009142
        ]
      },
      "properties": {
        "osm_id": "w518660676",
        "name": "",
        "category": "supermarket",
        "subcategory": "shop=convenience",
        "lat": 53.3009142,
        "lon": -6.2843237,
        "admin_division": "",
        "county": "dublin"
      }
    },
    {
      "type": "Feature",
      "geometry": {
        "type": "Point",
        "coordinates": [
          -6.3823023,
          53.2874486
        ]
      },
      "properties": {
        "osm_id": "w518842305",
        "name": "Centra",
        "category": "supermarket",
        "subcategory": "shop=convenience",
        "lat": 53.2874486,
        "lon": -6.3823023,
        "admin_division": "Tallaght",
        "county": "dublin"
      }
    },
    {
      "type": "Feature",
      "geometry": {
        "type": "Point",
        "coordinates": [
          -6.2564069,
          53.3986278
        ]
      },
      "properties": {
        "osm_id": "w533375598",
        "name": "Centra",
        "category": "supermarket",
        "subcategory": "shop=convenience",
        "lat": 53.3986278,
        "lon": -6.2564069,
        "admin_division": "Dublin",
        "county": "dublin"
      }
    },
    {
      "type": "Feature",
      "geometry": {
        "type": "Point",
        "coordinates": [
          -6.2198358,
          53.2992096
        ]
      },
      "properties": {
        "osm_id": "w539862888",
        "name": "Costcutter",
        "category": "supermarket",
        "subcategory": "shop=convenience",
        "lat": 53.2992096,
        "lon": -6.2198358,
        "admin_division": "",
        "county": "dublin"
      }
    },
    {
      "type": "Feature",
      "geometry": {
        "type": "Point",
        "coordinates": [
          -6.2328084,
          53.3565049
        ]
      },
      "properties": {
        "osm_id": "w544256109",
        "name": "Lidl",
        "category": "supermarket",
        "subcategory": "shop=supermarket",
        "lat": 53.3565049,
        "lon": -6.2328084,
        "admin_division": "Dublin",
        "county": "dublin"
      }
    },
    {
      "type": "Feature",
      "geometry": {
        "type": "Point",
        "coordinates": [
          -6.3616386,
          53.2868814
        ]
      },
      "properties": {
        "osm_id": "w544401881",
        "name": "Spar",
        "category": "supermarket",
        "subcategory": "shop=convenience",
        "lat": 53.2868814,
        "lon": -6.3616386,
        "admin_division": "",
        "county": "dublin"
      }
    },
    {
      "type": "Feature",
      "geometry": {
        "type": "Point",
        "coordinates": [
          -6.3925772,
          53.3279598
        ]
      },
      "properties": {
        "osm_id": "w546351001",
        "name": "Lidl",
        "category": "supermarket",
        "subcategory": "shop=supermarket",
        "lat": 53.3279598,
        "lon": -6.3925772,
        "admin_division": "Clondalkin",
        "county": "dublin"
      }
    },
    {
      "type": "Feature",
      "geometry": {
        "type": "Point",
        "coordinates": [
          -6.1242711,
          53.3912675
        ]
      },
      "properties": {
        "osm_id": "w556777376",
        "name": "",
        "category": "supermarket",
        "subcategory": "shop=convenience",
        "lat": 53.3912675,
        "lon": -6.1242711,
        "admin_division": "",
        "county": "dublin"
      }
    },
    {
      "type": "Feature",
      "geometry": {
        "type": "Point",
        "coordinates": [
          -6.2647632,
          53.3227718
        ]
      },
      "properties": {
        "osm_id": "w559207138",
        "name": "Fallon & Byrne",
        "category": "supermarket",
        "subcategory": "amenity=cafe",
        "lat": 53.3227718,
        "lon": -6.2647632,
        "admin_division": "",
        "county": "dublin"
      }
    },
    {
      "type": "Feature",
      "geometry": {
        "type": "Point",
        "coordinates": [
          -6.2528368,
          53.3716069
        ]
      },
      "properties": {
        "osm_id": "w561372020",
        "name": "Corrigan's Butchers",
        "category": "supermarket",
        "subcategory": "shop=butcher",
        "lat": 53.3716069,
        "lon": -6.2528368,
        "admin_division": "Dublin",
        "county": "dublin"
      }
    },
    {
      "type": "Feature",
      "geometry": {
        "type": "Point",
        "coordinates": [
          -6.2438002,
          53.4521335
        ]
      },
      "properties": {
        "osm_id": "w569678578",
        "name": "Aldi",
        "category": "supermarket",
        "subcategory": "shop=supermarket",
        "lat": 53.4521335,
        "lon": -6.2438002,
        "admin_division": "",
        "county": "dublin"
      }
    },
    {
      "type": "Feature",
      "geometry": {
        "type": "Point",
        "coordinates": [
          -6.2858355,
          53.2985383
        ]
      },
      "properties": {
        "osm_id": "w570457156",
        "name": "Centra",
        "category": "supermarket",
        "subcategory": "shop=convenience",
        "lat": 53.2985383,
        "lon": -6.2858355,
        "admin_division": "Rathfarnham",
        "county": "dublin"
      }
    },
    {
      "type": "Feature",
      "geometry": {
        "type": "Point",
        "coordinates": [
          -6.2857786,
          53.2986123
        ]
      },
      "properties": {
        "osm_id": "w570457157",
        "name": "Cosgrave's",
        "category": "supermarket",
        "subcategory": "shop=butcher",
        "lat": 53.2986123,
        "lon": -6.2857786,
        "admin_division": "",
        "county": "dublin"
      }
    },
    {
      "type": "Feature",
      "geometry": {
        "type": "Point",
        "coordinates": [
          -6.2390158,
          53.3705692
        ]
      },
      "properties": {
        "osm_id": "w578657441",
        "name": "C and T Superstore",
        "category": "supermarket",
        "subcategory": "shop=greengrocer",
        "lat": 53.3705692,
        "lon": -6.2390158,
        "admin_division": "Dublin",
        "county": "dublin"
      }
    },
    {
      "type": "Feature",
      "geometry": {
        "type": "Point",
        "coordinates": [
          -6.2339092,
          53.3855418
        ]
      },
      "properties": {
        "osm_id": "w582650472",
        "name": "Circle K",
        "category": "supermarket",
        "subcategory": "shop=convenience",
        "lat": 53.3855418,
        "lon": -6.2339092,
        "admin_division": "",
        "county": "dublin"
      }
    },
    {
      "type": "Feature",
      "geometry": {
        "type": "Point",
        "coordinates": [
          -6.1337111,
          53.3973141
        ]
      },
      "properties": {
        "osm_id": "w592193984",
        "name": "Mace",
        "category": "supermarket",
        "subcategory": "shop=convenience",
        "lat": 53.3973141,
        "lon": -6.1337111,
        "admin_division": "",
        "county": "dublin"
      }
    },
    {
      "type": "Feature",
      "geometry": {
        "type": "Point",
        "coordinates": [
          -6.1991825,
          53.6076329
        ]
      },
      "properties": {
        "osm_id": "w592683128",
        "name": "Applegreen",
        "category": "supermarket",
        "subcategory": "shop=convenience",
        "lat": 53.6076329,
        "lon": -6.1991825,
        "admin_division": "",
        "county": "dublin"
      }
    },
    {
      "type": "Feature",
      "geometry": {
        "type": "Point",
        "coordinates": [
          -6.4710069,
          53.2810985
        ]
      },
      "properties": {
        "osm_id": "w595124069",
        "name": "Donavans Butchers",
        "category": "supermarket",
        "subcategory": "shop=butcher",
        "lat": 53.2810985,
        "lon": -6.4710069,
        "admin_division": "Rathcoole",
        "county": "dublin"
      }
    },
    {
      "type": "Feature",
      "geometry": {
        "type": "Point",
        "coordinates": [
          -6.3625433,
          53.3358303
        ]
      },
      "properties": {
        "osm_id": "w608135426",
        "name": "Tommy's Corner Shop",
        "category": "supermarket",
        "subcategory": "shop=convenience",
        "lat": 53.3358303,
        "lon": -6.3625433,
        "admin_division": "",
        "county": "dublin"
      }
    },
    {
      "type": "Feature",
      "geometry": {
        "type": "Point",
        "coordinates": [
          -6.5036301,
          53.3000928
        ]
      },
      "properties": {
        "osm_id": "w636116436",
        "name": "Newcastle Village Store",
        "category": "supermarket",
        "subcategory": "shop=convenience",
        "lat": 53.3000928,
        "lon": -6.5036301,
        "admin_division": "Newcastle",
        "county": "dublin"
      }
    },
    {
      "type": "Feature",
      "geometry": {
        "type": "Point",
        "coordinates": [
          -6.3792882,
          53.3882846
        ]
      },
      "properties": {
        "osm_id": "w641728414",
        "name": "Justin Ward",
        "category": "supermarket",
        "subcategory": "shop=greengrocer",
        "lat": 53.3882846,
        "lon": -6.3792882,
        "admin_division": "",
        "county": "dublin"
      }
    },
    {
      "type": "Feature",
      "geometry": {
        "type": "Point",
        "coordinates": [
          -6.2219995,
          53.4562511
        ]
      },
      "properties": {
        "osm_id": "w643375309",
        "name": "Umami",
        "category": "supermarket",
        "subcategory": "shop=supermarket",
        "lat": 53.4562511,
        "lon": -6.2219995,
        "admin_division": "Swords",
        "county": "dublin"
      }
    },
    {
      "type": "Feature",
      "geometry": {
        "type": "Point",
        "coordinates": [
          -6.3890704,
          53.35052
        ]
      },
      "properties": {
        "osm_id": "w647472514",
        "name": "Tesco Extra",
        "category": "supermarket",
        "subcategory": "shop=supermarket",
        "lat": 53.35052,
        "lon": -6.3890704,
        "admin_division": "",
        "county": "dublin"
      }
    },
    {
      "type": "Feature",
      "geometry": {
        "type": "Point",
        "coordinates": [
          -6.1187585,
          53.2124717
        ]
      },
      "properties": {
        "osm_id": "w648858756",
        "name": "Circle K",
        "category": "supermarket",
        "subcategory": "shop=convenience",
        "lat": 53.2124717,
        "lon": -6.1187585,
        "admin_division": "",
        "county": "dublin"
      }
    },
    {
      "type": "Feature",
      "geometry": {
        "type": "Point",
        "coordinates": [
          -6.2851621,
          53.3613797
        ]
      },
      "properties": {
        "osm_id": "w651183201",
        "name": "Mr Green Fresh Food",
        "category": "supermarket",
        "subcategory": "shop=greengrocer",
        "lat": 53.3613797,
        "lon": -6.2851621,
        "admin_division": "",
        "county": "dublin"
      }
    },
    {
      "type": "Feature",
      "geometry": {
        "type": "Point",
        "coordinates": [
          -6.2842868,
          53.361316
        ]
      },
      "properties": {
        "osm_id": "w651183207",
        "name": "Daybreak",
        "category": "supermarket",
        "subcategory": "shop=convenience",
        "lat": 53.361316,
        "lon": -6.2842868,
        "admin_division": "Dublin",
        "county": "dublin"
      }
    },
    {
      "type": "Feature",
      "geometry": {
        "type": "Point",
        "coordinates": [
          -6.2841484,
          53.3612894
        ]
      },
      "properties": {
        "osm_id": "w651183208",
        "name": "Etherson's Butchers",
        "category": "supermarket",
        "subcategory": "shop=butcher",
        "lat": 53.3612894,
        "lon": -6.2841484,
        "admin_division": "Dublin",
        "county": "dublin"
      }
    },
    {
      "type": "Feature",
      "geometry": {
        "type": "Point",
        "coordinates": [
          -6.2414913,
          53.3818788
        ]
      },
      "properties": {
        "osm_id": "w654343129",
        "name": "Costcutter",
        "category": "supermarket",
        "subcategory": "shop=convenience",
        "lat": 53.3818788,
        "lon": -6.2414913,
        "admin_division": "Dublin",
        "county": "dublin"
      }
    },
    {
      "type": "Feature",
      "geometry": {
        "type": "Point",
        "coordinates": [
          -6.3618656,
          53.3730861
        ]
      },
      "properties": {
        "osm_id": "w655449934",
        "name": "Circle K",
        "category": "supermarket",
        "subcategory": "shop=convenience",
        "lat": 53.3730861,
        "lon": -6.3618656,
        "admin_division": "",
        "county": "dublin"
      }
    },
    {
      "type": "Feature",
      "geometry": {
        "type": "Point",
        "coordinates": [
          -6.2834097,
          53.3613728
        ]
      },
      "properties": {
        "osm_id": "w656489884",
        "name": "Wonder Mart",
        "category": "supermarket",
        "subcategory": "shop=greengrocer",
        "lat": 53.3613728,
        "lon": -6.2834097,
        "admin_division": "",
        "county": "dublin"
      }
    },
    {
      "type": "Feature",
      "geometry": {
        "type": "Point",
        "coordinates": [
          -6.3612271,
          53.373548
        ]
      },
      "properties": {
        "osm_id": "w657032326",
        "name": "Lidl",
        "category": "supermarket",
        "subcategory": "shop=supermarket",
        "lat": 53.373548,
        "lon": -6.3612271,
        "admin_division": "Castleknock",
        "county": "dublin"
      }
    },
    {
      "type": "Feature",
      "geometry": {
        "type": "Point",
        "coordinates": [
          -6.2614072,
          53.3600345
        ]
      },
      "properties": {
        "osm_id": "w658163881",
        "name": "Sugarloaf",
        "category": "supermarket",
        "subcategory": "shop=bakery",
        "lat": 53.3600345,
        "lon": -6.2614072,
        "admin_division": "",
        "county": "dublin"
      }
    },
    {
      "type": "Feature",
      "geometry": {
        "type": "Point",
        "coordinates": [
          -6.2162342,
          53.3982256
        ]
      },
      "properties": {
        "osm_id": "w658278363",
        "name": "Lidl",
        "category": "supermarket",
        "subcategory": "shop=supermarket",
        "lat": 53.3982256,
        "lon": -6.2162342,
        "admin_division": "",
        "county": "dublin"
      }
    },
    {
      "type": "Feature",
      "geometry": {
        "type": "Point",
        "coordinates": [
          -6.3106963,
          53.3636637
        ]
      },
      "properties": {
        "osm_id": "w659842324",
        "name": "Nephin Stores",
        "category": "supermarket",
        "subcategory": "shop=convenience",
        "lat": 53.3636637,
        "lon": -6.3106963,
        "admin_division": "Dublin",
        "county": "dublin"
      }
    },
    {
      "type": "Feature",
      "geometry": {
        "type": "Point",
        "coordinates": [
          -6.283444,
          53.3608106
        ]
      },
      "properties": {
        "osm_id": "w659972601",
        "name": "Clarke's Home Bakery",
        "category": "supermarket",
        "subcategory": "shop=bakery",
        "lat": 53.3608106,
        "lon": -6.283444,
        "admin_division": "",
        "county": "dublin"
      }
    },
    {
      "type": "Feature",
      "geometry": {
        "type": "Point",
        "coordinates": [
          -6.2772549,
          53.3609634
        ]
      },
      "properties": {
        "osm_id": "w660174823",
        "name": "Daybreak",
        "category": "supermarket",
        "subcategory": "shop=convenience",
        "lat": 53.3609634,
        "lon": -6.2772549,
        "admin_division": "Dublin",
        "county": "dublin"
      }
    },
    {
      "type": "Feature",
      "geometry": {
        "type": "Point",
        "coordinates": [
          -6.1611596,
          53.3801823
        ]
      },
      "properties": {
        "osm_id": "w660671222",
        "name": "Circle K",
        "category": "supermarket",
        "subcategory": "shop=convenience",
        "lat": 53.3801823,
        "lon": -6.1611596,
        "admin_division": "",
        "county": "dublin"
      }
    },
    {
      "type": "Feature",
      "geometry": {
        "type": "Point",
        "coordinates": [
          -6.2640267,
          53.3427823
        ]
      },
      "properties": {
        "osm_id": "w661295953",
        "name": "Dunnes Stores",
        "category": "supermarket",
        "subcategory": "shop=supermarket",
        "lat": 53.3427823,
        "lon": -6.2640267,
        "admin_division": "Dublin",
        "county": "dublin"
      }
    },
    {
      "type": "Feature",
      "geometry": {
        "type": "Point",
        "coordinates": [
          -6.2335703,
          53.3375358
        ]
      },
      "properties": {
        "osm_id": "w669329939",
        "name": "Lotts&Co Grocery",
        "category": "supermarket",
        "subcategory": "shop=supermarket",
        "lat": 53.3375358,
        "lon": -6.2335703,
        "admin_division": "Dublin",
        "county": "dublin"
      }
    },
    {
      "type": "Feature",
      "geometry": {
        "type": "Point",
        "coordinates": [
          -6.2831786,
          53.2895148
        ]
      },
      "properties": {
        "osm_id": "w671282440",
        "name": "Circle K",
        "category": "supermarket",
        "subcategory": "shop=convenience",
        "lat": 53.2895148,
        "lon": -6.2831786,
        "admin_division": "",
        "county": "dublin"
      }
    },
    {
      "type": "Feature",
      "geometry": {
        "type": "Point",
        "coordinates": [
          -6.262086,
          53.3788115
        ]
      },
      "properties": {
        "osm_id": "w672283399",
        "name": "",
        "category": "supermarket",
        "subcategory": "shop=convenience",
        "lat": 53.3788115,
        "lon": -6.262086,
        "admin_division": "",
        "county": "dublin"
      }
    },
    {
      "type": "Feature",
      "geometry": {
        "type": "Point",
        "coordinates": [
          -6.3790593,
          53.3016281
        ]
      },
      "properties": {
        "osm_id": "w672428804",
        "name": "Lidl",
        "category": "supermarket",
        "subcategory": "shop=supermarket",
        "lat": 53.3016281,
        "lon": -6.3790593,
        "admin_division": "Tallaght",
        "county": "dublin"
      }
    },
    {
      "type": "Feature",
      "geometry": {
        "type": "Point",
        "coordinates": [
          -6.2689493,
          53.3744199
        ]
      },
      "properties": {
        "osm_id": "w673414894",
        "name": "XL",
        "category": "supermarket",
        "subcategory": "shop=convenience",
        "lat": 53.3744199,
        "lon": -6.2689493,
        "admin_division": "Dublin",
        "county": "dublin"
      }
    },
    {
      "type": "Feature",
      "geometry": {
        "type": "Point",
        "coordinates": [
          -6.3439174,
          53.2887384
        ]
      },
      "properties": {
        "osm_id": "w677042020",
        "name": "Day By Day",
        "category": "supermarket",
        "subcategory": "shop=convenience",
        "lat": 53.2887384,
        "lon": -6.3439174,
        "admin_division": "",
        "county": "dublin"
      }
    },
    {
      "type": "Feature",
      "geometry": {
        "type": "Point",
        "coordinates": [
          -6.2521201,
          53.3728002
        ]
      },
      "properties": {
        "osm_id": "w679252912",
        "name": "Spar",
        "category": "supermarket",
        "subcategory": "shop=convenience",
        "lat": 53.3728002,
        "lon": -6.2521201,
        "admin_division": "Dublin",
        "county": "dublin"
      }
    },
    {
      "type": "Feature",
      "geometry": {
        "type": "Point",
        "coordinates": [
          -6.2534941,
          53.3723188
        ]
      },
      "properties": {
        "osm_id": "w680995662",
        "name": "Lidl",
        "category": "supermarket",
        "subcategory": "shop=supermarket",
        "lat": 53.3723188,
        "lon": -6.2534941,
        "admin_division": "Dublin",
        "county": "dublin"
      }
    },
    {
      "type": "Feature",
      "geometry": {
        "type": "Point",
        "coordinates": [
          -6.3262691,
          53.3356816
        ]
      },
      "properties": {
        "osm_id": "w687454189",
        "name": "Daybreak",
        "category": "supermarket",
        "subcategory": "shop=convenience",
        "lat": 53.3356816,
        "lon": -6.3262691,
        "admin_division": "",
        "county": "dublin"
      }
    },
    {
      "type": "Feature",
      "geometry": {
        "type": "Point",
        "coordinates": [
          -6.3852211,
          53.3907784
        ]
      },
      "properties": {
        "osm_id": "w689670808",
        "name": "Lidl",
        "category": "supermarket",
        "subcategory": "shop=supermarket",
        "lat": 53.3907784,
        "lon": -6.3852211,
        "admin_division": "Blanchardstown",
        "county": "dublin"
      }
    },
    {
      "type": "Feature",
      "geometry": {
        "type": "Point",
        "coordinates": [
          -6.2592881,
          53.3502851
        ]
      },
      "properties": {
        "osm_id": "w696901396",
        "name": "Dunnes Stores",
        "category": "supermarket",
        "subcategory": "shop=supermarket",
        "lat": 53.3502851,
        "lon": -6.2592881,
        "admin_division": "Dublin",
        "county": "dublin"
      }
    },
    {
      "type": "Feature",
      "geometry": {
        "type": "Point",
        "coordinates": [
          -6.2601021,
          53.3503561
        ]
      },
      "properties": {
        "osm_id": "w696901402",
        "name": "Spar",
        "category": "supermarket",
        "subcategory": "shop=convenience",
        "lat": 53.3503561,
        "lon": -6.2601021,
        "admin_division": "Dublin",
        "county": "dublin"
      }
    },
    {
      "type": "Feature",
      "geometry": {
        "type": "Point",
        "coordinates": [
          -6.2587076,
          53.3486963
        ]
      },
      "properties": {
        "osm_id": "w697131608",
        "name": "Reynolds",
        "category": "supermarket",
        "subcategory": "shop=convenience",
        "lat": 53.3486963,
        "lon": -6.2587076,
        "admin_division": "Dublin",
        "county": "dublin"
      }
    },
    {
      "type": "Feature",
      "geometry": {
        "type": "Point",
        "coordinates": [
          -6.3996294,
          53.3824273
        ]
      },
      "properties": {
        "osm_id": "w698017671",
        "name": "Spar",
        "category": "supermarket",
        "subcategory": "shop=convenience",
        "lat": 53.3824273,
        "lon": -6.3996294,
        "admin_division": "Blanchardstown",
        "county": "dublin"
      }
    },
    {
      "type": "Feature",
      "geometry": {
        "type": "Point",
        "coordinates": [
          -6.1224146,
          53.2340811
        ]
      },
      "properties": {
        "osm_id": "w700649300",
        "name": "Lidl",
        "category": "supermarket",
        "subcategory": "shop=supermarket",
        "lat": 53.2340811,
        "lon": -6.1224146,
        "admin_division": "Shankill",
        "county": "dublin"
      }
    },
    {
      "type": "Feature",
      "geometry": {
        "type": "Point",
        "coordinates": [
          -6.3210748,
          53.3398743
        ]
      },
      "properties": {
        "osm_id": "w706807524",
        "name": "Eddie Lloyd & Sons",
        "category": "supermarket",
        "subcategory": "shop=butcher",
        "lat": 53.3398743,
        "lon": -6.3210748,
        "admin_division": "",
        "county": "dublin"
      }
    },
    {
      "type": "Feature",
      "geometry": {
        "type": "Point",
        "coordinates": [
          -6.2991851,
          53.3675785
        ]
      },
      "properties": {
        "osm_id": "w723741387",
        "name": "Spar",
        "category": "supermarket",
        "subcategory": "shop=convenience",
        "lat": 53.3675785,
        "lon": -6.2991851,
        "admin_division": "Dublin",
        "county": "dublin"
      }
    },
    {
      "type": "Feature",
      "geometry": {
        "type": "Point",
        "coordinates": [
          -6.2150327,
          53.4446741
        ]
      },
      "properties": {
        "osm_id": "w736806630",
        "name": "Tesco",
        "category": "supermarket",
        "subcategory": "shop=supermarket",
        "lat": 53.4446741,
        "lon": -6.2150327,
        "admin_division": "Swords",
        "county": "dublin"
      }
    },
    {
      "type": "Feature",
      "geometry": {
        "type": "Point",
        "coordinates": [
          -6.1987735,
          53.3801383
        ]
      },
      "properties": {
        "osm_id": "w738944190",
        "name": "Centra",
        "category": "supermarket",
        "subcategory": "shop=convenience",
        "lat": 53.3801383,
        "lon": -6.1987735,
        "admin_division": "Dublin",
        "county": "dublin"
      }
    },
    {
      "type": "Feature",
      "geometry": {
        "type": "Point",
        "coordinates": [
          -6.2720503,
          53.366185
        ]
      },
      "properties": {
        "osm_id": "w739818994",
        "name": "Spar",
        "category": "supermarket",
        "subcategory": "shop=convenience",
        "lat": 53.366185,
        "lon": -6.2720503,
        "admin_division": "Dublin",
        "county": "dublin"
      }
    },
    {
      "type": "Feature",
      "geometry": {
        "type": "Point",
        "coordinates": [
          -6.2595504,
          53.362011
        ]
      },
      "properties": {
        "osm_id": "w741013953",
        "name": "Bear Lemon",
        "category": "supermarket",
        "subcategory": "shop=bakery",
        "lat": 53.362011,
        "lon": -6.2595504,
        "admin_division": "Dublin",
        "county": "dublin"
      }
    },
    {
      "type": "Feature",
      "geometry": {
        "type": "Point",
        "coordinates": [
          -6.2035097,
          53.3927076
        ]
      },
      "properties": {
        "osm_id": "w741596893",
        "name": "ALDI",
        "category": "supermarket",
        "subcategory": "shop=supermarket",
        "lat": 53.3927076,
        "lon": -6.2035097,
        "admin_division": "Dublin",
        "county": "dublin"
      }
    },
    {
      "type": "Feature",
      "geometry": {
        "type": "Point",
        "coordinates": [
          -6.2778728,
          53.3453123
        ]
      },
      "properties": {
        "osm_id": "w756599053",
        "name": "Circle K",
        "category": "supermarket",
        "subcategory": "shop=convenience",
        "lat": 53.3453123,
        "lon": -6.2778728,
        "admin_division": "",
        "county": "dublin"
      }
    },
    {
      "type": "Feature",
      "geometry": {
        "type": "Point",
        "coordinates": [
          -6.4191541,
          53.3929516
        ]
      },
      "properties": {
        "osm_id": "w756614026",
        "name": "Circle K",
        "category": "supermarket",
        "subcategory": "shop=convenience",
        "lat": 53.3929516,
        "lon": -6.4191541,
        "admin_division": "",
        "county": "dublin"
      }
    },
    {
      "type": "Feature",
      "geometry": {
        "type": "Point",
        "coordinates": [
          -6.2515829,
          53.2757682
        ]
      },
      "properties": {
        "osm_id": "w756614600",
        "name": "Mace",
        "category": "supermarket",
        "subcategory": "shop=convenience",
        "lat": 53.2757682,
        "lon": -6.2515829,
        "admin_division": "",
        "county": "dublin"
      }
    },
    {
      "type": "Feature",
      "geometry": {
        "type": "Point",
        "coordinates": [
          -6.3112744,
          53.3761249
        ]
      },
      "properties": {
        "osm_id": "w757259051",
        "name": "Aldi",
        "category": "supermarket",
        "subcategory": "shop=supermarket",
        "lat": 53.3761249,
        "lon": -6.3112744,
        "admin_division": "",
        "county": "dublin"
      }
    },
    {
      "type": "Feature",
      "geometry": {
        "type": "Point",
        "coordinates": [
          -6.125897,
          53.2351314
        ]
      },
      "properties": {
        "osm_id": "w761517959",
        "name": "Shankill Service Station",
        "category": "supermarket",
        "subcategory": "shop=convenience",
        "lat": 53.2351314,
        "lon": -6.125897,
        "admin_division": "Shankill",
        "county": "dublin"
      }
    },
    {
      "type": "Feature",
      "geometry": {
        "type": "Point",
        "coordinates": [
          -6.3449897,
          53.3291189
        ]
      },
      "properties": {
        "osm_id": "w790862208",
        "name": "Gala",
        "category": "supermarket",
        "subcategory": "shop=convenience",
        "lat": 53.3291189,
        "lon": -6.3449897,
        "admin_division": "",
        "county": "dublin"
      }
    },
    {
      "type": "Feature",
      "geometry": {
        "type": "Point",
        "coordinates": [
          -6.3439913,
          53.3279951
        ]
      },
      "properties": {
        "osm_id": "w790862227",
        "name": "Circle K",
        "category": "supermarket",
        "subcategory": "shop=convenience",
        "lat": 53.3279951,
        "lon": -6.3439913,
        "admin_division": "",
        "county": "dublin"
      }
    },
    {
      "type": "Feature",
      "geometry": {
        "type": "Point",
        "coordinates": [
          -6.2592551,
          53.274554
        ]
      },
      "properties": {
        "osm_id": "w804400066",
        "name": "",
        "category": "supermarket",
        "subcategory": "shop=convenience",
        "lat": 53.274554,
        "lon": -6.2592551,
        "admin_division": "",
        "county": "dublin"
      }
    },
    {
      "type": "Feature",
      "geometry": {
        "type": "Point",
        "coordinates": [
          -6.2948888,
          53.2819732
        ]
      },
      "properties": {
        "osm_id": "w809146590",
        "name": "Costcutter",
        "category": "supermarket",
        "subcategory": "shop=convenience",
        "lat": 53.2819732,
        "lon": -6.2948888,
        "admin_division": "",
        "county": "dublin"
      }
    },
    {
      "type": "Feature",
      "geometry": {
        "type": "Point",
        "coordinates": [
          -6.3404516,
          53.3230222
        ]
      },
      "properties": {
        "osm_id": "w810852034",
        "name": "Maxol",
        "category": "supermarket",
        "subcategory": "shop=convenience",
        "lat": 53.3230222,
        "lon": -6.3404516,
        "admin_division": "",
        "county": "dublin"
      }
    },
    {
      "type": "Feature",
      "geometry": {
        "type": "Point",
        "coordinates": [
          -6.1690504,
          53.5272658
        ]
      },
      "properties": {
        "osm_id": "w814340310",
        "name": "Smakpol",
        "category": "supermarket",
        "subcategory": "shop=supermarket",
        "lat": 53.5272658,
        "lon": -6.1690504,
        "admin_division": "Lusk",
        "county": "dublin"
      }
    },
    {
      "type": "Feature",
      "geometry": {
        "type": "Point",
        "coordinates": [
          -6.4479289,
          53.3562138
        ]
      },
      "properties": {
        "osm_id": "w815441414",
        "name": "Circle K",
        "category": "supermarket",
        "subcategory": "shop=convenience",
        "lat": 53.3562138,
        "lon": -6.4479289,
        "admin_division": "",
        "county": "dublin"
      }
    },
    {
      "type": "Feature",
      "geometry": {
        "type": "Point",
        "coordinates": [
          -6.1883949,
          53.395955
        ]
      },
      "properties": {
        "osm_id": "w817849098",
        "name": "Centra",
        "category": "supermarket",
        "subcategory": "shop=convenience",
        "lat": 53.395955,
        "lon": -6.1883949,
        "admin_division": "Dublin",
        "county": "dublin"
      }
    },
    {
      "type": "Feature",
      "geometry": {
        "type": "Point",
        "coordinates": [
          -6.2661392,
          53.3794121
        ]
      },
      "properties": {
        "osm_id": "w818086247",
        "name": "The Grapevine",
        "category": "supermarket",
        "subcategory": "shop=convenience",
        "lat": 53.3794121,
        "lon": -6.2661392,
        "admin_division": "Dublin",
        "county": "dublin"
      }
    },
    {
      "type": "Feature",
      "geometry": {
        "type": "Point",
        "coordinates": [
          -6.3541125,
          53.2958087
        ]
      },
      "properties": {
        "osm_id": "w821911666",
        "name": "Circle K",
        "category": "supermarket",
        "subcategory": "shop=convenience",
        "lat": 53.2958087,
        "lon": -6.3541125,
        "admin_division": "",
        "county": "dublin"
      }
    },
    {
      "type": "Feature",
      "geometry": {
        "type": "Point",
        "coordinates": [
          -6.3948538,
          53.3256253
        ]
      },
      "properties": {
        "osm_id": "w840177587",
        "name": "Spar Express",
        "category": "supermarket",
        "subcategory": "shop=convenience",
        "lat": 53.3256253,
        "lon": -6.3948538,
        "admin_division": "Clondalkin",
        "county": "dublin"
      }
    },
    {
      "type": "Feature",
      "geometry": {
        "type": "Point",
        "coordinates": [
          -6.184235,
          53.2664422
        ]
      },
      "properties": {
        "osm_id": "w857853915",
        "name": "Centra",
        "category": "supermarket",
        "subcategory": "shop=convenience",
        "lat": 53.2664422,
        "lon": -6.184235,
        "admin_division": "",
        "county": "dublin"
      }
    },
    {
      "type": "Feature",
      "geometry": {
        "type": "Point",
        "coordinates": [
          -6.3598735,
          53.2988299
        ]
      },
      "properties": {
        "osm_id": "w862826955",
        "name": "Dunnes Stores",
        "category": "supermarket",
        "subcategory": "shop=supermarket",
        "lat": 53.2988299,
        "lon": -6.3598735,
        "admin_division": "",
        "county": "dublin"
      }
    },
    {
      "type": "Feature",
      "geometry": {
        "type": "Point",
        "coordinates": [
          -6.2648436,
          53.3981246
        ]
      },
      "properties": {
        "osm_id": "w863650007",
        "name": "Lidl",
        "category": "supermarket",
        "subcategory": "shop=supermarket",
        "lat": 53.3981246,
        "lon": -6.2648436,
        "admin_division": "Dublin",
        "county": "dublin"
      }
    },
    {
      "type": "Feature",
      "geometry": {
        "type": "Point",
        "coordinates": [
          -6.234959,
          53.3417632
        ]
      },
      "properties": {
        "osm_id": "w868126906",
        "name": "Maxol",
        "category": "supermarket",
        "subcategory": "shop=convenience",
        "lat": 53.3417632,
        "lon": -6.234959,
        "admin_division": "",
        "county": "dublin"
      }
    },
    {
      "type": "Feature",
      "geometry": {
        "type": "Point",
        "coordinates": [
          -6.1901416,
          53.6137355
        ]
      },
      "properties": {
        "osm_id": "w879030558",
        "name": "XL",
        "category": "supermarket",
        "subcategory": "shop=convenience",
        "lat": 53.6137355,
        "lon": -6.1901416,
        "admin_division": "Balbriggan",
        "county": "dublin"
      }
    },
    {
      "type": "Feature",
      "geometry": {
        "type": "Point",
        "coordinates": [
          -6.1844639,
          53.605107
        ]
      },
      "properties": {
        "osm_id": "w880470407",
        "name": "Centra",
        "category": "supermarket",
        "subcategory": "shop=convenience",
        "lat": 53.605107,
        "lon": -6.1844639,
        "admin_division": "Balbriggan",
        "county": "dublin"
      }
    },
    {
      "type": "Feature",
      "geometry": {
        "type": "Point",
        "coordinates": [
          -6.4182965,
          53.3586873
        ]
      },
      "properties": {
        "osm_id": "w888685828",
        "name": "Spar",
        "category": "supermarket",
        "subcategory": "shop=convenience",
        "lat": 53.3586873,
        "lon": -6.4182965,
        "admin_division": "Lucan",
        "county": "dublin"
      }
    },
    {
      "type": "Feature",
      "geometry": {
        "type": "Point",
        "coordinates": [
          -6.3107236,
          53.2885534
        ]
      },
      "properties": {
        "osm_id": "w889661343",
        "name": "",
        "category": "supermarket",
        "subcategory": "shop=convenience",
        "lat": 53.2885534,
        "lon": -6.3107236,
        "admin_division": "",
        "county": "dublin"
      }
    },
    {
      "type": "Feature",
      "geometry": {
        "type": "Point",
        "coordinates": [
          -6.4196083,
          53.3838617
        ]
      },
      "properties": {
        "osm_id": "w890863803",
        "name": "Lidl",
        "category": "supermarket",
        "subcategory": "shop=supermarket",
        "lat": 53.3838617,
        "lon": -6.4196083,
        "admin_division": "",
        "county": "dublin"
      }
    },
    {
      "type": "Feature",
      "geometry": {
        "type": "Point",
        "coordinates": [
          -6.2548296,
          53.3254513
        ]
      },
      "properties": {
        "osm_id": "w893376288",
        "name": "The Village Butcher",
        "category": "supermarket",
        "subcategory": "shop=butcher",
        "lat": 53.3254513,
        "lon": -6.2548296,
        "admin_division": "Dublin",
        "county": "dublin"
      }
    },
    {
      "type": "Feature",
      "geometry": {
        "type": "Point",
        "coordinates": [
          -6.2543548,
          53.3253438
        ]
      },
      "properties": {
        "osm_id": "w893377376",
        "name": "Lidl",
        "category": "supermarket",
        "subcategory": "shop=supermarket",
        "lat": 53.3253438,
        "lon": -6.2543548,
        "admin_division": "Dublin",
        "county": "dublin"
      }
    },
    {
      "type": "Feature",
      "geometry": {
        "type": "Point",
        "coordinates": [
          -6.3592153,
          53.2870501
        ]
      },
      "properties": {
        "osm_id": "w900804792",
        "name": "Tesco",
        "category": "supermarket",
        "subcategory": "shop=supermarket",
        "lat": 53.2870501,
        "lon": -6.3592153,
        "admin_division": "",
        "county": "dublin"
      }
    },
    {
      "type": "Feature",
      "geometry": {
        "type": "Point",
        "coordinates": [
          -6.234833,
          53.3921373
        ]
      },
      "properties": {
        "osm_id": "w902088073",
        "name": "SuperValu",
        "category": "supermarket",
        "subcategory": "shop=supermarket",
        "lat": 53.3921373,
        "lon": -6.234833,
        "admin_division": "Dublin",
        "county": "dublin"
      }
    },
    {
      "type": "Feature",
      "geometry": {
        "type": "Point",
        "coordinates": [
          -6.2489386,
          53.3899932
        ]
      },
      "properties": {
        "osm_id": "w909851525",
        "name": "",
        "category": "supermarket",
        "subcategory": "shop=butcher",
        "lat": 53.3899932,
        "lon": -6.2489386,
        "admin_division": "",
        "county": "dublin"
      }
    },
    {
      "type": "Feature",
      "geometry": {
        "type": "Point",
        "coordinates": [
          -6.2561159,
          53.3210549
        ]
      },
      "properties": {
        "osm_id": "w926270282",
        "name": "Mortons",
        "category": "supermarket",
        "subcategory": "shop=supermarket",
        "lat": 53.3210549,
        "lon": -6.2561159,
        "admin_division": "Dublin",
        "county": "dublin"
      }
    },
    {
      "type": "Feature",
      "geometry": {
        "type": "Point",
        "coordinates": [
          -6.2006588,
          53.3896746
        ]
      },
      "properties": {
        "osm_id": "w926386316",
        "name": "Centra",
        "category": "supermarket",
        "subcategory": "shop=convenience",
        "lat": 53.3896746,
        "lon": -6.2006588,
        "admin_division": "Dublin",
        "county": "dublin"
      }
    },
    {
      "type": "Feature",
      "geometry": {
        "type": "Point",
        "coordinates": [
          -6.3150889,
          53.3113725
        ]
      },
      "properties": {
        "osm_id": "w930826751",
        "name": "",
        "category": "supermarket",
        "subcategory": "shop=supermarket",
        "lat": 53.3113725,
        "lon": -6.3150889,
        "admin_division": "",
        "county": "dublin"
      }
    },
    {
      "type": "Feature",
      "geometry": {
        "type": "Point",
        "coordinates": [
          -6.2071815,
          53.4033718
        ]
      },
      "properties": {
        "osm_id": "w943465102",
        "name": "Costcutter",
        "category": "supermarket",
        "subcategory": "shop=convenience",
        "lat": 53.4033718,
        "lon": -6.2071815,
        "admin_division": "Dublin",
        "county": "dublin"
      }
    },
    {
      "type": "Feature",
      "geometry": {
        "type": "Point",
        "coordinates": [
          -6.4742721,
          53.3458957
        ]
      },
      "properties": {
        "osm_id": "w953807578",
        "name": "Lidl",
        "category": "supermarket",
        "subcategory": "shop=supermarket",
        "lat": 53.3458957,
        "lon": -6.4742721,
        "admin_division": "Lucan",
        "county": "dublin"
      }
    },
    {
      "type": "Feature",
      "geometry": {
        "type": "Point",
        "coordinates": [
          -6.2776165,
          53.3822306
        ]
      },
      "properties": {
        "osm_id": "w958564199",
        "name": "Cremore Bakery",
        "category": "supermarket",
        "subcategory": "shop=bakery",
        "lat": 53.3822306,
        "lon": -6.2776165,
        "admin_division": "Glasnevin",
        "county": "dublin"
      }
    },
    {
      "type": "Feature",
      "geometry": {
        "type": "Point",
        "coordinates": [
          -6.2770833,
          53.382815
        ]
      },
      "properties": {
        "osm_id": "w958601189",
        "name": "Spar",
        "category": "supermarket",
        "subcategory": "shop=convenience",
        "lat": 53.382815,
        "lon": -6.2770833,
        "admin_division": "Dublin",
        "county": "dublin"
      }
    },
    {
      "type": "Feature",
      "geometry": {
        "type": "Point",
        "coordinates": [
          -6.2768244,
          53.3827907
        ]
      },
      "properties": {
        "osm_id": "w958601191",
        "name": "Corrigans Butchers",
        "category": "supermarket",
        "subcategory": "shop=butcher",
        "lat": 53.3827907,
        "lon": -6.2768244,
        "admin_division": "Glasnevin",
        "county": "dublin"
      }
    },
    {
      "type": "Feature",
      "geometry": {
        "type": "Point",
        "coordinates": [
          -6.3115653,
          53.3951892
        ]
      },
      "properties": {
        "osm_id": "w963190831",
        "name": "Day-Today",
        "category": "supermarket",
        "subcategory": "shop=convenience",
        "lat": 53.3951892,
        "lon": -6.3115653,
        "admin_division": "Dublin",
        "county": "dublin"
      }
    },
    {
      "type": "Feature",
      "geometry": {
        "type": "Point",
        "coordinates": [
          -6.311926,
          53.3952878
        ]
      },
      "properties": {
        "osm_id": "w963190833",
        "name": "Centra",
        "category": "supermarket",
        "subcategory": "shop=convenience",
        "lat": 53.3952878,
        "lon": -6.311926,
        "admin_division": "Dublin",
        "county": "dublin"
      }
    },
    {
      "type": "Feature",
      "geometry": {
        "type": "Point",
        "coordinates": [
          -6.311236,
          53.3897614
        ]
      },
      "properties": {
        "osm_id": "w963331900",
        "name": "Acres Family Butcher",
        "category": "supermarket",
        "subcategory": "shop=butcher",
        "lat": 53.3897614,
        "lon": -6.311236,
        "admin_division": "Dublin",
        "county": "dublin"
      }
    },
    {
      "type": "Feature",
      "geometry": {
        "type": "Point",
        "coordinates": [
          -6.3111296,
          53.3894262
        ]
      },
      "properties": {
        "osm_id": "w963331904",
        "name": "Tesco",
        "category": "supermarket",
        "subcategory": "shop=convenience",
        "lat": 53.3894262,
        "lon": -6.3111296,
        "admin_division": "Dublin",
        "county": "dublin"
      }
    },
    {
      "type": "Feature",
      "geometry": {
        "type": "Point",
        "coordinates": [
          -6.311184,
          53.3893466
        ]
      },
      "properties": {
        "osm_id": "w963331905",
        "name": "Spar",
        "category": "supermarket",
        "subcategory": "shop=convenience",
        "lat": 53.3893466,
        "lon": -6.311184,
        "admin_division": "Dublin",
        "county": "dublin"
      }
    },
    {
      "type": "Feature",
      "geometry": {
        "type": "Point",
        "coordinates": [
          -6.3052006,
          53.3992463
        ]
      },
      "properties": {
        "osm_id": "w965148979",
        "name": "Ingredients Asian Supermarket",
        "category": "supermarket",
        "subcategory": "shop=supermarket",
        "lat": 53.3992463,
        "lon": -6.3052006,
        "admin_division": "",
        "county": "dublin"
      }
    },
    {
      "type": "Feature",
      "geometry": {
        "type": "Point",
        "coordinates": [
          -6.305078,
          53.3992237
        ]
      },
      "properties": {
        "osm_id": "w965148980",
        "name": "€uro shop",
        "category": "supermarket",
        "subcategory": "shop=convenience",
        "lat": 53.3992237,
        "lon": -6.305078,
        "admin_division": "",
        "county": "dublin"
      }
    },
    {
      "type": "Feature",
      "geometry": {
        "type": "Point",
        "coordinates": [
          -6.3048939,
          53.3991898
        ]
      },
      "properties": {
        "osm_id": "w965148981",
        "name": "Polsmak",
        "category": "supermarket",
        "subcategory": "shop=convenience",
        "lat": 53.3991898,
        "lon": -6.3048939,
        "admin_division": "",
        "county": "dublin"
      }
    },
    {
      "type": "Feature",
      "geometry": {
        "type": "Point",
        "coordinates": [
          -6.3075801,
          53.3842324
        ]
      },
      "properties": {
        "osm_id": "w965300424",
        "name": "The Cabin",
        "category": "supermarket",
        "subcategory": "shop=convenience",
        "lat": 53.3842324,
        "lon": -6.3075801,
        "admin_division": "",
        "county": "dublin"
      }
    },
    {
      "type": "Feature",
      "geometry": {
        "type": "Point",
        "coordinates": [
          -6.2853511,
          53.3933067
        ]
      },
      "properties": {
        "osm_id": "w965411027",
        "name": "The Snuff box",
        "category": "supermarket",
        "subcategory": "shop=convenience",
        "lat": 53.3933067,
        "lon": -6.2853511,
        "admin_division": "",
        "county": "dublin"
      }
    },
    {
      "type": "Feature",
      "geometry": {
        "type": "Point",
        "coordinates": [
          -6.2852692,
          53.3932384
        ]
      },
      "properties": {
        "osm_id": "w965411028",
        "name": "Keogh's",
        "category": "supermarket",
        "subcategory": "shop=butcher",
        "lat": 53.3932384,
        "lon": -6.2852692,
        "admin_division": "",
        "county": "dublin"
      }
    },
    {
      "type": "Feature",
      "geometry": {
        "type": "Point",
        "coordinates": [
          -6.2851612,
          53.3932369
        ]
      },
      "properties": {
        "osm_id": "w965411029",
        "name": "Gala",
        "category": "supermarket",
        "subcategory": "shop=convenience",
        "lat": 53.3932369,
        "lon": -6.2851612,
        "admin_division": "Dublin",
        "county": "dublin"
      }
    },
    {
      "type": "Feature",
      "geometry": {
        "type": "Point",
        "coordinates": [
          -6.232696,
          53.3572489
        ]
      },
      "properties": {
        "osm_id": "w966563248",
        "name": "Spar Express",
        "category": "supermarket",
        "subcategory": "shop=convenience",
        "lat": 53.3572489,
        "lon": -6.232696,
        "admin_division": "Dublin",
        "county": "dublin"
      }
    },
    {
      "type": "Feature",
      "geometry": {
        "type": "Point",
        "coordinates": [
          -6.2351334,
          53.3551025
        ]
      },
      "properties": {
        "osm_id": "w967683931",
        "name": "East Wall Market",
        "category": "supermarket",
        "subcategory": "shop=convenience",
        "lat": 53.3551025,
        "lon": -6.2351334,
        "admin_division": "",
        "county": "dublin"
      }
    },
    {
      "type": "Feature",
      "geometry": {
        "type": "Point",
        "coordinates": [
          -6.2351787,
          53.3550264
        ]
      },
      "properties": {
        "osm_id": "w967683932",
        "name": "Curtis Family Butcher",
        "category": "supermarket",
        "subcategory": "shop=butcher",
        "lat": 53.3550264,
        "lon": -6.2351787,
        "admin_division": "",
        "county": "dublin"
      }
    },
    {
      "type": "Feature",
      "geometry": {
        "type": "Point",
        "coordinates": [
          -6.2427538,
          53.3610122
        ]
      },
      "properties": {
        "osm_id": "w968215886",
        "name": "Ballybough Stores",
        "category": "supermarket",
        "subcategory": "shop=convenience",
        "lat": 53.3610122,
        "lon": -6.2427538,
        "admin_division": "Dublin",
        "county": "dublin"
      }
    },
    {
      "type": "Feature",
      "geometry": {
        "type": "Point",
        "coordinates": [
          -6.2450909,
          53.3594411
        ]
      },
      "properties": {
        "osm_id": "w969938175",
        "name": "Ward's",
        "category": "supermarket",
        "subcategory": "shop=butcher",
        "lat": 53.3594411,
        "lon": -6.2450909,
        "admin_division": "",
        "county": "dublin"
      }
    },
    {
      "type": "Feature",
      "geometry": {
        "type": "Point",
        "coordinates": [
          -6.2451553,
          53.3594023
        ]
      },
      "properties": {
        "osm_id": "w969938176",
        "name": "Day Today",
        "category": "supermarket",
        "subcategory": "shop=convenience",
        "lat": 53.3594023,
        "lon": -6.2451553,
        "admin_division": "",
        "county": "dublin"
      }
    },
    {
      "type": "Feature",
      "geometry": {
        "type": "Point",
        "coordinates": [
          -6.2661898,
          53.3604261
        ]
      },
      "properties": {
        "osm_id": "w971174824",
        "name": "Ormsby's",
        "category": "supermarket",
        "subcategory": "shop=convenience",
        "lat": 53.3604261,
        "lon": -6.2661898,
        "admin_division": "",
        "county": "dublin"
      }
    },
    {
      "type": "Feature",
      "geometry": {
        "type": "Point",
        "coordinates": [
          -6.2927858,
          53.3670186
        ]
      },
      "properties": {
        "osm_id": "w971275799",
        "name": "Clarkes Family Butchers",
        "category": "supermarket",
        "subcategory": "shop=butcher",
        "lat": 53.3670186,
        "lon": -6.2927858,
        "admin_division": "Dublin",
        "county": "dublin"
      }
    },
    {
      "type": "Feature",
      "geometry": {
        "type": "Point",
        "coordinates": [
          -6.271933,
          53.3622689
        ]
      },
      "properties": {
        "osm_id": "w972046297",
        "name": "Thunder's Bakery",
        "category": "supermarket",
        "subcategory": "shop=bakery",
        "lat": 53.3622689,
        "lon": -6.271933,
        "admin_division": "",
        "county": "dublin"
      }
    },
    {
      "type": "Feature",
      "geometry": {
        "type": "Point",
        "coordinates": [
          -6.2720196,
          53.360944
        ]
      },
      "properties": {
        "osm_id": "w972053537",
        "name": "Spar",
        "category": "supermarket",
        "subcategory": "shop=convenience",
        "lat": 53.360944,
        "lon": -6.2720196,
        "admin_division": "Dublin",
        "county": "dublin"
      }
    },
    {
      "type": "Feature",
      "geometry": {
        "type": "Point",
        "coordinates": [
          -6.2988885,
          53.3675123
        ]
      },
      "properties": {
        "osm_id": "w972957086",
        "name": "Centra",
        "category": "supermarket",
        "subcategory": "shop=convenience",
        "lat": 53.3675123,
        "lon": -6.2988885,
        "admin_division": "Dublin",
        "county": "dublin"
      }
    },
    {
      "type": "Feature",
      "geometry": {
        "type": "Point",
        "coordinates": [
          -6.2934588,
          53.367099
        ]
      },
      "properties": {
        "osm_id": "w973141967",
        "name": "Costcutter",
        "category": "supermarket",
        "subcategory": "shop=convenience",
        "lat": 53.367099,
        "lon": -6.2934588,
        "admin_division": "Dublin",
        "county": "dublin"
      }
    },
    {
      "type": "Feature",
      "geometry": {
        "type": "Point",
        "coordinates": [
          -6.2937893,
          53.3671547
        ]
      },
      "properties": {
        "osm_id": "w973141977",
        "name": "O'Rourke's Butchers",
        "category": "supermarket",
        "subcategory": "shop=butcher",
        "lat": 53.3671547,
        "lon": -6.2937893,
        "admin_division": "Dublin",
        "county": "dublin"
      }
    },
    {
      "type": "Feature",
      "geometry": {
        "type": "Point",
        "coordinates": [
          -6.2939415,
          53.3672129
        ]
      },
      "properties": {
        "osm_id": "w973141978",
        "name": "Londis",
        "category": "supermarket",
        "subcategory": "shop=convenience",
        "lat": 53.3672129,
        "lon": -6.2939415,
        "admin_division": "Dublin",
        "county": "dublin"
      }
    },
    {
      "type": "Feature",
      "geometry": {
        "type": "Point",
        "coordinates": [
          -6.2928589,
          53.3546721
        ]
      },
      "properties": {
        "osm_id": "w973232368",
        "name": "The Mascot",
        "category": "supermarket",
        "subcategory": "shop=convenience",
        "lat": 53.3546721,
        "lon": -6.2928589,
        "admin_division": "Dublin",
        "county": "dublin"
      }
    },
    {
      "type": "Feature",
      "geometry": {
        "type": "Point",
        "coordinates": [
          -6.2981526,
          53.3523624
        ]
      },
      "properties": {
        "osm_id": "w973344615",
        "name": "Day-Today",
        "category": "supermarket",
        "subcategory": "shop=convenience",
        "lat": 53.3523624,
        "lon": -6.2981526,
        "admin_division": "",
        "county": "dublin"
      }
    },
    {
      "type": "Feature",
      "geometry": {
        "type": "Point",
        "coordinates": [
          -6.2544157,
          53.3579047
        ]
      },
      "properties": {
        "osm_id": "w974480588",
        "name": "Benny's XL Stop & Shop",
        "category": "supermarket",
        "subcategory": "shop=convenience",
        "lat": 53.3579047,
        "lon": -6.2544157,
        "admin_division": "",
        "county": "dublin"
      }
    },
    {
      "type": "Feature",
      "geometry": {
        "type": "Point",
        "coordinates": [
          -6.2388245,
          53.3709415
        ]
      },
      "properties": {
        "osm_id": "w975311026",
        "name": "Larry's Marino Fair",
        "category": "supermarket",
        "subcategory": "shop=butcher",
        "lat": 53.3709415,
        "lon": -6.2388245,
        "admin_division": "Dublin",
        "county": "dublin"
      }
    },
    {
      "type": "Feature",
      "geometry": {
        "type": "Point",
        "coordinates": [
          -6.2389683,
          53.3707049
        ]
      },
      "properties": {
        "osm_id": "w975311030",
        "name": "Donnelly's Bakery",
        "category": "supermarket",
        "subcategory": "shop=bakery",
        "lat": 53.3707049,
        "lon": -6.2389683,
        "admin_division": "Dublin",
        "county": "dublin"
      }
    },
    {
      "type": "Feature",
      "geometry": {
        "type": "Point",
        "coordinates": [
          -6.248399,
          53.3574172
        ]
      },
      "properties": {
        "osm_id": "w976106754",
        "name": "Spar",
        "category": "supermarket",
        "subcategory": "shop=convenience",
        "lat": 53.3574172,
        "lon": -6.248399,
        "admin_division": "Dublin",
        "county": "dublin"
      }
    },
    {
      "type": "Feature",
      "geometry": {
        "type": "Point",
        "coordinates": [
          -6.2723371,
          53.3622914
        ]
      },
      "properties": {
        "osm_id": "w983115826",
        "name": "eastore",
        "category": "supermarket",
        "subcategory": "shop=supermarket",
        "lat": 53.3622914,
        "lon": -6.2723371,
        "admin_division": "",
        "county": "dublin"
      }
    },
    {
      "type": "Feature",
      "geometry": {
        "type": "Point",
        "coordinates": [
          -6.227255,
          53.3675173
        ]
      },
      "properties": {
        "osm_id": "w986938184",
        "name": "Costcutter",
        "category": "supermarket",
        "subcategory": "shop=convenience",
        "lat": 53.3675173,
        "lon": -6.227255,
        "admin_division": "",
        "county": "dublin"
      }
    },
    {
      "type": "Feature",
      "geometry": {
        "type": "Point",
        "coordinates": [
          -6.3240124,
          53.3708106
        ]
      },
      "properties": {
        "osm_id": "w989064784",
        "name": "Spar",
        "category": "supermarket",
        "subcategory": "shop=convenience",
        "lat": 53.3708106,
        "lon": -6.3240124,
        "admin_division": "Dublin",
        "county": "dublin"
      }
    },
    {
      "type": "Feature",
      "geometry": {
        "type": "Point",
        "coordinates": [
          -6.104446,
          53.2776169
        ]
      },
      "properties": {
        "osm_id": "w1002067885",
        "name": "Artybaker",
        "category": "supermarket",
        "subcategory": "shop=bakery",
        "lat": 53.2776169,
        "lon": -6.104446,
        "admin_division": "Dalkey",
        "county": "dublin"
      }
    },
    {
      "type": "Feature",
      "geometry": {
        "type": "Point",
        "coordinates": [
          -6.2594069,
          53.2951774
        ]
      },
      "properties": {
        "osm_id": "w1010338883",
        "name": "Robbie's Greengrocer & Food Store",
        "category": "supermarket",
        "subcategory": "shop=greengrocer",
        "lat": 53.2951774,
        "lon": -6.2594069,
        "admin_division": "Churchtown",
        "county": "dublin"
      }
    },
    {
      "type": "Feature",
      "geometry": {
        "type": "Point",
        "coordinates": [
          -6.2723556,
          53.3954641
        ]
      },
      "properties": {
        "osm_id": "w1020088005",
        "name": "Centra",
        "category": "supermarket",
        "subcategory": "shop=convenience",
        "lat": 53.3954641,
        "lon": -6.2723556,
        "admin_division": "Dublin",
        "county": "dublin"
      }
    },
    {
      "type": "Feature",
      "geometry": {
        "type": "Point",
        "coordinates": [
          -6.1783335,
          53.37656
        ]
      },
      "properties": {
        "osm_id": "w1040650582",
        "name": "Mace",
        "category": "supermarket",
        "subcategory": "shop=convenience",
        "lat": 53.37656,
        "lon": -6.1783335,
        "admin_division": "Dublin",
        "county": "dublin"
      }
    },
    {
      "type": "Feature",
      "geometry": {
        "type": "Point",
        "coordinates": [
          -6.2396831,
          53.3651627
        ]
      },
      "properties": {
        "osm_id": "w1041978455",
        "name": "Spar",
        "category": "supermarket",
        "subcategory": "shop=convenience",
        "lat": 53.3651627,
        "lon": -6.2396831,
        "admin_division": "Dublin",
        "county": "dublin"
      }
    },
    {
      "type": "Feature",
      "geometry": {
        "type": "Point",
        "coordinates": [
          -6.184051,
          53.3650543
        ]
      },
      "properties": {
        "osm_id": "w1050698603",
        "name": "McKenna's Meats",
        "category": "supermarket",
        "subcategory": "shop=butcher",
        "lat": 53.3650543,
        "lon": -6.184051,
        "admin_division": "",
        "county": "dublin"
      }
    },
    {
      "type": "Feature",
      "geometry": {
        "type": "Point",
        "coordinates": [
          -6.1710214,
          53.3999625
        ]
      },
      "properties": {
        "osm_id": "w1061196271",
        "name": "Spar",
        "category": "supermarket",
        "subcategory": "shop=convenience",
        "lat": 53.3999625,
        "lon": -6.1710214,
        "admin_division": "Dublin",
        "county": "dublin"
      }
    },
    {
      "type": "Feature",
      "geometry": {
        "type": "Point",
        "coordinates": [
          -6.2599334,
          53.3606806
        ]
      },
      "properties": {
        "osm_id": "w1074353190",
        "name": "Brady's",
        "category": "supermarket",
        "subcategory": "shop=butcher",
        "lat": 53.3606806,
        "lon": -6.2599334,
        "admin_division": "",
        "county": "dublin"
      }
    },
    {
      "type": "Feature",
      "geometry": {
        "type": "Point",
        "coordinates": [
          -6.2653498,
          53.3475214
        ]
      },
      "properties": {
        "osm_id": "w1099371422",
        "name": "Spar",
        "category": "supermarket",
        "subcategory": "shop=convenience",
        "lat": 53.3475214,
        "lon": -6.2653498,
        "admin_division": "Dublin",
        "county": "dublin"
      }
    },
    {
      "type": "Feature",
      "geometry": {
        "type": "Point",
        "coordinates": [
          -6.3827293,
          53.5674208
        ]
      },
      "properties": {
        "osm_id": "w1123650847",
        "name": "Daybreak",
        "category": "supermarket",
        "subcategory": "shop=convenience",
        "lat": 53.5674208,
        "lon": -6.3827293,
        "admin_division": "",
        "county": "dublin"
      }
    },
    {
      "type": "Feature",
      "geometry": {
        "type": "Point",
        "coordinates": [
          -6.3878683,
          53.3925436
        ]
      },
      "properties": {
        "osm_id": "w1124889261",
        "name": "Aldi",
        "category": "supermarket",
        "subcategory": "shop=supermarket",
        "lat": 53.3925436,
        "lon": -6.3878683,
        "admin_division": "Blanchardstown",
        "county": "dublin"
      }
    },
    {
      "type": "Feature",
      "geometry": {
        "type": "Point",
        "coordinates": [
          -6.1601653,
          53.525094
        ]
      },
      "properties": {
        "osm_id": "w1130608768",
        "name": "Lidl",
        "category": "supermarket",
        "subcategory": "shop=supermarket",
        "lat": 53.525094,
        "lon": -6.1601653,
        "admin_division": "Lusk",
        "county": "dublin"
      }
    },
    {
      "type": "Feature",
      "geometry": {
        "type": "Point",
        "coordinates": [
          -6.1774099,
          53.6062991
        ]
      },
      "properties": {
        "osm_id": "w1171752242",
        "name": "Costcutter",
        "category": "supermarket",
        "subcategory": "shop=supermarket",
        "lat": 53.6062991,
        "lon": -6.1774099,
        "admin_division": "",
        "county": "dublin"
      }
    },
    {
      "type": "Feature",
      "geometry": {
        "type": "Point",
        "coordinates": [
          -6.3064483,
          53.4168052
        ]
      },
      "properties": {
        "osm_id": "w1172028785",
        "name": "Applegreen",
        "category": "supermarket",
        "subcategory": "shop=convenience",
        "lat": 53.4168052,
        "lon": -6.3064483,
        "admin_division": "",
        "county": "dublin"
      }
    },
    {
      "type": "Feature",
      "geometry": {
        "type": "Point",
        "coordinates": [
          -6.4968137,
          53.2985212
        ]
      },
      "properties": {
        "osm_id": "w1184513551",
        "name": "SuperValu",
        "category": "supermarket",
        "subcategory": "shop=supermarket",
        "lat": 53.2985212,
        "lon": -6.4968137,
        "admin_division": "Newcastle",
        "county": "dublin"
      }
    },
    {
      "type": "Feature",
      "geometry": {
        "type": "Point",
        "coordinates": [
          -6.2832938,
          53.2892586
        ]
      },
      "properties": {
        "osm_id": "w1197068815",
        "name": "Centra",
        "category": "supermarket",
        "subcategory": "shop=convenience",
        "lat": 53.2892586,
        "lon": -6.2832938,
        "admin_division": "Rathfarnhma",
        "county": "dublin"
      }
    },
    {
      "type": "Feature",
      "geometry": {
        "type": "Point",
        "coordinates": [
          -6.1941403,
          53.5010621
        ]
      },
      "properties": {
        "osm_id": "w1230114330",
        "name": "Spar",
        "category": "supermarket",
        "subcategory": "shop=convenience",
        "lat": 53.5010621,
        "lon": -6.1941403,
        "admin_division": "",
        "county": "dublin"
      }
    },
    {
      "type": "Feature",
      "geometry": {
        "type": "Point",
        "coordinates": [
          -6.1086678,
          53.5802942
        ]
      },
      "properties": {
        "osm_id": "w1230197673",
        "name": "Price Cutter",
        "category": "supermarket",
        "subcategory": "shop=convenience",
        "lat": 53.5802942,
        "lon": -6.1086678,
        "admin_division": "Skerries",
        "county": "dublin"
      }
    },
    {
      "type": "Feature",
      "geometry": {
        "type": "Point",
        "coordinates": [
          -6.352047,
          53.459349
        ]
      },
      "properties": {
        "osm_id": "w1230716220",
        "name": "Spar",
        "category": "supermarket",
        "subcategory": "shop=convenience",
        "lat": 53.459349,
        "lon": -6.352047,
        "admin_division": "Coolquay",
        "county": "dublin"
      }
    },
    {
      "type": "Feature",
      "geometry": {
        "type": "Point",
        "coordinates": [
          -6.09816,
          53.5230105
        ]
      },
      "properties": {
        "osm_id": "w1232183298",
        "name": "XL",
        "category": "supermarket",
        "subcategory": "shop=convenience",
        "lat": 53.5230105,
        "lon": -6.09816,
        "admin_division": "Rush",
        "county": "dublin"
      }
    },
    {
      "type": "Feature",
      "geometry": {
        "type": "Point",
        "coordinates": [
          -6.3972822,
          53.3446833
        ]
      },
      "properties": {
        "osm_id": "w1281253554",
        "name": "TJ's Butcher",
        "category": "supermarket",
        "subcategory": "shop=butcher",
        "lat": 53.3446833,
        "lon": -6.3972822,
        "admin_division": "",
        "county": "dublin"
      }
    },
    {
      "type": "Feature",
      "geometry": {
        "type": "Point",
        "coordinates": [
          -6.405039,
          53.3902145
        ]
      },
      "properties": {
        "osm_id": "w1287225407",
        "name": "Polonez",
        "category": "supermarket",
        "subcategory": "shop=supermarket",
        "lat": 53.3902145,
        "lon": -6.405039,
        "admin_division": "Dublin",
        "county": "dublin"
      }
    },
    {
      "type": "Feature",
      "geometry": {
        "type": "Point",
        "coordinates": [
          -6.405443,
          53.3904673
        ]
      },
      "properties": {
        "osm_id": "w1287225408",
        "name": "Tesco",
        "category": "supermarket",
        "subcategory": "shop=supermarket",
        "lat": 53.3904673,
        "lon": -6.405443,
        "admin_division": "Dublin",
        "county": "dublin"
      }
    },
    {
      "type": "Feature",
      "geometry": {
        "type": "Point",
        "coordinates": [
          -6.3156318,
          53.2728259
        ]
      },
      "properties": {
        "osm_id": "w1293538212",
        "name": "Tesco",
        "category": "supermarket",
        "subcategory": "shop=supermarket",
        "lat": 53.2728259,
        "lon": -6.3156318,
        "admin_division": "",
        "county": "dublin"
      }
    },
    {
      "type": "Feature",
      "geometry": {
        "type": "Point",
        "coordinates": [
          -6.4062416,
          53.3483779
        ]
      },
      "properties": {
        "osm_id": "w1299138288",
        "name": "Circle K",
        "category": "supermarket",
        "subcategory": "shop=convenience",
        "lat": 53.3483779,
        "lon": -6.4062416,
        "admin_division": "",
        "county": "dublin"
      }
    },
    {
      "type": "Feature",
      "geometry": {
        "type": "Point",
        "coordinates": [
          -6.5028383,
          53.2987169
        ]
      },
      "properties": {
        "osm_id": "w1312244651",
        "name": "Lidl",
        "category": "supermarket",
        "subcategory": "shop=supermarket",
        "lat": 53.2987169,
        "lon": -6.5028383,
        "admin_division": "Newcastle",
        "county": "dublin"
      }
    },
    {
      "type": "Feature",
      "geometry": {
        "type": "Point",
        "coordinates": [
          -6.2132774,
          53.3852956
        ]
      },
      "properties": {
        "osm_id": "w1343588957",
        "name": "Polozez",
        "category": "supermarket",
        "subcategory": "shop=supermarket",
        "lat": 53.3852956,
        "lon": -6.2132774,
        "admin_division": "",
        "county": "dublin"
      }
    },
    {
      "type": "Feature",
      "geometry": {
        "type": "Point",
        "coordinates": [
          -6.1527897,
          53.4510027
        ]
      },
      "properties": {
        "osm_id": "w1352202358",
        "name": "Kerrigans",
        "category": "supermarket",
        "subcategory": "shop=butcher",
        "lat": 53.4510027,
        "lon": -6.1527897,
        "admin_division": "",
        "county": "dublin"
      }
    },
    {
      "type": "Feature",
      "geometry": {
        "type": "Point",
        "coordinates": [
          -6.2217548,
          53.4588349
        ]
      },
      "properties": {
        "osm_id": "w1367862394",
        "name": "Fruit4U",
        "category": "supermarket",
        "subcategory": "shop=greengrocer",
        "lat": 53.4588349,
        "lon": -6.2217548,
        "admin_division": "Swords",
        "county": "dublin"
      }
    },
    {
      "type": "Feature",
      "geometry": {
        "type": "Point",
        "coordinates": [
          -6.2203084,
          53.4580451
        ]
      },
      "properties": {
        "osm_id": "w1370309951",
        "name": "Swords Fair",
        "category": "supermarket",
        "subcategory": "shop=convenience",
        "lat": 53.4580451,
        "lon": -6.2203084,
        "admin_division": "",
        "county": "dublin"
      }
    },
    {
      "type": "Feature",
      "geometry": {
        "type": "Point",
        "coordinates": [
          -6.220387,
          53.4576714
        ]
      },
      "properties": {
        "osm_id": "w1370352405",
        "name": "",
        "category": "supermarket",
        "subcategory": "shop=convenience",
        "lat": 53.4576714,
        "lon": -6.220387,
        "admin_division": "",
        "county": "dublin"
      }
    },
    {
      "type": "Feature",
      "geometry": {
        "type": "Point",
        "coordinates": [
          -6.4202422,
          53.3181178
        ]
      },
      "properties": {
        "osm_id": "w1429805715",
        "name": "Lidl",
        "category": "supermarket",
        "subcategory": "shop=supermarket",
        "lat": 53.3181178,
        "lon": -6.4202422,
        "admin_division": "",
        "county": "dublin"
      }
    },
    {
      "type": "Feature",
      "geometry": {
        "type": "Point",
        "coordinates": [
          -6.2999886,
          53.3146159
        ]
      },
      "properties": {
        "osm_id": "w1462070864",
        "name": "Crumbles Bakery",
        "category": "supermarket",
        "subcategory": "shop=bakery",
        "lat": 53.3146159,
        "lon": -6.2999886,
        "admin_division": "Dublin 12",
        "county": "dublin"
      }
    },
    {
      "type": "Feature",
      "geometry": {
        "type": "Point",
        "coordinates": [
          -6.2880572,
          53.3844453
        ]
      },
      "properties": {
        "osm_id": "w1499984389",
        "name": "Cost Price",
        "category": "supermarket",
        "subcategory": "shop=convenience",
        "lat": 53.3844453,
        "lon": -6.2880572,
        "admin_division": "",
        "county": "dublin"
      }
    },
    {
      "type": "Feature",
      "geometry": {
        "type": "Point",
        "coordinates": [
          -6.2616881,
          53.3441179
        ]
      },
      "properties": {
        "osm_id": "r3375612",
        "name": "Tesco Express",
        "category": "supermarket",
        "subcategory": "shop=convenience",
        "lat": 53.3441179,
        "lon": -6.2616881,
        "admin_division": "Dublin",
        "county": "dublin"
      }
    },
    {
      "type": "Feature",
      "geometry": {
        "type": "Point",
        "coordinates": [
          -6.15355,
          53.4519138
        ]
      },
      "properties": {
        "osm_id": "r20366265",
        "name": "Donnybrook Fair",
        "category": "supermarket",
        "subcategory": "shop=supermarket",
        "lat": 53.4519138,
        "lon": -6.15355,
        "admin_division": "Malahide",
        "county": "dublin"
      }
    }
  ]
}