{
  "type": "FeatureCollection",
  "features": [
    {
      "type": "Feature",
      "geometry": {
        "type": "Point",
        "coordinates": [
          -6.3772169,
          53.3776795
        ]
      },
      "properties": {
        "osm_id": "n133511176",
        "name": "Domino's",
        "category": "fast_food",
        "subcategory": "amenity=fast_food",
        "lat": 53.3776795,
        "lon": -6.3772169,
        "admin_division": "",
        "county": "dublin"
      }
    },
    {
      "type": "Feature",
      "geometry": {
        "type": "Point",
        "coordinates": [
          -6.4223509,
          53.3477773
        ]
      },
      "properties": {
        "osm_id": "n263367701",
        "name": "Roma Takeaway",
        "category": "fast_food",
        "subcategory": "amenity=fast_food",
        "lat": 53.3477773,
        "lon": -6.4223509,
        "admin_division": "Lucan",
        "county": "dublin"
      }
    },
    {
      "type": "Feature",
      "geometry": {
        "type": "Point",
        "coordinates": [
          -6.4220274,
          53.3475319
        ]
      },
      "properties": {
        "osm_id": "n263367917",
        "name": "Regal Fare",
        "category": "fast_food",
        "subcategory": "amenity=fast_food",
        "lat": 53.3475319,
        "lon": -6.4220274,
        "admin_division": "",
        "county": "dublin"
      }
    },
    {
      "type": "Feature",
      "geometry": {
        "type": "Point",
        "coordinates": [
          -6.2601744,
          53.3505366
        ]
      },
      "properties": {
        "osm_id": "n279912237",
        "name": "Burger King",
        "category": "fast_food",
        "subcategory": "amenity=fast_food",
        "lat": 53.3505366,
        "lon": -6.2601744,
        "admin_division": "Dublin",
        "county": "dublin"
      }
    },
    {
      "type": "Feature",
      "geometry": {
        "type": "Point",
        "coordinates": [
          -6.2986591,
          53.3614673
        ]
      },
      "properties": {
        "osm_id": "n281260257",
        "name": "McDonald's",
        "category": "fast_food",
        "subcategory": "amenity=fast_food",
        "lat": 53.3614673,
        "lon": -6.2986591,
        "admin_division": "",
        "county": "dublin"
      }
    },
    {
      "type": "Feature",
      "geometry": {
        "type": "Point",
        "coordinates": [
          -6.1242145,
          53.2307131
        ]
      },
      "properties": {
        "osm_id": "n311197860",
        "name": "Bernardos",
        "category": "fast_food",
        "subcategory": "amenity=fast_food",
        "lat": 53.2307131,
        "lon": -6.1242145,
        "admin_division": "",
        "county": "dublin"
      }
    },
    {
      "type": "Feature",
      "geometry": {
        "type": "Point",
        "coordinates": [
          -6.2548022,
          53.3253828
        ]
      },
      "properties": {
        "osm_id": "n311991924",
        "name": "Diep At Home",
        "category": "fast_food",
        "subcategory": "amenity=fast_food",
        "lat": 53.3253828,
        "lon": -6.2548022,
        "admin_division": "Dublin",
        "county": "dublin"
      }
    },
    {
      "type": "Feature",
      "geometry": {
        "type": "Point",
        "coordinates": [
          -6.3706985,
          53.3558553
        ]
      },
      "properties": {
        "osm_id": "n325762136",
        "name": "Roma",
        "category": "fast_food",
        "subcategory": "amenity=fast_food",
        "lat": 53.3558553,
        "lon": -6.3706985,
        "admin_division": "",
        "county": "dublin"
      }
    },
    {
      "type": "Feature",
      "geometry": {
        "type": "Point",
        "coordinates": [
          -6.3145209,
          53.3397338
        ]
      },
      "properties": {
        "osm_id": "n335556524",
        "name": "Red Chilli Chinese Takeaway",
        "category": "fast_food",
        "subcategory": "amenity=fast_food",
        "lat": 53.3397338,
        "lon": -6.3145209,
        "admin_division": "Dublin",
        "county": "dublin"
      }
    },
    {
      "type": "Feature",
      "geometry": {
        "type": "Point",
        "coordinates": [
          -6.3141848,
          53.3405884
        ]
      },
      "properties": {
        "osm_id": "n337982102",
        "name": "Toni's",
        "category": "fast_food",
        "subcategory": "amenity=fast_food",
        "lat": 53.3405884,
        "lon": -6.3141848,
        "admin_division": "",
        "county": "dublin"
      }
    },
    {
      "type": "Feature",
      "geometry": {
        "type": "Point",
        "coordinates": [
          -6.3075146,
          53.3408492
        ]
      },
      "properties": {
        "osm_id": "n373218904",
        "name": "Newland",
        "category": "fast_food",
        "subcategory": "amenity=fast_food",
        "lat": 53.3408492,
        "lon": -6.3075146,
        "admin_division": "",
        "county": "dublin"
      }
    },
    {
      "type": "Feature",
      "geometry": {
        "type": "Point",
        "coordinates": [
          -6.2209517,
          53.4566162
        ]
      },
      "properties": {
        "osm_id": "n387490777",
        "name": "McDonald's",
        "category": "fast_food",
        "subcategory": "amenity=fast_food",
        "lat": 53.4566162,
        "lon": -6.2209517,
        "admin_division": "Swords",
        "county": "dublin"
      }
    },
    {
      "type": "Feature",
      "geometry": {
        "type": "Point",
        "coordinates": [
          -6.244311,
          53.3494051
        ]
      },
      "properties": {
        "osm_id": "n387501657",
        "name": "Quack'n Wok",
        "category": "fast_food",
        "subcategory": "amenity=fast_food",
        "lat": 53.3494051,
        "lon": -6.244311,
        "admin_division": "",
        "county": "dublin"
      }
    },
    {
      "type": "Feature",
      "geometry": {
        "type": "Point",
        "coordinates": [
          -6.2699751,
          53.3430266
        ]
      },
      "properties": {
        "osm_id": "n434153460",
        "name": "Leo Burdock's",
        "category": "fast_food",
        "subcategory": "amenity=fast_food",
        "lat": 53.3430266,
        "lon": -6.2699751,
        "admin_division": "Dublin",
        "county": "dublin"
      }
    },
    {
      "type": "Feature",
      "geometry": {
        "type": "Point",
        "coordinates": [
          -6.2312092,
          53.4708526
        ]
      },
      "properties": {
        "osm_id": "n444529270",
        "name": "Dora's Take Away",
        "category": "fast_food",
        "subcategory": "amenity=fast_food",
        "lat": 53.4708526,
        "lon": -6.2312092,
        "admin_division": "",
        "county": "dublin"
      }
    },
    {
      "type": "Feature",
      "geometry": {
        "type": "Point",
        "coordinates": [
          -6.2325276,
          53.4713419
        ]
      },
      "properties": {
        "osm_id": "n444539821",
        "name": "Taste One Street Food",
        "category": "fast_food",
        "subcategory": "amenity=fast_food",
        "lat": 53.4713419,
        "lon": -6.2325276,
        "admin_division": "",
        "county": "dublin"
      }
    },
    {
      "type": "Feature",
      "geometry": {
        "type": "Point",
        "coordinates": [
          -6.2235693,
          53.2763733
        ]
      },
      "properties": {
        "osm_id": "n445514366",
        "name": "Four Star Pizza",
        "category": "fast_food",
        "subcategory": "amenity=fast_food",
        "lat": 53.2763733,
        "lon": -6.2235693,
        "admin_division": "",
        "county": "dublin"
      }
    },
    {
      "type": "Feature",
      "geometry": {
        "type": "Point",
        "coordinates": [
          -6.2048144,
          53.3709176
        ]
      },
      "properties": {
        "osm_id": "n447882302",
        "name": "Lynch's Chips",
        "category": "fast_food",
        "subcategory": "amenity=fast_food",
        "lat": 53.3709176,
        "lon": -6.2048144,
        "admin_division": "",
        "county": "dublin"
      }
    },
    {
      "type": "Feature",
      "geometry": {
        "type": "Point",
        "coordinates": [
          -6.1803725,
          53.4554935
        ]
      },
      "properties": {
        "osm_id": "n456995791",
        "name": "Angelo's",
        "category": "fast_food",
        "subcategory": "amenity=fast_food",
        "lat": 53.4554935,
        "lon": -6.1803725,
        "admin_division": "Malahide",
        "county": "dublin"
      }
    },
    {
      "type": "Feature",
      "geometry": {
        "type": "Point",
        "coordinates": [
          -6.3404763,
          53.2815695
        ]
      },
      "properties": {
        "osm_id": "n458220908",
        "name": "Cinelli's",
        "category": "fast_food",
        "subcategory": "amenity=fast_food",
        "lat": 53.2815695,
        "lon": -6.3404763,
        "admin_division": "",
        "county": "dublin"
      }
    },
    {
      "type": "Feature",
      "geometry": {
        "type": "Point",
        "coordinates": [
          -6.3413936,
          53.2811984
        ]
      },
      "properties": {
        "osm_id": "n458220911",
        "name": "Coletti's",
        "category": "fast_food",
        "subcategory": "amenity=fast_food",
        "lat": 53.2811984,
        "lon": -6.3413936,
        "admin_division": "",
        "county": "dublin"
      }
    },
    {
      "type": "Feature",
      "geometry": {
        "type": "Point",
        "coordinates": [
          -6.2648971,
          53.3508005
        ]
      },
      "properties": {
        "osm_id": "n470326926",
        "name": "Burger King",
        "category": "fast_food",
        "subcategory": "amenity=fast_food",
        "lat": 53.3508005,
        "lon": -6.2648971,
        "admin_division": "",
        "county": "dublin"
      }
    },
    {
      "type": "Feature",
      "geometry": {
        "type": "Point",
        "coordinates": [
          -6.2644416,
          53.3509526
        ]
      },
      "properties": {
        "osm_id": "n470326932",
        "name": "McDonald's",
        "category": "fast_food",
        "subcategory": "amenity=fast_food",
        "lat": 53.3509526,
        "lon": -6.2644416,
        "admin_division": "Dublin",
        "county": "dublin"
      }
    },
    {
      "type": "Feature",
      "geometry": {
        "type": "Point",
        "coordinates": [
          -6.2269789,
          53.3083073
        ]
      },
      "properties": {
        "osm_id": "n470374171",
        "name": "The Grind",
        "category": "fast_food",
        "subcategory": "amenity=fast_food",
        "lat": 53.3083073,
        "lon": -6.2269789,
        "admin_division": "",
        "county": "dublin"
      }
    },
    {
      "type": "Feature",
      "geometry": {
        "type": "Point",
        "coordinates": [
          -6.1619104,
          53.2623215
        ]
      },
      "properties": {
        "osm_id": "n474736526",
        "name": "De Luxe",
        "category": "fast_food",
        "subcategory": "amenity=fast_food",
        "lat": 53.2623215,
        "lon": -6.1619104,
        "admin_division": "",
        "county": "dublin"
      }
    },
    {
      "type": "Feature",
      "geometry": {
        "type": "Point",
        "coordinates": [
          -6.3772661,
          53.3869841
        ]
      },
      "properties": {
        "osm_id": "n476814651",
        "name": "Romayo's Diner",
        "category": "fast_food",
        "subcategory": "amenity=fast_food",
        "lat": 53.3869841,
        "lon": -6.3772661,
        "admin_division": "",
        "county": "dublin"
      }
    },
    {
      "type": "Feature",
      "geometry": {
        "type": "Point",
        "coordinates": [
          -6.2375379,
          53.3221778
        ]
      },
      "properties": {
        "osm_id": "n479092665",
        "name": "Eddie Rocket's",
        "category": "fast_food",
        "subcategory": "amenity=fast_food",
        "lat": 53.3221778,
        "lon": -6.2375379,
        "admin_division": "Dublin",
        "county": "dublin"
      }
    },
    {
      "type": "Feature",
      "geometry": {
        "type": "Point",
        "coordinates": [
          -6.2371737,
          53.3225075
        ]
      },
      "properties": {
        "osm_id": "n479092701",
        "name": "Romayo's",
        "category": "fast_food",
        "subcategory": "amenity=fast_food",
        "lat": 53.3225075,
        "lon": -6.2371737,
        "admin_division": "Donnybrook",
        "county": "dublin"
      }
    },
    {
      "type": "Feature",
      "geometry": {
        "type": "Point",
        "coordinates": [
          -6.2673339,
          53.3448869
        ]
      },
      "properties": {
        "osm_id": "n479100377",
        "name": "Zaytoon",
        "category": "fast_food",
        "subcategory": "amenity=fast_food",
        "lat": 53.3448869,
        "lon": -6.2673339,
        "admin_division": "Dublin",
        "county": "dublin"
      }
    },
    {
      "type": "Feature",
      "geometry": {
        "type": "Point",
        "coordinates": [
          -6.1406286,
          53.3855662
        ]
      },
      "properties": {
        "osm_id": "n482102109",
        "name": "Apache Pizza",
        "category": "fast_food",
        "subcategory": "amenity=fast_food",
        "lat": 53.3855662,
        "lon": -6.1406286,
        "admin_division": "Sutton",
        "county": "dublin"
      }
    },
    {
      "type": "Feature",
      "geometry": {
        "type": "Point",
        "coordinates": [
          -6.1674506,
          53.3888404
        ]
      },
      "properties": {
        "osm_id": "n482112961",
        "name": "Di Angelos",
        "category": "fast_food",
        "subcategory": "amenity=fast_food",
        "lat": 53.3888404,
        "lon": -6.1674506,
        "admin_division": "",
        "county": "dublin"
      }
    },
    {
      "type": "Feature",
      "geometry": {
        "type": "Point",
        "coordinates": [
          -6.2312842,
          53.4619382
        ]
      },
      "properties": {
        "osm_id": "n482469178",
        "name": "Rathbeale Takeaway",
        "category": "fast_food",
        "subcategory": "amenity=fast_food",
        "lat": 53.4619382,
        "lon": -6.2312842,
        "admin_division": "",
        "county": "dublin"
      }
    },
    {
      "type": "Feature",
      "geometry": {
        "type": "Point",
        "coordinates": [
          -6.1645445,
          53.5254376
        ]
      },
      "properties": {
        "osm_id": "n486686657",
        "name": "Gino's Take Away",
        "category": "fast_food",
        "subcategory": "amenity=fast_food",
        "lat": 53.5254376,
        "lon": -6.1645445,
        "admin_division": "Lusk",
        "county": "dublin"
      }
    },
    {
      "type": "Feature",
      "geometry": {
        "type": "Point",
        "coordinates": [
          -6.2241272,
          53.2765478
        ]
      },
      "properties": {
        "osm_id": "n504983495",
        "name": "Chipper",
        "category": "fast_food",
        "subcategory": "amenity=fast_food",
        "lat": 53.2765478,
        "lon": -6.2241272,
        "admin_division": "",
        "county": "dublin"
      }
    },
    {
      "type": "Feature",
      "geometry": {
        "type": "Point",
        "coordinates": [
          -6.4463395,
          53.3588336
        ]
      },
      "properties": {
        "osm_id": "n506822875",
        "name": "East End",
        "category": "fast_food",
        "subcategory": "amenity=fast_food",
        "lat": 53.3588336,
        "lon": -6.4463395,
        "admin_division": "",
        "county": "dublin"
      }
    },
    {
      "type": "Feature",
      "geometry": {
        "type": "Point",
        "coordinates": [
          -6.4484966,
          53.3563147
        ]
      },
      "properties": {
        "osm_id": "n506823994",
        "name": "China Town",
        "category": "fast_food",
        "subcategory": "amenity=fast_food",
        "lat": 53.3563147,
        "lon": -6.4484966,
        "admin_division": "",
        "county": "dublin"
      }
    },
    {
      "type": "Feature",
      "geometry": {
        "type": "Point",
        "coordinates": [
          -6.449529,
          53.356332
        ]
      },
      "properties": {
        "osm_id": "n506824123",
        "name": "Rapeedo's",
        "category": "fast_food",
        "subcategory": "amenity=fast_food",
        "lat": 53.356332,
        "lon": -6.449529,
        "admin_division": "",
        "county": "dublin"
      }
    },
    {
      "type": "Feature",
      "geometry": {
        "type": "Point",
        "coordinates": [
          -6.4398015,
          53.3956352
        ]
      },
      "properties": {
        "osm_id": "n508503173",
        "name": "Domino's",
        "category": "fast_food",
        "subcategory": "amenity=fast_food",
        "lat": 53.3956352,
        "lon": -6.4398015,
        "admin_division": "",
        "county": "dublin"
      }
    },
    {
      "type": "Feature",
      "geometry": {
        "type": "Point",
        "coordinates": [
          -6.3894828,
          53.3888647
        ]
      },
      "properties": {
        "osm_id": "n508503555",
        "name": "Apache Pizza",
        "category": "fast_food",
        "subcategory": "amenity=fast_food",
        "lat": 53.3888647,
        "lon": -6.3894828,
        "admin_division": "",
        "county": "dublin"
      }
    },
    {
      "type": "Feature",
      "geometry": {
        "type": "Point",
        "coordinates": [
          -6.3079219,
          53.340775
        ]
      },
      "properties": {
        "osm_id": "n512550966",
        "name": "Four Star Pizza",
        "category": "fast_food",
        "subcategory": "amenity=fast_food",
        "lat": 53.340775,
        "lon": -6.3079219,
        "admin_division": "",
        "county": "dublin"
      }
    },
    {
      "type": "Feature",
      "geometry": {
        "type": "Point",
        "coordinates": [
          -6.4599892,
          53.3528127
        ]
      },
      "properties": {
        "osm_id": "n528235795",
        "name": "Domino's",
        "category": "fast_food",
        "subcategory": "amenity=fast_food",
        "lat": 53.3528127,
        "lon": -6.4599892,
        "admin_division": "",
        "county": "dublin"
      }
    },
    {
      "type": "Feature",
      "geometry": {
        "type": "Point",
        "coordinates": [
          -6.4529661,
          53.3486952
        ]
      },
      "properties": {
        "osm_id": "n528235829",
        "name": "McDonald's",
        "category": "fast_food",
        "subcategory": "amenity=fast_food",
        "lat": 53.3486952,
        "lon": -6.4529661,
        "admin_division": "",
        "county": "dublin"
      }
    },
    {
      "type": "Feature",
      "geometry": {
        "type": "Point",
        "coordinates": [
          -6.2556068,
          53.3251131
        ]
      },
      "properties": {
        "osm_id": "n543384723",
        "name": "Ranelagh Take Away",
        "category": "fast_food",
        "subcategory": "amenity=fast_food",
        "lat": 53.3251131,
        "lon": -6.2556068,
        "admin_division": "Dublin",
        "county": "dublin"
      }
    },
    {
      "type": "Feature",
      "geometry": {
        "type": "Point",
        "coordinates": [
          -6.266599,
          53.344278
        ]
      },
      "properties": {
        "osm_id": "n549665009",
        "name": "Eddie Rocket's",
        "category": "fast_food",
        "subcategory": "amenity=fast_food",
        "lat": 53.344278,
        "lon": -6.266599,
        "admin_division": "Dublin",
        "county": "dublin"
      }
    },
    {
      "type": "Feature",
      "geometry": {
        "type": "Point",
        "coordinates": [
          -6.2642498,
          53.3435547
        ]
      },
      "properties": {
        "osm_id": "n559854616",
        "name": "Charlie's Malay & Chinese Cafe",
        "category": "fast_food",
        "subcategory": "amenity=fast_food",
        "lat": 53.3435547,
        "lon": -6.2642498,
        "admin_division": "Dublin",
        "county": "dublin"
      }
    },
    {
      "type": "Feature",
      "geometry": {
        "type": "Point",
        "coordinates": [
          -6.2436143,
          53.3331323
        ]
      },
      "properties": {
        "osm_id": "n560079327",
        "name": "RongCheng",
        "category": "fast_food",
        "subcategory": "amenity=fast_food",
        "lat": 53.3331323,
        "lon": -6.2436143,
        "admin_division": "Dublin",
        "county": "dublin"
      }
    },
    {
      "type": "Feature",
      "geometry": {
        "type": "Point",
        "coordinates": [
          -6.1834444,
          53.6098712
        ]
      },
      "properties": {
        "osm_id": "n560623703",
        "name": "Deli Burger",
        "category": "fast_food",
        "subcategory": "amenity=fast_food",
        "lat": 53.6098712,
        "lon": -6.1834444,
        "admin_division": "",
        "county": "dublin"
      }
    },
    {
      "type": "Feature",
      "geometry": {
        "type": "Point",
        "coordinates": [
          -6.2652982,
          53.3236155
        ]
      },
      "properties": {
        "osm_id": "n563321029",
        "name": "McDonald's",
        "category": "fast_food",
        "subcategory": "amenity=fast_food",
        "lat": 53.3236155,
        "lon": -6.2652982,
        "admin_division": "",
        "county": "dublin"
      }
    },
    {
      "type": "Feature",
      "geometry": {
        "type": "Point",
        "coordinates": [
          -6.2553632,
          53.3253274
        ]
      },
      "properties": {
        "osm_id": "n564076277",
        "name": "Rasoi",
        "category": "fast_food",
        "subcategory": "amenity=fast_food",
        "lat": 53.3253274,
        "lon": -6.2553632,
        "admin_division": "Dublin",
        "county": "dublin"
      }
    },
    {
      "type": "Feature",
      "geometry": {
        "type": "Point",
        "coordinates": [
          -6.2557084,
          53.3258464
        ]
      },
      "properties": {
        "osm_id": "n564118853",
        "name": "Emerald Court",
        "category": "fast_food",
        "subcategory": "amenity=fast_food",
        "lat": 53.3258464,
        "lon": -6.2557084,
        "admin_division": "Dublin",
        "county": "dublin"
      }
    },
    {
      "type": "Feature",
      "geometry": {
        "type": "Point",
        "coordinates": [
          -6.2656197,
          53.3208079
        ]
      },
      "properties": {
        "osm_id": "n564453091",
        "name": "Green Italia",
        "category": "fast_food",
        "subcategory": "amenity=fast_food",
        "lat": 53.3208079,
        "lon": -6.2656197,
        "admin_division": "Dublin",
        "county": "dublin"
      }
    },
    {
      "type": "Feature",
      "geometry": {
        "type": "Point",
        "coordinates": [
          -6.2654202,
          53.3162668
        ]
      },
      "properties": {
        "osm_id": "n564926477",
        "name": "Apache",
        "category": "fast_food",
        "subcategory": "amenity=fast_food",
        "lat": 53.3162668,
        "lon": -6.2654202,
        "admin_division": "Dublin",
        "county": "dublin"
      }
    },
    {
      "type": "Feature",
      "geometry": {
        "type": "Point",
        "coordinates": [
          -6.2656467,
          53.3451234
        ]
      },
      "properties": {
        "osm_id": "n567747851",
        "name": "Charlie's II Oriental Express",
        "category": "fast_food",
        "subcategory": "amenity=fast_food",
        "lat": 53.3451234,
        "lon": -6.2656467,
        "admin_division": "Dublin",
        "county": "dublin"
      }
    },
    {
      "type": "Feature",
      "geometry": {
        "type": "Point",
        "coordinates": [
          -6.2320835,
          53.3302743
        ]
      },
      "properties": {
        "osm_id": "n576619738",
        "name": "Four Star Pizza",
        "category": "fast_food",
        "subcategory": "amenity=fast_food",
        "lat": 53.3302743,
        "lon": -6.2320835,
        "admin_division": "Dublin",
        "county": "dublin"
      }
    },
    {
      "type": "Feature",
      "geometry": {
        "type": "Point",
        "coordinates": [
          -6.1996251,
          53.2895286
        ]
      },
      "properties": {
        "osm_id": "n582827239",
        "name": "McDonald's",
        "category": "fast_food",
        "subcategory": "amenity=fast_food",
        "lat": 53.2895286,
        "lon": -6.1996251,
        "admin_division": "",
        "county": "dublin"
      }
    },
    {
      "type": "Feature",
      "geometry": {
        "type": "Point",
        "coordinates": [
          -6.1482889,
          53.2950808
        ]
      },
      "properties": {
        "osm_id": "n593844524",
        "name": "Shovelhead Pizza",
        "category": "fast_food",
        "subcategory": "amenity=fast_food",
        "lat": 53.2950808,
        "lon": -6.1482889,
        "admin_division": "Dún Laoghaire",
        "county": "dublin"
      }
    },
    {
      "type": "Feature",
      "geometry": {
        "type": "Point",
        "coordinates": [
          -6.1346085,
          53.2794745
        ]
      },
      "properties": {
        "osm_id": "n598552825",
        "name": "Bombay Pantry",
        "category": "fast_food",
        "subcategory": "amenity=fast_food",
        "lat": 53.2794745,
        "lon": -6.1346085,
        "admin_division": "Dún Laoghaire",
        "county": "dublin"
      }
    },
    {
      "type": "Feature",
      "geometry": {
        "type": "Point",
        "coordinates": [
          -6.1351109,
          53.2793365
        ]
      },
      "properties": {
        "osm_id": "n598552828",
        "name": "Domino's",
        "category": "fast_food",
        "subcategory": "amenity=fast_food",
        "lat": 53.2793365,
        "lon": -6.1351109,
        "admin_division": "Dún Laoghaire",
        "county": "dublin"
      }
    },
    {
      "type": "Feature",
      "geometry": {
        "type": "Point",
        "coordinates": [
          -6.2982488,
          53.3359987
        ]
      },
      "properties": {
        "osm_id": "n600915451",
        "name": "Amber Grill",
        "category": "fast_food",
        "subcategory": "amenity=fast_food",
        "lat": 53.3359987,
        "lon": -6.2982488,
        "admin_division": "",
        "county": "dublin"
      }
    },
    {
      "type": "Feature",
      "geometry": {
        "type": "Point",
        "coordinates": [
          -6.2746157,
          53.3323276
        ]
      },
      "properties": {
        "osm_id": "n612932047",
        "name": "Pinhead's Pizza",
        "category": "fast_food",
        "subcategory": "amenity=fast_food",
        "lat": 53.3323276,
        "lon": -6.2746157,
        "admin_division": "Dublin",
        "county": "dublin"
      }
    },
    {
      "type": "Feature",
      "geometry": {
        "type": "Point",
        "coordinates": [
          -6.2745379,
          53.3323159
        ]
      },
      "properties": {
        "osm_id": "n612932048",
        "name": "Vico's",
        "category": "fast_food",
        "subcategory": "amenity=fast_food",
        "lat": 53.3323159,
        "lon": -6.2745379,
        "admin_division": "Dublin",
        "county": "dublin"
      }
    },
    {
      "type": "Feature",
      "geometry": {
        "type": "Point",
        "coordinates": [
          -6.4525219,
          53.3483089
        ]
      },
      "properties": {
        "osm_id": "n633771928",
        "name": "O'Briens Sandwich Cafe",
        "category": "fast_food",
        "subcategory": "amenity=fast_food",
        "lat": 53.3483089,
        "lon": -6.4525219,
        "admin_division": "Lucan",
        "county": "dublin"
      }
    },
    {
      "type": "Feature",
      "geometry": {
        "type": "Point",
        "coordinates": [
          -6.2431773,
          53.3431333
        ]
      },
      "properties": {
        "osm_id": "n637038771",
        "name": "Apache Pizza",
        "category": "fast_food",
        "subcategory": "amenity=fast_food",
        "lat": 53.3431333,
        "lon": -6.2431773,
        "admin_division": "Dublin",
        "county": "dublin"
      }
    },
    {
      "type": "Feature",
      "geometry": {
        "type": "Point",
        "coordinates": [
          -6.1388273,
          53.244019
        ]
      },
      "properties": {
        "osm_id": "n646594929",
        "name": "Subway",
        "category": "fast_food",
        "subcategory": "amenity=fast_food",
        "lat": 53.244019,
        "lon": -6.1388273,
        "admin_division": "",
        "county": "dublin"
      }
    },
    {
      "type": "Feature",
      "geometry": {
        "type": "Point",
        "coordinates": [
          -6.2516494,
          53.3240898
        ]
      },
      "properties": {
        "osm_id": "n646867085",
        "name": "Four Star Pizza",
        "category": "fast_food",
        "subcategory": "amenity=fast_food",
        "lat": 53.3240898,
        "lon": -6.2516494,
        "admin_division": "Dublin",
        "county": "dublin"
      }
    },
    {
      "type": "Feature",
      "geometry": {
        "type": "Point",
        "coordinates": [
          -6.2653342,
          53.3365837
        ]
      },
      "properties": {
        "osm_id": "n646873523",
        "name": "Eddie Rocket's",
        "category": "fast_food",
        "subcategory": "amenity=fast_food",
        "lat": 53.3365837,
        "lon": -6.2653342,
        "admin_division": "Dublin",
        "county": "dublin"
      }
    },
    {
      "type": "Feature",
      "geometry": {
        "type": "Point",
        "coordinates": [
          -6.1219695,
          53.2867551
        ]
      },
      "properties": {
        "osm_id": "n648065926",
        "name": "Kingsland Chef",
        "category": "fast_food",
        "subcategory": "amenity=fast_food",
        "lat": 53.2867551,
        "lon": -6.1219695,
        "admin_division": "",
        "county": "dublin"
      }
    },
    {
      "type": "Feature",
      "geometry": {
        "type": "Point",
        "coordinates": [
          -6.1046906,
          53.277662
        ]
      },
      "properties": {
        "osm_id": "n648157543",
        "name": "Three Chips",
        "category": "fast_food",
        "subcategory": "amenity=fast_food",
        "lat": 53.277662,
        "lon": -6.1046906,
        "admin_division": "Dalkey",
        "county": "dublin"
      }
    },
    {
      "type": "Feature",
      "geometry": {
        "type": "Point",
        "coordinates": [
          -6.3773135,
          53.3776503
        ]
      },
      "properties": {
        "osm_id": "n651346622",
        "name": "Castleknock Kitchen",
        "category": "fast_food",
        "subcategory": "amenity=fast_food",
        "lat": 53.3776503,
        "lon": -6.3773135,
        "admin_division": "",
        "county": "dublin"
      }
    },
    {
      "type": "Feature",
      "geometry": {
        "type": "Point",
        "coordinates": [
          -6.2232104,
          53.3398195
        ]
      },
      "properties": {
        "osm_id": "n654055352",
        "name": "Canton House",
        "category": "fast_food",
        "subcategory": "amenity=fast_food",
        "lat": 53.3398195,
        "lon": -6.2232104,
        "admin_division": "",
        "county": "dublin"
      }
    },
    {
      "type": "Feature",
      "geometry": {
        "type": "Point",
        "coordinates": [
          -6.4652002,
          53.2816501
        ]
      },
      "properties": {
        "osm_id": "n656469236",
        "name": "Golden Valley Chinese Take Away",
        "category": "fast_food",
        "subcategory": "amenity=fast_food",
        "lat": 53.2816501,
        "lon": -6.4652002,
        "admin_division": "",
        "county": "dublin"
      }
    },
    {
      "type": "Feature",
      "geometry": {
        "type": "Point",
        "coordinates": [
          -6.135217,
          53.2918141
        ]
      },
      "properties": {
        "osm_id": "n658492172",
        "name": "Burger King",
        "category": "fast_food",
        "subcategory": "amenity=fast_food",
        "lat": 53.2918141,
        "lon": -6.135217,
        "admin_division": "Dún Laoghaire",
        "county": "dublin"
      }
    },
    {
      "type": "Feature",
      "geometry": {
        "type": "Point",
        "coordinates": [
          -6.1309232,
          53.2899723
        ]
      },
      "properties": {
        "osm_id": "n658492282",
        "name": "Four Star Pizza",
        "category": "fast_food",
        "subcategory": "amenity=fast_food",
        "lat": 53.2899723,
        "lon": -6.1309232,
        "admin_division": "Dún Laoghaire",
        "county": "dublin"
      }
    },
    {
      "type": "Feature",
      "geometry": {
        "type": "Point",
        "coordinates": [
          -6.1299811,
          53.2895689
        ]
      },
      "properties": {
        "osm_id": "n658492368",
        "name": "Legends of Dun Laoghaire",
        "category": "fast_food",
        "subcategory": "amenity=fast_food",
        "lat": 53.2895689,
        "lon": -6.1299811,
        "admin_division": "Dún Laoghaire",
        "county": "dublin"
      }
    },
    {
      "type": "Feature",
      "geometry": {
        "type": "Point",
        "coordinates": [
          -6.3976574,
          53.4028383
        ]
      },
      "properties": {
        "osm_id": "n658999921",
        "name": "Giulios Take Away",
        "category": "fast_food",
        "subcategory": "amenity=fast_food",
        "lat": 53.4028383,
        "lon": -6.3976574,
        "admin_division": "",
        "county": "dublin"
      }
    },
    {
      "type": "Feature",
      "geometry": {
        "type": "Point",
        "coordinates": [
          -6.1994632,
          53.2884445
        ]
      },
      "properties": {
        "osm_id": "n660459824",
        "name": "C. Aprile",
        "category": "fast_food",
        "subcategory": "amenity=fast_food",
        "lat": 53.2884445,
        "lon": -6.1994632,
        "admin_division": "",
        "county": "dublin"
      }
    },
    {
      "type": "Feature",
      "geometry": {
        "type": "Point",
        "coordinates": [
          -6.1979506,
          53.2886273
        ]
      },
      "properties": {
        "osm_id": "n660463967",
        "name": "Marvelot",
        "category": "fast_food",
        "subcategory": "amenity=fast_food",
        "lat": 53.2886273,
        "lon": -6.1979506,
        "admin_division": "Stillorgan",
        "county": "dublin"
      }
    },
    {
      "type": "Feature",
      "geometry": {
        "type": "Point",
        "coordinates": [
          -6.1975396,
          53.2884812
        ]
      },
      "properties": {
        "osm_id": "n660463972",
        "name": "Eskimo Pizza",
        "category": "fast_food",
        "subcategory": "amenity=fast_food",
        "lat": 53.2884812,
        "lon": -6.1975396,
        "admin_division": "Stillorgan",
        "county": "dublin"
      }
    },
    {
      "type": "Feature",
      "geometry": {
        "type": "Point",
        "coordinates": [
          -6.1772275,
          53.3014063
        ]
      },
      "properties": {
        "osm_id": "n662938519",
        "name": "Eddie Rocket's",
        "category": "fast_food",
        "subcategory": "amenity=fast_food",
        "lat": 53.3014063,
        "lon": -6.1772275,
        "admin_division": "Blackrock",
        "county": "dublin"
      }
    },
    {
      "type": "Feature",
      "geometry": {
        "type": "Point",
        "coordinates": [
          -6.1773813,
          53.3014922
        ]
      },
      "properties": {
        "osm_id": "n662938584",
        "name": "Supermac's",
        "category": "fast_food",
        "subcategory": "amenity=fast_food",
        "lat": 53.3014922,
        "lon": -6.1773813,
        "admin_division": "Blackrock",
        "county": "dublin"
      }
    },
    {
      "type": "Feature",
      "geometry": {
        "type": "Point",
        "coordinates": [
          -6.1768905,
          53.3009645
        ]
      },
      "properties": {
        "osm_id": "n662970903",
        "name": "Central",
        "category": "fast_food",
        "subcategory": "amenity=fast_food",
        "lat": 53.3009645,
        "lon": -6.1768905,
        "admin_division": "",
        "county": "dublin"
      }
    },
    {
      "type": "Feature",
      "geometry": {
        "type": "Point",
        "coordinates": [
          -6.2591066,
          53.3593978
        ]
      },
      "properties": {
        "osm_id": "n664810672",
        "name": "the point",
        "category": "fast_food",
        "subcategory": "amenity=fast_food",
        "lat": 53.3593978,
        "lon": -6.2591066,
        "admin_division": "",
        "county": "dublin"
      }
    },
    {
      "type": "Feature",
      "geometry": {
        "type": "Point",
        "coordinates": [
          -6.2794292,
          53.3228163
        ]
      },
      "properties": {
        "osm_id": "n665822808",
        "name": "Mizzoni's Pizza & Pasta Co.",
        "category": "fast_food",
        "subcategory": "amenity=fast_food",
        "lat": 53.3228163,
        "lon": -6.2794292,
        "admin_division": "",
        "county": "dublin"
      }
    },
    {
      "type": "Feature",
      "geometry": {
        "type": "Point",
        "coordinates": [
          -6.1378621,
          53.275221
        ]
      },
      "properties": {
        "osm_id": "n667886884",
        "name": "San Siro",
        "category": "fast_food",
        "subcategory": "amenity=fast_food",
        "lat": 53.275221,
        "lon": -6.1378621,
        "admin_division": "Sallynoggin",
        "county": "dublin"
      }
    },
    {
      "type": "Feature",
      "geometry": {
        "type": "Point",
        "coordinates": [
          -6.3911889,
          53.3920426
        ]
      },
      "properties": {
        "osm_id": "n676841912",
        "name": "Burger King",
        "category": "fast_food",
        "subcategory": "amenity=fast_food",
        "lat": 53.3920426,
        "lon": -6.3911889,
        "admin_division": "",
        "county": "dublin"
      }
    },
    {
      "type": "Feature",
      "geometry": {
        "type": "Point",
        "coordinates": [
          -6.3907973,
          53.3918123
        ]
      },
      "properties": {
        "osm_id": "n676841913",
        "name": "McDonald's",
        "category": "fast_food",
        "subcategory": "amenity=fast_food",
        "lat": 53.3918123,
        "lon": -6.3907973,
        "admin_division": "",
        "county": "dublin"
      }
    },
    {
      "type": "Feature",
      "geometry": {
        "type": "Point",
        "coordinates": [
          -6.3913552,
          53.3920426
        ]
      },
      "properties": {
        "osm_id": "n676841915",
        "name": "Eddie Rocket's",
        "category": "fast_food",
        "subcategory": "amenity=fast_food",
        "lat": 53.3920426,
        "lon": -6.3913552,
        "admin_division": "Blanchardstown",
        "county": "dublin"
      }
    },
    {
      "type": "Feature",
      "geometry": {
        "type": "Point",
        "coordinates": [
          -6.3919195,
          53.3920926
        ]
      },
      "properties": {
        "osm_id": "n676841916",
        "name": "Subway",
        "category": "fast_food",
        "subcategory": "amenity=fast_food",
        "lat": 53.3920926,
        "lon": -6.3919195,
        "admin_division": "",
        "county": "dublin"
      }
    },
    {
      "type": "Feature",
      "geometry": {
        "type": "Point",
        "coordinates": [
          -6.3904243,
          53.3532119
        ]
      },
      "properties": {
        "osm_id": "n681434277",
        "name": "McDonald's",
        "category": "fast_food",
        "subcategory": "amenity=fast_food",
        "lat": 53.3532119,
        "lon": -6.3904243,
        "admin_division": "",
        "county": "dublin"
      }
    },
    {
      "type": "Feature",
      "geometry": {
        "type": "Point",
        "coordinates": [
          -6.3904803,
          53.3532528
        ]
      },
      "properties": {
        "osm_id": "n681434278",
        "name": "KFC",
        "category": "fast_food",
        "subcategory": "amenity=fast_food",
        "lat": 53.3532528,
        "lon": -6.3904803,
        "admin_division": "",
        "county": "dublin"
      }
    },
    {
      "type": "Feature",
      "geometry": {
        "type": "Point",
        "coordinates": [
          -6.3908998,
          53.3531352
        ]
      },
      "properties": {
        "osm_id": "n681434971",
        "name": "Burger King",
        "category": "fast_food",
        "subcategory": "amenity=fast_food",
        "lat": 53.3531352,
        "lon": -6.3908998,
        "admin_division": "",
        "county": "dublin"
      }
    },
    {
      "type": "Feature",
      "geometry": {
        "type": "Point",
        "coordinates": [
          -6.3910393,
          53.3532441
        ]
      },
      "properties": {
        "osm_id": "n681441734",
        "name": "",
        "category": "fast_food",
        "subcategory": "amenity=fast_food",
        "lat": 53.3532441,
        "lon": -6.3910393,
        "admin_division": "",
        "county": "dublin"
      }
    },
    {
      "type": "Feature",
      "geometry": {
        "type": "Point",
        "coordinates": [
          -6.3925699,
          53.35255
        ]
      },
      "properties": {
        "osm_id": "n681446644",
        "name": "Eddie Rocket's",
        "category": "fast_food",
        "subcategory": "amenity=fast_food",
        "lat": 53.35255,
        "lon": -6.3925699,
        "admin_division": "",
        "county": "dublin"
      }
    },
    {
      "type": "Feature",
      "geometry": {
        "type": "Point",
        "coordinates": [
          -6.2371433,
          53.3051091
        ]
      },
      "properties": {
        "osm_id": "n683113608",
        "name": "Yumi Chinese Takeaway",
        "category": "fast_food",
        "subcategory": "amenity=fast_food",
        "lat": 53.3051091,
        "lon": -6.2371433,
        "admin_division": "",
        "county": "dublin"
      }
    },
    {
      "type": "Feature",
      "geometry": {
        "type": "Point",
        "coordinates": [
          -6.2333788,
          53.2973562
        ]
      },
      "properties": {
        "osm_id": "n683113613",
        "name": "HX46",
        "category": "fast_food",
        "subcategory": "amenity=fast_food",
        "lat": 53.2973562,
        "lon": -6.2333788,
        "admin_division": "",
        "county": "dublin"
      }
    },
    {
      "type": "Feature",
      "geometry": {
        "type": "Point",
        "coordinates": [
          -6.2382378,
          53.3140037
        ]
      },
      "properties": {
        "osm_id": "n683132038",
        "name": "Sunkist Chinese Takeaway",
        "category": "fast_food",
        "subcategory": "amenity=fast_food",
        "lat": 53.3140037,
        "lon": -6.2382378,
        "admin_division": "",
        "county": "dublin"
      }
    },
    {
      "type": "Feature",
      "geometry": {
        "type": "Point",
        "coordinates": [
          -6.2448688,
          53.3022382
        ]
      },
      "properties": {
        "osm_id": "n683132049",
        "name": "San Marino",
        "category": "fast_food",
        "subcategory": "amenity=fast_food",
        "lat": 53.3022382,
        "lon": -6.2448688,
        "admin_division": "",
        "county": "dublin"
      }
    },
    {
      "type": "Feature",
      "geometry": {
        "type": "Point",
        "coordinates": [
          -6.148192,
          53.4871964
        ]
      },
      "properties": {
        "osm_id": "n689479298",
        "name": "Donabate Chinese Takeaway",
        "category": "fast_food",
        "subcategory": "amenity=fast_food",
        "lat": 53.4871964,
        "lon": -6.148192,
        "admin_division": "Donabate",
        "county": "dublin"
      }
    },
    {
      "type": "Feature",
      "geometry": {
        "type": "Point",
        "coordinates": [
          -6.1485989,
          53.4870571
        ]
      },
      "properties": {
        "osm_id": "n689479334",
        "name": "New Indian Dinner & Pizza Express Delivery",
        "category": "fast_food",
        "subcategory": "amenity=fast_food",
        "lat": 53.4870571,
        "lon": -6.1485989,
        "admin_division": "Donabate",
        "county": "dublin"
      }
    },
    {
      "type": "Feature",
      "geometry": {
        "type": "Point",
        "coordinates": [
          -6.3539013,
          53.2760478
        ]
      },
      "properties": {
        "osm_id": "n727290291",
        "name": "Apache Tallaght",
        "category": "fast_food",
        "subcategory": "amenity=fast_food",
        "lat": 53.2760478,
        "lon": -6.3539013,
        "admin_division": "",
        "county": "dublin"
      }
    },
    {
      "type": "Feature",
      "geometry": {
        "type": "Point",
        "coordinates": [
          -6.3822588,
          53.3836566
        ]
      },
      "properties": {
        "osm_id": "n736884206",
        "name": "Four Star Pizza",
        "category": "fast_food",
        "subcategory": "amenity=fast_food",
        "lat": 53.3836566,
        "lon": -6.3822588,
        "admin_division": "",
        "county": "dublin"
      }
    },
    {
      "type": "Feature",
      "geometry": {
        "type": "Point",
        "coordinates": [
          -6.2649559,
          53.3349338
        ]
      },
      "properties": {
        "osm_id": "n739756785",
        "name": "Sprout",
        "category": "fast_food",
        "subcategory": "amenity=fast_food",
        "lat": 53.3349338,
        "lon": -6.2649559,
        "admin_division": "Dublin",
        "county": "dublin"
      }
    },
    {
      "type": "Feature",
      "geometry": {
        "type": "Point",
        "coordinates": [
          -6.296944,
          53.4018317
        ]
      },
      "properties": {
        "osm_id": "n739980983",
        "name": "Macari's",
        "category": "fast_food",
        "subcategory": "amenity=fast_food",
        "lat": 53.4018317,
        "lon": -6.296944,
        "admin_division": "Dublin",
        "county": "dublin"
      }
    },
    {
      "type": "Feature",
      "geometry": {
        "type": "Point",
        "coordinates": [
          -6.2566656,
          53.2878976
        ]
      },
      "properties": {
        "osm_id": "n760422942",
        "name": "Hong Kong Kitchen",
        "category": "fast_food",
        "subcategory": "amenity=fast_food",
        "lat": 53.2878976,
        "lon": -6.2566656,
        "admin_division": "",
        "county": "dublin"
      }
    },
    {
      "type": "Feature",
      "geometry": {
        "type": "Point",
        "coordinates": [
          -6.297875,
          53.3358992
        ]
      },
      "properties": {
        "osm_id": "n768231915",
        "name": "Rialto Malaysian Chinese Takeaway",
        "category": "fast_food",
        "subcategory": "amenity=fast_food",
        "lat": 53.3358992,
        "lon": -6.297875,
        "admin_division": "Dublin",
        "county": "dublin"
      }
    },
    {
      "type": "Feature",
      "geometry": {
        "type": "Point",
        "coordinates": [
          -6.319454,
          53.3393459
        ]
      },
      "properties": {
        "osm_id": "n769208497",
        "name": "Jamaal 5 in 1",
        "category": "fast_food",
        "subcategory": "amenity=fast_food",
        "lat": 53.3393459,
        "lon": -6.319454,
        "admin_division": "Dublin",
        "county": "dublin"
      }
    },
    {
      "type": "Feature",
      "geometry": {
        "type": "Point",
        "coordinates": [
          -6.2774009,
          53.3275442
        ]
      },
      "properties": {
        "osm_id": "n769881075",
        "name": "HX46",
        "category": "fast_food",
        "subcategory": "amenity=fast_food",
        "lat": 53.3275442,
        "lon": -6.2774009,
        "admin_division": "Dublin",
        "county": "dublin"
      }
    },
    {
      "type": "Feature",
      "geometry": {
        "type": "Point",
        "coordinates": [
          -6.2451656,
          53.4606235
        ]
      },
      "properties": {
        "osm_id": "n775278579",
        "name": "Imperial Takeaway",
        "category": "fast_food",
        "subcategory": "amenity=fast_food",
        "lat": 53.4606235,
        "lon": -6.2451656,
        "admin_division": "",
        "county": "dublin"
      }
    },
    {
      "type": "Feature",
      "geometry": {
        "type": "Point",
        "coordinates": [
          -6.2647629,
          53.3337882
        ]
      },
      "properties": {
        "osm_id": "n778690156",
        "name": "Toni's Diner",
        "category": "fast_food",
        "subcategory": "amenity=fast_food",
        "lat": 53.3337882,
        "lon": -6.2647629,
        "admin_division": "",
        "county": "dublin"
      }
    },
    {
      "type": "Feature",
      "geometry": {
        "type": "Point",
        "coordinates": [
          -6.2647355,
          53.3312494
        ]
      },
      "properties": {
        "osm_id": "n778699201",
        "name": "Aprile",
        "category": "fast_food",
        "subcategory": "amenity=fast_food",
        "lat": 53.3312494,
        "lon": -6.2647355,
        "admin_division": "",
        "county": "dublin"
      }
    },
    {
      "type": "Feature",
      "geometry": {
        "type": "Point",
        "coordinates": [
          -6.2646296,
          53.3308139
        ]
      },
      "properties": {
        "osm_id": "n778699204",
        "name": "Arepas Grill",
        "category": "fast_food",
        "subcategory": "amenity=fast_food",
        "lat": 53.3308139,
        "lon": -6.2646296,
        "admin_division": "Dublin",
        "county": "dublin"
      }
    },
    {
      "type": "Feature",
      "geometry": {
        "type": "Point",
        "coordinates": [
          -6.1637145,
          53.524897
        ]
      },
      "properties": {
        "osm_id": "n818885701",
        "name": "Lusk Chinese",
        "category": "fast_food",
        "subcategory": "amenity=fast_food",
        "lat": 53.524897,
        "lon": -6.1637145,
        "admin_division": "Lusk",
        "county": "dublin"
      }
    },
    {
      "type": "Feature",
      "geometry": {
        "type": "Point",
        "coordinates": [
          -6.2928085,
          53.3465166
        ]
      },
      "properties": {
        "osm_id": "n830659396",
        "name": "Jump Juice",
        "category": "fast_food",
        "subcategory": "amenity=fast_food",
        "lat": 53.3465166,
        "lon": -6.2928085,
        "admin_division": "",
        "county": "dublin"
      }
    },
    {
      "type": "Feature",
      "geometry": {
        "type": "Point",
        "coordinates": [
          -6.2927754,
          53.3463155
        ]
      },
      "properties": {
        "osm_id": "n830659411",
        "name": "Supermac's",
        "category": "fast_food",
        "subcategory": "amenity=fast_food",
        "lat": 53.3463155,
        "lon": -6.2927754,
        "admin_division": "Dublin",
        "county": "dublin"
      }
    },
    {
      "type": "Feature",
      "geometry": {
        "type": "Point",
        "coordinates": [
          -6.4621679,
          53.3518682
        ]
      },
      "properties": {
        "osm_id": "n836243658",
        "name": "The Tasty Chinese Take Away",
        "category": "fast_food",
        "subcategory": "amenity=fast_food",
        "lat": 53.3518682,
        "lon": -6.4621679,
        "admin_division": "",
        "county": "dublin"
      }
    },
    {
      "type": "Feature",
      "geometry": {
        "type": "Point",
        "coordinates": [
          -6.3169553,
          53.278495
        ]
      },
      "properties": {
        "osm_id": "n870020016",
        "name": "Chutni",
        "category": "fast_food",
        "subcategory": "amenity=fast_food",
        "lat": 53.278495,
        "lon": -6.3169553,
        "admin_division": "",
        "county": "dublin"
      }
    },
    {
      "type": "Feature",
      "geometry": {
        "type": "Point",
        "coordinates": [
          -6.3169787,
          53.2783821
        ]
      },
      "properties": {
        "osm_id": "n870020019",
        "name": "Lucky Star",
        "category": "fast_food",
        "subcategory": "amenity=fast_food",
        "lat": 53.2783821,
        "lon": -6.3169787,
        "admin_division": "",
        "county": "dublin"
      }
    },
    {
      "type": "Feature",
      "geometry": {
        "type": "Point",
        "coordinates": [
          -6.2699542,
          53.343511
        ]
      },
      "properties": {
        "osm_id": "n878117179",
        "name": "Mario's Takeaway",
        "category": "fast_food",
        "subcategory": "amenity=fast_food",
        "lat": 53.343511,
        "lon": -6.2699542,
        "admin_division": "Dublin",
        "county": "dublin"
      }
    },
    {
      "type": "Feature",
      "geometry": {
        "type": "Point",
        "coordinates": [
          -6.2646837,
          53.3430498
        ]
      },
      "properties": {
        "osm_id": "n880900094",
        "name": "Boojum",
        "category": "fast_food",
        "subcategory": "amenity=fast_food",
        "lat": 53.3430498,
        "lon": -6.2646837,
        "admin_division": "Dublin",
        "county": "dublin"
      }
    },
    {
      "type": "Feature",
      "geometry": {
        "type": "Point",
        "coordinates": [
          -6.0644676,
          53.3882071
        ]
      },
      "properties": {
        "osm_id": "n880923517",
        "name": "Caffe Caira",
        "category": "fast_food",
        "subcategory": "amenity=fast_food",
        "lat": 53.3882071,
        "lon": -6.0644676,
        "admin_division": "",
        "county": "dublin"
      }
    },
    {
      "type": "Feature",
      "geometry": {
        "type": "Point",
        "coordinates": [
          -6.2924475,
          53.3344576
        ]
      },
      "properties": {
        "osm_id": "n882301529",
        "name": "Gino's",
        "category": "fast_food",
        "subcategory": "amenity=fast_food",
        "lat": 53.3344576,
        "lon": -6.2924475,
        "admin_division": "",
        "county": "dublin"
      }
    },
    {
      "type": "Feature",
      "geometry": {
        "type": "Point",
        "coordinates": [
          -6.2087283,
          53.3106025
        ]
      },
      "properties": {
        "osm_id": "n883196437",
        "name": "Domino's",
        "category": "fast_food",
        "subcategory": "amenity=fast_food",
        "lat": 53.3106025,
        "lon": -6.2087283,
        "admin_division": "",
        "county": "dublin"
      }
    },
    {
      "type": "Feature",
      "geometry": {
        "type": "Point",
        "coordinates": [
          -6.215559,
          53.5368901
        ]
      },
      "properties": {
        "osm_id": "n908974493",
        "name": "Burger King",
        "category": "fast_food",
        "subcategory": "amenity=fast_food",
        "lat": 53.5368901,
        "lon": -6.215559,
        "admin_division": "",
        "county": "dublin"
      }
    },
    {
      "type": "Feature",
      "geometry": {
        "type": "Point",
        "coordinates": [
          -6.2668786,
          53.3375397
        ]
      },
      "properties": {
        "osm_id": "n911170197",
        "name": "Boojum",
        "category": "fast_food",
        "subcategory": "amenity=fast_food",
        "lat": 53.3375397,
        "lon": -6.2668786,
        "admin_division": "",
        "county": "dublin"
      }
    },
    {
      "type": "Feature",
      "geometry": {
        "type": "Point",
        "coordinates": [
          -6.2654939,
          53.3358202
        ]
      },
      "properties": {
        "osm_id": "n911195160",
        "name": "Babylon",
        "category": "fast_food",
        "subcategory": "amenity=fast_food",
        "lat": 53.3358202,
        "lon": -6.2654939,
        "admin_division": "Dublin",
        "county": "dublin"
      }
    },
    {
      "type": "Feature",
      "geometry": {
        "type": "Point",
        "coordinates": [
          -6.2210007,
          53.4563524
        ]
      },
      "properties": {
        "osm_id": "n913571660",
        "name": "Apache Pizza",
        "category": "fast_food",
        "subcategory": "amenity=fast_food",
        "lat": 53.4563524,
        "lon": -6.2210007,
        "admin_division": "",
        "county": "dublin"
      }
    },
    {
      "type": "Feature",
      "geometry": {
        "type": "Point",
        "coordinates": [
          -6.2452676,
          53.4606356
        ]
      },
      "properties": {
        "osm_id": "n921832745",
        "name": "Fabio's Traditional Italian Pizza & Pasta",
        "category": "fast_food",
        "subcategory": "amenity=fast_food",
        "lat": 53.4606356,
        "lon": -6.2452676,
        "admin_division": "Swords",
        "county": "dublin"
      }
    },
    {
      "type": "Feature",
      "geometry": {
        "type": "Point",
        "coordinates": [
          -6.2247145,
          53.4453229
        ]
      },
      "properties": {
        "osm_id": "n927265042",
        "name": "Subway",
        "category": "fast_food",
        "subcategory": "amenity=fast_food",
        "lat": 53.4453229,
        "lon": -6.2247145,
        "admin_division": "",
        "county": "dublin"
      }
    },
    {
      "type": "Feature",
      "geometry": {
        "type": "Point",
        "coordinates": [
          -6.2222598,
          53.4555462
        ]
      },
      "properties": {
        "osm_id": "n928423011",
        "name": "Roxy Take Away",
        "category": "fast_food",
        "subcategory": "amenity=fast_food",
        "lat": 53.4555462,
        "lon": -6.2222598,
        "admin_division": "",
        "county": "dublin"
      }
    },
    {
      "type": "Feature",
      "geometry": {
        "type": "Point",
        "coordinates": [
          -6.221179,
          53.4574662
        ]
      },
      "properties": {
        "osm_id": "n928446393",
        "name": "Fingal Cafe",
        "category": "fast_food",
        "subcategory": "amenity=fast_food",
        "lat": 53.4574662,
        "lon": -6.221179,
        "admin_division": "",
        "county": "dublin"
      }
    },
    {
      "type": "Feature",
      "geometry": {
        "type": "Point",
        "coordinates": [
          -6.3676943,
          53.3076502
        ]
      },
      "properties": {
        "osm_id": "n937866717",
        "name": "New North Park",
        "category": "fast_food",
        "subcategory": "amenity=fast_food",
        "lat": 53.3076502,
        "lon": -6.3676943,
        "admin_division": "",
        "county": "dublin"
      }
    },
    {
      "type": "Feature",
      "geometry": {
        "type": "Point",
        "coordinates": [
          -6.3675379,
          53.307761
        ]
      },
      "properties": {
        "osm_id": "n937866726",
        "name": "Gio's Kingswood",
        "category": "fast_food",
        "subcategory": "amenity=fast_food",
        "lat": 53.307761,
        "lon": -6.3675379,
        "admin_division": "",
        "county": "dublin"
      }
    },
    {
      "type": "Feature",
      "geometry": {
        "type": "Point",
        "coordinates": [
          -6.069353,
          53.387876
        ]
      },
      "properties": {
        "osm_id": "n941284114",
        "name": "Beshoff Bros",
        "category": "fast_food",
        "subcategory": "amenity=fast_food",
        "lat": 53.387876,
        "lon": -6.069353,
        "admin_division": "",
        "county": "dublin"
      }
    },
    {
      "type": "Feature",
      "geometry": {
        "type": "Point",
        "coordinates": [
          -6.3908669,
          53.353184
        ]
      },
      "properties": {
        "osm_id": "n943800109",
        "name": "The Bagel Bar",
        "category": "fast_food",
        "subcategory": "amenity=fast_food",
        "lat": 53.353184,
        "lon": -6.3908669,
        "admin_division": "",
        "county": "dublin"
      }
    },
    {
      "type": "Feature",
      "geometry": {
        "type": "Point",
        "coordinates": [
          -6.3908613,
          53.3532611
        ]
      },
      "properties": {
        "osm_id": "n943800113",
        "name": "Ginzeng",
        "category": "fast_food",
        "subcategory": "amenity=fast_food",
        "lat": 53.3532611,
        "lon": -6.3908613,
        "admin_division": "",
        "county": "dublin"
      }
    },
    {
      "type": "Feature",
      "geometry": {
        "type": "Point",
        "coordinates": [
          -6.3902452,
          53.3530154
        ]
      },
      "properties": {
        "osm_id": "n943800121",
        "name": "The Bagel Bar",
        "category": "fast_food",
        "subcategory": "amenity=fast_food",
        "lat": 53.3530154,
        "lon": -6.3902452,
        "admin_division": "",
        "county": "dublin"
      }
    },
    {
      "type": "Feature",
      "geometry": {
        "type": "Point",
        "coordinates": [
          -6.3904521,
          53.3528926
        ]
      },
      "properties": {
        "osm_id": "n943800133",
        "name": "Jump Juice",
        "category": "fast_food",
        "subcategory": "amenity=fast_food",
        "lat": 53.3528926,
        "lon": -6.3904521,
        "admin_division": "",
        "county": "dublin"
      }
    },
    {
      "type": "Feature",
      "geometry": {
        "type": "Point",
        "coordinates": [
          -6.3906363,
          53.3529908
        ]
      },
      "properties": {
        "osm_id": "n943800138",
        "name": "Quiznos",
        "category": "fast_food",
        "subcategory": "amenity=fast_food",
        "lat": 53.3529908,
        "lon": -6.3906363,
        "admin_division": "",
        "county": "dublin"
      }
    },
    {
      "type": "Feature",
      "geometry": {
        "type": "Point",
        "coordinates": [
          -6.3905234,
          53.3532797
        ]
      },
      "properties": {
        "osm_id": "n943800144",
        "name": "Sbarro",
        "category": "fast_food",
        "subcategory": "amenity=fast_food",
        "lat": 53.3532797,
        "lon": -6.3905234,
        "admin_division": "",
        "county": "dublin"
      }
    },
    {
      "type": "Feature",
      "geometry": {
        "type": "Point",
        "coordinates": [
          -6.3905589,
          53.3533043
        ]
      },
      "properties": {
        "osm_id": "n943800152",
        "name": "Abrakebabra",
        "category": "fast_food",
        "subcategory": "amenity=fast_food",
        "lat": 53.3533043,
        "lon": -6.3905589,
        "admin_division": "",
        "county": "dublin"
      }
    },
    {
      "type": "Feature",
      "geometry": {
        "type": "Point",
        "coordinates": [
          -6.1542563,
          53.4507278
        ]
      },
      "properties": {
        "osm_id": "n944053475",
        "name": "Beachcomber",
        "category": "fast_food",
        "subcategory": "amenity=fast_food",
        "lat": 53.4507278,
        "lon": -6.1542563,
        "admin_division": "",
        "county": "dublin"
      }
    },
    {
      "type": "Feature",
      "geometry": {
        "type": "Point",
        "coordinates": [
          -6.2730891,
          53.3623837
        ]
      },
      "properties": {
        "osm_id": "n970849419",
        "name": "Eddie Rocket's",
        "category": "fast_food",
        "subcategory": "amenity=fast_food",
        "lat": 53.3623837,
        "lon": -6.2730891,
        "admin_division": "Dublin",
        "county": "dublin"
      }
    },
    {
      "type": "Feature",
      "geometry": {
        "type": "Point",
        "coordinates": [
          -6.2725332,
          53.3610479
        ]
      },
      "properties": {
        "osm_id": "n972083913",
        "name": "Abrakebabra",
        "category": "fast_food",
        "subcategory": "amenity=fast_food",
        "lat": 53.3610479,
        "lon": -6.2725332,
        "admin_division": "Dublin",
        "county": "dublin"
      }
    },
    {
      "type": "Feature",
      "geometry": {
        "type": "Point",
        "coordinates": [
          -6.2829885,
          53.3501269
        ]
      },
      "properties": {
        "osm_id": "n976944635",
        "name": "Sorrento",
        "category": "fast_food",
        "subcategory": "amenity=fast_food",
        "lat": 53.3501269,
        "lon": -6.2829885,
        "admin_division": "",
        "county": "dublin"
      }
    },
    {
      "type": "Feature",
      "geometry": {
        "type": "Point",
        "coordinates": [
          -6.2950499,
          53.347997
        ]
      },
      "properties": {
        "osm_id": "n984249272",
        "name": "Romayo's Diner",
        "category": "fast_food",
        "subcategory": "amenity=fast_food",
        "lat": 53.347997,
        "lon": -6.2950499,
        "admin_division": "",
        "county": "dublin"
      }
    },
    {
      "type": "Feature",
      "geometry": {
        "type": "Point",
        "coordinates": [
          -6.2978038,
          53.29283
        ]
      },
      "properties": {
        "osm_id": "n1003074940",
        "name": "Roma Takeaway",
        "category": "fast_food",
        "subcategory": "amenity=fast_food",
        "lat": 53.29283,
        "lon": -6.2978038,
        "admin_division": "",
        "county": "dublin"
      }
    },
    {
      "type": "Feature",
      "geometry": {
        "type": "Point",
        "coordinates": [
          -6.2423907,
          53.2880074
        ]
      },
      "properties": {
        "osm_id": "n1013323851",
        "name": "McDonald's",
        "category": "fast_food",
        "subcategory": "amenity=fast_food",
        "lat": 53.2880074,
        "lon": -6.2423907,
        "admin_division": "Dundrum",
        "county": "dublin"
      }
    },
    {
      "type": "Feature",
      "geometry": {
        "type": "Point",
        "coordinates": [
          -6.2670577,
          53.3216125
        ]
      },
      "properties": {
        "osm_id": "n1030106428",
        "name": "Saba To Go",
        "category": "fast_food",
        "subcategory": "amenity=fast_food",
        "lat": 53.3216125,
        "lon": -6.2670577,
        "admin_division": "Dublin",
        "county": "dublin"
      }
    },
    {
      "type": "Feature",
      "geometry": {
        "type": "Point",
        "coordinates": [
          -6.222552,
          53.306919
        ]
      },
      "properties": {
        "osm_id": "n1116299282",
        "name": "The Sub Club",
        "category": "fast_food",
        "subcategory": "amenity=fast_food",
        "lat": 53.306919,
        "lon": -6.222552,
        "admin_division": "",
        "county": "dublin"
      }
    },
    {
      "type": "Feature",
      "geometry": {
        "type": "Point",
        "coordinates": [
          -6.2630499,
          53.340849
        ]
      },
      "properties": {
        "osm_id": "n1132732103",
        "name": "Pablo Picante",
        "category": "fast_food",
        "subcategory": "amenity=fast_food",
        "lat": 53.340849,
        "lon": -6.2630499,
        "admin_division": "Dublin",
        "county": "dublin"
      }
    },
    {
      "type": "Feature",
      "geometry": {
        "type": "Point",
        "coordinates": [
          -6.2744764,
          53.3115428
        ]
      },
      "properties": {
        "osm_id": "n1218862907",
        "name": "Forte's Take Away",
        "category": "fast_food",
        "subcategory": "amenity=fast_food",
        "lat": 53.3115428,
        "lon": -6.2744764,
        "admin_division": "Dublin",
        "county": "dublin"
      }
    },
    {
      "type": "Feature",
      "geometry": {
        "type": "Point",
        "coordinates": [
          -6.2734264,
          53.3361748
        ]
      },
      "properties": {
        "osm_id": "n1244294561",
        "name": "Chicken Hut",
        "category": "fast_food",
        "subcategory": "amenity=fast_food",
        "lat": 53.3361748,
        "lon": -6.2734264,
        "admin_division": "Dublin",
        "county": "dublin"
      }
    },
    {
      "type": "Feature",
      "geometry": {
        "type": "Point",
        "coordinates": [
          -6.2734917,
          53.3360678
        ]
      },
      "properties": {
        "osm_id": "n1244294562",
        "name": "Diep at Home",
        "category": "fast_food",
        "subcategory": "amenity=fast_food",
        "lat": 53.3360678,
        "lon": -6.2734917,
        "admin_division": "Dublin",
        "county": "dublin"
      }
    },
    {
      "type": "Feature",
      "geometry": {
        "type": "Point",
        "coordinates": [
          -6.2448883,
          53.3021334
        ]
      },
      "properties": {
        "osm_id": "n1316646493",
        "name": "SabaToGo",
        "category": "fast_food",
        "subcategory": "amenity=fast_food",
        "lat": 53.3021334,
        "lon": -6.2448883,
        "admin_division": "Dundrum",
        "county": "dublin"
      }
    },
    {
      "type": "Feature",
      "geometry": {
        "type": "Point",
        "coordinates": [
          -6.2450382,
          53.3037348
        ]
      },
      "properties": {
        "osm_id": "n1318857745",
        "name": "Long Sin",
        "category": "fast_food",
        "subcategory": "amenity=fast_food",
        "lat": 53.3037348,
        "lon": -6.2450382,
        "admin_division": "",
        "county": "dublin"
      }
    },
    {
      "type": "Feature",
      "geometry": {
        "type": "Point",
        "coordinates": [
          -6.2450624,
          53.3038136
        ]
      },
      "properties": {
        "osm_id": "n1318857757",
        "name": "Pizza Max",
        "category": "fast_food",
        "subcategory": "amenity=fast_food",
        "lat": 53.3038136,
        "lon": -6.2450624,
        "admin_division": "Dundrum",
        "county": "dublin"
      }
    },
    {
      "type": "Feature",
      "geometry": {
        "type": "Point",
        "coordinates": [
          -6.2647158,
          53.3563341
        ]
      },
      "properties": {
        "osm_id": "n1349656234",
        "name": "New Victoria",
        "category": "fast_food",
        "subcategory": "amenity=fast_food",
        "lat": 53.3563341,
        "lon": -6.2647158,
        "admin_division": "",
        "county": "dublin"
      }
    },
    {
      "type": "Feature",
      "geometry": {
        "type": "Point",
        "coordinates": [
          -6.2641159,
          53.3569537
        ]
      },
      "properties": {
        "osm_id": "n1349656236",
        "name": "Sweet n Spice",
        "category": "fast_food",
        "subcategory": "amenity=fast_food",
        "lat": 53.3569537,
        "lon": -6.2641159,
        "admin_division": "Dublin",
        "county": "dublin"
      }
    },
    {
      "type": "Feature",
      "geometry": {
        "type": "Point",
        "coordinates": [
          -6.2642498,
          53.3568138
        ]
      },
      "properties": {
        "osm_id": "n1349656244",
        "name": "Tasty Hut",
        "category": "fast_food",
        "subcategory": "amenity=fast_food",
        "lat": 53.3568138,
        "lon": -6.2642498,
        "admin_division": "Dublin",
        "county": "dublin"
      }
    },
    {
      "type": "Feature",
      "geometry": {
        "type": "Point",
        "coordinates": [
          -6.2638535,
          53.3572242
        ]
      },
      "properties": {
        "osm_id": "n1349656252",
        "name": "Kavanagh's Kitchen",
        "category": "fast_food",
        "subcategory": "amenity=fast_food",
        "lat": 53.3572242,
        "lon": -6.2638535,
        "admin_division": "",
        "county": "dublin"
      }
    },
    {
      "type": "Feature",
      "geometry": {
        "type": "Point",
        "coordinates": [
          -6.2613093,
          53.3593918
        ]
      },
      "properties": {
        "osm_id": "n1350207402",
        "name": "Spice n Rice",
        "category": "fast_food",
        "subcategory": "amenity=fast_food",
        "lat": 53.3593918,
        "lon": -6.2613093,
        "admin_division": "",
        "county": "dublin"
      }
    },
    {
      "type": "Feature",
      "geometry": {
        "type": "Point",
        "coordinates": [
          -6.4260474,
          53.4044305
        ]
      },
      "properties": {
        "osm_id": "n1358194690",
        "name": "San Marco Take Out",
        "category": "fast_food",
        "subcategory": "amenity=fast_food",
        "lat": 53.4044305,
        "lon": -6.4260474,
        "admin_division": "",
        "county": "dublin"
      }
    },
    {
      "type": "Feature",
      "geometry": {
        "type": "Point",
        "coordinates": [
          -6.2814653,
          53.3433652
        ]
      },
      "properties": {
        "osm_id": "n1403283309",
        "name": "Caprinos",
        "category": "fast_food",
        "subcategory": "amenity=fast_food",
        "lat": 53.3433652,
        "lon": -6.2814653,
        "admin_division": "Dublin",
        "county": "dublin"
      }
    },
    {
      "type": "Feature",
      "geometry": {
        "type": "Point",
        "coordinates": [
          -6.2816398,
          53.3433998
        ]
      },
      "properties": {
        "osm_id": "n1403283990",
        "name": "Subway",
        "category": "fast_food",
        "subcategory": "amenity=fast_food",
        "lat": 53.3433998,
        "lon": -6.2816398,
        "admin_division": "Dublin",
        "county": "dublin"
      }
    },
    {
      "type": "Feature",
      "geometry": {
        "type": "Point",
        "coordinates": [
          -6.2798976,
          53.3430465
        ]
      },
      "properties": {
        "osm_id": "n1403286096",
        "name": "Vincenzo's Take Away",
        "category": "fast_food",
        "subcategory": "amenity=fast_food",
        "lat": 53.3430465,
        "lon": -6.2798976,
        "admin_division": "Dublin",
        "county": "dublin"
      }
    },
    {
      "type": "Feature",
      "geometry": {
        "type": "Point",
        "coordinates": [
          -6.278614,
          53.3410504
        ]
      },
      "properties": {
        "osm_id": "n1404765020",
        "name": "Fusco's",
        "category": "fast_food",
        "subcategory": "amenity=fast_food",
        "lat": 53.3410504,
        "lon": -6.278614,
        "admin_division": "",
        "county": "dublin"
      }
    },
    {
      "type": "Feature",
      "geometry": {
        "type": "Point",
        "coordinates": [
          -6.278201,
          53.3401127
        ]
      },
      "properties": {
        "osm_id": "n1412421802",
        "name": "Bakeology",
        "category": "fast_food",
        "subcategory": "amenity=fast_food",
        "lat": 53.3401127,
        "lon": -6.278201,
        "admin_division": "",
        "county": "dublin"
      }
    },
    {
      "type": "Feature",
      "geometry": {
        "type": "Point",
        "coordinates": [
          -6.282619,
          53.338239
        ]
      },
      "properties": {
        "osm_id": "n1412440306",
        "name": "Fusco's",
        "category": "fast_food",
        "subcategory": "amenity=fast_food",
        "lat": 53.338239,
        "lon": -6.282619,
        "admin_division": "",
        "county": "dublin"
      }
    },
    {
      "type": "Feature",
      "geometry": {
        "type": "Point",
        "coordinates": [
          -6.2921897,
          53.3342474
        ]
      },
      "properties": {
        "osm_id": "n1414422620",
        "name": "And Wok",
        "category": "fast_food",
        "subcategory": "amenity=fast_food",
        "lat": 53.3342474,
        "lon": -6.2921897,
        "admin_division": "",
        "county": "dublin"
      }
    },
    {
      "type": "Feature",
      "geometry": {
        "type": "Point",
        "coordinates": [
          -6.1721099,
          53.2906363
        ]
      },
      "properties": {
        "osm_id": "n1420119524",
        "name": "G. Macari",
        "category": "fast_food",
        "subcategory": "amenity=fast_food",
        "lat": 53.2906363,
        "lon": -6.1721099,
        "admin_division": "Blackrock",
        "county": "dublin"
      }
    },
    {
      "type": "Feature",
      "geometry": {
        "type": "Point",
        "coordinates": [
          -6.3665317,
          53.276014
        ]
      },
      "properties": {
        "osm_id": "n1420913329",
        "name": "Wok Inn",
        "category": "fast_food",
        "subcategory": "amenity=fast_food",
        "lat": 53.276014,
        "lon": -6.3665317,
        "admin_division": "Tallaght",
        "county": "dublin"
      }
    },
    {
      "type": "Feature",
      "geometry": {
        "type": "Point",
        "coordinates": [
          -6.2654233,
          53.3407439
        ]
      },
      "properties": {
        "osm_id": "n1422092032",
        "name": "La Strada",
        "category": "fast_food",
        "subcategory": "amenity=fast_food",
        "lat": 53.3407439,
        "lon": -6.2654233,
        "admin_division": "Dublin",
        "county": "dublin"
      }
    },
    {
      "type": "Feature",
      "geometry": {
        "type": "Point",
        "coordinates": [
          -6.26332,
          53.345331
        ]
      },
      "properties": {
        "osm_id": "n1423360554",
        "name": "Gourmet Burger Kitchen",
        "category": "fast_food",
        "subcategory": "amenity=fast_food",
        "lat": 53.345331,
        "lon": -6.26332,
        "admin_division": "Dublin",
        "county": "dublin"
      }
    },
    {
      "type": "Feature",
      "geometry": {
        "type": "Point",
        "coordinates": [
          -6.3303921,
          53.2757336
        ]
      },
      "properties": {
        "osm_id": "n1424006119",
        "name": "Fortune Takeaway",
        "category": "fast_food",
        "subcategory": "amenity=fast_food",
        "lat": 53.2757336,
        "lon": -6.3303921,
        "admin_division": "",
        "county": "dublin"
      }
    },
    {
      "type": "Feature",
      "geometry": {
        "type": "Point",
        "coordinates": [
          -6.3541836,
          53.2759405
        ]
      },
      "properties": {
        "osm_id": "n1424006125",
        "name": "Macari's",
        "category": "fast_food",
        "subcategory": "amenity=fast_food",
        "lat": 53.2759405,
        "lon": -6.3541836,
        "admin_division": "",
        "county": "dublin"
      }
    },
    {
      "type": "Feature",
      "geometry": {
        "type": "Point",
        "coordinates": [
          -6.3530031,
          53.2756441
        ]
      },
      "properties": {
        "osm_id": "n1424006132",
        "name": "Top Tops",
        "category": "fast_food",
        "subcategory": "amenity=fast_food",
        "lat": 53.2756441,
        "lon": -6.3530031,
        "admin_division": "",
        "county": "dublin"
      }
    },
    {
      "type": "Feature",
      "geometry": {
        "type": "Point",
        "coordinates": [
          -6.4220266,
          53.2829253
        ]
      },
      "properties": {
        "osm_id": "n1425052214",
        "name": "Eddie Rocket's",
        "category": "fast_food",
        "subcategory": "amenity=fast_food",
        "lat": 53.2829253,
        "lon": -6.4220266,
        "admin_division": "Citywest",
        "county": "dublin"
      }
    },
    {
      "type": "Feature",
      "geometry": {
        "type": "Point",
        "coordinates": [
          -6.2650393,
          53.2771019
        ]
      },
      "properties": {
        "osm_id": "n1425374412",
        "name": "Bombay Pantry",
        "category": "fast_food",
        "subcategory": "amenity=fast_food",
        "lat": 53.2771019,
        "lon": -6.2650393,
        "admin_division": "",
        "county": "dublin"
      }
    },
    {
      "type": "Feature",
      "geometry": {
        "type": "Point",
        "coordinates": [
          -6.2555016,
          53.3260271
        ]
      },
      "properties": {
        "osm_id": "n1426051340",
        "name": "Siam Thai To Go",
        "category": "fast_food",
        "subcategory": "amenity=fast_food",
        "lat": 53.3260271,
        "lon": -6.2555016,
        "admin_division": "Dublin",
        "county": "dublin"
      }
    },
    {
      "type": "Feature",
      "geometry": {
        "type": "Point",
        "coordinates": [
          -6.2917946,
          53.3333778
        ]
      },
      "properties": {
        "osm_id": "n1426100396",
        "name": "Camile",
        "category": "fast_food",
        "subcategory": "amenity=fast_food",
        "lat": 53.3333778,
        "lon": -6.2917946,
        "admin_division": "",
        "county": "dublin"
      }
    },
    {
      "type": "Feature",
      "geometry": {
        "type": "Point",
        "coordinates": [
          -6.2907454,
          53.3332443
        ]
      },
      "properties": {
        "osm_id": "n1426100402",
        "name": "Lam Inn",
        "category": "fast_food",
        "subcategory": "amenity=fast_food",
        "lat": 53.3332443,
        "lon": -6.2907454,
        "admin_division": "",
        "county": "dublin"
      }
    },
    {
      "type": "Feature",
      "geometry": {
        "type": "Point",
        "coordinates": [
          -6.2918571,
          53.3333338
        ]
      },
      "properties": {
        "osm_id": "n1426100405",
        "name": "Curry-N-Grill",
        "category": "fast_food",
        "subcategory": "amenity=fast_food",
        "lat": 53.3333338,
        "lon": -6.2918571,
        "admin_division": "",
        "county": "dublin"
      }
    },
    {
      "type": "Feature",
      "geometry": {
        "type": "Point",
        "coordinates": [
          -6.206165,
          53.6135107
        ]
      },
      "properties": {
        "osm_id": "n1426131445",
        "name": "Abrakebabra",
        "category": "fast_food",
        "subcategory": "amenity=fast_food",
        "lat": 53.6135107,
        "lon": -6.206165,
        "admin_division": "",
        "county": "dublin"
      }
    },
    {
      "type": "Feature",
      "geometry": {
        "type": "Point",
        "coordinates": [
          -6.2056608,
          53.6129442
        ]
      },
      "properties": {
        "osm_id": "n1426131459",
        "name": "Pizza Max",
        "category": "fast_food",
        "subcategory": "amenity=fast_food",
        "lat": 53.6129442,
        "lon": -6.2056608,
        "admin_division": "Balbriggan",
        "county": "dublin"
      }
    },
    {
      "type": "Feature",
      "geometry": {
        "type": "Point",
        "coordinates": [
          -6.2057144,
          53.6131988
        ]
      },
      "properties": {
        "osm_id": "n1426131482",
        "name": "Pizza Hot Delivery",
        "category": "fast_food",
        "subcategory": "amenity=fast_food",
        "lat": 53.6131988,
        "lon": -6.2057144,
        "admin_division": "",
        "county": "dublin"
      }
    },
    {
      "type": "Feature",
      "geometry": {
        "type": "Point",
        "coordinates": [
          -6.2322409,
          53.3298714
        ]
      },
      "properties": {
        "osm_id": "n1426821201",
        "name": "Sanuk Thai Kitchen",
        "category": "fast_food",
        "subcategory": "amenity=fast_food",
        "lat": 53.3298714,
        "lon": -6.2322409,
        "admin_division": "Dublin",
        "county": "dublin"
      }
    },
    {
      "type": "Feature",
      "geometry": {
        "type": "Point",
        "coordinates": [
          -6.2323644,
          53.3299758
        ]
      },
      "properties": {
        "osm_id": "n1426821202",
        "name": "Embassy Grill",
        "category": "fast_food",
        "subcategory": "amenity=fast_food",
        "lat": 53.3299758,
        "lon": -6.2323644,
        "admin_division": "Dublin",
        "county": "dublin"
      }
    },
    {
      "type": "Feature",
      "geometry": {
        "type": "Point",
        "coordinates": [
          -6.183579,
          53.3879262
        ]
      },
      "properties": {
        "osm_id": "n1432780785",
        "name": "Giulios",
        "category": "fast_food",
        "subcategory": "amenity=fast_food",
        "lat": 53.3879262,
        "lon": -6.183579,
        "admin_division": "Dublin",
        "county": "dublin"
      }
    },
    {
      "type": "Feature",
      "geometry": {
        "type": "Point",
        "coordinates": [
          -6.3330344,
          53.3760324
        ]
      },
      "properties": {
        "osm_id": "n1472137485",
        "name": "Bombay Pantry",
        "category": "fast_food",
        "subcategory": "amenity=fast_food",
        "lat": 53.3760324,
        "lon": -6.3330344,
        "admin_division": "",
        "county": "dublin"
      }
    },
    {
      "type": "Feature",
      "geometry": {
        "type": "Point",
        "coordinates": [
          -6.2766701,
          53.3431075
        ]
      },
      "properties": {
        "osm_id": "n1473487756",
        "name": "Summer Inn",
        "category": "fast_food",
        "subcategory": "amenity=fast_food",
        "lat": 53.3431075,
        "lon": -6.2766701,
        "admin_division": "Dublin",
        "county": "dublin"
      }
    },
    {
      "type": "Feature",
      "geometry": {
        "type": "Point",
        "coordinates": [
          -6.3935127,
          53.3502205
        ]
      },
      "properties": {
        "osm_id": "n1484606192",
        "name": "McDonald's",
        "category": "fast_food",
        "subcategory": "amenity=fast_food",
        "lat": 53.3502205,
        "lon": -6.3935127,
        "admin_division": "",
        "county": "dublin"
      }
    },
    {
      "type": "Feature",
      "geometry": {
        "type": "Point",
        "coordinates": [
          -6.3708347,
          53.3557896
        ]
      },
      "properties": {
        "osm_id": "n1484699551",
        "name": "Curry & Rice",
        "category": "fast_food",
        "subcategory": "amenity=fast_food",
        "lat": 53.3557896,
        "lon": -6.3708347,
        "admin_division": "",
        "county": "dublin"
      }
    },
    {
      "type": "Feature",
      "geometry": {
        "type": "Point",
        "coordinates": [
          -6.2660085,
          53.3857913
        ]
      },
      "properties": {
        "osm_id": "n1496722631",
        "name": "Macari's",
        "category": "fast_food",
        "subcategory": "amenity=fast_food",
        "lat": 53.3857913,
        "lon": -6.2660085,
        "admin_division": "Dublin",
        "county": "dublin"
      }
    },
    {
      "type": "Feature",
      "geometry": {
        "type": "Point",
        "coordinates": [
          -6.2950408,
          53.2846896
        ]
      },
      "properties": {
        "osm_id": "n1500339772",
        "name": "Pizza Hut Delivery",
        "category": "fast_food",
        "subcategory": "amenity=fast_food",
        "lat": 53.2846896,
        "lon": -6.2950408,
        "admin_division": "",
        "county": "dublin"
      }
    },
    {
      "type": "Feature",
      "geometry": {
        "type": "Point",
        "coordinates": [
          -6.3183215,
          53.3162618
        ]
      },
      "properties": {
        "osm_id": "n1500501211",
        "name": "McDonald's",
        "category": "fast_food",
        "subcategory": "amenity=fast_food",
        "lat": 53.3162618,
        "lon": -6.3183215,
        "admin_division": "",
        "county": "dublin"
      }
    },
    {
      "type": "Feature",
      "geometry": {
        "type": "Point",
        "coordinates": [
          -6.2169207,
          53.2771883
        ]
      },
      "properties": {
        "osm_id": "n1500542377",
        "name": "Pizza Hut Delivery",
        "category": "fast_food",
        "subcategory": "amenity=fast_food",
        "lat": 53.2771883,
        "lon": -6.2169207,
        "admin_division": "",
        "county": "dublin"
      }
    },
    {
      "type": "Feature",
      "geometry": {
        "type": "Point",
        "coordinates": [
          -6.242063,
          53.3625497
        ]
      },
      "properties": {
        "osm_id": "n1508855040",
        "name": "Nico",
        "category": "fast_food",
        "subcategory": "amenity=fast_food",
        "lat": 53.3625497,
        "lon": -6.242063,
        "admin_division": "",
        "county": "dublin"
      }
    },
    {
      "type": "Feature",
      "geometry": {
        "type": "Point",
        "coordinates": [
          -6.2008864,
          53.3875133
        ]
      },
      "properties": {
        "osm_id": "n1521660932",
        "name": "Fabio's",
        "category": "fast_food",
        "subcategory": "amenity=fast_food",
        "lat": 53.3875133,
        "lon": -6.2008864,
        "admin_division": "Coolock Village, Dublin",
        "county": "dublin"
      }
    },
    {
      "type": "Feature",
      "geometry": {
        "type": "Point",
        "coordinates": [
          -6.2116119,
          53.3865305
        ]
      },
      "properties": {
        "osm_id": "n1529996757",
        "name": "Alpine Grill",
        "category": "fast_food",
        "subcategory": "amenity=fast_food",
        "lat": 53.3865305,
        "lon": -6.2116119,
        "admin_division": "Dublin",
        "county": "dublin"
      }
    },
    {
      "type": "Feature",
      "geometry": {
        "type": "Point",
        "coordinates": [
          -6.2086072,
          53.3808396
        ]
      },
      "properties": {
        "osm_id": "n1530024627",
        "name": "Cosy Takeaway",
        "category": "fast_food",
        "subcategory": "amenity=fast_food",
        "lat": 53.3808396,
        "lon": -6.2086072,
        "admin_division": "",
        "county": "dublin"
      }
    },
    {
      "type": "Feature",
      "geometry": {
        "type": "Point",
        "coordinates": [
          -6.2106099,
          53.3803097
        ]
      },
      "properties": {
        "osm_id": "n1530024631",
        "name": "Domino's",
        "category": "fast_food",
        "subcategory": "amenity=fast_food",
        "lat": 53.3803097,
        "lon": -6.2106099,
        "admin_division": "",
        "county": "dublin"
      }
    },
    {
      "type": "Feature",
      "geometry": {
        "type": "Point",
        "coordinates": [
          -6.2086541,
          53.3807917
        ]
      },
      "properties": {
        "osm_id": "n1530024647",
        "name": "Fortune City",
        "category": "fast_food",
        "subcategory": "amenity=fast_food",
        "lat": 53.3807917,
        "lon": -6.2086541,
        "admin_division": "Dublin",
        "county": "dublin"
      }
    },
    {
      "type": "Feature",
      "geometry": {
        "type": "Point",
        "coordinates": [
          -6.2349008,
          53.3211058
        ]
      },
      "properties": {
        "osm_id": "n1567830035",
        "name": "Fired Up",
        "category": "fast_food",
        "subcategory": "amenity=fast_food",
        "lat": 53.3211058,
        "lon": -6.2349008,
        "admin_division": "Dublin",
        "county": "dublin"
      }
    },
    {
      "type": "Feature",
      "geometry": {
        "type": "Point",
        "coordinates": [
          -6.2506492,
          53.3514792
        ]
      },
      "properties": {
        "osm_id": "n1621538014",
        "name": "Star Pizza",
        "category": "fast_food",
        "subcategory": "amenity=fast_food",
        "lat": 53.3514792,
        "lon": -6.2506492,
        "admin_division": "",
        "county": "dublin"
      }
    },
    {
      "type": "Feature",
      "geometry": {
        "type": "Point",
        "coordinates": [
          -6.3731954,
          53.3858425
        ]
      },
      "properties": {
        "osm_id": "n1652252673",
        "name": "Abrakebabra",
        "category": "fast_food",
        "subcategory": "amenity=fast_food",
        "lat": 53.3858425,
        "lon": -6.3731954,
        "admin_division": "",
        "county": "dublin"
      }
    },
    {
      "type": "Feature",
      "geometry": {
        "type": "Point",
        "coordinates": [
          -6.2993783,
          53.3611063
        ]
      },
      "properties": {
        "osm_id": "n1676073478",
        "name": "Millenium",
        "category": "fast_food",
        "subcategory": "amenity=fast_food",
        "lat": 53.3611063,
        "lon": -6.2993783,
        "admin_division": "",
        "county": "dublin"
      }
    },
    {
      "type": "Feature",
      "geometry": {
        "type": "Point",
        "coordinates": [
          -6.2396591,
          53.3649359
        ]
      },
      "properties": {
        "osm_id": "n1695363390",
        "name": "Bombay Pantry",
        "category": "fast_food",
        "subcategory": "amenity=fast_food",
        "lat": 53.3649359,
        "lon": -6.2396591,
        "admin_division": "",
        "county": "dublin"
      }
    },
    {
      "type": "Feature",
      "geometry": {
        "type": "Point",
        "coordinates": [
          -6.257609,
          53.3501525
        ]
      },
      "properties": {
        "osm_id": "n1712112128",
        "name": "Pa Pa Pizzeria",
        "category": "fast_food",
        "subcategory": "amenity=fast_food",
        "lat": 53.3501525,
        "lon": -6.257609,
        "admin_division": "Dublin",
        "county": "dublin"
      }
    },
    {
      "type": "Feature",
      "geometry": {
        "type": "Point",
        "coordinates": [
          -6.2601144,
          53.3532755
        ]
      },
      "properties": {
        "osm_id": "n1712126883",
        "name": "Millenium Takeaway",
        "category": "fast_food",
        "subcategory": "amenity=fast_food",
        "lat": 53.3532755,
        "lon": -6.2601144,
        "admin_division": "",
        "county": "dublin"
      }
    },
    {
      "type": "Feature",
      "geometry": {
        "type": "Point",
        "coordinates": [
          -6.242669,
          53.2689316
        ]
      },
      "properties": {
        "osm_id": "n1745750087",
        "name": "Madhoshi",
        "category": "fast_food",
        "subcategory": "amenity=fast_food",
        "lat": 53.2689316,
        "lon": -6.242669,
        "admin_division": "",
        "county": "dublin"
      }
    },
    {
      "type": "Feature",
      "geometry": {
        "type": "Point",
        "coordinates": [
          -6.3926836,
          53.3223643
        ]
      },
      "properties": {
        "osm_id": "n1813143133",
        "name": "Subway",
        "category": "fast_food",
        "subcategory": "amenity=fast_food",
        "lat": 53.3223643,
        "lon": -6.3926836,
        "admin_division": "",
        "county": "dublin"
      }
    },
    {
      "type": "Feature",
      "geometry": {
        "type": "Point",
        "coordinates": [
          -6.4525796,
          53.3483959
        ]
      },
      "properties": {
        "osm_id": "n1822753467",
        "name": "Base Wood Fired Pizza",
        "category": "fast_food",
        "subcategory": "amenity=fast_food",
        "lat": 53.3483959,
        "lon": -6.4525796,
        "admin_division": "Lucan",
        "county": "dublin"
      }
    },
    {
      "type": "Feature",
      "geometry": {
        "type": "Point",
        "coordinates": [
          -6.1868066,
          53.611879
        ]
      },
      "properties": {
        "osm_id": "n1824054850",
        "name": "Borza",
        "category": "fast_food",
        "subcategory": "amenity=fast_food",
        "lat": 53.611879,
        "lon": -6.1868066,
        "admin_division": "",
        "county": "dublin"
      }
    },
    {
      "type": "Feature",
      "geometry": {
        "type": "Point",
        "coordinates": [
          -6.2239244,
          53.4455888
        ]
      },
      "properties": {
        "osm_id": "n1882413162",
        "name": "O'Brien's Sandwich Bar",
        "category": "fast_food",
        "subcategory": "amenity=fast_food",
        "lat": 53.4455888,
        "lon": -6.2239244,
        "admin_division": "",
        "county": "dublin"
      }
    },
    {
      "type": "Feature",
      "geometry": {
        "type": "Point",
        "coordinates": [
          -6.3799042,
          53.2770016
        ]
      },
      "properties": {
        "osm_id": "n1942106196",
        "name": "Cre-Scent",
        "category": "fast_food",
        "subcategory": "amenity=fast_food",
        "lat": 53.2770016,
        "lon": -6.3799042,
        "admin_division": "",
        "county": "dublin"
      }
    },
    {
      "type": "Feature",
      "geometry": {
        "type": "Point",
        "coordinates": [
          -6.3798033,
          53.2769945
        ]
      },
      "properties": {
        "osm_id": "n1942106204",
        "name": "Roma",
        "category": "fast_food",
        "subcategory": "amenity=fast_food",
        "lat": 53.2769945,
        "lon": -6.3798033,
        "admin_division": "",
        "county": "dublin"
      }
    },
    {
      "type": "Feature",
      "geometry": {
        "type": "Point",
        "coordinates": [
          -6.3590872,
          53.3124398
        ]
      },
      "properties": {
        "osm_id": "n1945900079",
        "name": "Subway",
        "category": "fast_food",
        "subcategory": "amenity=fast_food",
        "lat": 53.3124398,
        "lon": -6.3590872,
        "admin_division": "",
        "county": "dublin"
      }
    },
    {
      "type": "Feature",
      "geometry": {
        "type": "Point",
        "coordinates": [
          -6.1369516,
          53.4210916
        ]
      },
      "properties": {
        "osm_id": "n1947472229",
        "name": "Angelos",
        "category": "fast_food",
        "subcategory": "amenity=fast_food",
        "lat": 53.4210916,
        "lon": -6.1369516,
        "admin_division": "",
        "county": "dublin"
      }
    },
    {
      "type": "Feature",
      "geometry": {
        "type": "Point",
        "coordinates": [
          -6.1388083,
          53.4205897
        ]
      },
      "properties": {
        "osm_id": "n1947473441",
        "name": "Oriental Kitchen",
        "category": "fast_food",
        "subcategory": "amenity=fast_food",
        "lat": 53.4205897,
        "lon": -6.1388083,
        "admin_division": "",
        "county": "dublin"
      }
    },
    {
      "type": "Feature",
      "geometry": {
        "type": "Point",
        "coordinates": [
          -6.1362812,
          53.4218112
        ]
      },
      "properties": {
        "osm_id": "n1947474001",
        "name": "Sea Palace",
        "category": "fast_food",
        "subcategory": "amenity=fast_food",
        "lat": 53.4218112,
        "lon": -6.1362812,
        "admin_division": "",
        "county": "dublin"
      }
    },
    {
      "type": "Feature",
      "geometry": {
        "type": "Point",
        "coordinates": [
          -6.1361618,
          53.4218785
        ]
      },
      "properties": {
        "osm_id": "n1947474330",
        "name": "India Link",
        "category": "fast_food",
        "subcategory": "amenity=fast_food",
        "lat": 53.4218785,
        "lon": -6.1361618,
        "admin_division": "",
        "county": "dublin"
      }
    },
    {
      "type": "Feature",
      "geometry": {
        "type": "Point",
        "coordinates": [
          -6.1360559,
          53.4219391
        ]
      },
      "properties": {
        "osm_id": "n1947476350",
        "name": "Domino's",
        "category": "fast_food",
        "subcategory": "amenity=fast_food",
        "lat": 53.4219391,
        "lon": -6.1360559,
        "admin_division": "",
        "county": "dublin"
      }
    },
    {
      "type": "Feature",
      "geometry": {
        "type": "Point",
        "coordinates": [
          -6.2437585,
          53.3486942
        ]
      },
      "properties": {
        "osm_id": "n1981733881",
        "name": "Subway",
        "category": "fast_food",
        "subcategory": "amenity=fast_food",
        "lat": 53.3486942,
        "lon": -6.2437585,
        "admin_division": "Dublin",
        "county": "dublin"
      }
    },
    {
      "type": "Feature",
      "geometry": {
        "type": "Point",
        "coordinates": [
          -6.2515988,
          53.3375398
        ]
      },
      "properties": {
        "osm_id": "n1998344704",
        "name": "Californian Burrito Bar",
        "category": "fast_food",
        "subcategory": "amenity=fast_food",
        "lat": 53.3375398,
        "lon": -6.2515988,
        "admin_division": "Dublin",
        "county": "dublin"
      }
    },
    {
      "type": "Feature",
      "geometry": {
        "type": "Point",
        "coordinates": [
          -6.1844229,
          53.2520313
        ]
      },
      "properties": {
        "osm_id": "n1999955363",
        "name": "Subway",
        "category": "fast_food",
        "subcategory": "amenity=fast_food",
        "lat": 53.2520313,
        "lon": -6.1844229,
        "admin_division": "",
        "county": "dublin"
      }
    },
    {
      "type": "Feature",
      "geometry": {
        "type": "Point",
        "coordinates": [
          -6.278284,
          53.339751
        ]
      },
      "properties": {
        "osm_id": "n2003218034",
        "name": "The Food Rebel",
        "category": "fast_food",
        "subcategory": "amenity=fast_food",
        "lat": 53.339751,
        "lon": -6.278284,
        "admin_division": "Dublin",
        "county": "dublin"
      }
    },
    {
      "type": "Feature",
      "geometry": {
        "type": "Point",
        "coordinates": [
          -6.3777254,
          53.285633
        ]
      },
      "properties": {
        "osm_id": "n2017294202",
        "name": "Macari's",
        "category": "fast_food",
        "subcategory": "amenity=fast_food",
        "lat": 53.285633,
        "lon": -6.3777254,
        "admin_division": "",
        "county": "dublin"
      }
    },
    {
      "type": "Feature",
      "geometry": {
        "type": "Point",
        "coordinates": [
          -6.2002255,
          53.2901699
        ]
      },
      "properties": {
        "osm_id": "n2020210889",
        "name": "Eddie Rocket's",
        "category": "fast_food",
        "subcategory": "amenity=fast_food",
        "lat": 53.2901699,
        "lon": -6.2002255,
        "admin_division": "",
        "county": "dublin"
      }
    },
    {
      "type": "Feature",
      "geometry": {
        "type": "Point",
        "coordinates": [
          -6.309215,
          53.3274249
        ]
      },
      "properties": {
        "osm_id": "n2042741708",
        "name": "Ocean Garden",
        "category": "fast_food",
        "subcategory": "amenity=fast_food",
        "lat": 53.3274249,
        "lon": -6.309215,
        "admin_division": "Dublin",
        "county": "dublin"
      }
    },
    {
      "type": "Feature",
      "geometry": {
        "type": "Point",
        "coordinates": [
          -6.2898283,
          53.3197192
        ]
      },
      "properties": {
        "osm_id": "n2076915691",
        "name": "Red Rice",
        "category": "fast_food",
        "subcategory": "amenity=fast_food",
        "lat": 53.3197192,
        "lon": -6.2898283,
        "admin_division": "Dublin",
        "county": "dublin"
      }
    },
    {
      "type": "Feature",
      "geometry": {
        "type": "Point",
        "coordinates": [
          -6.4222153,
          53.3472917
        ]
      },
      "properties": {
        "osm_id": "n2258941943",
        "name": "Sheela Place, Indian Takeaway restaurant",
        "category": "fast_food",
        "subcategory": "amenity=fast_food",
        "lat": 53.3472917,
        "lon": -6.4222153,
        "admin_division": "",
        "county": "dublin"
      }
    },
    {
      "type": "Feature",
      "geometry": {
        "type": "Point",
        "coordinates": [
          -6.2615302,
          53.3591534
        ]
      },
      "properties": {
        "osm_id": "n2292410773",
        "name": "Forte Takeaway",
        "category": "fast_food",
        "subcategory": "amenity=fast_food",
        "lat": 53.3591534,
        "lon": -6.2615302,
        "admin_division": "",
        "county": "dublin"
      }
    },
    {
      "type": "Feature",
      "geometry": {
        "type": "Point",
        "coordinates": [
          -6.1817885,
          53.3013567
        ]
      },
      "properties": {
        "osm_id": "n2295319515",
        "name": "McDonald's",
        "category": "fast_food",
        "subcategory": "amenity=fast_food",
        "lat": 53.3013567,
        "lon": -6.1817885,
        "admin_division": "",
        "county": "dublin"
      }
    },
    {
      "type": "Feature",
      "geometry": {
        "type": "Point",
        "coordinates": [
          -6.240938,
          53.3460486
        ]
      },
      "properties": {
        "osm_id": "n2301566073",
        "name": "Humble",
        "category": "fast_food",
        "subcategory": "shop=deli",
        "lat": 53.3460486,
        "lon": -6.240938,
        "admin_division": "Dublin",
        "county": "dublin"
      }
    },
    {
      "type": "Feature",
      "geometry": {
        "type": "Point",
        "coordinates": [
          -6.2650949,
          53.3245904
        ]
      },
      "properties": {
        "osm_id": "n2337198571",
        "name": "Umi Falafel",
        "category": "fast_food",
        "subcategory": "amenity=fast_food",
        "lat": 53.3245904,
        "lon": -6.2650949,
        "admin_division": "Dublin",
        "county": "dublin"
      }
    },
    {
      "type": "Feature",
      "geometry": {
        "type": "Point",
        "coordinates": [
          -6.264736,
          53.3267046
        ]
      },
      "properties": {
        "osm_id": "n2337209084",
        "name": "Domino's",
        "category": "fast_food",
        "subcategory": "amenity=fast_food",
        "lat": 53.3267046,
        "lon": -6.264736,
        "admin_division": "Dublin",
        "county": "dublin"
      }
    },
    {
      "type": "Feature",
      "geometry": {
        "type": "Point",
        "coordinates": [
          -6.265302,
          53.325536
        ]
      },
      "properties": {
        "osm_id": "n2337214611",
        "name": "El Grito",
        "category": "fast_food",
        "subcategory": "amenity=fast_food",
        "lat": 53.325536,
        "lon": -6.265302,
        "admin_division": "Dublin",
        "county": "dublin"
      }
    },
    {
      "type": "Feature",
      "geometry": {
        "type": "Point",
        "coordinates": [
          -6.2664212,
          53.3486145
        ]
      },
      "properties": {
        "osm_id": "n2348162156",
        "name": "McDonald's",
        "category": "fast_food",
        "subcategory": "amenity=fast_food",
        "lat": 53.3486145,
        "lon": -6.2664212,
        "admin_division": "Dublin",
        "county": "dublin"
      }
    },
    {
      "type": "Feature",
      "geometry": {
        "type": "Point",
        "coordinates": [
          -6.2641486,
          53.3510437
        ]
      },
      "properties": {
        "osm_id": "n2348179907",
        "name": "KFC",
        "category": "fast_food",
        "subcategory": "amenity=fast_food",
        "lat": 53.3510437,
        "lon": -6.2641486,
        "admin_division": "Dublin",
        "county": "dublin"
      }
    },
    {
      "type": "Feature",
      "geometry": {
        "type": "Point",
        "coordinates": [
          -6.2754419,
          53.3329094
        ]
      },
      "properties": {
        "osm_id": "n2363257124",
        "name": "Shop Easi",
        "category": "fast_food",
        "subcategory": "shop=deli",
        "lat": 53.3329094,
        "lon": -6.2754419,
        "admin_division": "",
        "county": "dublin"
      }
    },
    {
      "type": "Feature",
      "geometry": {
        "type": "Point",
        "coordinates": [
          -6.2646863,
          53.3442862
        ]
      },
      "properties": {
        "osm_id": "n2386544443",
        "name": "Apache Pizza",
        "category": "fast_food",
        "subcategory": "amenity=fast_food",
        "lat": 53.3442862,
        "lon": -6.2646863,
        "admin_division": "Dublin",
        "county": "dublin"
      }
    },
    {
      "type": "Feature",
      "geometry": {
        "type": "Point",
        "coordinates": [
          -6.2650814,
          53.3453263
        ]
      },
      "properties": {
        "osm_id": "n2386545842",
        "name": "Tula",
        "category": "fast_food",
        "subcategory": "amenity=fast_food",
        "lat": 53.3453263,
        "lon": -6.2650814,
        "admin_division": "Dublin",
        "county": "dublin"
      }
    },
    {
      "type": "Feature",
      "geometry": {
        "type": "Point",
        "coordinates": [
          -6.2653401,
          53.336635
        ]
      },
      "properties": {
        "osm_id": "n2405703096",
        "name": "Wow Burger",
        "category": "fast_food",
        "subcategory": "amenity=fast_food",
        "lat": 53.336635,
        "lon": -6.2653401,
        "admin_division": "",
        "county": "dublin"
      }
    },
    {
      "type": "Feature",
      "geometry": {
        "type": "Point",
        "coordinates": [
          -6.2655173,
          53.337228
        ]
      },
      "properties": {
        "osm_id": "n2405703097",
        "name": "Subway",
        "category": "fast_food",
        "subcategory": "amenity=fast_food",
        "lat": 53.337228,
        "lon": -6.2655173,
        "admin_division": "Dublin",
        "county": "dublin"
      }
    },
    {
      "type": "Feature",
      "geometry": {
        "type": "Point",
        "coordinates": [
          -6.2657094,
          53.337016
        ]
      },
      "properties": {
        "osm_id": "n2405703098",
        "name": "The Noodle House",
        "category": "fast_food",
        "subcategory": "amenity=fast_food",
        "lat": 53.337016,
        "lon": -6.2657094,
        "admin_division": "",
        "county": "dublin"
      }
    },
    {
      "type": "Feature",
      "geometry": {
        "type": "Point",
        "coordinates": [
          -6.2512609,
          53.3239764
        ]
      },
      "properties": {
        "osm_id": "n2405704667",
        "name": "Luigi's",
        "category": "fast_food",
        "subcategory": "amenity=fast_food",
        "lat": 53.3239764,
        "lon": -6.2512609,
        "admin_division": "Dublin",
        "county": "dublin"
      }
    },
    {
      "type": "Feature",
      "geometry": {
        "type": "Point",
        "coordinates": [
          -6.3825358,
          53.4202015
        ]
      },
      "properties": {
        "osm_id": "n2455907497",
        "name": "Pizza Hut Delivery",
        "category": "fast_food",
        "subcategory": "amenity=fast_food",
        "lat": 53.4202015,
        "lon": -6.3825358,
        "admin_division": "Dublin",
        "county": "dublin"
      }
    },
    {
      "type": "Feature",
      "geometry": {
        "type": "Point",
        "coordinates": [
          -6.1032393,
          53.2767795
        ]
      },
      "properties": {
        "osm_id": "n2457893943",
        "name": "Lee's Kitchen",
        "category": "fast_food",
        "subcategory": "amenity=fast_food",
        "lat": 53.2767795,
        "lon": -6.1032393,
        "admin_division": "Dalkey",
        "county": "dublin"
      }
    },
    {
      "type": "Feature",
      "geometry": {
        "type": "Point",
        "coordinates": [
          -6.3827546,
          53.4202031
        ]
      },
      "properties": {
        "osm_id": "n2459649517",
        "name": "Mario's",
        "category": "fast_food",
        "subcategory": "amenity=fast_food",
        "lat": 53.4202031,
        "lon": -6.3827546,
        "admin_division": "",
        "county": "dublin"
      }
    },
    {
      "type": "Feature",
      "geometry": {
        "type": "Point",
        "coordinates": [
          -6.3894203,
          53.3721475
        ]
      },
      "properties": {
        "osm_id": "n2488180601",
        "name": "Romayo's",
        "category": "fast_food",
        "subcategory": "amenity=fast_food",
        "lat": 53.3721475,
        "lon": -6.3894203,
        "admin_division": "",
        "county": "dublin"
      }
    },
    {
      "type": "Feature",
      "geometry": {
        "type": "Point",
        "coordinates": [
          -6.2636309,
          53.341151
        ]
      },
      "properties": {
        "osm_id": "n2494158127",
        "name": "Zaika",
        "category": "fast_food",
        "subcategory": "amenity=fast_food",
        "lat": 53.341151,
        "lon": -6.2636309,
        "admin_division": "Dublin",
        "county": "dublin"
      }
    },
    {
      "type": "Feature",
      "geometry": {
        "type": "Point",
        "coordinates": [
          -6.3631734,
          53.3750571
        ]
      },
      "properties": {
        "osm_id": "n2497937282",
        "name": "Base Wood Fired Pizza",
        "category": "fast_food",
        "subcategory": "amenity=fast_food",
        "lat": 53.3750571,
        "lon": -6.3631734,
        "admin_division": "",
        "county": "dublin"
      }
    },
    {
      "type": "Feature",
      "geometry": {
        "type": "Point",
        "coordinates": [
          -6.261041,
          53.3524573
        ]
      },
      "properties": {
        "osm_id": "n2507794452",
        "name": "Blu Apple Kitchen",
        "category": "fast_food",
        "subcategory": "shop=deli",
        "lat": 53.3524573,
        "lon": -6.261041,
        "admin_division": "Dublin",
        "county": "dublin"
      }
    },
    {
      "type": "Feature",
      "geometry": {
        "type": "Point",
        "coordinates": [
          -6.2636158,
          53.3455041
        ]
      },
      "properties": {
        "osm_id": "n2513888268",
        "name": "McDonald's",
        "category": "fast_food",
        "subcategory": "amenity=fast_food",
        "lat": 53.3455041,
        "lon": -6.2636158,
        "admin_division": "Dublin",
        "county": "dublin"
      }
    },
    {
      "type": "Feature",
      "geometry": {
        "type": "Point",
        "coordinates": [
          -6.2641644,
          53.3574023
        ]
      },
      "properties": {
        "osm_id": "n2573726983",
        "name": "Eccles Townhouse",
        "category": "fast_food",
        "subcategory": "amenity=bar",
        "lat": 53.3574023,
        "lon": -6.2641644,
        "admin_division": "Dublin",
        "county": "dublin"
      }
    },
    {
      "type": "Feature",
      "geometry": {
        "type": "Point",
        "coordinates": [
          -6.2857473,
          53.3096275
        ]
      },
      "properties": {
        "osm_id": "n2579495153",
        "name": "The Lovely Food Company",
        "category": "fast_food",
        "subcategory": "shop=deli",
        "lat": 53.3096275,
        "lon": -6.2857473,
        "admin_division": "Dublin",
        "county": "dublin"
      }
    },
    {
      "type": "Feature",
      "geometry": {
        "type": "Point",
        "coordinates": [
          -6.3357317,
          53.3409294
        ]
      },
      "properties": {
        "osm_id": "n2611265102",
        "name": "Dario's",
        "category": "fast_food",
        "subcategory": "amenity=fast_food",
        "lat": 53.3409294,
        "lon": -6.3357317,
        "admin_division": "Ballyfermot",
        "county": "dublin"
      }
    },
    {
      "type": "Feature",
      "geometry": {
        "type": "Point",
        "coordinates": [
          -6.3441904,
          53.3392765
        ]
      },
      "properties": {
        "osm_id": "n2612014304",
        "name": "Pizza Max",
        "category": "fast_food",
        "subcategory": "amenity=fast_food",
        "lat": 53.3392765,
        "lon": -6.3441904,
        "admin_division": "Dublin",
        "county": "dublin"
      }
    },
    {
      "type": "Feature",
      "geometry": {
        "type": "Point",
        "coordinates": [
          -6.3442818,
          53.3392595
        ]
      },
      "properties": {
        "osm_id": "n2612014305",
        "name": "Hanoi Tower",
        "category": "fast_food",
        "subcategory": "amenity=fast_food",
        "lat": 53.3392595,
        "lon": -6.3442818,
        "admin_division": "",
        "county": "dublin"
      }
    },
    {
      "type": "Feature",
      "geometry": {
        "type": "Point",
        "coordinates": [
          -6.3581811,
          53.3424054
        ]
      },
      "properties": {
        "osm_id": "n2612014309",
        "name": "Borza's",
        "category": "fast_food",
        "subcategory": "amenity=fast_food",
        "lat": 53.3424054,
        "lon": -6.3581811,
        "admin_division": "",
        "county": "dublin"
      }
    },
    {
      "type": "Feature",
      "geometry": {
        "type": "Point",
        "coordinates": [
          -6.3577795,
          53.342374
        ]
      },
      "properties": {
        "osm_id": "n2612014310",
        "name": "Babylon/Sofian",
        "category": "fast_food",
        "subcategory": "amenity=fast_food",
        "lat": 53.342374,
        "lon": -6.3577795,
        "admin_division": "",
        "county": "dublin"
      }
    },
    {
      "type": "Feature",
      "geometry": {
        "type": "Point",
        "coordinates": [
          -6.2744811,
          53.3342184
        ]
      },
      "properties": {
        "osm_id": "n2631426976",
        "name": "Osvaldo's Bistro",
        "category": "fast_food",
        "subcategory": "amenity=fast_food",
        "lat": 53.3342184,
        "lon": -6.2744811,
        "admin_division": "Dublin",
        "county": "dublin"
      }
    },
    {
      "type": "Feature",
      "geometry": {
        "type": "Point",
        "coordinates": [
          -6.2570648,
          53.3469267
        ]
      },
      "properties": {
        "osm_id": "n2633730555",
        "name": "J3 Sushi & Tea",
        "category": "fast_food",
        "subcategory": "amenity=fast_food",
        "lat": 53.3469267,
        "lon": -6.2570648,
        "admin_division": "Dublin",
        "county": "dublin"
      }
    },
    {
      "type": "Feature",
      "geometry": {
        "type": "Point",
        "coordinates": [
          -6.3393997,
          53.3224457
        ]
      },
      "properties": {
        "osm_id": "n2668832442",
        "name": "Eddie Rocket's",
        "category": "fast_food",
        "subcategory": "amenity=fast_food",
        "lat": 53.3224457,
        "lon": -6.3393997,
        "admin_division": "Dublin",
        "county": "dublin"
      }
    },
    {
      "type": "Feature",
      "geometry": {
        "type": "Point",
        "coordinates": [
          -6.3915515,
          53.3282573
        ]
      },
      "properties": {
        "osm_id": "n2685892458",
        "name": "KFC",
        "category": "fast_food",
        "subcategory": "amenity=fast_food",
        "lat": 53.3282573,
        "lon": -6.3915515,
        "admin_division": "",
        "county": "dublin"
      }
    },
    {
      "type": "Feature",
      "geometry": {
        "type": "Point",
        "coordinates": [
          -6.2674877,
          53.3444492
        ]
      },
      "properties": {
        "osm_id": "n2710596547",
        "name": "Dada Pizza",
        "category": "fast_food",
        "subcategory": "amenity=fast_food",
        "lat": 53.3444492,
        "lon": -6.2674877,
        "admin_division": "Dublin",
        "county": "dublin"
      }
    },
    {
      "type": "Feature",
      "geometry": {
        "type": "Point",
        "coordinates": [
          -6.2534022,
          53.3380242
        ]
      },
      "properties": {
        "osm_id": "n2710927571",
        "name": "Chopped",
        "category": "fast_food",
        "subcategory": "amenity=fast_food",
        "lat": 53.3380242,
        "lon": -6.2534022,
        "admin_division": "Dublin",
        "county": "dublin"
      }
    },
    {
      "type": "Feature",
      "geometry": {
        "type": "Point",
        "coordinates": [
          -6.2532415,
          53.3379962
        ]
      },
      "properties": {
        "osm_id": "n2710927573",
        "name": "Munchies",
        "category": "fast_food",
        "subcategory": "amenity=fast_food",
        "lat": 53.3379962,
        "lon": -6.2532415,
        "admin_division": "Dublin",
        "county": "dublin"
      }
    },
    {
      "type": "Feature",
      "geometry": {
        "type": "Point",
        "coordinates": [
          -6.2530196,
          53.3379361
        ]
      },
      "properties": {
        "osm_id": "n2710927576",
        "name": "Yum Thai",
        "category": "fast_food",
        "subcategory": "amenity=fast_food",
        "lat": 53.3379361,
        "lon": -6.2530196,
        "admin_division": "Dublin",
        "county": "dublin"
      }
    },
    {
      "type": "Feature",
      "geometry": {
        "type": "Point",
        "coordinates": [
          -6.2474023,
          53.3435585
        ]
      },
      "properties": {
        "osm_id": "n2744855949",
        "name": "Subway",
        "category": "fast_food",
        "subcategory": "amenity=fast_food",
        "lat": 53.3435585,
        "lon": -6.2474023,
        "admin_division": "Dublin",
        "county": "dublin"
      }
    },
    {
      "type": "Feature",
      "geometry": {
        "type": "Point",
        "coordinates": [
          -6.3166609,
          53.3160847
        ]
      },
      "properties": {
        "osm_id": "n2752157803",
        "name": "Masala",
        "category": "fast_food",
        "subcategory": "amenity=fast_food",
        "lat": 53.3160847,
        "lon": -6.3166609,
        "admin_division": "",
        "county": "dublin"
      }
    },
    {
      "type": "Feature",
      "geometry": {
        "type": "Point",
        "coordinates": [
          -6.2381796,
          53.3142053
        ]
      },
      "properties": {
        "osm_id": "n2820799201",
        "name": "Bombay Pantry",
        "category": "fast_food",
        "subcategory": "amenity=fast_food",
        "lat": 53.3142053,
        "lon": -6.2381796,
        "admin_division": "",
        "county": "dublin"
      }
    },
    {
      "type": "Feature",
      "geometry": {
        "type": "Point",
        "coordinates": [
          -6.3051231,
          53.3286206
        ]
      },
      "properties": {
        "osm_id": "n2836228601",
        "name": "Domino's",
        "category": "fast_food",
        "subcategory": "amenity=fast_food",
        "lat": 53.3286206,
        "lon": -6.3051231,
        "admin_division": "",
        "county": "dublin"
      }
    },
    {
      "type": "Feature",
      "geometry": {
        "type": "Point",
        "coordinates": [
          -6.3050378,
          53.3286396
        ]
      },
      "properties": {
        "osm_id": "n2836248301",
        "name": "Mona Lisa",
        "category": "fast_food",
        "subcategory": "amenity=fast_food",
        "lat": 53.3286396,
        "lon": -6.3050378,
        "admin_division": "",
        "county": "dublin"
      }
    },
    {
      "type": "Feature",
      "geometry": {
        "type": "Point",
        "coordinates": [
          -6.2648609,
          53.3255467
        ]
      },
      "properties": {
        "osm_id": "n2885226781",
        "name": "Subway",
        "category": "fast_food",
        "subcategory": "amenity=fast_food",
        "lat": 53.3255467,
        "lon": -6.2648609,
        "admin_division": "Dublin",
        "county": "dublin"
      }
    },
    {
      "type": "Feature",
      "geometry": {
        "type": "Point",
        "coordinates": [
          -6.2668763,
          53.3216559
        ]
      },
      "properties": {
        "osm_id": "n2885321589",
        "name": "Abrakebabra",
        "category": "fast_food",
        "subcategory": "amenity=fast_food",
        "lat": 53.3216559,
        "lon": -6.2668763,
        "admin_division": "Dublin",
        "county": "dublin"
      }
    },
    {
      "type": "Feature",
      "geometry": {
        "type": "Point",
        "coordinates": [
          -6.2738469,
          53.3126407
        ]
      },
      "properties": {
        "osm_id": "n2885644005",
        "name": "The Butler's Pantry",
        "category": "fast_food",
        "subcategory": "shop=deli",
        "lat": 53.3126407,
        "lon": -6.2738469,
        "admin_division": "",
        "county": "dublin"
      }
    },
    {
      "type": "Feature",
      "geometry": {
        "type": "Point",
        "coordinates": [
          -6.2653072,
          53.3254769
        ]
      },
      "properties": {
        "osm_id": "n2886224630",
        "name": "Hit the Spot",
        "category": "fast_food",
        "subcategory": "amenity=fast_food",
        "lat": 53.3254769,
        "lon": -6.2653072,
        "admin_division": "Dublin",
        "county": "dublin"
      }
    },
    {
      "type": "Feature",
      "geometry": {
        "type": "Point",
        "coordinates": [
          -6.2655423,
          53.3442808
        ]
      },
      "properties": {
        "osm_id": "n2901730423",
        "name": "Abrakebabra",
        "category": "fast_food",
        "subcategory": "amenity=fast_food",
        "lat": 53.3442808,
        "lon": -6.2655423,
        "admin_division": "Dublin",
        "county": "dublin"
      }
    },
    {
      "type": "Feature",
      "geometry": {
        "type": "Point",
        "coordinates": [
          -6.2931516,
          53.3545751
        ]
      },
      "properties": {
        "osm_id": "n2939275393",
        "name": "Bruno's take away",
        "category": "fast_food",
        "subcategory": "amenity=fast_food",
        "lat": 53.3545751,
        "lon": -6.2931516,
        "admin_division": "",
        "county": "dublin"
      }
    },
    {
      "type": "Feature",
      "geometry": {
        "type": "Point",
        "coordinates": [
          -6.2823563,
          53.3507509
        ]
      },
      "properties": {
        "osm_id": "n2940666213",
        "name": "Olivo's",
        "category": "fast_food",
        "subcategory": "amenity=fast_food",
        "lat": 53.3507509,
        "lon": -6.2823563,
        "admin_division": "Dublin",
        "county": "dublin"
      }
    },
    {
      "type": "Feature",
      "geometry": {
        "type": "Point",
        "coordinates": [
          -6.2497744,
          53.2760664
        ]
      },
      "properties": {
        "osm_id": "n2956395432",
        "name": "Liberos",
        "category": "fast_food",
        "subcategory": "amenity=fast_food",
        "lat": 53.2760664,
        "lon": -6.2497744,
        "admin_division": "Dublin",
        "county": "dublin"
      }
    },
    {
      "type": "Feature",
      "geometry": {
        "type": "Point",
        "coordinates": [
          -6.2646149,
          53.3307703
        ]
      },
      "properties": {
        "osm_id": "n2981296008",
        "name": "Heisenburger",
        "category": "fast_food",
        "subcategory": "amenity=fast_food",
        "lat": 53.3307703,
        "lon": -6.2646149,
        "admin_division": "Dublin",
        "county": "dublin"
      }
    },
    {
      "type": "Feature",
      "geometry": {
        "type": "Point",
        "coordinates": [
          -6.2789896,
          53.3203949
        ]
      },
      "properties": {
        "osm_id": "n2986821037",
        "name": "Poppadom at Home",
        "category": "fast_food",
        "subcategory": "amenity=fast_food",
        "lat": 53.3203949,
        "lon": -6.2789896,
        "admin_division": "Dublin",
        "county": "dublin"
      }
    },
    {
      "type": "Feature",
      "geometry": {
        "type": "Point",
        "coordinates": [
          -6.2912226,
          53.3192171
        ]
      },
      "properties": {
        "osm_id": "n2988418884",
        "name": "Borza",
        "category": "fast_food",
        "subcategory": "amenity=fast_food",
        "lat": 53.3192171,
        "lon": -6.2912226,
        "admin_division": "Dublin",
        "county": "dublin"
      }
    },
    {
      "type": "Feature",
      "geometry": {
        "type": "Point",
        "coordinates": [
          -6.2908565,
          53.3198393
        ]
      },
      "properties": {
        "osm_id": "n2988436105",
        "name": "Mulan",
        "category": "fast_food",
        "subcategory": "amenity=fast_food",
        "lat": 53.3198393,
        "lon": -6.2908565,
        "admin_division": "",
        "county": "dublin"
      }
    },
    {
      "type": "Feature",
      "geometry": {
        "type": "Point",
        "coordinates": [
          -6.2915154,
          53.3202045
        ]
      },
      "properties": {
        "osm_id": "n2988783081",
        "name": "Sundrive Bistro",
        "category": "fast_food",
        "subcategory": "amenity=fast_food",
        "lat": 53.3202045,
        "lon": -6.2915154,
        "admin_division": "",
        "county": "dublin"
      }
    },
    {
      "type": "Feature",
      "geometry": {
        "type": "Point",
        "coordinates": [
          -6.2924913,
          53.3208656
        ]
      },
      "properties": {
        "osm_id": "n2988931464",
        "name": "Monto",
        "category": "fast_food",
        "subcategory": "amenity=fast_food",
        "lat": 53.3208656,
        "lon": -6.2924913,
        "admin_division": "",
        "county": "dublin"
      }
    },
    {
      "type": "Feature",
      "geometry": {
        "type": "Point",
        "coordinates": [
          -6.2929162,
          53.3206564
        ]
      },
      "properties": {
        "osm_id": "n2988944621",
        "name": "Capri",
        "category": "fast_food",
        "subcategory": "amenity=fast_food",
        "lat": 53.3206564,
        "lon": -6.2929162,
        "admin_division": "Dublin",
        "county": "dublin"
      }
    },
    {
      "type": "Feature",
      "geometry": {
        "type": "Point",
        "coordinates": [
          -6.2953487,
          53.3230999
        ]
      },
      "properties": {
        "osm_id": "n2990324341",
        "name": "Ho Mai",
        "category": "fast_food",
        "subcategory": "amenity=fast_food",
        "lat": 53.3230999,
        "lon": -6.2953487,
        "admin_division": "Dublin",
        "county": "dublin"
      }
    },
    {
      "type": "Feature",
      "geometry": {
        "type": "Point",
        "coordinates": [
          -6.2953764,
          53.3231408
        ]
      },
      "properties": {
        "osm_id": "n2990324342",
        "name": "Apache Pizza",
        "category": "fast_food",
        "subcategory": "amenity=fast_food",
        "lat": 53.3231408,
        "lon": -6.2953764,
        "admin_division": "Dublin",
        "county": "dublin"
      }
    },
    {
      "type": "Feature",
      "geometry": {
        "type": "Point",
        "coordinates": [
          -6.2964213,
          53.3243256
        ]
      },
      "properties": {
        "osm_id": "n2990830226",
        "name": "Kebab King",
        "category": "fast_food",
        "subcategory": "amenity=fast_food",
        "lat": 53.3243256,
        "lon": -6.2964213,
        "admin_division": "Dublin",
        "county": "dublin"
      }
    },
    {
      "type": "Feature",
      "geometry": {
        "type": "Point",
        "coordinates": [
          -6.2964477,
          53.3247862
        ]
      },
      "properties": {
        "osm_id": "n2990859846",
        "name": "Fish Bar",
        "category": "fast_food",
        "subcategory": "amenity=fast_food",
        "lat": 53.3247862,
        "lon": -6.2964477,
        "admin_division": "Dublin",
        "county": "dublin"
      }
    },
    {
      "type": "Feature",
      "geometry": {
        "type": "Point",
        "coordinates": [
          -6.3051005,
          53.3273432
        ]
      },
      "properties": {
        "osm_id": "n2991107255",
        "name": "Coffee Deli",
        "category": "fast_food",
        "subcategory": "shop=deli",
        "lat": 53.3273432,
        "lon": -6.3051005,
        "admin_division": "Dublin",
        "county": "dublin"
      }
    },
    {
      "type": "Feature",
      "geometry": {
        "type": "Point",
        "coordinates": [
          -6.3039884,
          53.3274899
        ]
      },
      "properties": {
        "osm_id": "n2991570315",
        "name": "Old County Grill",
        "category": "fast_food",
        "subcategory": "amenity=fast_food",
        "lat": 53.3274899,
        "lon": -6.3039884,
        "admin_division": "",
        "county": "dublin"
      }
    },
    {
      "type": "Feature",
      "geometry": {
        "type": "Point",
        "coordinates": [
          -6.3093115,
          53.3274191
        ]
      },
      "properties": {
        "osm_id": "n2992608155",
        "name": "Swaad",
        "category": "fast_food",
        "subcategory": "amenity=fast_food",
        "lat": 53.3274191,
        "lon": -6.3093115,
        "admin_division": "Dublin",
        "county": "dublin"
      }
    },
    {
      "type": "Feature",
      "geometry": {
        "type": "Point",
        "coordinates": [
          -6.309404,
          53.3273853
        ]
      },
      "properties": {
        "osm_id": "n2992608168",
        "name": "Giovanni's Take Away",
        "category": "fast_food",
        "subcategory": "amenity=fast_food",
        "lat": 53.3273853,
        "lon": -6.309404,
        "admin_division": "Dublin",
        "county": "dublin"
      }
    },
    {
      "type": "Feature",
      "geometry": {
        "type": "Point",
        "coordinates": [
          -6.2642373,
          53.3308777
        ]
      },
      "properties": {
        "osm_id": "n2994248418",
        "name": "Rico's Café",
        "category": "fast_food",
        "subcategory": "amenity=fast_food",
        "lat": 53.3308777,
        "lon": -6.2642373,
        "admin_division": "Dublin",
        "county": "dublin"
      }
    },
    {
      "type": "Feature",
      "geometry": {
        "type": "Point",
        "coordinates": [
          -6.264619,
          53.3322177
        ]
      },
      "properties": {
        "osm_id": "n2994364212",
        "name": "Aoki Sushi",
        "category": "fast_food",
        "subcategory": "amenity=fast_food",
        "lat": 53.3322177,
        "lon": -6.264619,
        "admin_division": "",
        "county": "dublin"
      }
    },
    {
      "type": "Feature",
      "geometry": {
        "type": "Point",
        "coordinates": [
          -6.3132473,
          53.3195767
        ]
      },
      "properties": {
        "osm_id": "n2995277724",
        "name": "Silvio's Food Fare",
        "category": "fast_food",
        "subcategory": "amenity=fast_food",
        "lat": 53.3195767,
        "lon": -6.3132473,
        "admin_division": "",
        "county": "dublin"
      }
    },
    {
      "type": "Feature",
      "geometry": {
        "type": "Point",
        "coordinates": [
          -6.3169585,
          53.3207275
        ]
      },
      "properties": {
        "osm_id": "n2995293835",
        "name": "Deli-licious",
        "category": "fast_food",
        "subcategory": "shop=deli",
        "lat": 53.3207275,
        "lon": -6.3169585,
        "admin_division": "",
        "county": "dublin"
      }
    },
    {
      "type": "Feature",
      "geometry": {
        "type": "Point",
        "coordinates": [
          -6.3170667,
          53.3208027
        ]
      },
      "properties": {
        "osm_id": "n2995293842",
        "name": "Golden Fry",
        "category": "fast_food",
        "subcategory": "amenity=fast_food",
        "lat": 53.3208027,
        "lon": -6.3170667,
        "admin_division": "",
        "county": "dublin"
      }
    },
    {
      "type": "Feature",
      "geometry": {
        "type": "Point",
        "coordinates": [
          -6.3170247,
          53.3207856
        ]
      },
      "properties": {
        "osm_id": "n2995293843",
        "name": "Fusion",
        "category": "fast_food",
        "subcategory": "amenity=fast_food",
        "lat": 53.3207856,
        "lon": -6.3170247,
        "admin_division": "Dublin",
        "county": "dublin"
      }
    },
    {
      "type": "Feature",
      "geometry": {
        "type": "Point",
        "coordinates": [
          -6.2653514,
          53.341072
        ]
      },
      "properties": {
        "osm_id": "n2996988360",
        "name": "Uno Mas",
        "category": "fast_food",
        "subcategory": "amenity=fast_food",
        "lat": 53.341072,
        "lon": -6.2653514,
        "admin_division": "Dublin",
        "county": "dublin"
      }
    },
    {
      "type": "Feature",
      "geometry": {
        "type": "Point",
        "coordinates": [
          -6.2651704,
          53.341994
        ]
      },
      "properties": {
        "osm_id": "n2996989453",
        "name": "Five Guys",
        "category": "fast_food",
        "subcategory": "amenity=fast_food",
        "lat": 53.341994,
        "lon": -6.2651704,
        "admin_division": "Dublin",
        "county": "dublin"
      }
    },
    {
      "type": "Feature",
      "geometry": {
        "type": "Point",
        "coordinates": [
          -6.272495,
          53.3602521
        ]
      },
      "properties": {
        "osm_id": "n3002811877",
        "name": "5-Spice",
        "category": "fast_food",
        "subcategory": "amenity=fast_food",
        "lat": 53.3602521,
        "lon": -6.272495,
        "admin_division": "Dublin",
        "county": "dublin"
      }
    },
    {
      "type": "Feature",
      "geometry": {
        "type": "Point",
        "coordinates": [
          -6.2617782,
          53.3444162
        ]
      },
      "properties": {
        "osm_id": "n3003815623",
        "name": "Subway",
        "category": "fast_food",
        "subcategory": "amenity=fast_food",
        "lat": 53.3444162,
        "lon": -6.2617782,
        "admin_division": "Dublin",
        "county": "dublin"
      }
    },
    {
      "type": "Feature",
      "geometry": {
        "type": "Point",
        "coordinates": [
          -6.1499622,
          53.4851855
        ]
      },
      "properties": {
        "osm_id": "n3004598777",
        "name": "Romayo's Diner",
        "category": "fast_food",
        "subcategory": "amenity=fast_food",
        "lat": 53.4851855,
        "lon": -6.1499622,
        "admin_division": "Donabate",
        "county": "dublin"
      }
    },
    {
      "type": "Feature",
      "geometry": {
        "type": "Point",
        "coordinates": [
          -6.2864933,
          53.3902303
        ]
      },
      "properties": {
        "osm_id": "n3005745445",
        "name": "New World",
        "category": "fast_food",
        "subcategory": "amenity=fast_food",
        "lat": 53.3902303,
        "lon": -6.2864933,
        "admin_division": "Dublin",
        "county": "dublin"
      }
    },
    {
      "type": "Feature",
      "geometry": {
        "type": "Point",
        "coordinates": [
          -6.1070747,
          53.5799047
        ]
      },
      "properties": {
        "osm_id": "n3011362781",
        "name": "Apache Pizza",
        "category": "fast_food",
        "subcategory": "amenity=fast_food",
        "lat": 53.5799047,
        "lon": -6.1070747,
        "admin_division": "Skerries",
        "county": "dublin"
      }
    },
    {
      "type": "Feature",
      "geometry": {
        "type": "Point",
        "coordinates": [
          -6.3335765,
          53.316921
        ]
      },
      "properties": {
        "osm_id": "n3012311605",
        "name": "John's Take Away",
        "category": "fast_food",
        "subcategory": "amenity=fast_food",
        "lat": 53.316921,
        "lon": -6.3335765,
        "admin_division": "",
        "county": "dublin"
      }
    },
    {
      "type": "Feature",
      "geometry": {
        "type": "Point",
        "coordinates": [
          -6.3337906,
          53.3169799
        ]
      },
      "properties": {
        "osm_id": "n3012317800",
        "name": "Hillbilly's Fried Chicken",
        "category": "fast_food",
        "subcategory": "amenity=fast_food",
        "lat": 53.3169799,
        "lon": -6.3337906,
        "admin_division": "",
        "county": "dublin"
      }
    },
    {
      "type": "Feature",
      "geometry": {
        "type": "Point",
        "coordinates": [
          -6.2753402,
          53.3319814
        ]
      },
      "properties": {
        "osm_id": "n3028081130",
        "name": "Favourite Chicken",
        "category": "fast_food",
        "subcategory": "amenity=fast_food",
        "lat": 53.3319814,
        "lon": -6.2753402,
        "admin_division": "",
        "county": "dublin"
      }
    },
    {
      "type": "Feature",
      "geometry": {
        "type": "Point",
        "coordinates": [
          -6.2747707,
          53.3335976
        ]
      },
      "properties": {
        "osm_id": "n3028086234",
        "name": "Kebabish",
        "category": "fast_food",
        "subcategory": "amenity=fast_food",
        "lat": 53.3335976,
        "lon": -6.2747707,
        "admin_division": "Dublin",
        "county": "dublin"
      }
    },
    {
      "type": "Feature",
      "geometry": {
        "type": "Point",
        "coordinates": [
          -6.2747334,
          53.3338425
        ]
      },
      "properties": {
        "osm_id": "n3028086237",
        "name": "BBQ Tonight",
        "category": "fast_food",
        "subcategory": "amenity=fast_food",
        "lat": 53.3338425,
        "lon": -6.2747334,
        "admin_division": "",
        "county": "dublin"
      }
    },
    {
      "type": "Feature",
      "geometry": {
        "type": "Point",
        "coordinates": [
          -6.2744058,
          53.3118498
        ]
      },
      "properties": {
        "osm_id": "n3036071390",
        "name": "Bijou Deli",
        "category": "fast_food",
        "subcategory": "shop=deli",
        "lat": 53.3118498,
        "lon": -6.2744058,
        "admin_division": "Dublin",
        "county": "dublin"
      }
    },
    {
      "type": "Feature",
      "geometry": {
        "type": "Point",
        "coordinates": [
          -6.2732601,
          53.313466
        ]
      },
      "properties": {
        "osm_id": "n3039751434",
        "name": "Mizzoni's",
        "category": "fast_food",
        "subcategory": "amenity=fast_food",
        "lat": 53.313466,
        "lon": -6.2732601,
        "admin_division": "",
        "county": "dublin"
      }
    },
    {
      "type": "Feature",
      "geometry": {
        "type": "Point",
        "coordinates": [
          -6.2611086,
          53.352584
        ]
      },
      "properties": {
        "osm_id": "n3052773340",
        "name": "Subway",
        "category": "fast_food",
        "subcategory": "amenity=fast_food",
        "lat": 53.352584,
        "lon": -6.2611086,
        "admin_division": "Dublin",
        "county": "dublin"
      }
    },
    {
      "type": "Feature",
      "geometry": {
        "type": "Point",
        "coordinates": [
          -6.2614764,
          53.3515266
        ]
      },
      "properties": {
        "osm_id": "n3052773346",
        "name": "Karen's Diner",
        "category": "fast_food",
        "subcategory": "amenity=fast_food",
        "lat": 53.3515266,
        "lon": -6.2614764,
        "admin_division": "Dublin",
        "county": "dublin"
      }
    },
    {
      "type": "Feature",
      "geometry": {
        "type": "Point",
        "coordinates": [
          -6.2594508,
          53.3532944
        ]
      },
      "properties": {
        "osm_id": "n3053172444",
        "name": "",
        "category": "fast_food",
        "subcategory": "amenity=fast_food",
        "lat": 53.3532944,
        "lon": -6.2594508,
        "admin_division": "Dublin",
        "county": "dublin"
      }
    },
    {
      "type": "Feature",
      "geometry": {
        "type": "Point",
        "coordinates": [
          -6.26563,
          53.385566
        ]
      },
      "properties": {
        "osm_id": "n3059742613",
        "name": "Subway",
        "category": "fast_food",
        "subcategory": "amenity=fast_food",
        "lat": 53.385566,
        "lon": -6.26563,
        "admin_division": "Dublin",
        "county": "dublin"
      }
    },
    {
      "type": "Feature",
      "geometry": {
        "type": "Point",
        "coordinates": [
          -6.2715219,
          53.3897043
        ]
      },
      "properties": {
        "osm_id": "n3059759263",
        "name": "Macari",
        "category": "fast_food",
        "subcategory": "amenity=fast_food",
        "lat": 53.3897043,
        "lon": -6.2715219,
        "admin_division": "Dublin",
        "county": "dublin"
      }
    },
    {
      "type": "Feature",
      "geometry": {
        "type": "Point",
        "coordinates": [
          -6.2716291,
          53.3897315
        ]
      },
      "properties": {
        "osm_id": "n3059759264",
        "name": "Apache Pizza",
        "category": "fast_food",
        "subcategory": "amenity=fast_food",
        "lat": 53.3897315,
        "lon": -6.2716291,
        "admin_division": "Dublin",
        "county": "dublin"
      }
    },
    {
      "type": "Feature",
      "geometry": {
        "type": "Point",
        "coordinates": [
          -6.2885396,
          53.390569
        ]
      },
      "properties": {
        "osm_id": "n3061990900",
        "name": "B Q Inn",
        "category": "fast_food",
        "subcategory": "amenity=fast_food",
        "lat": 53.390569,
        "lon": -6.2885396,
        "admin_division": "Dublin",
        "county": "dublin"
      }
    },
    {
      "type": "Feature",
      "geometry": {
        "type": "Point",
        "coordinates": [
          -6.2888794,
          53.39045
        ]
      },
      "properties": {
        "osm_id": "n3061990903",
        "name": "Macari",
        "category": "fast_food",
        "subcategory": "amenity=fast_food",
        "lat": 53.39045,
        "lon": -6.2888794,
        "admin_division": "Dublin",
        "county": "dublin"
      }
    },
    {
      "type": "Feature",
      "geometry": {
        "type": "Point",
        "coordinates": [
          -6.2734656,
          53.3361327
        ]
      },
      "properties": {
        "osm_id": "n3067754004",
        "name": "Braza Food",
        "category": "fast_food",
        "subcategory": "amenity=fast_food",
        "lat": 53.3361327,
        "lon": -6.2734656,
        "admin_division": "Dublin",
        "county": "dublin"
      }
    },
    {
      "type": "Feature",
      "geometry": {
        "type": "Point",
        "coordinates": [
          -6.321108,
          53.3252878
        ]
      },
      "properties": {
        "osm_id": "n3077675593",
        "name": "Excellent",
        "category": "fast_food",
        "subcategory": "amenity=fast_food",
        "lat": 53.3252878,
        "lon": -6.321108,
        "admin_division": "",
        "county": "dublin"
      }
    },
    {
      "type": "Feature",
      "geometry": {
        "type": "Point",
        "coordinates": [
          -6.2782425,
          53.3426877
        ]
      },
      "properties": {
        "osm_id": "n3089873927",
        "name": "The Lab",
        "category": "fast_food",
        "subcategory": "amenity=fast_food",
        "lat": 53.3426877,
        "lon": -6.2782425,
        "admin_division": "Dublin",
        "county": "dublin"
      }
    },
    {
      "type": "Feature",
      "geometry": {
        "type": "Point",
        "coordinates": [
          -6.2767581,
          53.3428299
        ]
      },
      "properties": {
        "osm_id": "n3089889098",
        "name": "Curry & Kebab",
        "category": "fast_food",
        "subcategory": "amenity=fast_food",
        "lat": 53.3428299,
        "lon": -6.2767581,
        "admin_division": "Dublin",
        "county": "dublin"
      }
    },
    {
      "type": "Feature",
      "geometry": {
        "type": "Point",
        "coordinates": [
          -6.2728264,
          53.3605367
        ]
      },
      "properties": {
        "osm_id": "n3091138596",
        "name": "Pearl River",
        "category": "fast_food",
        "subcategory": "amenity=fast_food",
        "lat": 53.3605367,
        "lon": -6.2728264,
        "admin_division": "Dublin",
        "county": "dublin"
      }
    },
    {
      "type": "Feature",
      "geometry": {
        "type": "Point",
        "coordinates": [
          -6.2569062,
          53.347234
        ]
      },
      "properties": {
        "osm_id": "n3092292622",
        "name": "Jaffa On the Quay",
        "category": "fast_food",
        "subcategory": "shop=deli",
        "lat": 53.347234,
        "lon": -6.2569062,
        "admin_division": "Dublin",
        "county": "dublin"
      }
    },
    {
      "type": "Feature",
      "geometry": {
        "type": "Point",
        "coordinates": [
          -6.2800917,
          53.3170297
        ]
      },
      "properties": {
        "osm_id": "n3093151510",
        "name": "New Fortune Cookie",
        "category": "fast_food",
        "subcategory": "amenity=fast_food",
        "lat": 53.3170297,
        "lon": -6.2800917,
        "admin_division": "Dublin",
        "county": "dublin"
      }
    },
    {
      "type": "Feature",
      "geometry": {
        "type": "Point",
        "coordinates": [
          -6.2827728,
          53.3101352
        ]
      },
      "properties": {
        "osm_id": "n3104886049",
        "name": "Q's Creative Asian Dining",
        "category": "fast_food",
        "subcategory": "amenity=fast_food",
        "lat": 53.3101352,
        "lon": -6.2827728,
        "admin_division": "",
        "county": "dublin"
      }
    },
    {
      "type": "Feature",
      "geometry": {
        "type": "Point",
        "coordinates": [
          -6.2828709,
          53.3109018
        ]
      },
      "properties": {
        "osm_id": "n3106272130",
        "name": "Dino's Terenure",
        "category": "fast_food",
        "subcategory": "amenity=fast_food",
        "lat": 53.3109018,
        "lon": -6.2828709,
        "admin_division": "Dublin",
        "county": "dublin"
      }
    },
    {
      "type": "Feature",
      "geometry": {
        "type": "Point",
        "coordinates": [
          -6.2854737,
          53.3095802
        ]
      },
      "properties": {
        "osm_id": "n3108856821",
        "name": "Mr Chen",
        "category": "fast_food",
        "subcategory": "amenity=fast_food",
        "lat": 53.3095802,
        "lon": -6.2854737,
        "admin_division": "Dublin",
        "county": "dublin"
      }
    },
    {
      "type": "Feature",
      "geometry": {
        "type": "Point",
        "coordinates": [
          -6.2449095,
          53.4279424
        ]
      },
      "properties": {
        "osm_id": "n3112510754",
        "name": "Upper Crust",
        "category": "fast_food",
        "subcategory": "amenity=fast_food",
        "lat": 53.4279424,
        "lon": -6.2449095,
        "admin_division": "Dublin Airport",
        "county": "dublin"
      }
    },
    {
      "type": "Feature",
      "geometry": {
        "type": "Point",
        "coordinates": [
          -6.2933408,
          53.3427192
        ]
      },
      "properties": {
        "osm_id": "n3124957074",
        "name": "Toni's Take Away",
        "category": "fast_food",
        "subcategory": "amenity=fast_food",
        "lat": 53.3427192,
        "lon": -6.2933408,
        "admin_division": "Dublin",
        "county": "dublin"
      }
    },
    {
      "type": "Feature",
      "geometry": {
        "type": "Point",
        "coordinates": [
          -6.2725263,
          53.3602496
        ]
      },
      "properties": {
        "osm_id": "n3127013631",
        "name": "Dublin Kebab",
        "category": "fast_food",
        "subcategory": "amenity=fast_food",
        "lat": 53.3602496,
        "lon": -6.2725263,
        "admin_division": "Dublin",
        "county": "dublin"
      }
    },
    {
      "type": "Feature",
      "geometry": {
        "type": "Point",
        "coordinates": [
          -6.2765031,
          53.3999511
        ]
      },
      "properties": {
        "osm_id": "n3137599781",
        "name": "Angelo's Fish & Chips",
        "category": "fast_food",
        "subcategory": "amenity=fast_food",
        "lat": 53.3999511,
        "lon": -6.2765031,
        "admin_division": "",
        "county": "dublin"
      }
    },
    {
      "type": "Feature",
      "geometry": {
        "type": "Point",
        "coordinates": [
          -6.2645617,
          53.3949895
        ]
      },
      "properties": {
        "osm_id": "n3137631835",
        "name": "Chef",
        "category": "fast_food",
        "subcategory": "amenity=fast_food",
        "lat": 53.3949895,
        "lon": -6.2645617,
        "admin_division": "",
        "county": "dublin"
      }
    },
    {
      "type": "Feature",
      "geometry": {
        "type": "Point",
        "coordinates": [
          -6.218285,
          53.2768969
        ]
      },
      "properties": {
        "osm_id": "n3139293405",
        "name": "Subway",
        "category": "fast_food",
        "subcategory": "amenity=fast_food",
        "lat": 53.2768969,
        "lon": -6.218285,
        "admin_division": "",
        "county": "dublin"
      }
    },
    {
      "type": "Feature",
      "geometry": {
        "type": "Point",
        "coordinates": [
          -6.5006713,
          53.2997154
        ]
      },
      "properties": {
        "osm_id": "n3139296920",
        "name": "The Roma Take Away",
        "category": "fast_food",
        "subcategory": "amenity=fast_food",
        "lat": 53.2997154,
        "lon": -6.5006713,
        "admin_division": "Newcastle",
        "county": "dublin"
      }
    },
    {
      "type": "Feature",
      "geometry": {
        "type": "Point",
        "coordinates": [
          -6.2545718,
          53.3689316
        ]
      },
      "properties": {
        "osm_id": "n3140481197",
        "name": "Abrakebabra",
        "category": "fast_food",
        "subcategory": "amenity=fast_food",
        "lat": 53.3689316,
        "lon": -6.2545718,
        "admin_division": "Dublin",
        "county": "dublin"
      }
    },
    {
      "type": "Feature",
      "geometry": {
        "type": "Point",
        "coordinates": [
          -6.3025719,
          53.403725
        ]
      },
      "properties": {
        "osm_id": "n3150038575",
        "name": "Eddie Rocket's",
        "category": "fast_food",
        "subcategory": "amenity=fast_food",
        "lat": 53.403725,
        "lon": -6.3025719,
        "admin_division": "Dublin",
        "county": "dublin"
      }
    },
    {
      "type": "Feature",
      "geometry": {
        "type": "Point",
        "coordinates": [
          -6.2657216,
          53.355799
        ]
      },
      "properties": {
        "osm_id": "n3162203892",
        "name": "Anatolia",
        "category": "fast_food",
        "subcategory": "amenity=fast_food",
        "lat": 53.355799,
        "lon": -6.2657216,
        "admin_division": "",
        "county": "dublin"
      }
    },
    {
      "type": "Feature",
      "geometry": {
        "type": "Point",
        "coordinates": [
          -6.2267075,
          53.3518551
        ]
      },
      "properties": {
        "osm_id": "n3178518933",
        "name": "",
        "category": "fast_food",
        "subcategory": "amenity=fast_food",
        "lat": 53.3518551,
        "lon": -6.2267075,
        "admin_division": "Dublin",
        "county": "dublin"
      }
    },
    {
      "type": "Feature",
      "geometry": {
        "type": "Point",
        "coordinates": [
          -6.2583871,
          53.3539236
        ]
      },
      "properties": {
        "osm_id": "n3178559341",
        "name": "Turkish Kebab House",
        "category": "fast_food",
        "subcategory": "amenity=fast_food",
        "lat": 53.3539236,
        "lon": -6.2583871,
        "admin_division": "",
        "county": "dublin"
      }
    },
    {
      "type": "Feature",
      "geometry": {
        "type": "Point",
        "coordinates": [
          -6.420273,
          53.3924219
        ]
      },
      "properties": {
        "osm_id": "n3219472686",
        "name": "Magic Wok",
        "category": "fast_food",
        "subcategory": "amenity=fast_food",
        "lat": 53.3924219,
        "lon": -6.420273,
        "admin_division": "",
        "county": "dublin"
      }
    },
    {
      "type": "Feature",
      "geometry": {
        "type": "Point",
        "coordinates": [
          -6.3989856,
          53.40287
        ]
      },
      "properties": {
        "osm_id": "n3233585898",
        "name": "Yummy Pizza",
        "category": "fast_food",
        "subcategory": "amenity=fast_food",
        "lat": 53.40287,
        "lon": -6.3989856,
        "admin_division": "",
        "county": "dublin"
      }
    },
    {
      "type": "Feature",
      "geometry": {
        "type": "Point",
        "coordinates": [
          -6.3991318,
          53.4029244
        ]
      },
      "properties": {
        "osm_id": "n3233585899",
        "name": "Dragon Inn",
        "category": "fast_food",
        "subcategory": "amenity=fast_food",
        "lat": 53.4029244,
        "lon": -6.3991318,
        "admin_division": "",
        "county": "dublin"
      }
    },
    {
      "type": "Feature",
      "geometry": {
        "type": "Point",
        "coordinates": [
          -6.198147,
          53.2585371
        ]
      },
      "properties": {
        "osm_id": "n3279350696",
        "name": "Little Venezia",
        "category": "fast_food",
        "subcategory": "amenity=fast_food",
        "lat": 53.2585371,
        "lon": -6.198147,
        "admin_division": "",
        "county": "dublin"
      }
    },
    {
      "type": "Feature",
      "geometry": {
        "type": "Point",
        "coordinates": [
          -6.2423601,
          53.2880128
        ]
      },
      "properties": {
        "osm_id": "n3358130375",
        "name": "KFC",
        "category": "fast_food",
        "subcategory": "amenity=fast_food",
        "lat": 53.2880128,
        "lon": -6.2423601,
        "admin_division": "Dundrum",
        "county": "dublin"
      }
    },
    {
      "type": "Feature",
      "geometry": {
        "type": "Point",
        "coordinates": [
          -6.2653608,
          53.3231519
        ]
      },
      "properties": {
        "osm_id": "n3362484966",
        "name": "Zambrero",
        "category": "fast_food",
        "subcategory": "amenity=fast_food",
        "lat": 53.3231519,
        "lon": -6.2653608,
        "admin_division": "Dublin",
        "county": "dublin"
      }
    },
    {
      "type": "Feature",
      "geometry": {
        "type": "Point",
        "coordinates": [
          -6.2435183,
          53.4523912
        ]
      },
      "properties": {
        "osm_id": "n3434607320",
        "name": "Tony's Super Takeaway",
        "category": "fast_food",
        "subcategory": "amenity=fast_food",
        "lat": 53.4523912,
        "lon": -6.2435183,
        "admin_division": "Swords",
        "county": "dublin"
      }
    },
    {
      "type": "Feature",
      "geometry": {
        "type": "Point",
        "coordinates": [
          -6.2385866,
          53.3876871
        ]
      },
      "properties": {
        "osm_id": "n3436306935",
        "name": "Far East",
        "category": "fast_food",
        "subcategory": "amenity=fast_food",
        "lat": 53.3876871,
        "lon": -6.2385866,
        "admin_division": "Dublin",
        "county": "dublin"
      }
    },
    {
      "type": "Feature",
      "geometry": {
        "type": "Point",
        "coordinates": [
          -6.2340055,
          53.3858419
        ]
      },
      "properties": {
        "osm_id": "n3436306936",
        "name": "Alec's Takewaway",
        "category": "fast_food",
        "subcategory": "amenity=fast_food",
        "lat": 53.3858419,
        "lon": -6.2340055,
        "admin_division": "Dublin",
        "county": "dublin"
      }
    },
    {
      "type": "Feature",
      "geometry": {
        "type": "Point",
        "coordinates": [
          -6.2406862,
          53.3815685
        ]
      },
      "properties": {
        "osm_id": "n3436306943",
        "name": "Rimini Takeaway",
        "category": "fast_food",
        "subcategory": "amenity=fast_food",
        "lat": 53.3815685,
        "lon": -6.2406862,
        "admin_division": "Dublin",
        "county": "dublin"
      }
    },
    {
      "type": "Feature",
      "geometry": {
        "type": "Point",
        "coordinates": [
          -6.2453443,
          53.3814324
        ]
      },
      "properties": {
        "osm_id": "n3436306944",
        "name": "Airport Takeaway",
        "category": "fast_food",
        "subcategory": "amenity=fast_food",
        "lat": 53.3814324,
        "lon": -6.2453443,
        "admin_division": "",
        "county": "dublin"
      }
    },
    {
      "type": "Feature",
      "geometry": {
        "type": "Point",
        "coordinates": [
          -6.2516709,
          53.356302
        ]
      },
      "properties": {
        "osm_id": "n3450089176",
        "name": "Eighty Sevens Takeaway",
        "category": "fast_food",
        "subcategory": "amenity=fast_food",
        "lat": 53.356302,
        "lon": -6.2516709,
        "admin_division": "Dublin",
        "county": "dublin"
      }
    },
    {
      "type": "Feature",
      "geometry": {
        "type": "Point",
        "coordinates": [
          -6.2594459,
          53.359488
        ]
      },
      "properties": {
        "osm_id": "n3465847949",
        "name": "Viking Pizza",
        "category": "fast_food",
        "subcategory": "amenity=fast_food",
        "lat": 53.359488,
        "lon": -6.2594459,
        "admin_division": "Dublin",
        "county": "dublin"
      }
    },
    {
      "type": "Feature",
      "geometry": {
        "type": "Point",
        "coordinates": [
          -6.2742867,
          53.3344234
        ]
      },
      "properties": {
        "osm_id": "n3465968935",
        "name": "Bu Ali",
        "category": "fast_food",
        "subcategory": "amenity=fast_food",
        "lat": 53.3344234,
        "lon": -6.2742867,
        "admin_division": "",
        "county": "dublin"
      }
    },
    {
      "type": "Feature",
      "geometry": {
        "type": "Point",
        "coordinates": [
          -6.2742277,
          53.3345083
        ]
      },
      "properties": {
        "osm_id": "n3465968936",
        "name": "Passion 4 Food",
        "category": "fast_food",
        "subcategory": "amenity=fast_food",
        "lat": 53.3345083,
        "lon": -6.2742277,
        "admin_division": "",
        "county": "dublin"
      }
    },
    {
      "type": "Feature",
      "geometry": {
        "type": "Point",
        "coordinates": [
          -6.2636601,
          53.3440697
        ]
      },
      "properties": {
        "osm_id": "n3470507587",
        "name": "Iskanders",
        "category": "fast_food",
        "subcategory": "amenity=fast_food",
        "lat": 53.3440697,
        "lon": -6.2636601,
        "admin_division": "Dublin",
        "county": "dublin"
      }
    },
    {
      "type": "Feature",
      "geometry": {
        "type": "Point",
        "coordinates": [
          -6.250523,
          53.3509763
        ]
      },
      "properties": {
        "osm_id": "n3477689300",
        "name": "Subway",
        "category": "fast_food",
        "subcategory": "amenity=fast_food",
        "lat": 53.3509763,
        "lon": -6.250523,
        "admin_division": "Dublin",
        "county": "dublin"
      }
    },
    {
      "type": "Feature",
      "geometry": {
        "type": "Point",
        "coordinates": [
          -6.2503976,
          53.3511447
        ]
      },
      "properties": {
        "osm_id": "n3477689301",
        "name": "Wok-on-Inn",
        "category": "fast_food",
        "subcategory": "amenity=fast_food",
        "lat": 53.3511447,
        "lon": -6.2503976,
        "admin_division": "Dublin",
        "county": "dublin"
      }
    },
    {
      "type": "Feature",
      "geometry": {
        "type": "Point",
        "coordinates": [
          -6.2462927,
          53.3553021
        ]
      },
      "properties": {
        "osm_id": "n3477753533",
        "name": "Luigi's",
        "category": "fast_food",
        "subcategory": "amenity=fast_food",
        "lat": 53.3553021,
        "lon": -6.2462927,
        "admin_division": "Dublin",
        "county": "dublin"
      }
    },
    {
      "type": "Feature",
      "geometry": {
        "type": "Point",
        "coordinates": [
          -6.2462508,
          53.3553553
        ]
      },
      "properties": {
        "osm_id": "n3477753535",
        "name": "Long Thahn",
        "category": "fast_food",
        "subcategory": "amenity=fast_food",
        "lat": 53.3553553,
        "lon": -6.2462508,
        "admin_division": "Dublin",
        "county": "dublin"
      }
    },
    {
      "type": "Feature",
      "geometry": {
        "type": "Point",
        "coordinates": [
          -6.2402067,
          53.3597277
        ]
      },
      "properties": {
        "osm_id": "n3478574751",
        "name": "Okayu",
        "category": "fast_food",
        "subcategory": "amenity=fast_food",
        "lat": 53.3597277,
        "lon": -6.2402067,
        "admin_division": "Dublin",
        "county": "dublin"
      }
    },
    {
      "type": "Feature",
      "geometry": {
        "type": "Point",
        "coordinates": [
          -6.2399499,
          53.359982
        ]
      },
      "properties": {
        "osm_id": "n3478574755",
        "name": "Lin Kee",
        "category": "fast_food",
        "subcategory": "amenity=fast_food",
        "lat": 53.359982,
        "lon": -6.2399499,
        "admin_division": "Dublin",
        "county": "dublin"
      }
    },
    {
      "type": "Feature",
      "geometry": {
        "type": "Point",
        "coordinates": [
          -6.2372049,
          53.3622997
        ]
      },
      "properties": {
        "osm_id": "n3480874450",
        "name": "Fairview Grill",
        "category": "fast_food",
        "subcategory": "amenity=fast_food",
        "lat": 53.3622997,
        "lon": -6.2372049,
        "admin_division": "Dublin",
        "county": "dublin"
      }
    },
    {
      "type": "Feature",
      "geometry": {
        "type": "Point",
        "coordinates": [
          -6.2353861,
          53.36327
        ]
      },
      "properties": {
        "osm_id": "n3480874455",
        "name": "Tuk Away",
        "category": "fast_food",
        "subcategory": "amenity=fast_food",
        "lat": 53.36327,
        "lon": -6.2353861,
        "admin_division": "Dublin",
        "county": "dublin"
      }
    },
    {
      "type": "Feature",
      "geometry": {
        "type": "Point",
        "coordinates": [
          -6.2075652,
          53.3823278
        ]
      },
      "properties": {
        "osm_id": "n3482841194",
        "name": "Subway",
        "category": "fast_food",
        "subcategory": "amenity=fast_food",
        "lat": 53.3823278,
        "lon": -6.2075652,
        "admin_division": "Dublin",
        "county": "dublin"
      }
    },
    {
      "type": "Feature",
      "geometry": {
        "type": "Point",
        "coordinates": [
          -6.2121134,
          53.3954398
        ]
      },
      "properties": {
        "osm_id": "n3485778207",
        "name": "McDonald's",
        "category": "fast_food",
        "subcategory": "amenity=fast_food",
        "lat": 53.3954398,
        "lon": -6.2121134,
        "admin_division": "Dublin",
        "county": "dublin"
      }
    },
    {
      "type": "Feature",
      "geometry": {
        "type": "Point",
        "coordinates": [
          -6.2458103,
          53.3590309
        ]
      },
      "properties": {
        "osm_id": "n3500323867",
        "name": "Mr. Kebab",
        "category": "fast_food",
        "subcategory": "amenity=fast_food",
        "lat": 53.3590309,
        "lon": -6.2458103,
        "admin_division": "Dublin",
        "county": "dublin"
      }
    },
    {
      "type": "Feature",
      "geometry": {
        "type": "Point",
        "coordinates": [
          -6.3712344,
          53.3555652
        ]
      },
      "properties": {
        "osm_id": "n3523197197",
        "name": "The Far East",
        "category": "fast_food",
        "subcategory": "amenity=fast_food",
        "lat": 53.3555652,
        "lon": -6.3712344,
        "admin_division": "",
        "county": "dublin"
      }
    },
    {
      "type": "Feature",
      "geometry": {
        "type": "Point",
        "coordinates": [
          -6.2662604,
          53.3375164
        ]
      },
      "properties": {
        "osm_id": "n3563319298",
        "name": "Hot Chilli",
        "category": "fast_food",
        "subcategory": "amenity=fast_food",
        "lat": 53.3375164,
        "lon": -6.2662604,
        "admin_division": "Dublin",
        "county": "dublin"
      }
    },
    {
      "type": "Feature",
      "geometry": {
        "type": "Point",
        "coordinates": [
          -6.2753643,
          53.3319465
        ]
      },
      "properties": {
        "osm_id": "n3567117254",
        "name": "Three Monks",
        "category": "fast_food",
        "subcategory": "amenity=fast_food",
        "lat": 53.3319465,
        "lon": -6.2753643,
        "admin_division": "",
        "county": "dublin"
      }
    },
    {
      "type": "Feature",
      "geometry": {
        "type": "Point",
        "coordinates": [
          -6.2654911,
          53.3358903
        ]
      },
      "properties": {
        "osm_id": "n3567190070",
        "name": "McGuinness Traditional Take Away",
        "category": "fast_food",
        "subcategory": "amenity=fast_food",
        "lat": 53.3358903,
        "lon": -6.2654911,
        "admin_division": "Dublin",
        "county": "dublin"
      }
    },
    {
      "type": "Feature",
      "geometry": {
        "type": "Point",
        "coordinates": [
          -6.2573934,
          53.3501552
        ]
      },
      "properties": {
        "osm_id": "n3579557651",
        "name": "Spicy Deals",
        "category": "fast_food",
        "subcategory": "shop=deli",
        "lat": 53.3501552,
        "lon": -6.2573934,
        "admin_division": "Dublin",
        "county": "dublin"
      }
    },
    {
      "type": "Feature",
      "geometry": {
        "type": "Point",
        "coordinates": [
          -6.1695897,
          53.2954822
        ]
      },
      "properties": {
        "osm_id": "n3583952398",
        "name": "The Butler's Pantry",
        "category": "fast_food",
        "subcategory": "shop=deli",
        "lat": 53.2954822,
        "lon": -6.1695897,
        "admin_division": "Blackrock",
        "county": "dublin"
      }
    },
    {
      "type": "Feature",
      "geometry": {
        "type": "Point",
        "coordinates": [
          -6.1766423,
          53.3007291
        ]
      },
      "properties": {
        "osm_id": "n3584002514",
        "name": "Great Wall",
        "category": "fast_food",
        "subcategory": "amenity=fast_food",
        "lat": 53.3007291,
        "lon": -6.1766423,
        "admin_division": "Blackrock",
        "county": "dublin"
      }
    },
    {
      "type": "Feature",
      "geometry": {
        "type": "Point",
        "coordinates": [
          -6.1632241,
          53.2778514
        ]
      },
      "properties": {
        "osm_id": "n3703279061",
        "name": "Libero's",
        "category": "fast_food",
        "subcategory": "amenity=fast_food",
        "lat": 53.2778514,
        "lon": -6.1632241,
        "admin_division": "Deansgrange",
        "county": "dublin"
      }
    },
    {
      "type": "Feature",
      "geometry": {
        "type": "Point",
        "coordinates": [
          -6.1977497,
          53.2885531
        ]
      },
      "properties": {
        "osm_id": "n3732079939",
        "name": "Monsoon",
        "category": "fast_food",
        "subcategory": "amenity=fast_food",
        "lat": 53.2885531,
        "lon": -6.1977497,
        "admin_division": "Stillorgan",
        "county": "dublin"
      }
    },
    {
      "type": "Feature",
      "geometry": {
        "type": "Point",
        "coordinates": [
          -6.1779947,
          53.3011118
        ]
      },
      "properties": {
        "osm_id": "n3740250998",
        "name": "Korean Burrito",
        "category": "fast_food",
        "subcategory": "amenity=fast_food",
        "lat": 53.3011118,
        "lon": -6.1779947,
        "admin_division": "Blackrock",
        "county": "dublin"
      }
    },
    {
      "type": "Feature",
      "geometry": {
        "type": "Point",
        "coordinates": [
          -6.1780254,
          53.3010955
        ]
      },
      "properties": {
        "osm_id": "n3740251004",
        "name": "The Retro Workshop",
        "category": "fast_food",
        "subcategory": "amenity=fast_food",
        "lat": 53.3010955,
        "lon": -6.1780254,
        "admin_division": "",
        "county": "dublin"
      }
    },
    {
      "type": "Feature",
      "geometry": {
        "type": "Point",
        "coordinates": [
          -6.2927804,
          53.3669127
        ]
      },
      "properties": {
        "osm_id": "n3780227762",
        "name": "Gourmet Kitchen",
        "category": "fast_food",
        "subcategory": "amenity=fast_food",
        "lat": 53.3669127,
        "lon": -6.2927804,
        "admin_division": "",
        "county": "dublin"
      }
    },
    {
      "type": "Feature",
      "geometry": {
        "type": "Point",
        "coordinates": [
          -6.2663169,
          53.3383108
        ]
      },
      "properties": {
        "osm_id": "n3789420070",
        "name": "Pizzabaker",
        "category": "fast_food",
        "subcategory": "amenity=fast_food",
        "lat": 53.3383108,
        "lon": -6.2663169,
        "admin_division": "Dublin",
        "county": "dublin"
      }
    },
    {
      "type": "Feature",
      "geometry": {
        "type": "Point",
        "coordinates": [
          -6.2170775,
          53.4124609
        ]
      },
      "properties": {
        "osm_id": "n3858431857",
        "name": "Supermac's",
        "category": "fast_food",
        "subcategory": "amenity=fast_food",
        "lat": 53.4124609,
        "lon": -6.2170775,
        "admin_division": "",
        "county": "dublin"
      }
    },
    {
      "type": "Feature",
      "geometry": {
        "type": "Point",
        "coordinates": [
          -6.2832339,
          53.351498
        ]
      },
      "properties": {
        "osm_id": "n3874503577",
        "name": "Pizza Kebab Express",
        "category": "fast_food",
        "subcategory": "amenity=fast_food",
        "lat": 53.351498,
        "lon": -6.2832339,
        "admin_division": "",
        "county": "dublin"
      }
    },
    {
      "type": "Feature",
      "geometry": {
        "type": "Point",
        "coordinates": [
          -6.143187,
          53.2950171
        ]
      },
      "properties": {
        "osm_id": "n3939811606",
        "name": "Golden Elephant",
        "category": "fast_food",
        "subcategory": "amenity=fast_food",
        "lat": 53.2950171,
        "lon": -6.143187,
        "admin_division": "",
        "county": "dublin"
      }
    },
    {
      "type": "Feature",
      "geometry": {
        "type": "Point",
        "coordinates": [
          -6.2481689,
          53.3414926
        ]
      },
      "properties": {
        "osm_id": "n3974844460",
        "name": "Mizzoni",
        "category": "fast_food",
        "subcategory": "amenity=fast_food",
        "lat": 53.3414926,
        "lon": -6.2481689,
        "admin_division": "Dublin",
        "county": "dublin"
      }
    },
    {
      "type": "Feature",
      "geometry": {
        "type": "Point",
        "coordinates": [
          -6.2444622,
          53.3430109
        ]
      },
      "properties": {
        "osm_id": "n3978665362",
        "name": "The Lido",
        "category": "fast_food",
        "subcategory": "amenity=fast_food",
        "lat": 53.3430109,
        "lon": -6.2444622,
        "admin_division": "Dublin",
        "county": "dublin"
      }
    },
    {
      "type": "Feature",
      "geometry": {
        "type": "Point",
        "coordinates": [
          -6.2475393,
          53.3435985
        ]
      },
      "properties": {
        "osm_id": "n3978782796",
        "name": "Zambrero",
        "category": "fast_food",
        "subcategory": "amenity=fast_food",
        "lat": 53.3435985,
        "lon": -6.2475393,
        "admin_division": "Dublin",
        "county": "dublin"
      }
    },
    {
      "type": "Feature",
      "geometry": {
        "type": "Point",
        "coordinates": [
          -6.2650683,
          53.3364982
        ]
      },
      "properties": {
        "osm_id": "n3982123137",
        "name": "Bakelicious",
        "category": "fast_food",
        "subcategory": "amenity=fast_food",
        "lat": 53.3364982,
        "lon": -6.2650683,
        "admin_division": "Dublin",
        "county": "dublin"
      }
    },
    {
      "type": "Feature",
      "geometry": {
        "type": "Point",
        "coordinates": [
          -6.4449835,
          53.2803416
        ]
      },
      "properties": {
        "osm_id": "n4013361346",
        "name": "Roma",
        "category": "fast_food",
        "subcategory": "amenity=fast_food",
        "lat": 53.2803416,
        "lon": -6.4449835,
        "admin_division": "",
        "county": "dublin"
      }
    },
    {
      "type": "Feature",
      "geometry": {
        "type": "Point",
        "coordinates": [
          -6.2662675,
          53.338315
        ]
      },
      "properties": {
        "osm_id": "n4040683446",
        "name": "Food Monkey",
        "category": "fast_food",
        "subcategory": "amenity=fast_food",
        "lat": 53.338315,
        "lon": -6.2662675,
        "admin_division": "Dublin",
        "county": "dublin"
      }
    },
    {
      "type": "Feature",
      "geometry": {
        "type": "Point",
        "coordinates": [
          -6.2494584,
          53.3435761
        ]
      },
      "properties": {
        "osm_id": "n4046914564",
        "name": "Pret A Manger",
        "category": "fast_food",
        "subcategory": "amenity=fast_food",
        "lat": 53.3435761,
        "lon": -6.2494584,
        "admin_division": "Dublin",
        "county": "dublin"
      }
    },
    {
      "type": "Feature",
      "geometry": {
        "type": "Point",
        "coordinates": [
          -6.2485967,
          53.3916802
        ]
      },
      "properties": {
        "osm_id": "n4105794010",
        "name": "Subway",
        "category": "fast_food",
        "subcategory": "amenity=fast_food",
        "lat": 53.3916802,
        "lon": -6.2485967,
        "admin_division": "",
        "county": "dublin"
      }
    },
    {
      "type": "Feature",
      "geometry": {
        "type": "Point",
        "coordinates": [
          -6.2502602,
          53.392946
        ]
      },
      "properties": {
        "osm_id": "n4105794012",
        "name": "Eddie Rockers",
        "category": "fast_food",
        "subcategory": "amenity=fast_food",
        "lat": 53.392946,
        "lon": -6.2502602,
        "admin_division": "",
        "county": "dublin"
      }
    },
    {
      "type": "Feature",
      "geometry": {
        "type": "Point",
        "coordinates": [
          -6.2502628,
          53.392917
        ]
      },
      "properties": {
        "osm_id": "n4105794013",
        "name": "Camile",
        "category": "fast_food",
        "subcategory": "amenity=fast_food",
        "lat": 53.392917,
        "lon": -6.2502628,
        "admin_division": "",
        "county": "dublin"
      }
    },
    {
      "type": "Feature",
      "geometry": {
        "type": "Point",
        "coordinates": [
          -6.1766178,
          53.3006972
        ]
      },
      "properties": {
        "osm_id": "n4155966383",
        "name": "A-Roy Thai",
        "category": "fast_food",
        "subcategory": "amenity=fast_food",
        "lat": 53.3006972,
        "lon": -6.1766178,
        "admin_division": "",
        "county": "dublin"
      }
    },
    {
      "type": "Feature",
      "geometry": {
        "type": "Point",
        "coordinates": [
          -6.2627279,
          53.3452787
        ]
      },
      "properties": {
        "osm_id": "n4163833954",
        "name": "Leo Burdock",
        "category": "fast_food",
        "subcategory": "amenity=fast_food",
        "lat": 53.3452787,
        "lon": -6.2627279,
        "admin_division": "Dublin",
        "county": "dublin"
      }
    },
    {
      "type": "Feature",
      "geometry": {
        "type": "Point",
        "coordinates": [
          -6.1976065,
          53.2885108
        ]
      },
      "properties": {
        "osm_id": "n4185641139",
        "name": "Loco's",
        "category": "fast_food",
        "subcategory": "amenity=fast_food",
        "lat": 53.2885108,
        "lon": -6.1976065,
        "admin_division": "Stillorgan",
        "county": "dublin"
      }
    },
    {
      "type": "Feature",
      "geometry": {
        "type": "Point",
        "coordinates": [
          -6.1241825,
          53.2311865
        ]
      },
      "properties": {
        "osm_id": "n4221252676",
        "name": "Andrew's Chinese Takeaway",
        "category": "fast_food",
        "subcategory": "amenity=fast_food",
        "lat": 53.2311865,
        "lon": -6.1241825,
        "admin_division": "",
        "county": "dublin"
      }
    },
    {
      "type": "Feature",
      "geometry": {
        "type": "Point",
        "coordinates": [
          -6.2654864,
          53.3344132
        ]
      },
      "properties": {
        "osm_id": "n4223705251",
        "name": "A taste of Spain",
        "category": "fast_food",
        "subcategory": "shop=deli",
        "lat": 53.3344132,
        "lon": -6.2654864,
        "admin_division": "Dublin",
        "county": "dublin"
      }
    },
    {
      "type": "Feature",
      "geometry": {
        "type": "Point",
        "coordinates": [
          -6.2618503,
          53.3332892
        ]
      },
      "properties": {
        "osm_id": "n4351354090",
        "name": "Zambrero",
        "category": "fast_food",
        "subcategory": "amenity=fast_food",
        "lat": 53.3332892,
        "lon": -6.2618503,
        "admin_division": "Dublin",
        "county": "dublin"
      }
    },
    {
      "type": "Feature",
      "geometry": {
        "type": "Point",
        "coordinates": [
          -6.2564415,
          53.3210532
        ]
      },
      "properties": {
        "osm_id": "n4368865702",
        "name": "Green Beards",
        "category": "fast_food",
        "subcategory": "amenity=fast_food",
        "lat": 53.3210532,
        "lon": -6.2564415,
        "admin_division": "Dublin",
        "county": "dublin"
      }
    },
    {
      "type": "Feature",
      "geometry": {
        "type": "Point",
        "coordinates": [
          -6.3420291,
          53.2953689
        ]
      },
      "properties": {
        "osm_id": "n4386437217",
        "name": "Macaris Castletymon",
        "category": "fast_food",
        "subcategory": "amenity=fast_food",
        "lat": 53.2953689,
        "lon": -6.3420291,
        "admin_division": "",
        "county": "dublin"
      }
    },
    {
      "type": "Feature",
      "geometry": {
        "type": "Point",
        "coordinates": [
          -6.3625491,
          53.2877856
        ]
      },
      "properties": {
        "osm_id": "n4386441804",
        "name": "Macari's",
        "category": "fast_food",
        "subcategory": "amenity=fast_food",
        "lat": 53.2877856,
        "lon": -6.3625491,
        "admin_division": "",
        "county": "dublin"
      }
    },
    {
      "type": "Feature",
      "geometry": {
        "type": "Point",
        "coordinates": [
          -6.3647626,
          53.2877462
        ]
      },
      "properties": {
        "osm_id": "n4386441812",
        "name": "Oche",
        "category": "fast_food",
        "subcategory": "amenity=fast_food",
        "lat": 53.2877462,
        "lon": -6.3647626,
        "admin_division": "",
        "county": "dublin"
      }
    },
    {
      "type": "Feature",
      "geometry": {
        "type": "Point",
        "coordinates": [
          -6.3052074,
          53.3286003
        ]
      },
      "properties": {
        "osm_id": "n4391794989",
        "name": "Great Wall House",
        "category": "fast_food",
        "subcategory": "amenity=fast_food",
        "lat": 53.3286003,
        "lon": -6.3052074,
        "admin_division": "",
        "county": "dublin"
      }
    },
    {
      "type": "Feature",
      "geometry": {
        "type": "Point",
        "coordinates": [
          -6.3908403,
          53.3922813
        ]
      },
      "properties": {
        "osm_id": "n4416201295",
        "name": "KFC",
        "category": "fast_food",
        "subcategory": "amenity=fast_food",
        "lat": 53.3922813,
        "lon": -6.3908403,
        "admin_division": "",
        "county": "dublin"
      }
    },
    {
      "type": "Feature",
      "geometry": {
        "type": "Point",
        "coordinates": [
          -6.2897142,
          53.5856275
        ]
      },
      "properties": {
        "osm_id": "n4432310123",
        "name": "Tasty-Bites",
        "category": "fast_food",
        "subcategory": "amenity=fast_food",
        "lat": 53.5856275,
        "lon": -6.2897142,
        "admin_division": "Naul",
        "county": "dublin"
      }
    },
    {
      "type": "Feature",
      "geometry": {
        "type": "Point",
        "coordinates": [
          -6.2373587,
          53.34431
        ]
      },
      "properties": {
        "osm_id": "n4468553189",
        "name": "Boojum",
        "category": "fast_food",
        "subcategory": "amenity=fast_food",
        "lat": 53.34431,
        "lon": -6.2373587,
        "admin_division": "Dublin",
        "county": "dublin"
      }
    },
    {
      "type": "Feature",
      "geometry": {
        "type": "Point",
        "coordinates": [
          -6.1332995,
          53.2940759
        ]
      },
      "properties": {
        "osm_id": "n4494808354",
        "name": "Eddie Rocket's",
        "category": "fast_food",
        "subcategory": "amenity=fast_food",
        "lat": 53.2940759,
        "lon": -6.1332995,
        "admin_division": "Dún Laoghaire",
        "county": "dublin"
      }
    },
    {
      "type": "Feature",
      "geometry": {
        "type": "Point",
        "coordinates": [
          -6.2645429,
          53.3238201
        ]
      },
      "properties": {
        "osm_id": "n4531981157",
        "name": "Baxter & Greene",
        "category": "fast_food",
        "subcategory": "shop=deli",
        "lat": 53.3238201,
        "lon": -6.2645429,
        "admin_division": "",
        "county": "dublin"
      }
    },
    {
      "type": "Feature",
      "geometry": {
        "type": "Point",
        "coordinates": [
          -6.2399864,
          53.3241219
        ]
      },
      "properties": {
        "osm_id": "n4554246007",
        "name": "The Butlers Pantry",
        "category": "fast_food",
        "subcategory": "shop=deli",
        "lat": 53.3241219,
        "lon": -6.2399864,
        "admin_division": "Dublin",
        "county": "dublin"
      }
    },
    {
      "type": "Feature",
      "geometry": {
        "type": "Point",
        "coordinates": [
          -6.1515883,
          53.2613151
        ]
      },
      "properties": {
        "osm_id": "n4563645989",
        "name": "Apache Pizza",
        "category": "fast_food",
        "subcategory": "amenity=fast_food",
        "lat": 53.2613151,
        "lon": -6.1515883,
        "admin_division": "",
        "county": "dublin"
      }
    },
    {
      "type": "Feature",
      "geometry": {
        "type": "Point",
        "coordinates": [
          -6.2603273,
          53.4038093
        ]
      },
      "properties": {
        "osm_id": "n4591230021",
        "name": "Subway",
        "category": "fast_food",
        "subcategory": "amenity=fast_food",
        "lat": 53.4038093,
        "lon": -6.2603273,
        "admin_division": "",
        "county": "dublin"
      }
    },
    {
      "type": "Feature",
      "geometry": {
        "type": "Point",
        "coordinates": [
          -6.2205274,
          53.4555591
        ]
      },
      "properties": {
        "osm_id": "n4686836813",
        "name": "Subway",
        "category": "fast_food",
        "subcategory": "amenity=fast_food",
        "lat": 53.4555591,
        "lon": -6.2205274,
        "admin_division": "",
        "county": "dublin"
      }
    },
    {
      "type": "Feature",
      "geometry": {
        "type": "Point",
        "coordinates": [
          -6.2196879,
          53.4554361
        ]
      },
      "properties": {
        "osm_id": "n4686846016",
        "name": "Subway",
        "category": "fast_food",
        "subcategory": "amenity=fast_food",
        "lat": 53.4554361,
        "lon": -6.2196879,
        "admin_division": "",
        "county": "dublin"
      }
    },
    {
      "type": "Feature",
      "geometry": {
        "type": "Point",
        "coordinates": [
          -6.2239693,
          53.4538352
        ]
      },
      "properties": {
        "osm_id": "n4686870963",
        "name": "Domino's",
        "category": "fast_food",
        "subcategory": "amenity=fast_food",
        "lat": 53.4538352,
        "lon": -6.2239693,
        "admin_division": "",
        "county": "dublin"
      }
    },
    {
      "type": "Feature",
      "geometry": {
        "type": "Point",
        "coordinates": [
          -6.2504863,
          53.3515076
        ]
      },
      "properties": {
        "osm_id": "n4716789641",
        "name": "Supermac's",
        "category": "fast_food",
        "subcategory": "amenity=fast_food",
        "lat": 53.3515076,
        "lon": -6.2504863,
        "admin_division": "",
        "county": "dublin"
      }
    },
    {
      "type": "Feature",
      "geometry": {
        "type": "Point",
        "coordinates": [
          -6.2629773,
          53.3456562
        ]
      },
      "properties": {
        "osm_id": "n4744107221",
        "name": "Temple Take Out",
        "category": "fast_food",
        "subcategory": "amenity=fast_food",
        "lat": 53.3456562,
        "lon": -6.2629773,
        "admin_division": "Dublin",
        "county": "dublin"
      }
    },
    {
      "type": "Feature",
      "geometry": {
        "type": "Point",
        "coordinates": [
          -6.1961932,
          53.3086538
        ]
      },
      "properties": {
        "osm_id": "n4804347222",
        "name": "Firehouse",
        "category": "fast_food",
        "subcategory": "amenity=fast_food",
        "lat": 53.3086538,
        "lon": -6.1961932,
        "admin_division": "",
        "county": "dublin"
      }
    },
    {
      "type": "Feature",
      "geometry": {
        "type": "Point",
        "coordinates": [
          -6.1880085,
          53.3052739
        ]
      },
      "properties": {
        "osm_id": "n4804421681",
        "name": "Wong's Kitchen",
        "category": "fast_food",
        "subcategory": "amenity=fast_food",
        "lat": 53.3052739,
        "lon": -6.1880085,
        "admin_division": "",
        "county": "dublin"
      }
    },
    {
      "type": "Feature",
      "geometry": {
        "type": "Point",
        "coordinates": [
          -6.2446227,
          53.333964
        ]
      },
      "properties": {
        "osm_id": "n4806196523",
        "name": "Subway",
        "category": "fast_food",
        "subcategory": "amenity=fast_food",
        "lat": 53.333964,
        "lon": -6.2446227,
        "admin_division": "Dublin",
        "county": "dublin"
      }
    },
    {
      "type": "Feature",
      "geometry": {
        "type": "Point",
        "coordinates": [
          -6.3621325,
          53.4152275
        ]
      },
      "properties": {
        "osm_id": "n4864350756",
        "name": "Burger King",
        "category": "fast_food",
        "subcategory": "amenity=fast_food",
        "lat": 53.4152275,
        "lon": -6.3621325,
        "admin_division": "",
        "county": "dublin"
      }
    },
    {
      "type": "Feature",
      "geometry": {
        "type": "Point",
        "coordinates": [
          -6.311427,
          53.3766313
        ]
      },
      "properties": {
        "osm_id": "n4904169175",
        "name": "Romayo's Diner",
        "category": "fast_food",
        "subcategory": "amenity=fast_food",
        "lat": 53.3766313,
        "lon": -6.311427,
        "admin_division": "",
        "county": "dublin"
      }
    },
    {
      "type": "Feature",
      "geometry": {
        "type": "Point",
        "coordinates": [
          -6.2616205,
          53.3492122
        ]
      },
      "properties": {
        "osm_id": "n4950552621",
        "name": "Subway",
        "category": "fast_food",
        "subcategory": "amenity=fast_food",
        "lat": 53.3492122,
        "lon": -6.2616205,
        "admin_division": "Dublin",
        "county": "dublin"
      }
    },
    {
      "type": "Feature",
      "geometry": {
        "type": "Point",
        "coordinates": [
          -6.3058738,
          53.3566374
        ]
      },
      "properties": {
        "osm_id": "n5005282724",
        "name": "Cove",
        "category": "fast_food",
        "subcategory": "amenity=fast_food",
        "lat": 53.3566374,
        "lon": -6.3058738,
        "admin_division": "",
        "county": "dublin"
      }
    },
    {
      "type": "Feature",
      "geometry": {
        "type": "Point",
        "coordinates": [
          -6.264619,
          53.3323711
        ]
      },
      "properties": {
        "osm_id": "n5017038422",
        "name": "Do Falafel",
        "category": "fast_food",
        "subcategory": "amenity=fast_food",
        "lat": 53.3323711,
        "lon": -6.264619,
        "admin_division": "",
        "county": "dublin"
      }
    },
    {
      "type": "Feature",
      "geometry": {
        "type": "Point",
        "coordinates": [
          -6.2615093,
          53.3397032
        ]
      },
      "properties": {
        "osm_id": "n5018138821",
        "name": "El Gringo Burrito",
        "category": "fast_food",
        "subcategory": "amenity=fast_food",
        "lat": 53.3397032,
        "lon": -6.2615093,
        "admin_division": "Dublin",
        "county": "dublin"
      }
    },
    {
      "type": "Feature",
      "geometry": {
        "type": "Point",
        "coordinates": [
          -6.2610198,
          53.340171
        ]
      },
      "properties": {
        "osm_id": "n5043376923",
        "name": "The Rolling Donut",
        "category": "fast_food",
        "subcategory": "amenity=fast_food",
        "lat": 53.340171,
        "lon": -6.2610198,
        "admin_division": "Dublin",
        "county": "dublin"
      }
    },
    {
      "type": "Feature",
      "geometry": {
        "type": "Point",
        "coordinates": [
          -6.2568867,
          53.2947335
        ]
      },
      "properties": {
        "osm_id": "n5142725522",
        "name": "Chipmongers",
        "category": "fast_food",
        "subcategory": "amenity=fast_food",
        "lat": 53.2947335,
        "lon": -6.2568867,
        "admin_division": "Churchtown",
        "county": "dublin"
      }
    },
    {
      "type": "Feature",
      "geometry": {
        "type": "Point",
        "coordinates": [
          -6.253873,
          53.338125
        ]
      },
      "properties": {
        "osm_id": "n5166639429",
        "name": "The Bagel Bar",
        "category": "fast_food",
        "subcategory": "amenity=fast_food",
        "lat": 53.338125,
        "lon": -6.253873,
        "admin_division": "Dublin",
        "county": "dublin"
      }
    },
    {
      "type": "Feature",
      "geometry": {
        "type": "Point",
        "coordinates": [
          -6.2378772,
          53.322431
        ]
      },
      "properties": {
        "osm_id": "n5167945442",
        "name": "Abrakebabra",
        "category": "fast_food",
        "subcategory": "amenity=fast_food",
        "lat": 53.322431,
        "lon": -6.2378772,
        "admin_division": "Dublin",
        "county": "dublin"
      }
    },
    {
      "type": "Feature",
      "geometry": {
        "type": "Point",
        "coordinates": [
          -6.2146926,
          53.3084623
        ]
      },
      "properties": {
        "osm_id": "n5170237096",
        "name": "Subway",
        "category": "fast_food",
        "subcategory": "amenity=fast_food",
        "lat": 53.3084623,
        "lon": -6.2146926,
        "admin_division": "Dublin",
        "county": "dublin"
      }
    },
    {
      "type": "Feature",
      "geometry": {
        "type": "Point",
        "coordinates": [
          -6.2844898,
          53.3093504
        ]
      },
      "properties": {
        "osm_id": "n5196914825",
        "name": "Burrito Bros",
        "category": "fast_food",
        "subcategory": "amenity=fast_food",
        "lat": 53.3093504,
        "lon": -6.2844898,
        "admin_division": "",
        "county": "dublin"
      }
    },
    {
      "type": "Feature",
      "geometry": {
        "type": "Point",
        "coordinates": [
          -6.3697222,
          53.2870023
        ]
      },
      "properties": {
        "osm_id": "n5250588241",
        "name": "Domino's",
        "category": "fast_food",
        "subcategory": "amenity=fast_food",
        "lat": 53.2870023,
        "lon": -6.3697222,
        "admin_division": "Tallaght",
        "county": "dublin"
      }
    },
    {
      "type": "Feature",
      "geometry": {
        "type": "Point",
        "coordinates": [
          -6.3722581,
          53.2866139
        ]
      },
      "properties": {
        "osm_id": "n5250588242",
        "name": "McDonald's",
        "category": "fast_food",
        "subcategory": "amenity=fast_food",
        "lat": 53.2866139,
        "lon": -6.3722581,
        "admin_division": "",
        "county": "dublin"
      }
    },
    {
      "type": "Feature",
      "geometry": {
        "type": "Point",
        "coordinates": [
          -6.3720578,
          53.2864634
        ]
      },
      "properties": {
        "osm_id": "n5250588245",
        "name": "Burger King",
        "category": "fast_food",
        "subcategory": "amenity=fast_food",
        "lat": 53.2864634,
        "lon": -6.3720578,
        "admin_division": "",
        "county": "dublin"
      }
    },
    {
      "type": "Feature",
      "geometry": {
        "type": "Point",
        "coordinates": [
          -6.3719236,
          53.2863006
        ]
      },
      "properties": {
        "osm_id": "n5250588246",
        "name": "KFC",
        "category": "fast_food",
        "subcategory": "amenity=fast_food",
        "lat": 53.2863006,
        "lon": -6.3719236,
        "admin_division": "",
        "county": "dublin"
      }
    },
    {
      "type": "Feature",
      "geometry": {
        "type": "Point",
        "coordinates": [
          -6.2449538,
          53.4605858
        ]
      },
      "properties": {
        "osm_id": "n5268020184",
        "name": "Chef Asian and Chinese Cuisine",
        "category": "fast_food",
        "subcategory": "amenity=fast_food",
        "lat": 53.4605858,
        "lon": -6.2449538,
        "admin_division": "",
        "county": "dublin"
      }
    },
    {
      "type": "Feature",
      "geometry": {
        "type": "Point",
        "coordinates": [
          -6.2101595,
          53.5406968
        ]
      },
      "properties": {
        "osm_id": "n5268042828",
        "name": "Burger King",
        "category": "fast_food",
        "subcategory": "amenity=fast_food",
        "lat": 53.5406968,
        "lon": -6.2101595,
        "admin_division": "",
        "county": "dublin"
      }
    },
    {
      "type": "Feature",
      "geometry": {
        "type": "Point",
        "coordinates": [
          -6.2181049,
          53.4620355
        ]
      },
      "properties": {
        "osm_id": "n5268059396",
        "name": "Lin Kee",
        "category": "fast_food",
        "subcategory": "amenity=fast_food",
        "lat": 53.4620355,
        "lon": -6.2181049,
        "admin_division": "",
        "county": "dublin"
      }
    },
    {
      "type": "Feature",
      "geometry": {
        "type": "Point",
        "coordinates": [
          -6.2117697,
          53.5648367
        ]
      },
      "properties": {
        "osm_id": "n5268078430",
        "name": "Subway",
        "category": "fast_food",
        "subcategory": "amenity=fast_food",
        "lat": 53.5648367,
        "lon": -6.2117697,
        "admin_division": "",
        "county": "dublin"
      }
    },
    {
      "type": "Feature",
      "geometry": {
        "type": "Point",
        "coordinates": [
          -6.2601902,
          53.3529946
        ]
      },
      "properties": {
        "osm_id": "n5301569917",
        "name": "Enzo's",
        "category": "fast_food",
        "subcategory": "amenity=fast_food",
        "lat": 53.3529946,
        "lon": -6.2601902,
        "admin_division": "Dublin",
        "county": "dublin"
      }
    },
    {
      "type": "Feature",
      "geometry": {
        "type": "Point",
        "coordinates": [
          -6.1412277,
          53.2775542
        ]
      },
      "properties": {
        "osm_id": "n5303157542",
        "name": "Pescegrande Takeaway",
        "category": "fast_food",
        "subcategory": "amenity=fast_food",
        "lat": 53.2775542,
        "lon": -6.1412277,
        "admin_division": "Sallynoggin",
        "county": "dublin"
      }
    },
    {
      "type": "Feature",
      "geometry": {
        "type": "Point",
        "coordinates": [
          -6.2593929,
          53.3462615
        ]
      },
      "properties": {
        "osm_id": "n5304019896",
        "name": "Papa John's",
        "category": "fast_food",
        "subcategory": "amenity=fast_food",
        "lat": 53.3462615,
        "lon": -6.2593929,
        "admin_division": "Dublin",
        "county": "dublin"
      }
    },
    {
      "type": "Feature",
      "geometry": {
        "type": "Point",
        "coordinates": [
          -6.2646386,
          53.3308637
        ]
      },
      "properties": {
        "osm_id": "n5308955751",
        "name": "Kebab and Burger Maker",
        "category": "fast_food",
        "subcategory": "amenity=fast_food",
        "lat": 53.3308637,
        "lon": -6.2646386,
        "admin_division": "",
        "county": "dublin"
      }
    },
    {
      "type": "Feature",
      "geometry": {
        "type": "Point",
        "coordinates": [
          -6.2645513,
          53.3947158
        ]
      },
      "properties": {
        "osm_id": "n5313922921",
        "name": "Firehouse Pizza",
        "category": "fast_food",
        "subcategory": "amenity=fast_food",
        "lat": 53.3947158,
        "lon": -6.2645513,
        "admin_division": "",
        "county": "dublin"
      }
    },
    {
      "type": "Feature",
      "geometry": {
        "type": "Point",
        "coordinates": [
          -6.2885454,
          53.3574988
        ]
      },
      "properties": {
        "osm_id": "n5314364284",
        "name": "Hub Himalayan",
        "category": "fast_food",
        "subcategory": "amenity=fast_food",
        "lat": 53.3574988,
        "lon": -6.2885454,
        "admin_division": "",
        "county": "dublin"
      }
    },
    {
      "type": "Feature",
      "geometry": {
        "type": "Point",
        "coordinates": [
          -6.2873983,
          53.3593883
        ]
      },
      "properties": {
        "osm_id": "n5314398700",
        "name": "Pizza Max",
        "category": "fast_food",
        "subcategory": "amenity=fast_food",
        "lat": 53.3593883,
        "lon": -6.2873983,
        "admin_division": "",
        "county": "dublin"
      }
    },
    {
      "type": "Feature",
      "geometry": {
        "type": "Point",
        "coordinates": [
          -6.2641568,
          53.3393546
        ]
      },
      "properties": {
        "osm_id": "n5336076122",
        "name": "Good to Go Dublin",
        "category": "fast_food",
        "subcategory": "amenity=fast_food",
        "lat": 53.3393546,
        "lon": -6.2641568,
        "admin_division": "",
        "county": "dublin"
      }
    },
    {
      "type": "Feature",
      "geometry": {
        "type": "Point",
        "coordinates": [
          -6.2643889,
          53.3423661
        ]
      },
      "properties": {
        "osm_id": "n5337172888",
        "name": "Toons Bridge Dairy",
        "category": "fast_food",
        "subcategory": "shop=deli",
        "lat": 53.3423661,
        "lon": -6.2643889,
        "admin_division": "Dublin",
        "county": "dublin"
      }
    },
    {
      "type": "Feature",
      "geometry": {
        "type": "Point",
        "coordinates": [
          -6.3697622,
          53.2869909
        ]
      },
      "properties": {
        "osm_id": "n5338702221",
        "name": "Just Wing It",
        "category": "fast_food",
        "subcategory": "amenity=fast_food",
        "lat": 53.2869909,
        "lon": -6.3697622,
        "admin_division": "",
        "county": "dublin"
      }
    },
    {
      "type": "Feature",
      "geometry": {
        "type": "Point",
        "coordinates": [
          -6.4582073,
          53.3360067
        ]
      },
      "properties": {
        "osm_id": "n5358675481",
        "name": "Mizzoni’ Cafe",
        "category": "fast_food",
        "subcategory": "amenity=fast_food",
        "lat": 53.3360067,
        "lon": -6.4582073,
        "admin_division": "Adamstown",
        "county": "dublin"
      }
    },
    {
      "type": "Feature",
      "geometry": {
        "type": "Point",
        "coordinates": [
          -6.2461162,
          53.333606
        ]
      },
      "properties": {
        "osm_id": "n5359150725",
        "name": "Boojum",
        "category": "fast_food",
        "subcategory": "amenity=fast_food",
        "lat": 53.333606,
        "lon": -6.2461162,
        "admin_division": "Dublin",
        "county": "dublin"
      }
    },
    {
      "type": "Feature",
      "geometry": {
        "type": "Point",
        "coordinates": [
          -6.3620999,
          53.4152753
        ]
      },
      "properties": {
        "osm_id": "n5374590530",
        "name": "Maxol",
        "category": "fast_food",
        "subcategory": "amenity=restaurant",
        "lat": 53.4152753,
        "lon": -6.3620999,
        "admin_division": "",
        "county": "dublin"
      }
    },
    {
      "type": "Feature",
      "geometry": {
        "type": "Point",
        "coordinates": [
          -6.2632068,
          53.3469119
        ]
      },
      "properties": {
        "osm_id": "n5376941069",
        "name": "Akaka Poké",
        "category": "fast_food",
        "subcategory": "amenity=fast_food",
        "lat": 53.3469119,
        "lon": -6.2632068,
        "admin_division": "Dublin",
        "county": "dublin"
      }
    },
    {
      "type": "Feature",
      "geometry": {
        "type": "Point",
        "coordinates": [
          -6.2635032,
          53.3472432
        ]
      },
      "properties": {
        "osm_id": "n5376941081",
        "name": "Istanbul Kebab House",
        "category": "fast_food",
        "subcategory": "amenity=fast_food",
        "lat": 53.3472432,
        "lon": -6.2635032,
        "admin_division": "Dublin",
        "county": "dublin"
      }
    },
    {
      "type": "Feature",
      "geometry": {
        "type": "Point",
        "coordinates": [
          -6.2633433,
          53.3474349
        ]
      },
      "properties": {
        "osm_id": "n5376983444",
        "name": "Istanbel",
        "category": "fast_food",
        "subcategory": "amenity=fast_food",
        "lat": 53.3474349,
        "lon": -6.2633433,
        "admin_division": "Dublin",
        "county": "dublin"
      }
    },
    {
      "type": "Feature",
      "geometry": {
        "type": "Point",
        "coordinates": [
          -6.2633704,
          53.3474918
        ]
      },
      "properties": {
        "osm_id": "n5376983446",
        "name": "Peking Street Food",
        "category": "fast_food",
        "subcategory": "amenity=fast_food",
        "lat": 53.3474918,
        "lon": -6.2633704,
        "admin_division": "Dublin",
        "county": "dublin"
      }
    },
    {
      "type": "Feature",
      "geometry": {
        "type": "Point",
        "coordinates": [
          -6.2635227,
          53.3472964
        ]
      },
      "properties": {
        "osm_id": "n5376983449",
        "name": "Chick'n Lick'n",
        "category": "fast_food",
        "subcategory": "amenity=fast_food",
        "lat": 53.3472964,
        "lon": -6.2635227,
        "admin_division": "Dublin",
        "county": "dublin"
      }
    },
    {
      "type": "Feature",
      "geometry": {
        "type": "Point",
        "coordinates": [
          -6.1774499,
          53.3013131
        ]
      },
      "properties": {
        "osm_id": "n5378960510",
        "name": "King's",
        "category": "fast_food",
        "subcategory": "amenity=fast_food",
        "lat": 53.3013131,
        "lon": -6.1774499,
        "admin_division": "Blackrock",
        "county": "dublin"
      }
    },
    {
      "type": "Feature",
      "geometry": {
        "type": "Point",
        "coordinates": [
          -6.2569338,
          53.3908281
        ]
      },
      "properties": {
        "osm_id": "n5381116599",
        "name": "Rafo's Take Away",
        "category": "fast_food",
        "subcategory": "amenity=fast_food",
        "lat": 53.3908281,
        "lon": -6.2569338,
        "admin_division": "",
        "county": "dublin"
      }
    },
    {
      "type": "Feature",
      "geometry": {
        "type": "Point",
        "coordinates": [
          -6.2568493,
          53.3908193
        ]
      },
      "properties": {
        "osm_id": "n5381116600",
        "name": "Mizzoni's Pizza",
        "category": "fast_food",
        "subcategory": "amenity=fast_food",
        "lat": 53.3908193,
        "lon": -6.2568493,
        "admin_division": "",
        "county": "dublin"
      }
    },
    {
      "type": "Feature",
      "geometry": {
        "type": "Point",
        "coordinates": [
          -6.2653265,
          53.356221
        ]
      },
      "properties": {
        "osm_id": "n5384454766",
        "name": "Dublin Chicken and Rice",
        "category": "fast_food",
        "subcategory": "amenity=fast_food",
        "lat": 53.356221,
        "lon": -6.2653265,
        "admin_division": "",
        "county": "dublin"
      }
    },
    {
      "type": "Feature",
      "geometry": {
        "type": "Point",
        "coordinates": [
          -6.245897,
          53.3807392
        ]
      },
      "properties": {
        "osm_id": "n5396212409",
        "name": "New Magic Wok",
        "category": "fast_food",
        "subcategory": "amenity=fast_food",
        "lat": 53.3807392,
        "lon": -6.245897,
        "admin_division": "",
        "county": "dublin"
      }
    },
    {
      "type": "Feature",
      "geometry": {
        "type": "Point",
        "coordinates": [
          -6.2637539,
          53.3577462
        ]
      },
      "properties": {
        "osm_id": "n5400353566",
        "name": "Tasty Options",
        "category": "fast_food",
        "subcategory": "amenity=cafe",
        "lat": 53.3577462,
        "lon": -6.2637539,
        "admin_division": "",
        "county": "dublin"
      }
    },
    {
      "type": "Feature",
      "geometry": {
        "type": "Point",
        "coordinates": [
          -6.2651942,
          53.3563385
        ]
      },
      "properties": {
        "osm_id": "n5400402793",
        "name": "Midnight Express",
        "category": "fast_food",
        "subcategory": "amenity=fast_food",
        "lat": 53.3563385,
        "lon": -6.2651942,
        "admin_division": "",
        "county": "dublin"
      }
    },
    {
      "type": "Feature",
      "geometry": {
        "type": "Point",
        "coordinates": [
          -6.2669684,
          53.3543764
        ]
      },
      "properties": {
        "osm_id": "n5404647412",
        "name": "Paulista Pizzas & Esfihas",
        "category": "fast_food",
        "subcategory": "amenity=fast_food",
        "lat": 53.3543764,
        "lon": -6.2669684,
        "admin_division": "",
        "county": "dublin"
      }
    },
    {
      "type": "Feature",
      "geometry": {
        "type": "Point",
        "coordinates": [
          -6.2630488,
          53.3579216
        ]
      },
      "properties": {
        "osm_id": "n5405915981",
        "name": "Do-Son",
        "category": "fast_food",
        "subcategory": "amenity=fast_food",
        "lat": 53.3579216,
        "lon": -6.2630488,
        "admin_division": "",
        "county": "dublin"
      }
    },
    {
      "type": "Feature",
      "geometry": {
        "type": "Point",
        "coordinates": [
          -6.2454841,
          53.3886913
        ]
      },
      "properties": {
        "osm_id": "n5414197188",
        "name": "San Sans",
        "category": "fast_food",
        "subcategory": "amenity=fast_food",
        "lat": 53.3886913,
        "lon": -6.2454841,
        "admin_division": "Dublin",
        "county": "dublin"
      }
    },
    {
      "type": "Feature",
      "geometry": {
        "type": "Point",
        "coordinates": [
          -6.2455025,
          53.3887329
        ]
      },
      "properties": {
        "osm_id": "n5414746180",
        "name": "San Marino",
        "category": "fast_food",
        "subcategory": "amenity=fast_food",
        "lat": 53.3887329,
        "lon": -6.2455025,
        "admin_division": "Dublin",
        "county": "dublin"
      }
    },
    {
      "type": "Feature",
      "geometry": {
        "type": "Point",
        "coordinates": [
          -6.2339284,
          53.3857265
        ]
      },
      "properties": {
        "osm_id": "n5419585615",
        "name": "Delight City",
        "category": "fast_food",
        "subcategory": "amenity=fast_food",
        "lat": 53.3857265,
        "lon": -6.2339284,
        "admin_division": "Dublin",
        "county": "dublin"
      }
    },
    {
      "type": "Feature",
      "geometry": {
        "type": "Point",
        "coordinates": [
          -6.2176317,
          53.3763926
        ]
      },
      "properties": {
        "osm_id": "n5423208056",
        "name": "Camile Thai",
        "category": "fast_food",
        "subcategory": "amenity=fast_food",
        "lat": 53.3763926,
        "lon": -6.2176317,
        "admin_division": "",
        "county": "dublin"
      }
    },
    {
      "type": "Feature",
      "geometry": {
        "type": "Point",
        "coordinates": [
          -6.2786375,
          53.3482238
        ]
      },
      "properties": {
        "osm_id": "n5428818278",
        "name": "Boojum",
        "category": "fast_food",
        "subcategory": "amenity=fast_food",
        "lat": 53.3482238,
        "lon": -6.2786375,
        "admin_division": "Dublin",
        "county": "dublin"
      }
    },
    {
      "type": "Feature",
      "geometry": {
        "type": "Point",
        "coordinates": [
          -6.2195018,
          53.4553813
        ]
      },
      "properties": {
        "osm_id": "n5462442849",
        "name": "Krispy Kreme",
        "category": "fast_food",
        "subcategory": "amenity=fast_food",
        "lat": 53.4553813,
        "lon": -6.2195018,
        "admin_division": "",
        "county": "dublin"
      }
    },
    {
      "type": "Feature",
      "geometry": {
        "type": "Point",
        "coordinates": [
          -6.2191512,
          53.4622388
        ]
      },
      "properties": {
        "osm_id": "n5478162336",
        "name": "Burger King",
        "category": "fast_food",
        "subcategory": "amenity=fast_food",
        "lat": 53.4622388,
        "lon": -6.2191512,
        "admin_division": "",
        "county": "dublin"
      }
    },
    {
      "type": "Feature",
      "geometry": {
        "type": "Point",
        "coordinates": [
          -6.2234636,
          53.4544635
        ]
      },
      "properties": {
        "osm_id": "n5493903146",
        "name": "Eddie Rocket's",
        "category": "fast_food",
        "subcategory": "amenity=fast_food",
        "lat": 53.4544635,
        "lon": -6.2234636,
        "admin_division": "Swords",
        "county": "dublin"
      }
    },
    {
      "type": "Feature",
      "geometry": {
        "type": "Point",
        "coordinates": [
          -6.238848,
          53.370798
        ]
      },
      "properties": {
        "osm_id": "n5543895863",
        "name": "Di Lucia's",
        "category": "fast_food",
        "subcategory": "amenity=fast_food",
        "lat": 53.370798,
        "lon": -6.238848,
        "admin_division": "",
        "county": "dublin"
      }
    },
    {
      "type": "Feature",
      "geometry": {
        "type": "Point",
        "coordinates": [
          -6.1802345,
          53.4010053
        ]
      },
      "properties": {
        "osm_id": "n5561967600",
        "name": "KFC",
        "category": "fast_food",
        "subcategory": "amenity=fast_food",
        "lat": 53.4010053,
        "lon": -6.1802345,
        "admin_division": "Dublin",
        "county": "dublin"
      }
    },
    {
      "type": "Feature",
      "geometry": {
        "type": "Point",
        "coordinates": [
          -6.2517248,
          53.3510769
        ]
      },
      "properties": {
        "osm_id": "n5585368941",
        "name": "Il Capo",
        "category": "fast_food",
        "subcategory": "amenity=fast_food",
        "lat": 53.3510769,
        "lon": -6.2517248,
        "admin_division": "Dublin",
        "county": "dublin"
      }
    },
    {
      "type": "Feature",
      "geometry": {
        "type": "Point",
        "coordinates": [
          -6.2538823,
          53.3507265
        ]
      },
      "properties": {
        "osm_id": "n5585403354",
        "name": "Polski Sklep",
        "category": "fast_food",
        "subcategory": "shop=deli",
        "lat": 53.3507265,
        "lon": -6.2538823,
        "admin_division": "Dublin",
        "county": "dublin"
      }
    },
    {
      "type": "Feature",
      "geometry": {
        "type": "Point",
        "coordinates": [
          -6.2594892,
          53.345528
        ]
      },
      "properties": {
        "osm_id": "n5591654777",
        "name": "Oh! My",
        "category": "fast_food",
        "subcategory": "amenity=fast_food",
        "lat": 53.345528,
        "lon": -6.2594892,
        "admin_division": "Dublin",
        "county": "dublin"
      }
    },
    {
      "type": "Feature",
      "geometry": {
        "type": "Point",
        "coordinates": [
          -6.2594835,
          53.3456098
        ]
      },
      "properties": {
        "osm_id": "n5591654780",
        "name": "Off Beat Donut Co",
        "category": "fast_food",
        "subcategory": "amenity=fast_food",
        "lat": 53.3456098,
        "lon": -6.2594835,
        "admin_division": "Dublin",
        "county": "dublin"
      }
    },
    {
      "type": "Feature",
      "geometry": {
        "type": "Point",
        "coordinates": [
          -6.1709617,
          53.403434
        ]
      },
      "properties": {
        "osm_id": "n5604168432",
        "name": "Angelo's",
        "category": "fast_food",
        "subcategory": "amenity=fast_food",
        "lat": 53.403434,
        "lon": -6.1709617,
        "admin_division": "",
        "county": "dublin"
      }
    },
    {
      "type": "Feature",
      "geometry": {
        "type": "Point",
        "coordinates": [
          -6.2995111,
          53.3117447
        ]
      },
      "properties": {
        "osm_id": "n5649658854",
        "name": "Subway",
        "category": "fast_food",
        "subcategory": "amenity=fast_food",
        "lat": 53.3117447,
        "lon": -6.2995111,
        "admin_division": "",
        "county": "dublin"
      }
    },
    {
      "type": "Feature",
      "geometry": {
        "type": "Point",
        "coordinates": [
          -6.2441499,
          53.2886484
        ]
      },
      "properties": {
        "osm_id": "n5661461551",
        "name": "Five Guys",
        "category": "fast_food",
        "subcategory": "amenity=fast_food",
        "lat": 53.2886484,
        "lon": -6.2441499,
        "admin_division": "Dundrum",
        "county": "dublin"
      }
    },
    {
      "type": "Feature",
      "geometry": {
        "type": "Point",
        "coordinates": [
          -6.1358248,
          53.4924009
        ]
      },
      "properties": {
        "osm_id": "n5671003014",
        "name": "Ollie's Deli",
        "category": "fast_food",
        "subcategory": "shop=deli",
        "lat": 53.4924009,
        "lon": -6.1358248,
        "admin_division": "Donabate",
        "county": "dublin"
      }
    },
    {
      "type": "Feature",
      "geometry": {
        "type": "Point",
        "coordinates": [
          -6.3716797,
          53.2721717
        ]
      },
      "properties": {
        "osm_id": "n5746278125",
        "name": "The Chipper",
        "category": "fast_food",
        "subcategory": "amenity=fast_food",
        "lat": 53.2721717,
        "lon": -6.3716797,
        "admin_division": "Tallaght",
        "county": "dublin"
      }
    },
    {
      "type": "Feature",
      "geometry": {
        "type": "Point",
        "coordinates": [
          -6.2515949,
          53.3563331
        ]
      },
      "properties": {
        "osm_id": "n5792833760",
        "name": "Johnson Best Food Take Away (The Real Taste of Africans)",
        "category": "fast_food",
        "subcategory": "amenity=fast_food",
        "lat": 53.3563331,
        "lon": -6.2515949,
        "admin_division": "Dublin",
        "county": "dublin"
      }
    },
    {
      "type": "Feature",
      "geometry": {
        "type": "Point",
        "coordinates": [
          -6.1067944,
          53.5791685
        ]
      },
      "properties": {
        "osm_id": "n5809849224",
        "name": "Olive Deli",
        "category": "fast_food",
        "subcategory": "shop=deli",
        "lat": 53.5791685,
        "lon": -6.1067944,
        "admin_division": "",
        "county": "dublin"
      }
    },
    {
      "type": "Feature",
      "geometry": {
        "type": "Point",
        "coordinates": [
          -6.0977532,
          53.5224513
        ]
      },
      "properties": {
        "osm_id": "n5838266626",
        "name": "The Little Chip Inn",
        "category": "fast_food",
        "subcategory": "amenity=fast_food",
        "lat": 53.5224513,
        "lon": -6.0977532,
        "admin_division": "Rush",
        "county": "dublin"
      }
    },
    {
      "type": "Feature",
      "geometry": {
        "type": "Point",
        "coordinates": [
          -6.0942836,
          53.5221959
        ]
      },
      "properties": {
        "osm_id": "n5838266627",
        "name": "Panda Inn",
        "category": "fast_food",
        "subcategory": "amenity=fast_food",
        "lat": 53.5221959,
        "lon": -6.0942836,
        "admin_division": "Rush",
        "county": "dublin"
      }
    },
    {
      "type": "Feature",
      "geometry": {
        "type": "Point",
        "coordinates": [
          -6.0936145,
          53.5221456
        ]
      },
      "properties": {
        "osm_id": "n5838266628",
        "name": "Ocean Inn",
        "category": "fast_food",
        "subcategory": "amenity=fast_food",
        "lat": 53.5221456,
        "lon": -6.0936145,
        "admin_division": "",
        "county": "dublin"
      }
    },
    {
      "type": "Feature",
      "geometry": {
        "type": "Point",
        "coordinates": [
          -6.3355935,
          53.3409582
        ]
      },
      "properties": {
        "osm_id": "n5838769300",
        "name": "China City",
        "category": "fast_food",
        "subcategory": "amenity=fast_food",
        "lat": 53.3409582,
        "lon": -6.3355935,
        "admin_division": "Ballyfermot",
        "county": "dublin"
      }
    },
    {
      "type": "Feature",
      "geometry": {
        "type": "Point",
        "coordinates": [
          -6.3513844,
          53.3424235
        ]
      },
      "properties": {
        "osm_id": "n5862047883",
        "name": "Darius",
        "category": "fast_food",
        "subcategory": "amenity=fast_food",
        "lat": 53.3424235,
        "lon": -6.3513844,
        "admin_division": "",
        "county": "dublin"
      }
    },
    {
      "type": "Feature",
      "geometry": {
        "type": "Point",
        "coordinates": [
          -6.3514661,
          53.3424207
        ]
      },
      "properties": {
        "osm_id": "n5862047884",
        "name": "Lam's",
        "category": "fast_food",
        "subcategory": "amenity=fast_food",
        "lat": 53.3424207,
        "lon": -6.3514661,
        "admin_division": "Dublin",
        "county": "dublin"
      }
    },
    {
      "type": "Feature",
      "geometry": {
        "type": "Point",
        "coordinates": [
          -6.1541246,
          53.3854524
        ]
      },
      "properties": {
        "osm_id": "n5888139952",
        "name": "Domino's",
        "category": "fast_food",
        "subcategory": "amenity=fast_food",
        "lat": 53.3854524,
        "lon": -6.1541246,
        "admin_division": "Dublin",
        "county": "dublin"
      }
    },
    {
      "type": "Feature",
      "geometry": {
        "type": "Point",
        "coordinates": [
          -6.1540695,
          53.385425
        ]
      },
      "properties": {
        "osm_id": "n5888155202",
        "name": "Asian Express",
        "category": "fast_food",
        "subcategory": "amenity=fast_food",
        "lat": 53.385425,
        "lon": -6.1540695,
        "admin_division": "Dublin",
        "county": "dublin"
      }
    },
    {
      "type": "Feature",
      "geometry": {
        "type": "Point",
        "coordinates": [
          -6.2135656,
          53.2525882
        ]
      },
      "properties": {
        "osm_id": "n5916234844",
        "name": "Borza's Takeaway",
        "category": "fast_food",
        "subcategory": "amenity=fast_food",
        "lat": 53.2525882,
        "lon": -6.2135656,
        "admin_division": "",
        "county": "dublin"
      }
    },
    {
      "type": "Feature",
      "geometry": {
        "type": "Point",
        "coordinates": [
          -6.4703029,
          53.2813825
        ]
      },
      "properties": {
        "osm_id": "n5930309230",
        "name": "Subway",
        "category": "fast_food",
        "subcategory": "amenity=fast_food",
        "lat": 53.2813825,
        "lon": -6.4703029,
        "admin_division": "",
        "county": "dublin"
      }
    },
    {
      "type": "Feature",
      "geometry": {
        "type": "Point",
        "coordinates": [
          -6.4667518,
          53.2814492
        ]
      },
      "properties": {
        "osm_id": "n5930309234",
        "name": "Mandarin House",
        "category": "fast_food",
        "subcategory": "amenity=fast_food",
        "lat": 53.2814492,
        "lon": -6.4667518,
        "admin_division": "",
        "county": "dublin"
      }
    },
    {
      "type": "Feature",
      "geometry": {
        "type": "Point",
        "coordinates": [
          -6.466844,
          53.2814422
        ]
      },
      "properties": {
        "osm_id": "n5930309235",
        "name": "Pure Indian",
        "category": "fast_food",
        "subcategory": "amenity=fast_food",
        "lat": 53.2814422,
        "lon": -6.466844,
        "admin_division": "",
        "county": "dublin"
      }
    },
    {
      "type": "Feature",
      "geometry": {
        "type": "Point",
        "coordinates": [
          -6.4657335,
          53.2815511
        ]
      },
      "properties": {
        "osm_id": "n5972689844",
        "name": "Marcella's Take Away",
        "category": "fast_food",
        "subcategory": "amenity=fast_food",
        "lat": 53.2815511,
        "lon": -6.4657335,
        "admin_division": "",
        "county": "dublin"
      }
    },
    {
      "type": "Feature",
      "geometry": {
        "type": "Point",
        "coordinates": [
          -6.1996769,
          53.4525555
        ]
      },
      "properties": {
        "osm_id": "n5985266760",
        "name": "Four Star Pizza",
        "category": "fast_food",
        "subcategory": "amenity=fast_food",
        "lat": 53.4525555,
        "lon": -6.1996769,
        "admin_division": "Swords",
        "county": "dublin"
      }
    },
    {
      "type": "Feature",
      "geometry": {
        "type": "Point",
        "coordinates": [
          -6.143762,
          53.2821899
        ]
      },
      "properties": {
        "osm_id": "n6032586659",
        "name": "Base Wood Fired Pizza",
        "category": "fast_food",
        "subcategory": "amenity=fast_food",
        "lat": 53.2821899,
        "lon": -6.143762,
        "admin_division": "Dún Laoghaire",
        "county": "dublin"
      }
    },
    {
      "type": "Feature",
      "geometry": {
        "type": "Point",
        "coordinates": [
          -6.147692,
          53.283554
        ]
      },
      "properties": {
        "osm_id": "n6034424233",
        "name": "Oriental Express",
        "category": "fast_food",
        "subcategory": "amenity=fast_food",
        "lat": 53.283554,
        "lon": -6.147692,
        "admin_division": "Dún Laoghaire",
        "county": "dublin"
      }
    },
    {
      "type": "Feature",
      "geometry": {
        "type": "Point",
        "coordinates": [
          -6.1474807,
          53.2835467
        ]
      },
      "properties": {
        "osm_id": "n6034424234",
        "name": "X Pizza And Kebab",
        "category": "fast_food",
        "subcategory": "amenity=fast_food",
        "lat": 53.2835467,
        "lon": -6.1474807,
        "admin_division": "Dún Laoghaire",
        "county": "dublin"
      }
    },
    {
      "type": "Feature",
      "geometry": {
        "type": "Point",
        "coordinates": [
          -6.2638829,
          53.3484904
        ]
      },
      "properties": {
        "osm_id": "n6039178189",
        "name": "Oakberry Açaí bowls",
        "category": "fast_food",
        "subcategory": "amenity=fast_food",
        "lat": 53.3484904,
        "lon": -6.2638829,
        "admin_division": "Dublin",
        "county": "dublin"
      }
    },
    {
      "type": "Feature",
      "geometry": {
        "type": "Point",
        "coordinates": [
          -6.2275721,
          53.3485561
        ]
      },
      "properties": {
        "osm_id": "n6041643780",
        "name": "Eddie Rocket's",
        "category": "fast_food",
        "subcategory": "amenity=fast_food",
        "lat": 53.3485561,
        "lon": -6.2275721,
        "admin_division": "Dublin",
        "county": "dublin"
      }
    },
    {
      "type": "Feature",
      "geometry": {
        "type": "Point",
        "coordinates": [
          -6.2272478,
          53.3485195
        ]
      },
      "properties": {
        "osm_id": "n6041643782",
        "name": "Saladbox",
        "category": "fast_food",
        "subcategory": "shop=deli",
        "lat": 53.3485195,
        "lon": -6.2272478,
        "admin_division": "Dublin",
        "county": "dublin"
      }
    },
    {
      "type": "Feature",
      "geometry": {
        "type": "Point",
        "coordinates": [
          -6.2006933,
          53.4457389
        ]
      },
      "properties": {
        "osm_id": "n6049729132",
        "name": "Borza",
        "category": "fast_food",
        "subcategory": "amenity=fast_food",
        "lat": 53.4457389,
        "lon": -6.2006933,
        "admin_division": "",
        "county": "dublin"
      }
    },
    {
      "type": "Feature",
      "geometry": {
        "type": "Point",
        "coordinates": [
          -6.2009688,
          53.4455544
        ]
      },
      "properties": {
        "osm_id": "n6049729135",
        "name": "New Shanghai",
        "category": "fast_food",
        "subcategory": "amenity=fast_food",
        "lat": 53.4455544,
        "lon": -6.2009688,
        "admin_division": "",
        "county": "dublin"
      }
    },
    {
      "type": "Feature",
      "geometry": {
        "type": "Point",
        "coordinates": [
          -6.2450505,
          53.3966393
        ]
      },
      "properties": {
        "osm_id": "n6050242215",
        "name": "Mr. Perri",
        "category": "fast_food",
        "subcategory": "amenity=fast_food",
        "lat": 53.3966393,
        "lon": -6.2450505,
        "admin_division": "",
        "county": "dublin"
      }
    },
    {
      "type": "Feature",
      "geometry": {
        "type": "Point",
        "coordinates": [
          -6.2192408,
          53.455213
        ]
      },
      "properties": {
        "osm_id": "n6054733361",
        "name": "Gino's Gelato",
        "category": "fast_food",
        "subcategory": "amenity=food_court",
        "lat": 53.455213,
        "lon": -6.2192408,
        "admin_division": "",
        "county": "dublin"
      }
    },
    {
      "type": "Feature",
      "geometry": {
        "type": "Point",
        "coordinates": [
          -6.2034364,
          53.4538495
        ]
      },
      "properties": {
        "osm_id": "n6054833682",
        "name": "Chopstix Noodle Bar",
        "category": "fast_food",
        "subcategory": "amenity=food_court",
        "lat": 53.4538495,
        "lon": -6.2034364,
        "admin_division": "Swords",
        "county": "dublin"
      }
    },
    {
      "type": "Feature",
      "geometry": {
        "type": "Point",
        "coordinates": [
          -6.203418,
          53.4538201
        ]
      },
      "properties": {
        "osm_id": "n6054833684",
        "name": "The Bakewell",
        "category": "fast_food",
        "subcategory": "amenity=food_court",
        "lat": 53.4538201,
        "lon": -6.203418,
        "admin_division": "Swords",
        "county": "dublin"
      }
    },
    {
      "type": "Feature",
      "geometry": {
        "type": "Point",
        "coordinates": [
          -6.15354,
          53.2854732
        ]
      },
      "properties": {
        "osm_id": "n6055656222",
        "name": "San Marino",
        "category": "fast_food",
        "subcategory": "amenity=fast_food",
        "lat": 53.2854732,
        "lon": -6.15354,
        "admin_division": "Dún Laoghaire",
        "county": "dublin"
      }
    },
    {
      "type": "Feature",
      "geometry": {
        "type": "Point",
        "coordinates": [
          -6.1528319,
          53.2851925
        ]
      },
      "properties": {
        "osm_id": "n6055656224",
        "name": "Perfect Kebab",
        "category": "fast_food",
        "subcategory": "amenity=fast_food",
        "lat": 53.2851925,
        "lon": -6.1528319,
        "admin_division": "Dún Laoghaire",
        "county": "dublin"
      }
    },
    {
      "type": "Feature",
      "geometry": {
        "type": "Point",
        "coordinates": [
          -6.265994,
          53.3478103
        ]
      },
      "properties": {
        "osm_id": "n6073221044",
        "name": "KFC",
        "category": "fast_food",
        "subcategory": "amenity=fast_food",
        "lat": 53.3478103,
        "lon": -6.265994,
        "admin_division": "Dublin",
        "county": "dublin"
      }
    },
    {
      "type": "Feature",
      "geometry": {
        "type": "Point",
        "coordinates": [
          -6.1411194,
          53.2776037
        ]
      },
      "properties": {
        "osm_id": "n6151896934",
        "name": "Mizzoni's Pizza",
        "category": "fast_food",
        "subcategory": "amenity=fast_food",
        "lat": 53.2776037,
        "lon": -6.1411194,
        "admin_division": "",
        "county": "dublin"
      }
    },
    {
      "type": "Feature",
      "geometry": {
        "type": "Point",
        "coordinates": [
          -6.1415927,
          53.27793
        ]
      },
      "properties": {
        "osm_id": "n6151989475",
        "name": "Taste of Asia",
        "category": "fast_food",
        "subcategory": "amenity=fast_food",
        "lat": 53.27793,
        "lon": -6.1415927,
        "admin_division": "",
        "county": "dublin"
      }
    },
    {
      "type": "Feature",
      "geometry": {
        "type": "Point",
        "coordinates": [
          -6.1415713,
          53.2778931
        ]
      },
      "properties": {
        "osm_id": "n6151989476",
        "name": "Spice Cottage",
        "category": "fast_food",
        "subcategory": "amenity=fast_food",
        "lat": 53.2778931,
        "lon": -6.1415713,
        "admin_division": "",
        "county": "dublin"
      }
    },
    {
      "type": "Feature",
      "geometry": {
        "type": "Point",
        "coordinates": [
          -6.2615803,
          53.3597095
        ]
      },
      "properties": {
        "osm_id": "n6163677288",
        "name": "Dublin Fried Chicken",
        "category": "fast_food",
        "subcategory": "amenity=fast_food",
        "lat": 53.3597095,
        "lon": -6.2615803,
        "admin_division": "",
        "county": "dublin"
      }
    },
    {
      "type": "Feature",
      "geometry": {
        "type": "Point",
        "coordinates": [
          -6.264323,
          53.3337887
        ]
      },
      "properties": {
        "osm_id": "n6175859437",
        "name": "Doughboys",
        "category": "fast_food",
        "subcategory": "amenity=fast_food",
        "lat": 53.3337887,
        "lon": -6.264323,
        "admin_division": "Dublin",
        "county": "dublin"
      }
    },
    {
      "type": "Feature",
      "geometry": {
        "type": "Point",
        "coordinates": [
          -6.1827713,
          53.3885371
        ]
      },
      "properties": {
        "osm_id": "n6177052767",
        "name": "Mizzoni's Pizza",
        "category": "fast_food",
        "subcategory": "amenity=fast_food",
        "lat": 53.3885371,
        "lon": -6.1827713,
        "admin_division": "",
        "county": "dublin"
      }
    },
    {
      "type": "Feature",
      "geometry": {
        "type": "Point",
        "coordinates": [
          -6.1378048,
          53.292936
        ]
      },
      "properties": {
        "osm_id": "n6178748038",
        "name": "Miami Cafe",
        "category": "fast_food",
        "subcategory": "amenity=fast_food",
        "lat": 53.292936,
        "lon": -6.1378048,
        "admin_division": "Dún Laoghaire",
        "county": "dublin"
      }
    },
    {
      "type": "Feature",
      "geometry": {
        "type": "Point",
        "coordinates": [
          -6.3607085,
          53.3731315
        ]
      },
      "properties": {
        "osm_id": "n6179875289",
        "name": "Pizza Hut Delivery",
        "category": "fast_food",
        "subcategory": "amenity=fast_food",
        "lat": 53.3731315,
        "lon": -6.3607085,
        "admin_division": "",
        "county": "dublin"
      }
    },
    {
      "type": "Feature",
      "geometry": {
        "type": "Point",
        "coordinates": [
          -6.1365415,
          53.2922598
        ]
      },
      "properties": {
        "osm_id": "n6184744402",
        "name": "Ritz Cafe",
        "category": "fast_food",
        "subcategory": "amenity=fast_food",
        "lat": 53.2922598,
        "lon": -6.1365415,
        "admin_division": "Dún Laoghaire",
        "county": "dublin"
      }
    },
    {
      "type": "Feature",
      "geometry": {
        "type": "Point",
        "coordinates": [
          -6.3148491,
          53.3397512
        ]
      },
      "properties": {
        "osm_id": "n6192788846",
        "name": "Hui Kee",
        "category": "fast_food",
        "subcategory": "amenity=fast_food",
        "lat": 53.3397512,
        "lon": -6.3148491,
        "admin_division": "Dublin",
        "county": "dublin"
      }
    },
    {
      "type": "Feature",
      "geometry": {
        "type": "Point",
        "coordinates": [
          -6.1599331,
          53.2817537
        ]
      },
      "properties": {
        "osm_id": "n6211308350",
        "name": "Express",
        "category": "fast_food",
        "subcategory": "amenity=fast_food",
        "lat": 53.2817537,
        "lon": -6.1599331,
        "admin_division": "Deansgrange",
        "county": "dublin"
      }
    },
    {
      "type": "Feature",
      "geometry": {
        "type": "Point",
        "coordinates": [
          -6.2297195,
          53.3485755
        ]
      },
      "properties": {
        "osm_id": "n6223610386",
        "name": "Pita Pit",
        "category": "fast_food",
        "subcategory": "amenity=fast_food",
        "lat": 53.3485755,
        "lon": -6.2297195,
        "admin_division": "Dublin",
        "county": "dublin"
      }
    },
    {
      "type": "Feature",
      "geometry": {
        "type": "Point",
        "coordinates": [
          -6.2192313,
          53.4621289
        ]
      },
      "properties": {
        "osm_id": "n6241643844",
        "name": "Subway",
        "category": "fast_food",
        "subcategory": "amenity=fast_food",
        "lat": 53.4621289,
        "lon": -6.2192313,
        "admin_division": "",
        "county": "dublin"
      }
    },
    {
      "type": "Feature",
      "geometry": {
        "type": "Point",
        "coordinates": [
          -6.2636732,
          53.4002736
        ]
      },
      "properties": {
        "osm_id": "n6253063827",
        "name": "Regattos",
        "category": "fast_food",
        "subcategory": "amenity=fast_food",
        "lat": 53.4002736,
        "lon": -6.2636732,
        "admin_division": "Dublin",
        "county": "dublin"
      }
    },
    {
      "type": "Feature",
      "geometry": {
        "type": "Point",
        "coordinates": [
          -6.4692279,
          53.2968448
        ]
      },
      "properties": {
        "osm_id": "n6261616566",
        "name": "Munch & Co.",
        "category": "fast_food",
        "subcategory": "shop=deli",
        "lat": 53.2968448,
        "lon": -6.4692279,
        "admin_division": "",
        "county": "dublin"
      }
    },
    {
      "type": "Feature",
      "geometry": {
        "type": "Point",
        "coordinates": [
          -6.49942,
          53.3000455
        ]
      },
      "properties": {
        "osm_id": "n6266445286",
        "name": "Apache Pizza",
        "category": "fast_food",
        "subcategory": "amenity=fast_food",
        "lat": 53.3000455,
        "lon": -6.49942,
        "admin_division": "Newcastle",
        "county": "dublin"
      }
    },
    {
      "type": "Feature",
      "geometry": {
        "type": "Point",
        "coordinates": [
          -6.4993758,
          53.3000391
        ]
      },
      "properties": {
        "osm_id": "n6266445287",
        "name": "Ko's",
        "category": "fast_food",
        "subcategory": "amenity=fast_food",
        "lat": 53.3000391,
        "lon": -6.4993758,
        "admin_division": "Newcastle",
        "county": "dublin"
      }
    },
    {
      "type": "Feature",
      "geometry": {
        "type": "Point",
        "coordinates": [
          -6.2649111,
          53.3339148
        ]
      },
      "properties": {
        "osm_id": "n6267705975",
        "name": "Zaytoon",
        "category": "fast_food",
        "subcategory": "amenity=fast_food",
        "lat": 53.3339148,
        "lon": -6.2649111,
        "admin_division": "Dublin",
        "county": "dublin"
      }
    },
    {
      "type": "Feature",
      "geometry": {
        "type": "Point",
        "coordinates": [
          -6.2432527,
          53.349623
        ]
      },
      "properties": {
        "osm_id": "n6296814792",
        "name": "Salsa",
        "category": "fast_food",
        "subcategory": "amenity=fast_food",
        "lat": 53.349623,
        "lon": -6.2432527,
        "admin_division": "Dublin",
        "county": "dublin"
      }
    },
    {
      "type": "Feature",
      "geometry": {
        "type": "Point",
        "coordinates": [
          -6.3171332,
          53.3204299
        ]
      },
      "properties": {
        "osm_id": "n6302603655",
        "name": "Victoria's",
        "category": "fast_food",
        "subcategory": "amenity=fast_food",
        "lat": 53.3204299,
        "lon": -6.3171332,
        "admin_division": "",
        "county": "dublin"
      }
    },
    {
      "type": "Feature",
      "geometry": {
        "type": "Point",
        "coordinates": [
          -6.390423,
          53.2862245
        ]
      },
      "properties": {
        "osm_id": "n6313378894",
        "name": "North Park",
        "category": "fast_food",
        "subcategory": "amenity=fast_food",
        "lat": 53.2862245,
        "lon": -6.390423,
        "admin_division": "",
        "county": "dublin"
      }
    },
    {
      "type": "Feature",
      "geometry": {
        "type": "Point",
        "coordinates": [
          -6.3904483,
          53.2863285
        ]
      },
      "properties": {
        "osm_id": "n6313378895",
        "name": "Roma",
        "category": "fast_food",
        "subcategory": "amenity=fast_food",
        "lat": 53.2863285,
        "lon": -6.3904483,
        "admin_division": "",
        "county": "dublin"
      }
    },
    {
      "type": "Feature",
      "geometry": {
        "type": "Point",
        "coordinates": [
          -6.2796073,
          53.3519749
        ]
      },
      "properties": {
        "osm_id": "n6316812254",
        "name": "Zambrero",
        "category": "fast_food",
        "subcategory": "amenity=fast_food",
        "lat": 53.3519749,
        "lon": -6.2796073,
        "admin_division": "",
        "county": "dublin"
      }
    },
    {
      "type": "Feature",
      "geometry": {
        "type": "Point",
        "coordinates": [
          -6.2667158,
          53.3375071
        ]
      },
      "properties": {
        "osm_id": "n6316878103",
        "name": "Pangs",
        "category": "fast_food",
        "subcategory": "amenity=fast_food",
        "lat": 53.3375071,
        "lon": -6.2667158,
        "admin_division": "",
        "county": "dublin"
      }
    },
    {
      "type": "Feature",
      "geometry": {
        "type": "Point",
        "coordinates": [
          -6.4879815,
          53.2782575
        ]
      },
      "properties": {
        "osm_id": "n6330693859",
        "name": "Burger King",
        "category": "fast_food",
        "subcategory": "amenity=fast_food",
        "lat": 53.2782575,
        "lon": -6.4879815,
        "admin_division": "Rathcoole",
        "county": "dublin"
      }
    },
    {
      "type": "Feature",
      "geometry": {
        "type": "Point",
        "coordinates": [
          -6.2202763,
          53.4591349
        ]
      },
      "properties": {
        "osm_id": "n6330753188",
        "name": "Four Star Pizza",
        "category": "fast_food",
        "subcategory": "amenity=fast_food",
        "lat": 53.4591349,
        "lon": -6.2202763,
        "admin_division": "Swords",
        "county": "dublin"
      }
    },
    {
      "type": "Feature",
      "geometry": {
        "type": "Point",
        "coordinates": [
          -6.4407658,
          53.3956637
        ]
      },
      "properties": {
        "osm_id": "n6343961411",
        "name": "Glass Onion",
        "category": "fast_food",
        "subcategory": "amenity=fast_food",
        "lat": 53.3956637,
        "lon": -6.4407658,
        "admin_division": "",
        "county": "dublin"
      }
    },
    {
      "type": "Feature",
      "geometry": {
        "type": "Point",
        "coordinates": [
          -6.4391036,
          53.3950294
        ]
      },
      "properties": {
        "osm_id": "n6345581739",
        "name": "Polskie Delikatesy",
        "category": "fast_food",
        "subcategory": "shop=deli",
        "lat": 53.3950294,
        "lon": -6.4391036,
        "admin_division": "",
        "county": "dublin"
      }
    },
    {
      "type": "Feature",
      "geometry": {
        "type": "Point",
        "coordinates": [
          -6.2630151,
          53.3408442
        ]
      },
      "properties": {
        "osm_id": "n6354047067",
        "name": "Pablo's Tortas",
        "category": "fast_food",
        "subcategory": "amenity=fast_food",
        "lat": 53.3408442,
        "lon": -6.2630151,
        "admin_division": "",
        "county": "dublin"
      }
    },
    {
      "type": "Feature",
      "geometry": {
        "type": "Point",
        "coordinates": [
          -6.2193552,
          53.4534701
        ]
      },
      "properties": {
        "osm_id": "n6360239463",
        "name": "Five Guys",
        "category": "fast_food",
        "subcategory": "amenity=fast_food",
        "lat": 53.4534701,
        "lon": -6.2193552,
        "admin_division": "Swords",
        "county": "dublin"
      }
    },
    {
      "type": "Feature",
      "geometry": {
        "type": "Point",
        "coordinates": [
          -6.3730713,
          53.2865874
        ]
      },
      "properties": {
        "osm_id": "n6362363512",
        "name": "Eddie Rocket's",
        "category": "fast_food",
        "subcategory": "amenity=fast_food",
        "lat": 53.2865874,
        "lon": -6.3730713,
        "admin_division": "Tallaght",
        "county": "dublin"
      }
    },
    {
      "type": "Feature",
      "geometry": {
        "type": "Point",
        "coordinates": [
          -6.2424462,
          53.2689202
        ]
      },
      "properties": {
        "osm_id": "n6366489209",
        "name": "MFusion",
        "category": "fast_food",
        "subcategory": "amenity=fast_food",
        "lat": 53.2689202,
        "lon": -6.2424462,
        "admin_division": "",
        "county": "dublin"
      }
    },
    {
      "type": "Feature",
      "geometry": {
        "type": "Point",
        "coordinates": [
          -6.3261701,
          53.3167761
        ]
      },
      "properties": {
        "osm_id": "n6391987476",
        "name": "",
        "category": "fast_food",
        "subcategory": "amenity=fast_food",
        "lat": 53.3167761,
        "lon": -6.3261701,
        "admin_division": "",
        "county": "dublin"
      }
    },
    {
      "type": "Feature",
      "geometry": {
        "type": "Point",
        "coordinates": [
          -6.3331985,
          53.3165132
        ]
      },
      "properties": {
        "osm_id": "n6392003467",
        "name": "Roundabout",
        "category": "fast_food",
        "subcategory": "amenity=fast_food",
        "lat": 53.3165132,
        "lon": -6.3331985,
        "admin_division": "",
        "county": "dublin"
      }
    },
    {
      "type": "Feature",
      "geometry": {
        "type": "Point",
        "coordinates": [
          -6.3950136,
          53.3927164
        ]
      },
      "properties": {
        "osm_id": "n6425666186",
        "name": "Boojum",
        "category": "fast_food",
        "subcategory": "amenity=fast_food",
        "lat": 53.3927164,
        "lon": -6.3950136,
        "admin_division": "",
        "county": "dublin"
      }
    },
    {
      "type": "Feature",
      "geometry": {
        "type": "Point",
        "coordinates": [
          -6.2459153,
          53.4276588
        ]
      },
      "properties": {
        "osm_id": "n6440645597",
        "name": "Burger King",
        "category": "fast_food",
        "subcategory": "amenity=fast_food",
        "lat": 53.4276588,
        "lon": -6.2459153,
        "admin_division": "Dublin Airport",
        "county": "dublin"
      }
    },
    {
      "type": "Feature",
      "geometry": {
        "type": "Point",
        "coordinates": [
          -6.1333712,
          53.2910077
        ]
      },
      "properties": {
        "osm_id": "n6481094608",
        "name": "Apache Pizza",
        "category": "fast_food",
        "subcategory": "amenity=fast_food",
        "lat": 53.2910077,
        "lon": -6.1333712,
        "admin_division": "",
        "county": "dublin"
      }
    },
    {
      "type": "Feature",
      "geometry": {
        "type": "Point",
        "coordinates": [
          -6.2592171,
          53.3481542
        ]
      },
      "properties": {
        "osm_id": "n6547511333",
        "name": "The Rolling Donut",
        "category": "fast_food",
        "subcategory": "amenity=fast_food",
        "lat": 53.3481542,
        "lon": -6.2592171,
        "admin_division": "",
        "county": "dublin"
      }
    },
    {
      "type": "Feature",
      "geometry": {
        "type": "Point",
        "coordinates": [
          -6.2597058,
          53.3410535
        ]
      },
      "properties": {
        "osm_id": "n6568408289",
        "name": "Xi'an Street Food",
        "category": "fast_food",
        "subcategory": "amenity=fast_food",
        "lat": 53.3410535,
        "lon": -6.2597058,
        "admin_division": "Dublin",
        "county": "dublin"
      }
    },
    {
      "type": "Feature",
      "geometry": {
        "type": "Point",
        "coordinates": [
          -6.2655308,
          53.3474909
        ]
      },
      "properties": {
        "osm_id": "n6568408580",
        "name": "Pocha Korean Street food",
        "category": "fast_food",
        "subcategory": "amenity=fast_food",
        "lat": 53.3474909,
        "lon": -6.2655308,
        "admin_division": "Dublin",
        "county": "dublin"
      }
    },
    {
      "type": "Feature",
      "geometry": {
        "type": "Point",
        "coordinates": [
          -6.1104462,
          53.3897152
        ]
      },
      "properties": {
        "osm_id": "n6652247602",
        "name": "Minetta",
        "category": "fast_food",
        "subcategory": "shop=deli",
        "lat": 53.3897152,
        "lon": -6.1104462,
        "admin_division": "",
        "county": "dublin"
      }
    },
    {
      "type": "Feature",
      "geometry": {
        "type": "Point",
        "coordinates": [
          -6.2656805,
          53.3410831
        ]
      },
      "properties": {
        "osm_id": "n6652292818",
        "name": "Chimac",
        "category": "fast_food",
        "subcategory": "amenity=fast_food",
        "lat": 53.3410831,
        "lon": -6.2656805,
        "admin_division": "",
        "county": "dublin"
      }
    },
    {
      "type": "Feature",
      "geometry": {
        "type": "Point",
        "coordinates": [
          -6.1237501,
          53.3895384
        ]
      },
      "properties": {
        "osm_id": "n6652463460",
        "name": "Vincenzo's Wood Fired Pizza",
        "category": "fast_food",
        "subcategory": "amenity=fast_food",
        "lat": 53.3895384,
        "lon": -6.1237501,
        "admin_division": "",
        "county": "dublin"
      }
    },
    {
      "type": "Feature",
      "geometry": {
        "type": "Point",
        "coordinates": [
          -6.1817005,
          53.3014539
        ]
      },
      "properties": {
        "osm_id": "n6680167917",
        "name": "Musashi",
        "category": "fast_food",
        "subcategory": "amenity=fast_food",
        "lat": 53.3014539,
        "lon": -6.1817005,
        "admin_division": "",
        "county": "dublin"
      }
    },
    {
      "type": "Feature",
      "geometry": {
        "type": "Point",
        "coordinates": [
          -6.142058,
          53.2947528
        ]
      },
      "properties": {
        "osm_id": "n6710858595",
        "name": "Pizza Max",
        "category": "fast_food",
        "subcategory": "amenity=fast_food",
        "lat": 53.2947528,
        "lon": -6.142058,
        "admin_division": "Dún Laoghaire",
        "county": "dublin"
      }
    },
    {
      "type": "Feature",
      "geometry": {
        "type": "Point",
        "coordinates": [
          -6.1237491,
          53.3894516
        ]
      },
      "properties": {
        "osm_id": "n6721913970",
        "name": "Sunkist",
        "category": "fast_food",
        "subcategory": "amenity=fast_food",
        "lat": 53.3894516,
        "lon": -6.1237491,
        "admin_division": "",
        "county": "dublin"
      }
    },
    {
      "type": "Feature",
      "geometry": {
        "type": "Point",
        "coordinates": [
          -6.3118536,
          53.3845
        ]
      },
      "properties": {
        "osm_id": "n6795052089",
        "name": "Young's",
        "category": "fast_food",
        "subcategory": "amenity=fast_food",
        "lat": 53.3845,
        "lon": -6.3118536,
        "admin_division": "Dublin",
        "county": "dublin"
      }
    },
    {
      "type": "Feature",
      "geometry": {
        "type": "Point",
        "coordinates": [
          -6.3124634,
          53.38537
        ]
      },
      "properties": {
        "osm_id": "n6795621384",
        "name": "",
        "category": "fast_food",
        "subcategory": "amenity=fast_food",
        "lat": 53.38537,
        "lon": -6.3124634,
        "admin_division": "Dublin",
        "county": "dublin"
      }
    },
    {
      "type": "Feature",
      "geometry": {
        "type": "Point",
        "coordinates": [
          -6.2629636,
          53.3457633
        ]
      },
      "properties": {
        "osm_id": "n6983479185",
        "name": "Hanley's Cornish Pasties",
        "category": "fast_food",
        "subcategory": "amenity=fast_food",
        "lat": 53.3457633,
        "lon": -6.2629636,
        "admin_division": "Dublin",
        "county": "dublin"
      }
    },
    {
      "type": "Feature",
      "geometry": {
        "type": "Point",
        "coordinates": [
          -6.3201645,
          53.3394941
        ]
      },
      "properties": {
        "osm_id": "n7154459195",
        "name": "Kari Stores",
        "category": "fast_food",
        "subcategory": "shop=deli",
        "lat": 53.3394941,
        "lon": -6.3201645,
        "admin_division": "",
        "county": "dublin"
      }
    },
    {
      "type": "Feature",
      "geometry": {
        "type": "Point",
        "coordinates": [
          -6.3204255,
          53.3393307
        ]
      },
      "properties": {
        "osm_id": "n7154459196",
        "name": "Apache Pizza",
        "category": "fast_food",
        "subcategory": "amenity=fast_food",
        "lat": 53.3393307,
        "lon": -6.3204255,
        "admin_division": "",
        "county": "dublin"
      }
    },
    {
      "type": "Feature",
      "geometry": {
        "type": "Point",
        "coordinates": [
          -6.319283,
          53.339595
        ]
      },
      "properties": {
        "osm_id": "n7166458820",
        "name": "Mizzoni's Pizza",
        "category": "fast_food",
        "subcategory": "amenity=fast_food",
        "lat": 53.339595,
        "lon": -6.319283,
        "admin_division": "",
        "county": "dublin"
      }
    },
    {
      "type": "Feature",
      "geometry": {
        "type": "Point",
        "coordinates": [
          -6.3707244,
          53.3442002
        ]
      },
      "properties": {
        "osm_id": "n7292491643",
        "name": "Mizzoni's",
        "category": "fast_food",
        "subcategory": "amenity=fast_food",
        "lat": 53.3442002,
        "lon": -6.3707244,
        "admin_division": "",
        "county": "dublin"
      }
    },
    {
      "type": "Feature",
      "geometry": {
        "type": "Point",
        "coordinates": [
          -6.3672513,
          53.3541058
        ]
      },
      "properties": {
        "osm_id": "n7293431724",
        "name": "Subway",
        "category": "fast_food",
        "subcategory": "amenity=fast_food",
        "lat": 53.3541058,
        "lon": -6.3672513,
        "admin_division": "",
        "county": "dublin"
      }
    },
    {
      "type": "Feature",
      "geometry": {
        "type": "Point",
        "coordinates": [
          -6.3550452,
          53.2941654
        ]
      },
      "properties": {
        "osm_id": "n7395289264",
        "name": "Subway",
        "category": "fast_food",
        "subcategory": "amenity=fast_food",
        "lat": 53.2941654,
        "lon": -6.3550452,
        "admin_division": "",
        "county": "dublin"
      }
    },
    {
      "type": "Feature",
      "geometry": {
        "type": "Point",
        "coordinates": [
          -6.3486738,
          53.3068624
        ]
      },
      "properties": {
        "osm_id": "n7397650659",
        "name": "",
        "category": "fast_food",
        "subcategory": "shop=deli",
        "lat": 53.3068624,
        "lon": -6.3486738,
        "admin_division": "",
        "county": "dublin"
      }
    },
    {
      "type": "Feature",
      "geometry": {
        "type": "Point",
        "coordinates": [
          -6.3751795,
          53.2868958
        ]
      },
      "properties": {
        "osm_id": "n7772987189",
        "name": "Papa John's",
        "category": "fast_food",
        "subcategory": "amenity=fast_food",
        "lat": 53.2868958,
        "lon": -6.3751795,
        "admin_division": "",
        "county": "dublin"
      }
    },
    {
      "type": "Feature",
      "geometry": {
        "type": "Point",
        "coordinates": [
          -6.1334382,
          53.256167
        ]
      },
      "properties": {
        "osm_id": "n7778458990",
        "name": "Manley",
        "category": "fast_food",
        "subcategory": "amenity=fast_food",
        "lat": 53.256167,
        "lon": -6.1334382,
        "admin_division": "",
        "county": "dublin"
      }
    },
    {
      "type": "Feature",
      "geometry": {
        "type": "Point",
        "coordinates": [
          -6.3918686,
          53.3143998
        ]
      },
      "properties": {
        "osm_id": "n7785680420",
        "name": "Legendary",
        "category": "fast_food",
        "subcategory": "amenity=fast_food",
        "lat": 53.3143998,
        "lon": -6.3918686,
        "admin_division": "",
        "county": "dublin"
      }
    },
    {
      "type": "Feature",
      "geometry": {
        "type": "Point",
        "coordinates": [
          -6.3781162,
          53.3479901
        ]
      },
      "properties": {
        "osm_id": "n7907035800",
        "name": "BQ House",
        "category": "fast_food",
        "subcategory": "amenity=fast_food",
        "lat": 53.3479901,
        "lon": -6.3781162,
        "admin_division": "",
        "county": "dublin"
      }
    },
    {
      "type": "Feature",
      "geometry": {
        "type": "Point",
        "coordinates": [
          -6.378161,
          53.3479335
        ]
      },
      "properties": {
        "osm_id": "n7907039310",
        "name": "Apache Pizza",
        "category": "fast_food",
        "subcategory": "amenity=fast_food",
        "lat": 53.3479335,
        "lon": -6.378161,
        "admin_division": "",
        "county": "dublin"
      }
    },
    {
      "type": "Feature",
      "geometry": {
        "type": "Point",
        "coordinates": [
          -6.4012376,
          53.3834318
        ]
      },
      "properties": {
        "osm_id": "n8033223504",
        "name": "Thai Garden",
        "category": "fast_food",
        "subcategory": "amenity=fast_food",
        "lat": 53.3834318,
        "lon": -6.4012376,
        "admin_division": "",
        "county": "dublin"
      }
    },
    {
      "type": "Feature",
      "geometry": {
        "type": "Point",
        "coordinates": [
          -6.3751979,
          53.2868832
        ]
      },
      "properties": {
        "osm_id": "n8223452152",
        "name": "Supermac's",
        "category": "fast_food",
        "subcategory": "amenity=fast_food",
        "lat": 53.2868832,
        "lon": -6.3751979,
        "admin_division": "",
        "county": "dublin"
      }
    },
    {
      "type": "Feature",
      "geometry": {
        "type": "Point",
        "coordinates": [
          -6.12424,
          53.2304881
        ]
      },
      "properties": {
        "osm_id": "n8264817781",
        "name": "Camile Thai Shankill",
        "category": "fast_food",
        "subcategory": "amenity=fast_food",
        "lat": 53.2304881,
        "lon": -6.12424,
        "admin_division": "",
        "county": "dublin"
      }
    },
    {
      "type": "Feature",
      "geometry": {
        "type": "Point",
        "coordinates": [
          -6.3107135,
          53.2885529
        ]
      },
      "properties": {
        "osm_id": "n8270857353",
        "name": "Subway",
        "category": "fast_food",
        "subcategory": "amenity=fast_food",
        "lat": 53.2885529,
        "lon": -6.3107135,
        "admin_division": "",
        "county": "dublin"
      }
    },
    {
      "type": "Feature",
      "geometry": {
        "type": "Point",
        "coordinates": [
          -6.4004871,
          53.3382197
        ]
      },
      "properties": {
        "osm_id": "n8285174318",
        "name": "Food House",
        "category": "fast_food",
        "subcategory": "amenity=fast_food",
        "lat": 53.3382197,
        "lon": -6.4004871,
        "admin_division": "",
        "county": "dublin"
      }
    },
    {
      "type": "Feature",
      "geometry": {
        "type": "Point",
        "coordinates": [
          -6.1253124,
          53.2302771
        ]
      },
      "properties": {
        "osm_id": "n8433107872",
        "name": "Get Stuffed",
        "category": "fast_food",
        "subcategory": "amenity=fast_food",
        "lat": 53.2302771,
        "lon": -6.1253124,
        "admin_division": "",
        "county": "dublin"
      }
    },
    {
      "type": "Feature",
      "geometry": {
        "type": "Point",
        "coordinates": [
          -6.357513,
          53.3423472
        ]
      },
      "properties": {
        "osm_id": "n8521097188",
        "name": "Ger's Deli",
        "category": "fast_food",
        "subcategory": "amenity=fast_food",
        "lat": 53.3423472,
        "lon": -6.357513,
        "admin_division": "",
        "county": "dublin"
      }
    },
    {
      "type": "Feature",
      "geometry": {
        "type": "Point",
        "coordinates": [
          -6.3561598,
          53.3433366
        ]
      },
      "properties": {
        "osm_id": "n8521097191",
        "name": "Chow Asian Kitchen",
        "category": "fast_food",
        "subcategory": "amenity=fast_food",
        "lat": 53.3433366,
        "lon": -6.3561598,
        "admin_division": "",
        "county": "dublin"
      }
    },
    {
      "type": "Feature",
      "geometry": {
        "type": "Point",
        "coordinates": [
          -6.3522716,
          53.3423942
        ]
      },
      "properties": {
        "osm_id": "n8521097196",
        "name": "Wok 2 Go",
        "category": "fast_food",
        "subcategory": "amenity=fast_food",
        "lat": 53.3423942,
        "lon": -6.3522716,
        "admin_division": "",
        "county": "dublin"
      }
    },
    {
      "type": "Feature",
      "geometry": {
        "type": "Point",
        "coordinates": [
          -6.3566992,
          53.3419509
        ]
      },
      "properties": {
        "osm_id": "n8521097202",
        "name": "The Roma",
        "category": "fast_food",
        "subcategory": "amenity=fast_food",
        "lat": 53.3419509,
        "lon": -6.3566992,
        "admin_division": "",
        "county": "dublin"
      }
    },
    {
      "type": "Feature",
      "geometry": {
        "type": "Point",
        "coordinates": [
          -6.3569009,
          53.3423169
        ]
      },
      "properties": {
        "osm_id": "n8521097206",
        "name": "Far East Restaurant",
        "category": "fast_food",
        "subcategory": "amenity=fast_food",
        "lat": 53.3423169,
        "lon": -6.3569009,
        "admin_division": "",
        "county": "dublin"
      }
    },
    {
      "type": "Feature",
      "geometry": {
        "type": "Point",
        "coordinates": [
          -6.3586794,
          53.3424552
        ]
      },
      "properties": {
        "osm_id": "n8521097213",
        "name": "Food Inn",
        "category": "fast_food",
        "subcategory": "amenity=fast_food",
        "lat": 53.3424552,
        "lon": -6.3586794,
        "admin_division": "Dublin",
        "county": "dublin"
      }
    },
    {
      "type": "Feature",
      "geometry": {
        "type": "Point",
        "coordinates": [
          -6.2944702,
          53.3318406
        ]
      },
      "properties": {
        "osm_id": "n8563918801",
        "name": "Burger King",
        "category": "fast_food",
        "subcategory": "amenity=fast_food",
        "lat": 53.3318406,
        "lon": -6.2944702,
        "admin_division": "Dublin",
        "county": "dublin"
      }
    },
    {
      "type": "Feature",
      "geometry": {
        "type": "Point",
        "coordinates": [
          -6.2651399,
          53.3507038
        ]
      },
      "properties": {
        "osm_id": "n8613842634",
        "name": "Subway",
        "category": "fast_food",
        "subcategory": "amenity=fast_food",
        "lat": 53.3507038,
        "lon": -6.2651399,
        "admin_division": "",
        "county": "dublin"
      }
    },
    {
      "type": "Feature",
      "geometry": {
        "type": "Point",
        "coordinates": [
          -6.3032698,
          53.2988998
        ]
      },
      "properties": {
        "osm_id": "n8687003717",
        "name": "O'Briens",
        "category": "fast_food",
        "subcategory": "amenity=fast_food",
        "lat": 53.2988998,
        "lon": -6.3032698,
        "admin_division": "",
        "county": "dublin"
      }
    },
    {
      "type": "Feature",
      "geometry": {
        "type": "Point",
        "coordinates": [
          -6.3032631,
          53.2988853
        ]
      },
      "properties": {
        "osm_id": "n8687003718",
        "name": "Abrakebabra",
        "category": "fast_food",
        "subcategory": "amenity=fast_food",
        "lat": 53.2988853,
        "lon": -6.3032631,
        "admin_division": "",
        "county": "dublin"
      }
    },
    {
      "type": "Feature",
      "geometry": {
        "type": "Point",
        "coordinates": [
          -6.3032564,
          53.2988741
        ]
      },
      "properties": {
        "osm_id": "n8687003719",
        "name": "Bagel Factory",
        "category": "fast_food",
        "subcategory": "amenity=fast_food",
        "lat": 53.2988741,
        "lon": -6.3032564,
        "admin_division": "",
        "county": "dublin"
      }
    },
    {
      "type": "Feature",
      "geometry": {
        "type": "Point",
        "coordinates": [
          -6.1173858,
          53.2859713
        ]
      },
      "properties": {
        "osm_id": "n8715575905",
        "name": "The Butlers Pantry",
        "category": "fast_food",
        "subcategory": "shop=deli",
        "lat": 53.2859713,
        "lon": -6.1173858,
        "admin_division": "",
        "county": "dublin"
      }
    },
    {
      "type": "Feature",
      "geometry": {
        "type": "Point",
        "coordinates": [
          -6.1344963,
          53.5811935
        ]
      },
      "properties": {
        "osm_id": "n8944410091",
        "name": "Jimmy's Take Away and Pizzeria",
        "category": "fast_food",
        "subcategory": "amenity=fast_food",
        "lat": 53.5811935,
        "lon": -6.1344963,
        "admin_division": "Skerries",
        "county": "dublin"
      }
    },
    {
      "type": "Feature",
      "geometry": {
        "type": "Point",
        "coordinates": [
          -6.3925776,
          53.3528854
        ]
      },
      "properties": {
        "osm_id": "n9168486764",
        "name": "Five Guys",
        "category": "fast_food",
        "subcategory": "amenity=fast_food",
        "lat": 53.3528854,
        "lon": -6.3925776,
        "admin_division": "",
        "county": "dublin"
      }
    },
    {
      "type": "Feature",
      "geometry": {
        "type": "Point",
        "coordinates": [
          -6.2046263,
          53.3708832
        ]
      },
      "properties": {
        "osm_id": "n9172521220",
        "name": "Base Wood Fired Pizza Killester",
        "category": "fast_food",
        "subcategory": "amenity=fast_food",
        "lat": 53.3708832,
        "lon": -6.2046263,
        "admin_division": "Dublin",
        "county": "dublin"
      }
    },
    {
      "type": "Feature",
      "geometry": {
        "type": "Point",
        "coordinates": [
          -6.3706082,
          53.2868536
        ]
      },
      "properties": {
        "osm_id": "n9205674950",
        "name": "Wowburger",
        "category": "fast_food",
        "subcategory": "amenity=fast_food",
        "lat": 53.2868536,
        "lon": -6.3706082,
        "admin_division": "",
        "county": "dublin"
      }
    },
    {
      "type": "Feature",
      "geometry": {
        "type": "Point",
        "coordinates": [
          -6.1643681,
          53.279877
        ]
      },
      "properties": {
        "osm_id": "n9233250506",
        "name": "Saba To Go",
        "category": "fast_food",
        "subcategory": "amenity=fast_food",
        "lat": 53.279877,
        "lon": -6.1643681,
        "admin_division": "",
        "county": "dublin"
      }
    },
    {
      "type": "Feature",
      "geometry": {
        "type": "Point",
        "coordinates": [
          -6.1644512,
          53.2800337
        ]
      },
      "properties": {
        "osm_id": "n9233331695",
        "name": "Lam's",
        "category": "fast_food",
        "subcategory": "amenity=fast_food",
        "lat": 53.2800337,
        "lon": -6.1644512,
        "admin_division": "",
        "county": "dublin"
      }
    },
    {
      "type": "Feature",
      "geometry": {
        "type": "Point",
        "coordinates": [
          -6.1634877,
          53.2788542
        ]
      },
      "properties": {
        "osm_id": "n9233348401",
        "name": "Blaze Burger and Wings",
        "category": "fast_food",
        "subcategory": "amenity=fast_food",
        "lat": 53.2788542,
        "lon": -6.1634877,
        "admin_division": "",
        "county": "dublin"
      }
    },
    {
      "type": "Feature",
      "geometry": {
        "type": "Point",
        "coordinates": [
          -6.3571125,
          53.2883147
        ]
      },
      "properties": {
        "osm_id": "n9244365310",
        "name": "Borza",
        "category": "fast_food",
        "subcategory": "amenity=fast_food",
        "lat": 53.2883147,
        "lon": -6.3571125,
        "admin_division": "Tallaght",
        "county": "dublin"
      }
    },
    {
      "type": "Feature",
      "geometry": {
        "type": "Point",
        "coordinates": [
          -6.1050414,
          53.2776269
        ]
      },
      "properties": {
        "osm_id": "n9270200934",
        "name": "Benito's Wood Fired Pizza",
        "category": "fast_food",
        "subcategory": "amenity=fast_food",
        "lat": 53.2776269,
        "lon": -6.1050414,
        "admin_division": "Dalkey, Dublin",
        "county": "dublin"
      }
    },
    {
      "type": "Feature",
      "geometry": {
        "type": "Point",
        "coordinates": [
          -6.1359394,
          53.267296
        ]
      },
      "properties": {
        "osm_id": "n9272135794",
        "name": "Masala",
        "category": "fast_food",
        "subcategory": "amenity=fast_food",
        "lat": 53.267296,
        "lon": -6.1359394,
        "admin_division": "",
        "county": "dublin"
      }
    },
    {
      "type": "Feature",
      "geometry": {
        "type": "Point",
        "coordinates": [
          -6.3717397,
          53.2864393
        ]
      },
      "properties": {
        "osm_id": "n9281625772",
        "name": "Subway",
        "category": "fast_food",
        "subcategory": "amenity=fast_food",
        "lat": 53.2864393,
        "lon": -6.3717397,
        "admin_division": "",
        "county": "dublin"
      }
    },
    {
      "type": "Feature",
      "geometry": {
        "type": "Point",
        "coordinates": [
          -6.3573129,
          53.2883194
        ]
      },
      "properties": {
        "osm_id": "n9342145765",
        "name": "Main Street Pizzza",
        "category": "fast_food",
        "subcategory": "amenity=fast_food",
        "lat": 53.2883194,
        "lon": -6.3573129,
        "admin_division": "Tallaght",
        "county": "dublin"
      }
    },
    {
      "type": "Feature",
      "geometry": {
        "type": "Point",
        "coordinates": [
          -6.3345034,
          53.3299002
        ]
      },
      "properties": {
        "osm_id": "n9359612528",
        "name": "Mizzoni's Pizza",
        "category": "fast_food",
        "subcategory": "amenity=fast_food",
        "lat": 53.3299002,
        "lon": -6.3345034,
        "admin_division": "Dublin",
        "county": "dublin"
      }
    },
    {
      "type": "Feature",
      "geometry": {
        "type": "Point",
        "coordinates": [
          -6.2550729,
          53.3250357
        ]
      },
      "properties": {
        "osm_id": "n9377301641",
        "name": "Wowburger",
        "category": "fast_food",
        "subcategory": "amenity=fast_food",
        "lat": 53.3250357,
        "lon": -6.2550729,
        "admin_division": "Dublin",
        "county": "dublin"
      }
    },
    {
      "type": "Feature",
      "geometry": {
        "type": "Point",
        "coordinates": [
          -6.1546407,
          53.4841709
        ]
      },
      "properties": {
        "osm_id": "n9383018955",
        "name": "Moreish",
        "category": "fast_food",
        "subcategory": "shop=deli",
        "lat": 53.4841709,
        "lon": -6.1546407,
        "admin_division": "Donabate",
        "county": "dublin"
      }
    },
    {
      "type": "Feature",
      "geometry": {
        "type": "Point",
        "coordinates": [
          -6.1375555,
          53.2928316
        ]
      },
      "properties": {
        "osm_id": "n9407961124",
        "name": "Leesun",
        "category": "fast_food",
        "subcategory": "amenity=fast_food",
        "lat": 53.2928316,
        "lon": -6.1375555,
        "admin_division": "Dún Laoghaire",
        "county": "dublin"
      }
    },
    {
      "type": "Feature",
      "geometry": {
        "type": "Point",
        "coordinates": [
          -6.3694829,
          53.2870314
        ]
      },
      "properties": {
        "osm_id": "n9563645779",
        "name": "Baxto's Kebab",
        "category": "fast_food",
        "subcategory": "amenity=fast_food",
        "lat": 53.2870314,
        "lon": -6.3694829,
        "admin_division": "Tallaght",
        "county": "dublin"
      }
    },
    {
      "type": "Feature",
      "geometry": {
        "type": "Point",
        "coordinates": [
          -6.24269,
          53.2880924
        ]
      },
      "properties": {
        "osm_id": "n9683302747",
        "name": "Chewbrew",
        "category": "fast_food",
        "subcategory": "amenity=fast_food",
        "lat": 53.2880924,
        "lon": -6.24269,
        "admin_division": "",
        "county": "dublin"
      }
    },
    {
      "type": "Feature",
      "geometry": {
        "type": "Point",
        "coordinates": [
          -6.2434906,
          53.2886331
        ]
      },
      "properties": {
        "osm_id": "n9683302752",
        "name": "Griolladh",
        "category": "fast_food",
        "subcategory": "amenity=fast_food",
        "lat": 53.2886331,
        "lon": -6.2434906,
        "admin_division": "",
        "county": "dublin"
      }
    },
    {
      "type": "Feature",
      "geometry": {
        "type": "Point",
        "coordinates": [
          -6.2430775,
          53.2880631
        ]
      },
      "properties": {
        "osm_id": "n9685699199",
        "name": "Crepes In The City",
        "category": "fast_food",
        "subcategory": "amenity=fast_food",
        "lat": 53.2880631,
        "lon": -6.2430775,
        "admin_division": "",
        "county": "dublin"
      }
    },
    {
      "type": "Feature",
      "geometry": {
        "type": "Point",
        "coordinates": [
          -6.2429897,
          53.2880724
        ]
      },
      "properties": {
        "osm_id": "n9685699201",
        "name": "Krispy Kreme",
        "category": "fast_food",
        "subcategory": "amenity=fast_food",
        "lat": 53.2880724,
        "lon": -6.2429897,
        "admin_division": "",
        "county": "dublin"
      }
    },
    {
      "type": "Feature",
      "geometry": {
        "type": "Point",
        "coordinates": [
          -6.3002528,
          53.314642
        ]
      },
      "properties": {
        "osm_id": "n9791037590",
        "name": "Pizza Fox",
        "category": "fast_food",
        "subcategory": "amenity=fast_food",
        "lat": 53.314642,
        "lon": -6.3002528,
        "admin_division": "Dublin",
        "county": "dublin"
      }
    },
    {
      "type": "Feature",
      "geometry": {
        "type": "Point",
        "coordinates": [
          -6.36297,
          53.3196179
        ]
      },
      "properties": {
        "osm_id": "n9861320520",
        "name": "Zambrero",
        "category": "fast_food",
        "subcategory": "amenity=fast_food",
        "lat": 53.3196179,
        "lon": -6.36297,
        "admin_division": "Dublin",
        "county": "dublin"
      }
    },
    {
      "type": "Feature",
      "geometry": {
        "type": "Point",
        "coordinates": [
          -6.3822578,
          53.3836139
        ]
      },
      "properties": {
        "osm_id": "n9884653560",
        "name": "",
        "category": "fast_food",
        "subcategory": "amenity=fast_food",
        "lat": 53.3836139,
        "lon": -6.3822578,
        "admin_division": "",
        "county": "dublin"
      }
    },
    {
      "type": "Feature",
      "geometry": {
        "type": "Point",
        "coordinates": [
          -6.2230887,
          53.3396993
        ]
      },
      "properties": {
        "osm_id": "n9934566745",
        "name": "Iannelli's Takeaway",
        "category": "fast_food",
        "subcategory": "amenity=fast_food",
        "lat": 53.3396993,
        "lon": -6.2230887,
        "admin_division": "",
        "county": "dublin"
      }
    },
    {
      "type": "Feature",
      "geometry": {
        "type": "Point",
        "coordinates": [
          -6.1471324,
          53.3866109
        ]
      },
      "properties": {
        "osm_id": "n9958947979",
        "name": "",
        "category": "fast_food",
        "subcategory": "amenity=fast_food",
        "lat": 53.3866109,
        "lon": -6.1471324,
        "admin_division": "Dublin",
        "county": "dublin"
      }
    },
    {
      "type": "Feature",
      "geometry": {
        "type": "Point",
        "coordinates": [
          -6.2627008,
          53.3445931
        ]
      },
      "properties": {
        "osm_id": "n9962517382",
        "name": "Krispy Kreme",
        "category": "fast_food",
        "subcategory": "amenity=fast_food",
        "lat": 53.3445931,
        "lon": -6.2627008,
        "admin_division": "Dublin",
        "county": "dublin"
      }
    },
    {
      "type": "Feature",
      "geometry": {
        "type": "Point",
        "coordinates": [
          -6.2946914,
          53.3316966
        ]
      },
      "properties": {
        "osm_id": "n9975511837",
        "name": "Lin's Chinese Takeaway & Noodle Box",
        "category": "fast_food",
        "subcategory": "amenity=fast_food",
        "lat": 53.3316966,
        "lon": -6.2946914,
        "admin_division": "Dublin",
        "county": "dublin"
      }
    },
    {
      "type": "Feature",
      "geometry": {
        "type": "Point",
        "coordinates": [
          -6.2754146,
          53.3326361
        ]
      },
      "properties": {
        "osm_id": "n10004601520",
        "name": "Chop Chop",
        "category": "fast_food",
        "subcategory": "amenity=fast_food",
        "lat": 53.3326361,
        "lon": -6.2754146,
        "admin_division": "Dublin",
        "county": "dublin"
      }
    },
    {
      "type": "Feature",
      "geometry": {
        "type": "Point",
        "coordinates": [
          -6.2608107,
          53.3496139
        ]
      },
      "properties": {
        "osm_id": "n10079508004",
        "name": "Hotel chocolat",
        "category": "fast_food",
        "subcategory": "shop=deli",
        "lat": 53.3496139,
        "lon": -6.2608107,
        "admin_division": "Dublin",
        "county": "dublin"
      }
    },
    {
      "type": "Feature",
      "geometry": {
        "type": "Point",
        "coordinates": [
          -6.2436227,
          53.3989414
        ]
      },
      "properties": {
        "osm_id": "n10089723695",
        "name": "Romayo’s",
        "category": "fast_food",
        "subcategory": "amenity=fast_food",
        "lat": 53.3989414,
        "lon": -6.2436227,
        "admin_division": "Dublin",
        "county": "dublin"
      }
    },
    {
      "type": "Feature",
      "geometry": {
        "type": "Point",
        "coordinates": [
          -6.2273177,
          53.3417108
        ]
      },
      "properties": {
        "osm_id": "n10136276615",
        "name": "Lin's Palace",
        "category": "fast_food",
        "subcategory": "amenity=fast_food",
        "lat": 53.3417108,
        "lon": -6.2273177,
        "admin_division": "Dublin",
        "county": "dublin"
      }
    },
    {
      "type": "Feature",
      "geometry": {
        "type": "Point",
        "coordinates": [
          -6.2279299,
          53.3416548
        ]
      },
      "properties": {
        "osm_id": "n10136320517",
        "name": "Domino's",
        "category": "fast_food",
        "subcategory": "amenity=fast_food",
        "lat": 53.3416548,
        "lon": -6.2279299,
        "admin_division": "",
        "county": "dublin"
      }
    },
    {
      "type": "Feature",
      "geometry": {
        "type": "Point",
        "coordinates": [
          -6.2393768,
          53.4120855
        ]
      },
      "properties": {
        "osm_id": "n10140748958",
        "name": "Burger King",
        "category": "fast_food",
        "subcategory": "amenity=fast_food",
        "lat": 53.4120855,
        "lon": -6.2393768,
        "admin_division": "Dublin",
        "county": "dublin"
      }
    },
    {
      "type": "Feature",
      "geometry": {
        "type": "Point",
        "coordinates": [
          -6.2679803,
          53.3485023
        ]
      },
      "properties": {
        "osm_id": "n10207785883",
        "name": "Quick",
        "category": "fast_food",
        "subcategory": "amenity=fast_food",
        "lat": 53.3485023,
        "lon": -6.2679803,
        "admin_division": "Dublin",
        "county": "dublin"
      }
    },
    {
      "type": "Feature",
      "geometry": {
        "type": "Point",
        "coordinates": [
          -6.1804352,
          53.3018016
        ]
      },
      "properties": {
        "osm_id": "n10226417236",
        "name": "Zambrero",
        "category": "fast_food",
        "subcategory": "amenity=fast_food",
        "lat": 53.3018016,
        "lon": -6.1804352,
        "admin_division": "Blackrock",
        "county": "dublin"
      }
    },
    {
      "type": "Feature",
      "geometry": {
        "type": "Point",
        "coordinates": [
          -6.2645917,
          53.3414093
        ]
      },
      "properties": {
        "osm_id": "n10280212210",
        "name": "Wok In",
        "category": "fast_food",
        "subcategory": "amenity=fast_food",
        "lat": 53.3414093,
        "lon": -6.2645917,
        "admin_division": "",
        "county": "dublin"
      }
    },
    {
      "type": "Feature",
      "geometry": {
        "type": "Point",
        "coordinates": [
          -6.3783845,
          53.3502172
        ]
      },
      "properties": {
        "osm_id": "n10282295921",
        "name": "Rapeedos",
        "category": "fast_food",
        "subcategory": "amenity=fast_food",
        "lat": 53.3502172,
        "lon": -6.3783845,
        "admin_division": "Dublin",
        "county": "dublin"
      }
    },
    {
      "type": "Feature",
      "geometry": {
        "type": "Point",
        "coordinates": [
          -6.3784727,
          53.3502115
        ]
      },
      "properties": {
        "osm_id": "n10282295922",
        "name": "Golden Dragon",
        "category": "fast_food",
        "subcategory": "amenity=fast_food",
        "lat": 53.3502115,
        "lon": -6.3784727,
        "admin_division": "Dublin",
        "county": "dublin"
      }
    },
    {
      "type": "Feature",
      "geometry": {
        "type": "Point",
        "coordinates": [
          -6.3703107,
          53.2869284
        ]
      },
      "properties": {
        "osm_id": "n10299522375",
        "name": "Krispy Kreme",
        "category": "fast_food",
        "subcategory": "amenity=fast_food",
        "lat": 53.2869284,
        "lon": -6.3703107,
        "admin_division": "Tallaght",
        "county": "dublin"
      }
    },
    {
      "type": "Feature",
      "geometry": {
        "type": "Point",
        "coordinates": [
          -6.2438721,
          53.3332099
        ]
      },
      "properties": {
        "osm_id": "n10315658624",
        "name": "Sprout",
        "category": "fast_food",
        "subcategory": "amenity=fast_food",
        "lat": 53.3332099,
        "lon": -6.2438721,
        "admin_division": "Dublin",
        "county": "dublin"
      }
    },
    {
      "type": "Feature",
      "geometry": {
        "type": "Point",
        "coordinates": [
          -6.366901,
          53.2880241
        ]
      },
      "properties": {
        "osm_id": "n10555210323",
        "name": "Daniela's Fish and Chips",
        "category": "fast_food",
        "subcategory": "amenity=fast_food",
        "lat": 53.2880241,
        "lon": -6.366901,
        "admin_division": "",
        "county": "dublin"
      }
    },
    {
      "type": "Feature",
      "geometry": {
        "type": "Point",
        "coordinates": [
          -6.3668802,
          53.2879925
        ]
      },
      "properties": {
        "osm_id": "n10555210324",
        "name": "Wood Pizza Pasta",
        "category": "fast_food",
        "subcategory": "amenity=fast_food",
        "lat": 53.2879925,
        "lon": -6.3668802,
        "admin_division": "",
        "county": "dublin"
      }
    },
    {
      "type": "Feature",
      "geometry": {
        "type": "Point",
        "coordinates": [
          -6.364623,
          53.2877756
        ]
      },
      "properties": {
        "osm_id": "n10555210335",
        "name": "Pizza Mór",
        "category": "fast_food",
        "subcategory": "amenity=fast_food",
        "lat": 53.2877756,
        "lon": -6.364623,
        "admin_division": "",
        "county": "dublin"
      }
    },
    {
      "type": "Feature",
      "geometry": {
        "type": "Point",
        "coordinates": [
          -6.3645318,
          53.2877964
        ]
      },
      "properties": {
        "osm_id": "n10555210336",
        "name": "Tip Top",
        "category": "fast_food",
        "subcategory": "amenity=fast_food",
        "lat": 53.2877964,
        "lon": -6.3645318,
        "admin_division": "",
        "county": "dublin"
      }
    },
    {
      "type": "Feature",
      "geometry": {
        "type": "Point",
        "coordinates": [
          -6.2483187,
          53.3922327
        ]
      },
      "properties": {
        "osm_id": "n10591629997",
        "name": "Krispy Kreme",
        "category": "fast_food",
        "subcategory": "amenity=fast_food",
        "lat": 53.3922327,
        "lon": -6.2483187,
        "admin_division": "",
        "county": "dublin"
      }
    },
    {
      "type": "Feature",
      "geometry": {
        "type": "Point",
        "coordinates": [
          -6.2925786,
          53.3463753
        ]
      },
      "properties": {
        "osm_id": "n10616946797",
        "name": "Sbarro",
        "category": "fast_food",
        "subcategory": "amenity=fast_food",
        "lat": 53.3463753,
        "lon": -6.2925786,
        "admin_division": "Dublin",
        "county": "dublin"
      }
    },
    {
      "type": "Feature",
      "geometry": {
        "type": "Point",
        "coordinates": [
          -6.2924301,
          53.3464086
        ]
      },
      "properties": {
        "osm_id": "n10616946798",
        "name": "Pret A Manger",
        "category": "fast_food",
        "subcategory": "amenity=fast_food",
        "lat": 53.3464086,
        "lon": -6.2924301,
        "admin_division": "Dublin",
        "county": "dublin"
      }
    },
    {
      "type": "Feature",
      "geometry": {
        "type": "Point",
        "coordinates": [
          -6.1885062,
          53.5879478
        ]
      },
      "properties": {
        "osm_id": "n10677110770",
        "name": "Apache",
        "category": "fast_food",
        "subcategory": "amenity=fast_food",
        "lat": 53.5879478,
        "lon": -6.1885062,
        "admin_division": "Balrothery",
        "county": "dublin"
      }
    },
    {
      "type": "Feature",
      "geometry": {
        "type": "Point",
        "coordinates": [
          -6.2650431,
          53.3440554
        ]
      },
      "properties": {
        "osm_id": "n10707896105",
        "name": "Born For Burgers",
        "category": "fast_food",
        "subcategory": "amenity=fast_food",
        "lat": 53.3440554,
        "lon": -6.2650431,
        "admin_division": "Dublin",
        "county": "dublin"
      }
    },
    {
      "type": "Feature",
      "geometry": {
        "type": "Point",
        "coordinates": [
          -6.2600951,
          53.3502448
        ]
      },
      "properties": {
        "osm_id": "n10709890473",
        "name": "The Rolling Donut",
        "category": "fast_food",
        "subcategory": "amenity=fast_food",
        "lat": 53.3502448,
        "lon": -6.2600951,
        "admin_division": "Dublin",
        "county": "dublin"
      }
    },
    {
      "type": "Feature",
      "geometry": {
        "type": "Point",
        "coordinates": [
          -6.1788912,
          53.4022189
        ]
      },
      "properties": {
        "osm_id": "n10726211675",
        "name": "Apache Pizza",
        "category": "fast_food",
        "subcategory": "amenity=fast_food",
        "lat": 53.4022189,
        "lon": -6.1788912,
        "admin_division": "",
        "county": "dublin"
      }
    },
    {
      "type": "Feature",
      "geometry": {
        "type": "Point",
        "coordinates": [
          -6.2235961,
          53.4453409
        ]
      },
      "properties": {
        "osm_id": "n10758427549",
        "name": "Pizza Dog",
        "category": "fast_food",
        "subcategory": "amenity=fast_food",
        "lat": 53.4453409,
        "lon": -6.2235961,
        "admin_division": "",
        "county": "dublin"
      }
    },
    {
      "type": "Feature",
      "geometry": {
        "type": "Point",
        "coordinates": [
          -6.3421196,
          53.2954551
        ]
      },
      "properties": {
        "osm_id": "n10787221881",
        "name": "Harbour Lights Chinese Takeaway",
        "category": "fast_food",
        "subcategory": "amenity=fast_food",
        "lat": 53.2954551,
        "lon": -6.3421196,
        "admin_division": "Tallaght",
        "county": "dublin"
      }
    },
    {
      "type": "Feature",
      "geometry": {
        "type": "Point",
        "coordinates": [
          -6.2603436,
          53.3429258
        ]
      },
      "properties": {
        "osm_id": "n10799555109",
        "name": "Wow Burger",
        "category": "fast_food",
        "subcategory": "amenity=fast_food",
        "lat": 53.3429258,
        "lon": -6.2603436,
        "admin_division": "Dublin",
        "county": "dublin"
      }
    },
    {
      "type": "Feature",
      "geometry": {
        "type": "Point",
        "coordinates": [
          -6.281909,
          53.3509186
        ]
      },
      "properties": {
        "osm_id": "n10870928496",
        "name": "Vietnom",
        "category": "fast_food",
        "subcategory": "amenity=fast_food",
        "lat": 53.3509186,
        "lon": -6.281909,
        "admin_division": "Dublin",
        "county": "dublin"
      }
    },
    {
      "type": "Feature",
      "geometry": {
        "type": "Point",
        "coordinates": [
          -6.1856173,
          53.611256
        ]
      },
      "properties": {
        "osm_id": "n10920239234",
        "name": "Apache Pizza",
        "category": "fast_food",
        "subcategory": "amenity=fast_food",
        "lat": 53.611256,
        "lon": -6.1856173,
        "admin_division": "",
        "county": "dublin"
      }
    },
    {
      "type": "Feature",
      "geometry": {
        "type": "Point",
        "coordinates": [
          -6.185817,
          53.6113718
        ]
      },
      "properties": {
        "osm_id": "n10920239242",
        "name": "",
        "category": "fast_food",
        "subcategory": "amenity=fast_food",
        "lat": 53.6113718,
        "lon": -6.185817,
        "admin_division": "",
        "county": "dublin"
      }
    },
    {
      "type": "Feature",
      "geometry": {
        "type": "Point",
        "coordinates": [
          -6.1866989,
          53.6118275
        ]
      },
      "properties": {
        "osm_id": "n10920239262",
        "name": "China Garden",
        "category": "fast_food",
        "subcategory": "amenity=fast_food",
        "lat": 53.6118275,
        "lon": -6.1866989,
        "admin_division": "",
        "county": "dublin"
      }
    },
    {
      "type": "Feature",
      "geometry": {
        "type": "Point",
        "coordinates": [
          -6.186732,
          53.6118467
        ]
      },
      "properties": {
        "osm_id": "n10920239263",
        "name": "Super Kebab",
        "category": "fast_food",
        "subcategory": "amenity=fast_food",
        "lat": 53.6118467,
        "lon": -6.186732,
        "admin_division": "",
        "county": "dublin"
      }
    },
    {
      "type": "Feature",
      "geometry": {
        "type": "Point",
        "coordinates": [
          -6.1834012,
          53.2662562
        ]
      },
      "properties": {
        "osm_id": "n10951811284",
        "name": "Thomas's of Foxrock",
        "category": "fast_food",
        "subcategory": "shop=deli",
        "lat": 53.2662562,
        "lon": -6.1834012,
        "admin_division": "",
        "county": "dublin"
      }
    },
    {
      "type": "Feature",
      "geometry": {
        "type": "Point",
        "coordinates": [
          -6.2250466,
          53.2703323
        ]
      },
      "properties": {
        "osm_id": "n10970787369",
        "name": "North Wood Fired Pizza",
        "category": "fast_food",
        "subcategory": "amenity=fast_food",
        "lat": 53.2703323,
        "lon": -6.2250466,
        "admin_division": "",
        "county": "dublin"
      }
    },
    {
      "type": "Feature",
      "geometry": {
        "type": "Point",
        "coordinates": [
          -6.2249446,
          53.2703667
        ]
      },
      "properties": {
        "osm_id": "n10970846104",
        "name": "Summer Takeaway",
        "category": "fast_food",
        "subcategory": "amenity=fast_food",
        "lat": 53.2703667,
        "lon": -6.2249446,
        "admin_division": "",
        "county": "dublin"
      }
    },
    {
      "type": "Feature",
      "geometry": {
        "type": "Point",
        "coordinates": [
          -6.3874014,
          53.383363
        ]
      },
      "properties": {
        "osm_id": "n10975128144",
        "name": "Foo Lok",
        "category": "fast_food",
        "subcategory": "amenity=fast_food",
        "lat": 53.383363,
        "lon": -6.3874014,
        "admin_division": "",
        "county": "dublin"
      }
    },
    {
      "type": "Feature",
      "geometry": {
        "type": "Point",
        "coordinates": [
          -6.2449687,
          53.4277646
        ]
      },
      "properties": {
        "osm_id": "n11026182320",
        "name": "Burger King",
        "category": "fast_food",
        "subcategory": "amenity=fast_food",
        "lat": 53.4277646,
        "lon": -6.2449687,
        "admin_division": "Dublin Airport",
        "county": "dublin"
      }
    },
    {
      "type": "Feature",
      "geometry": {
        "type": "Point",
        "coordinates": [
          -6.3720087,
          53.2868728
        ]
      },
      "properties": {
        "osm_id": "n11047224567",
        "name": "Zambrero",
        "category": "fast_food",
        "subcategory": "amenity=fast_food",
        "lat": 53.2868728,
        "lon": -6.3720087,
        "admin_division": "Tallaght",
        "county": "dublin"
      }
    },
    {
      "type": "Feature",
      "geometry": {
        "type": "Point",
        "coordinates": [
          -6.372985,
          53.2865978
        ]
      },
      "properties": {
        "osm_id": "n11047224569",
        "name": "Abrakebabra",
        "category": "fast_food",
        "subcategory": "amenity=fast_food",
        "lat": 53.2865978,
        "lon": -6.372985,
        "admin_division": "Tallaght",
        "county": "dublin"
      }
    },
    {
      "type": "Feature",
      "geometry": {
        "type": "Point",
        "coordinates": [
          -6.2621337,
          53.3336287
        ]
      },
      "properties": {
        "osm_id": "n11059304905",
        "name": "Tír",
        "category": "fast_food",
        "subcategory": "amenity=fast_food",
        "lat": 53.3336287,
        "lon": -6.2621337,
        "admin_division": "Dublin",
        "county": "dublin"
      }
    },
    {
      "type": "Feature",
      "geometry": {
        "type": "Point",
        "coordinates": [
          -6.2637608,
          53.3503121
        ]
      },
      "properties": {
        "osm_id": "n11238507921",
        "name": "Shake Dog",
        "category": "fast_food",
        "subcategory": "amenity=fast_food",
        "lat": 53.3503121,
        "lon": -6.2637608,
        "admin_division": "",
        "county": "dublin"
      }
    },
    {
      "type": "Feature",
      "geometry": {
        "type": "Point",
        "coordinates": [
          -6.2643801,
          53.3513289
        ]
      },
      "properties": {
        "osm_id": "n11243867013",
        "name": "Saray Kebab",
        "category": "fast_food",
        "subcategory": "amenity=fast_food",
        "lat": 53.3513289,
        "lon": -6.2643801,
        "admin_division": "",
        "county": "dublin"
      }
    },
    {
      "type": "Feature",
      "geometry": {
        "type": "Point",
        "coordinates": [
          -6.2660032,
          53.3507369
        ]
      },
      "properties": {
        "osm_id": "n11243918921",
        "name": "Rotana City",
        "category": "fast_food",
        "subcategory": "amenity=fast_food",
        "lat": 53.3507369,
        "lon": -6.2660032,
        "admin_division": "",
        "county": "dublin"
      }
    },
    {
      "type": "Feature",
      "geometry": {
        "type": "Point",
        "coordinates": [
          -6.2060438,
          53.3675032
        ]
      },
      "properties": {
        "osm_id": "n11363986325",
        "name": "Wingman Clontarf",
        "category": "fast_food",
        "subcategory": "amenity=fast_food",
        "lat": 53.3675032,
        "lon": -6.2060438,
        "admin_division": "",
        "county": "dublin"
      }
    },
    {
      "type": "Feature",
      "geometry": {
        "type": "Point",
        "coordinates": [
          -6.3933391,
          53.3204866
        ]
      },
      "properties": {
        "osm_id": "n11387986823",
        "name": "Poppadom",
        "category": "fast_food",
        "subcategory": "amenity=fast_food",
        "lat": 53.3204866,
        "lon": -6.3933391,
        "admin_division": "",
        "county": "dublin"
      }
    },
    {
      "type": "Feature",
      "geometry": {
        "type": "Point",
        "coordinates": [
          -6.3953502,
          53.3206179
        ]
      },
      "properties": {
        "osm_id": "n11388002680",
        "name": "The Roma",
        "category": "fast_food",
        "subcategory": "amenity=fast_food",
        "lat": 53.3206179,
        "lon": -6.3953502,
        "admin_division": "",
        "county": "dublin"
      }
    },
    {
      "type": "Feature",
      "geometry": {
        "type": "Point",
        "coordinates": [
          -6.3906583,
          53.3533217
        ]
      },
      "properties": {
        "osm_id": "n11533891789",
        "name": "Zambrero",
        "category": "fast_food",
        "subcategory": "amenity=fast_food",
        "lat": 53.3533217,
        "lon": -6.3906583,
        "admin_division": "",
        "county": "dublin"
      }
    },
    {
      "type": "Feature",
      "geometry": {
        "type": "Point",
        "coordinates": [
          -6.2627718,
          53.3402448
        ]
      },
      "properties": {
        "osm_id": "n11546626435",
        "name": "Jump",
        "category": "fast_food",
        "subcategory": "amenity=fast_food",
        "lat": 53.3402448,
        "lon": -6.2627718,
        "admin_division": "Dublin",
        "county": "dublin"
      }
    },
    {
      "type": "Feature",
      "geometry": {
        "type": "Point",
        "coordinates": [
          -6.3943302,
          53.3528089
        ]
      },
      "properties": {
        "osm_id": "n11581919026",
        "name": "Eddie Rocket's",
        "category": "fast_food",
        "subcategory": "amenity=fast_food",
        "lat": 53.3528089,
        "lon": -6.3943302,
        "admin_division": "",
        "county": "dublin"
      }
    },
    {
      "type": "Feature",
      "geometry": {
        "type": "Point",
        "coordinates": [
          -6.2596607,
          53.3412076
        ]
      },
      "properties": {
        "osm_id": "n11634194880",
        "name": "Eddie Rocket's",
        "category": "fast_food",
        "subcategory": "amenity=fast_food",
        "lat": 53.3412076,
        "lon": -6.2596607,
        "admin_division": "",
        "county": "dublin"
      }
    },
    {
      "type": "Feature",
      "geometry": {
        "type": "Point",
        "coordinates": [
          -6.2598342,
          53.3412247
        ]
      },
      "properties": {
        "osm_id": "n11634194882",
        "name": "Gourmet Burger Kitchen",
        "category": "fast_food",
        "subcategory": "amenity=fast_food",
        "lat": 53.3412247,
        "lon": -6.2598342,
        "admin_division": "Dublin",
        "county": "dublin"
      }
    },
    {
      "type": "Feature",
      "geometry": {
        "type": "Point",
        "coordinates": [
          -6.3183367,
          53.3160556
        ]
      },
      "properties": {
        "osm_id": "n11724937600",
        "name": "Oasis Of Taste",
        "category": "fast_food",
        "subcategory": "amenity=food_court",
        "lat": 53.3160556,
        "lon": -6.3183367,
        "admin_division": "",
        "county": "dublin"
      }
    },
    {
      "type": "Feature",
      "geometry": {
        "type": "Point",
        "coordinates": [
          -6.318355,
          53.3160733
        ]
      },
      "properties": {
        "osm_id": "n11724937601",
        "name": "Abra Kebabra",
        "category": "fast_food",
        "subcategory": "amenity=fast_food",
        "lat": 53.3160733,
        "lon": -6.318355,
        "admin_division": "",
        "county": "dublin"
      }
    },
    {
      "type": "Feature",
      "geometry": {
        "type": "Point",
        "coordinates": [
          -6.3183715,
          53.3160559
        ]
      },
      "properties": {
        "osm_id": "n11724937602",
        "name": "O' Briens",
        "category": "fast_food",
        "subcategory": "amenity=fast_food",
        "lat": 53.3160559,
        "lon": -6.3183715,
        "admin_division": "",
        "county": "dublin"
      }
    },
    {
      "type": "Feature",
      "geometry": {
        "type": "Point",
        "coordinates": [
          -6.3183601,
          53.3160351
        ]
      },
      "properties": {
        "osm_id": "n11724937603",
        "name": "Bagel Factory",
        "category": "fast_food",
        "subcategory": "amenity=fast_food",
        "lat": 53.3160351,
        "lon": -6.3183601,
        "admin_division": "",
        "county": "dublin"
      }
    },
    {
      "type": "Feature",
      "geometry": {
        "type": "Point",
        "coordinates": [
          -6.2765647,
          53.3817466
        ]
      },
      "properties": {
        "osm_id": "n11813598269",
        "name": "Slice of Naples",
        "category": "fast_food",
        "subcategory": "amenity=fast_food",
        "lat": 53.3817466,
        "lon": -6.2765647,
        "admin_division": "",
        "county": "dublin"
      }
    },
    {
      "type": "Feature",
      "geometry": {
        "type": "Point",
        "coordinates": [
          -6.2111068,
          53.2777119
        ]
      },
      "properties": {
        "osm_id": "n11938158382",
        "name": "Perfect Kebab",
        "category": "fast_food",
        "subcategory": "amenity=fast_food",
        "lat": 53.2777119,
        "lon": -6.2111068,
        "admin_division": "",
        "county": "dublin"
      }
    },
    {
      "type": "Feature",
      "geometry": {
        "type": "Point",
        "coordinates": [
          -6.4878996,
          53.2782591
        ]
      },
      "properties": {
        "osm_id": "n11942738318",
        "name": "The Bakewell",
        "category": "fast_food",
        "subcategory": "shop=deli",
        "lat": 53.2782591,
        "lon": -6.4878996,
        "admin_division": "Rathcoole",
        "county": "dublin"
      }
    },
    {
      "type": "Feature",
      "geometry": {
        "type": "Point",
        "coordinates": [
          -6.488057,
          53.2782311
        ]
      },
      "properties": {
        "osm_id": "n11942738319",
        "name": "Chopstix",
        "category": "fast_food",
        "subcategory": "amenity=fast_food",
        "lat": 53.2782311,
        "lon": -6.488057,
        "admin_division": "Rathcoole",
        "county": "dublin"
      }
    },
    {
      "type": "Feature",
      "geometry": {
        "type": "Point",
        "coordinates": [
          -6.1385736,
          53.4208454
        ]
      },
      "properties": {
        "osm_id": "n11945238069",
        "name": "Wasabi Portmarnock",
        "category": "fast_food",
        "subcategory": "amenity=fast_food",
        "lat": 53.4208454,
        "lon": -6.1385736,
        "admin_division": "",
        "county": "dublin"
      }
    },
    {
      "type": "Feature",
      "geometry": {
        "type": "Point",
        "coordinates": [
          -6.2456779,
          53.2937965
        ]
      },
      "properties": {
        "osm_id": "n11958163579",
        "name": "Tacito",
        "category": "fast_food",
        "subcategory": "amenity=fast_food",
        "lat": 53.2937965,
        "lon": -6.2456779,
        "admin_division": "",
        "county": "dublin"
      }
    },
    {
      "type": "Feature",
      "geometry": {
        "type": "Point",
        "coordinates": [
          -6.249751,
          53.3512769
        ]
      },
      "properties": {
        "osm_id": "n11961717866",
        "name": "Pret A Manger",
        "category": "fast_food",
        "subcategory": "amenity=fast_food",
        "lat": 53.3512769,
        "lon": -6.249751,
        "admin_division": "Dublin",
        "county": "dublin"
      }
    },
    {
      "type": "Feature",
      "geometry": {
        "type": "Point",
        "coordinates": [
          -6.2441333,
          53.3600758
        ]
      },
      "properties": {
        "osm_id": "n11966021227",
        "name": "Antonio's",
        "category": "fast_food",
        "subcategory": "amenity=fast_food",
        "lat": 53.3600758,
        "lon": -6.2441333,
        "admin_division": "",
        "county": "dublin"
      }
    },
    {
      "type": "Feature",
      "geometry": {
        "type": "Point",
        "coordinates": [
          -6.2627319,
          53.3453667
        ]
      },
      "properties": {
        "osm_id": "n12018367138",
        "name": "Street Food Factory",
        "category": "fast_food",
        "subcategory": "amenity=fast_food",
        "lat": 53.3453667,
        "lon": -6.2627319,
        "admin_division": "Dublin",
        "county": "dublin"
      }
    },
    {
      "type": "Feature",
      "geometry": {
        "type": "Point",
        "coordinates": [
          -6.2645817,
          53.3454121
        ]
      },
      "properties": {
        "osm_id": "n12041198355",
        "name": "Papa John's",
        "category": "fast_food",
        "subcategory": "amenity=fast_food",
        "lat": 53.3454121,
        "lon": -6.2645817,
        "admin_division": "Dublin",
        "county": "dublin"
      }
    },
    {
      "type": "Feature",
      "geometry": {
        "type": "Point",
        "coordinates": [
          -6.2646558,
          53.3454005
        ]
      },
      "properties": {
        "osm_id": "n12041198356",
        "name": "Supermac's",
        "category": "fast_food",
        "subcategory": "amenity=fast_food",
        "lat": 53.3454005,
        "lon": -6.2646558,
        "admin_division": "",
        "county": "dublin"
      }
    },
    {
      "type": "Feature",
      "geometry": {
        "type": "Point",
        "coordinates": [
          -6.2412447,
          53.2865468
        ]
      },
      "properties": {
        "osm_id": "n12041997597",
        "name": "Soul Juice Bar",
        "category": "fast_food",
        "subcategory": "amenity=fast_food",
        "lat": 53.2865468,
        "lon": -6.2412447,
        "admin_division": "",
        "county": "dublin"
      }
    },
    {
      "type": "Feature",
      "geometry": {
        "type": "Point",
        "coordinates": [
          -6.1973021,
          53.2597596
        ]
      },
      "properties": {
        "osm_id": "n12046726959",
        "name": "Domino's",
        "category": "fast_food",
        "subcategory": "amenity=fast_food",
        "lat": 53.2597596,
        "lon": -6.1973021,
        "admin_division": "",
        "county": "dublin"
      }
    },
    {
      "type": "Feature",
      "geometry": {
        "type": "Point",
        "coordinates": [
          -6.229695,
          53.3487039
        ]
      },
      "properties": {
        "osm_id": "n12096021871",
        "name": "Domino's",
        "category": "fast_food",
        "subcategory": "amenity=fast_food",
        "lat": 53.3487039,
        "lon": -6.229695,
        "admin_division": "",
        "county": "dublin"
      }
    },
    {
      "type": "Feature",
      "geometry": {
        "type": "Point",
        "coordinates": [
          -6.1864114,
          53.2515801
        ]
      },
      "properties": {
        "osm_id": "n12102795738",
        "name": "Krispy Kreme",
        "category": "fast_food",
        "subcategory": "amenity=fast_food",
        "lat": 53.2515801,
        "lon": -6.1864114,
        "admin_division": "",
        "county": "dublin"
      }
    },
    {
      "type": "Feature",
      "geometry": {
        "type": "Point",
        "coordinates": [
          -6.2760049,
          53.3615937
        ]
      },
      "properties": {
        "osm_id": "n12106191071",
        "name": "",
        "category": "fast_food",
        "subcategory": "amenity=fast_food",
        "lat": 53.3615937,
        "lon": -6.2760049,
        "admin_division": "",
        "county": "dublin"
      }
    },
    {
      "type": "Feature",
      "geometry": {
        "type": "Point",
        "coordinates": [
          -6.2637058,
          53.3411717
        ]
      },
      "properties": {
        "osm_id": "n12130435899",
        "name": "Bambino",
        "category": "fast_food",
        "subcategory": "amenity=fast_food",
        "lat": 53.3411717,
        "lon": -6.2637058,
        "admin_division": "",
        "county": "dublin"
      }
    },
    {
      "type": "Feature",
      "geometry": {
        "type": "Point",
        "coordinates": [
          -6.2223363,
          53.3726731
        ]
      },
      "properties": {
        "osm_id": "n12141857135",
        "name": "Vincenzos’s Wood Fired Pizza",
        "category": "fast_food",
        "subcategory": "amenity=fast_food",
        "lat": 53.3726731,
        "lon": -6.2223363,
        "admin_division": "",
        "county": "dublin"
      }
    },
    {
      "type": "Feature",
      "geometry": {
        "type": "Point",
        "coordinates": [
          -6.2222386,
          53.3727715
        ]
      },
      "properties": {
        "osm_id": "n12141862181",
        "name": "Fragrant City",
        "category": "fast_food",
        "subcategory": "amenity=fast_food",
        "lat": 53.3727715,
        "lon": -6.2222386,
        "admin_division": "",
        "county": "dublin"
      }
    },
    {
      "type": "Feature",
      "geometry": {
        "type": "Point",
        "coordinates": [
          -6.2222131,
          53.3728092
        ]
      },
      "properties": {
        "osm_id": "n12141864392",
        "name": "Rocca's Food Fare",
        "category": "fast_food",
        "subcategory": "amenity=fast_food",
        "lat": 53.3728092,
        "lon": -6.2222131,
        "admin_division": "",
        "county": "dublin"
      }
    },
    {
      "type": "Feature",
      "geometry": {
        "type": "Point",
        "coordinates": [
          -6.2409433,
          53.4266065
        ]
      },
      "properties": {
        "osm_id": "n12209214355",
        "name": "Supermac's",
        "category": "fast_food",
        "subcategory": "amenity=fast_food",
        "lat": 53.4266065,
        "lon": -6.2409433,
        "admin_division": "Dublin Airport",
        "county": "dublin"
      }
    },
    {
      "type": "Feature",
      "geometry": {
        "type": "Point",
        "coordinates": [
          -6.2408143,
          53.4265634
        ]
      },
      "properties": {
        "osm_id": "n12209274658",
        "name": "SuperSubs",
        "category": "fast_food",
        "subcategory": "amenity=fast_food",
        "lat": 53.4265634,
        "lon": -6.2408143,
        "admin_division": "Dublin Airport",
        "county": "dublin"
      }
    },
    {
      "type": "Feature",
      "geometry": {
        "type": "Point",
        "coordinates": [
          -6.2408483,
          53.4265746
        ]
      },
      "properties": {
        "osm_id": "n12209284517",
        "name": "Papa John's",
        "category": "fast_food",
        "subcategory": "amenity=fast_food",
        "lat": 53.4265746,
        "lon": -6.2408483,
        "admin_division": "",
        "county": "dublin"
      }
    },
    {
      "type": "Feature",
      "geometry": {
        "type": "Point",
        "coordinates": [
          -6.2404333,
          53.4254198
        ]
      },
      "properties": {
        "osm_id": "n12209289099",
        "name": "Burger King",
        "category": "fast_food",
        "subcategory": "amenity=fast_food",
        "lat": 53.4254198,
        "lon": -6.2404333,
        "admin_division": "Dublin",
        "county": "dublin"
      }
    },
    {
      "type": "Feature",
      "geometry": {
        "type": "Point",
        "coordinates": [
          -6.2634369,
          53.3469597
        ]
      },
      "properties": {
        "osm_id": "n12404984254",
        "name": "JAF fish & chips",
        "category": "fast_food",
        "subcategory": "amenity=fast_food",
        "lat": 53.3469597,
        "lon": -6.2634369,
        "admin_division": "",
        "county": "dublin"
      }
    },
    {
      "type": "Feature",
      "geometry": {
        "type": "Point",
        "coordinates": [
          -6.197044,
          53.4926936
        ]
      },
      "properties": {
        "osm_id": "n12455560115",
        "name": "Supermac's",
        "category": "fast_food",
        "subcategory": "amenity=fast_food",
        "lat": 53.4926936,
        "lon": -6.197044,
        "admin_division": "Donabate",
        "county": "dublin"
      }
    },
    {
      "type": "Feature",
      "geometry": {
        "type": "Point",
        "coordinates": [
          -6.1970691,
          53.492624
        ]
      },
      "properties": {
        "osm_id": "n12455560122",
        "name": "Chopped",
        "category": "fast_food",
        "subcategory": "amenity=fast_food",
        "lat": 53.492624,
        "lon": -6.1970691,
        "admin_division": "Donabate",
        "county": "dublin"
      }
    },
    {
      "type": "Feature",
      "geometry": {
        "type": "Point",
        "coordinates": [
          -6.1970888,
          53.4925895
        ]
      },
      "properties": {
        "osm_id": "n12455560125",
        "name": "Moreish",
        "category": "fast_food",
        "subcategory": "amenity=fast_food",
        "lat": 53.4925895,
        "lon": -6.1970888,
        "admin_division": "Donabate",
        "county": "dublin"
      }
    },
    {
      "type": "Feature",
      "geometry": {
        "type": "Point",
        "coordinates": [
          -6.1546271,
          53.4842369
        ]
      },
      "properties": {
        "osm_id": "n12466265481",
        "name": "Apache Pizza",
        "category": "fast_food",
        "subcategory": "amenity=fast_food",
        "lat": 53.4842369,
        "lon": -6.1546271,
        "admin_division": "Donabate",
        "county": "dublin"
      }
    },
    {
      "type": "Feature",
      "geometry": {
        "type": "Point",
        "coordinates": [
          -6.0912634,
          53.521764
        ]
      },
      "properties": {
        "osm_id": "n12504285004",
        "name": "The Village",
        "category": "fast_food",
        "subcategory": "amenity=fast_food",
        "lat": 53.521764,
        "lon": -6.0912634,
        "admin_division": "Rush",
        "county": "dublin"
      }
    },
    {
      "type": "Feature",
      "geometry": {
        "type": "Point",
        "coordinates": [
          -6.0911569,
          53.5217461
        ]
      },
      "properties": {
        "osm_id": "n12512300269",
        "name": "Pizza",
        "category": "fast_food",
        "subcategory": "amenity=fast_food",
        "lat": 53.5217461,
        "lon": -6.0911569,
        "admin_division": "Rush",
        "county": "dublin"
      }
    },
    {
      "type": "Feature",
      "geometry": {
        "type": "Point",
        "coordinates": [
          -6.0949715,
          53.522531
        ]
      },
      "properties": {
        "osm_id": "n12527591912",
        "name": "Kenure Perk",
        "category": "fast_food",
        "subcategory": "shop=deli",
        "lat": 53.522531,
        "lon": -6.0949715,
        "admin_division": "Rush",
        "county": "dublin"
      }
    },
    {
      "type": "Feature",
      "geometry": {
        "type": "Point",
        "coordinates": [
          -6.3213019,
          53.3390845
        ]
      },
      "properties": {
        "osm_id": "n12556803692",
        "name": "Macari",
        "category": "fast_food",
        "subcategory": "amenity=fast_food",
        "lat": 53.3390845,
        "lon": -6.3213019,
        "admin_division": "",
        "county": "dublin"
      }
    },
    {
      "type": "Feature",
      "geometry": {
        "type": "Point",
        "coordinates": [
          -6.3755042,
          53.2870769
        ]
      },
      "properties": {
        "osm_id": "n12558252116",
        "name": "",
        "category": "fast_food",
        "subcategory": "amenity=fast_food",
        "lat": 53.2870769,
        "lon": -6.3755042,
        "admin_division": "",
        "county": "dublin"
      }
    },
    {
      "type": "Feature",
      "geometry": {
        "type": "Point",
        "coordinates": [
          -6.391747,
          53.3139973
        ]
      },
      "properties": {
        "osm_id": "n12633856950",
        "name": "Apache Pizza",
        "category": "fast_food",
        "subcategory": "amenity=fast_food",
        "lat": 53.3139973,
        "lon": -6.391747,
        "admin_division": "",
        "county": "dublin"
      }
    },
    {
      "type": "Feature",
      "geometry": {
        "type": "Point",
        "coordinates": [
          -6.3919136,
          53.3140893
        ]
      },
      "properties": {
        "osm_id": "n12633856953",
        "name": "Khan's Balti House",
        "category": "fast_food",
        "subcategory": "amenity=fast_food",
        "lat": 53.3140893,
        "lon": -6.3919136,
        "admin_division": "",
        "county": "dublin"
      }
    },
    {
      "type": "Feature",
      "geometry": {
        "type": "Point",
        "coordinates": [
          -6.2089112,
          53.276429
        ]
      },
      "properties": {
        "osm_id": "n12635906391",
        "name": "Subway",
        "category": "fast_food",
        "subcategory": "amenity=fast_food",
        "lat": 53.276429,
        "lon": -6.2089112,
        "admin_division": "",
        "county": "dublin"
      }
    },
    {
      "type": "Feature",
      "geometry": {
        "type": "Point",
        "coordinates": [
          -6.2167167,
          53.2771721
        ]
      },
      "properties": {
        "osm_id": "n12635906392",
        "name": "Zambrero",
        "category": "fast_food",
        "subcategory": "amenity=fast_food",
        "lat": 53.2771721,
        "lon": -6.2167167,
        "admin_division": "",
        "county": "dublin"
      }
    },
    {
      "type": "Feature",
      "geometry": {
        "type": "Point",
        "coordinates": [
          -6.4063954,
          53.3483447
        ]
      },
      "properties": {
        "osm_id": "n12636232236",
        "name": "Subway",
        "category": "fast_food",
        "subcategory": "amenity=fast_food",
        "lat": 53.3483447,
        "lon": -6.4063954,
        "admin_division": "",
        "county": "dublin"
      }
    },
    {
      "type": "Feature",
      "geometry": {
        "type": "Point",
        "coordinates": [
          -6.4062981,
          53.3483455
        ]
      },
      "properties": {
        "osm_id": "n12636232237",
        "name": "Zambrero",
        "category": "fast_food",
        "subcategory": "amenity=fast_food",
        "lat": 53.3483455,
        "lon": -6.4062981,
        "admin_division": "",
        "county": "dublin"
      }
    },
    {
      "type": "Feature",
      "geometry": {
        "type": "Point",
        "coordinates": [
          -6.3935802,
          53.3249123
        ]
      },
      "properties": {
        "osm_id": "n12636417703",
        "name": "",
        "category": "fast_food",
        "subcategory": "amenity=fast_food",
        "lat": 53.3249123,
        "lon": -6.3935802,
        "admin_division": "",
        "county": "dublin"
      }
    },
    {
      "type": "Feature",
      "geometry": {
        "type": "Point",
        "coordinates": [
          -6.3948867,
          53.3260305
        ]
      },
      "properties": {
        "osm_id": "n12636552994",
        "name": "Giulio's",
        "category": "fast_food",
        "subcategory": "amenity=fast_food",
        "lat": 53.3260305,
        "lon": -6.3948867,
        "admin_division": "",
        "county": "dublin"
      }
    },
    {
      "type": "Feature",
      "geometry": {
        "type": "Point",
        "coordinates": [
          -6.3948359,
          53.3212991
        ]
      },
      "properties": {
        "osm_id": "n12636592588",
        "name": "Domino's",
        "category": "fast_food",
        "subcategory": "amenity=fast_food",
        "lat": 53.3212991,
        "lon": -6.3948359,
        "admin_division": "",
        "county": "dublin"
      }
    },
    {
      "type": "Feature",
      "geometry": {
        "type": "Point",
        "coordinates": [
          -6.3948241,
          53.3212417
        ]
      },
      "properties": {
        "osm_id": "n12636592589",
        "name": "Shakira Indian Takeaway",
        "category": "fast_food",
        "subcategory": "amenity=fast_food",
        "lat": 53.3212417,
        "lon": -6.3948241,
        "admin_division": "",
        "county": "dublin"
      }
    },
    {
      "type": "Feature",
      "geometry": {
        "type": "Point",
        "coordinates": [
          -6.3947897,
          53.321128
        ]
      },
      "properties": {
        "osm_id": "n12636592592",
        "name": "China Inn",
        "category": "fast_food",
        "subcategory": "amenity=fast_food",
        "lat": 53.321128,
        "lon": -6.3947897,
        "admin_division": "",
        "county": "dublin"
      }
    },
    {
      "type": "Feature",
      "geometry": {
        "type": "Point",
        "coordinates": [
          -6.2605212,
          53.3401955
        ]
      },
      "properties": {
        "osm_id": "n12650705288",
        "name": "Subway",
        "category": "fast_food",
        "subcategory": "amenity=fast_food",
        "lat": 53.3401955,
        "lon": -6.2605212,
        "admin_division": "Dublin",
        "county": "dublin"
      }
    },
    {
      "type": "Feature",
      "geometry": {
        "type": "Point",
        "coordinates": [
          -6.241358,
          53.3428933
        ]
      },
      "properties": {
        "osm_id": "n12658428749",
        "name": "Starry Night",
        "category": "fast_food",
        "subcategory": "amenity=fast_food",
        "lat": 53.3428933,
        "lon": -6.241358,
        "admin_division": "Dublin",
        "county": "dublin"
      }
    },
    {
      "type": "Feature",
      "geometry": {
        "type": "Point",
        "coordinates": [
          -6.267649,
          53.5217994
        ]
      },
      "properties": {
        "osm_id": "n12703587771",
        "name": "Mario's",
        "category": "fast_food",
        "subcategory": "amenity=fast_food",
        "lat": 53.5217994,
        "lon": -6.267649,
        "admin_division": "Ballyboughal",
        "county": "dublin"
      }
    },
    {
      "type": "Feature",
      "geometry": {
        "type": "Point",
        "coordinates": [
          -6.21704,
          53.4125432
        ]
      },
      "properties": {
        "osm_id": "n12737447346",
        "name": "Papa John's",
        "category": "fast_food",
        "subcategory": "amenity=fast_food",
        "lat": 53.4125432,
        "lon": -6.21704,
        "admin_division": "",
        "county": "dublin"
      }
    },
    {
      "type": "Feature",
      "geometry": {
        "type": "Point",
        "coordinates": [
          -6.376203,
          53.2861382
        ]
      },
      "properties": {
        "osm_id": "n12790171001",
        "name": "Saravanaa Bhavan",
        "category": "fast_food",
        "subcategory": "amenity=fast_food",
        "lat": 53.2861382,
        "lon": -6.376203,
        "admin_division": "",
        "county": "dublin"
      }
    },
    {
      "type": "Feature",
      "geometry": {
        "type": "Point",
        "coordinates": [
          -6.1121944,
          53.5780534
        ]
      },
      "properties": {
        "osm_id": "n12818974920",
        "name": "Smash Burger",
        "category": "fast_food",
        "subcategory": "amenity=fast_food",
        "lat": 53.5780534,
        "lon": -6.1121944,
        "admin_division": "",
        "county": "dublin"
      }
    },
    {
      "type": "Feature",
      "geometry": {
        "type": "Point",
        "coordinates": [
          -6.1670909,
          53.2685449
        ]
      },
      "properties": {
        "osm_id": "n12843778848",
        "name": "Fired Up",
        "category": "fast_food",
        "subcategory": "amenity=fast_food",
        "lat": 53.2685449,
        "lon": -6.1670909,
        "admin_division": "",
        "county": "dublin"
      }
    },
    {
      "type": "Feature",
      "geometry": {
        "type": "Point",
        "coordinates": [
          -6.3522121,
          53.4593582
        ]
      },
      "properties": {
        "osm_id": "n12889602839",
        "name": "Sorrento Pizza",
        "category": "fast_food",
        "subcategory": "amenity=fast_food",
        "lat": 53.4593582,
        "lon": -6.3522121,
        "admin_division": "Coolquay",
        "county": "dublin"
      }
    },
    {
      "type": "Feature",
      "geometry": {
        "type": "Point",
        "coordinates": [
          -6.3521738,
          53.4593211
        ]
      },
      "properties": {
        "osm_id": "n12889602840",
        "name": "The Burger Project",
        "category": "fast_food",
        "subcategory": "amenity=fast_food",
        "lat": 53.4593211,
        "lon": -6.3521738,
        "admin_division": "Coolquay",
        "county": "dublin"
      }
    },
    {
      "type": "Feature",
      "geometry": {
        "type": "Point",
        "coordinates": [
          -6.2664108,
          53.2902746
        ]
      },
      "properties": {
        "osm_id": "n12915650362",
        "name": "Burger King",
        "category": "fast_food",
        "subcategory": "amenity=fast_food",
        "lat": 53.2902746,
        "lon": -6.2664108,
        "admin_division": "",
        "county": "dublin"
      }
    },
    {
      "type": "Feature",
      "geometry": {
        "type": "Point",
        "coordinates": [
          -6.2672799,
          53.2896717
        ]
      },
      "properties": {
        "osm_id": "n12915650363",
        "name": "Subway",
        "category": "fast_food",
        "subcategory": "amenity=fast_food",
        "lat": 53.2896717,
        "lon": -6.2672799,
        "admin_division": "",
        "county": "dublin"
      }
    },
    {
      "type": "Feature",
      "geometry": {
        "type": "Point",
        "coordinates": [
          -6.2454878,
          53.4282488
        ]
      },
      "properties": {
        "osm_id": "n12918906027",
        "name": "Pret A Manger",
        "category": "fast_food",
        "subcategory": "amenity=fast_food",
        "lat": 53.4282488,
        "lon": -6.2454878,
        "admin_division": "",
        "county": "dublin"
      }
    },
    {
      "type": "Feature",
      "geometry": {
        "type": "Point",
        "coordinates": [
          -6.2628542,
          53.345857
        ]
      },
      "properties": {
        "osm_id": "n12926093542",
        "name": "Only",
        "category": "fast_food",
        "subcategory": "amenity=fast_food",
        "lat": 53.345857,
        "lon": -6.2628542,
        "admin_division": "",
        "county": "dublin"
      }
    },
    {
      "type": "Feature",
      "geometry": {
        "type": "Point",
        "coordinates": [
          -6.262761,
          53.3456614
        ]
      },
      "properties": {
        "osm_id": "n12926126847",
        "name": "Taste Pick",
        "category": "fast_food",
        "subcategory": "amenity=fast_food",
        "lat": 53.3456614,
        "lon": -6.262761,
        "admin_division": "",
        "county": "dublin"
      }
    },
    {
      "type": "Feature",
      "geometry": {
        "type": "Point",
        "coordinates": [
          -6.2605744,
          53.3473551
        ]
      },
      "properties": {
        "osm_id": "n12926136873",
        "name": "Apache Pizza",
        "category": "fast_food",
        "subcategory": "amenity=fast_food",
        "lat": 53.3473551,
        "lon": -6.2605744,
        "admin_division": "",
        "county": "dublin"
      }
    },
    {
      "type": "Feature",
      "geometry": {
        "type": "Point",
        "coordinates": [
          -6.2633925,
          53.3475444
        ]
      },
      "properties": {
        "osm_id": "n12926137216",
        "name": "Tutto Aposto",
        "category": "fast_food",
        "subcategory": "amenity=fast_food",
        "lat": 53.3475444,
        "lon": -6.2633925,
        "admin_division": "",
        "county": "dublin"
      }
    },
    {
      "type": "Feature",
      "geometry": {
        "type": "Point",
        "coordinates": [
          -6.2580195,
          53.3500737
        ]
      },
      "properties": {
        "osm_id": "n12947419012",
        "name": "Mr. Yummy",
        "category": "fast_food",
        "subcategory": "amenity=fast_food",
        "lat": 53.3500737,
        "lon": -6.2580195,
        "admin_division": "Dublin",
        "county": "dublin"
      }
    },
    {
      "type": "Feature",
      "geometry": {
        "type": "Point",
        "coordinates": [
          -6.2550153,
          53.3507745
        ]
      },
      "properties": {
        "osm_id": "n12952618703",
        "name": "Hannah BBQ",
        "category": "fast_food",
        "subcategory": "amenity=fast_food",
        "lat": 53.3507745,
        "lon": -6.2550153,
        "admin_division": "Dublin",
        "county": "dublin"
      }
    },
    {
      "type": "Feature",
      "geometry": {
        "type": "Point",
        "coordinates": [
          -6.249343,
          53.3525303
        ]
      },
      "properties": {
        "osm_id": "n12954627640",
        "name": "David Takeaway",
        "category": "fast_food",
        "subcategory": "amenity=fast_food",
        "lat": 53.3525303,
        "lon": -6.249343,
        "admin_division": "Dublin",
        "county": "dublin"
      }
    },
    {
      "type": "Feature",
      "geometry": {
        "type": "Point",
        "coordinates": [
          -6.4489025,
          53.3584879
        ]
      },
      "properties": {
        "osm_id": "n13059351423",
        "name": "Apache Pizza",
        "category": "fast_food",
        "subcategory": "amenity=fast_food",
        "lat": 53.3584879,
        "lon": -6.4489025,
        "admin_division": "Lucan",
        "county": "dublin"
      }
    },
    {
      "type": "Feature",
      "geometry": {
        "type": "Point",
        "coordinates": [
          -6.3261858,
          53.3241142
        ]
      },
      "properties": {
        "osm_id": "n13121266601",
        "name": "Castello Asian Cuisine",
        "category": "fast_food",
        "subcategory": "amenity=fast_food",
        "lat": 53.3241142,
        "lon": -6.3261858,
        "admin_division": "",
        "county": "dublin"
      }
    },
    {
      "type": "Feature",
      "geometry": {
        "type": "Point",
        "coordinates": [
          -6.3258075,
          53.3241815
        ]
      },
      "properties": {
        "osm_id": "n13121266902",
        "name": "Vincenzo's Take Away",
        "category": "fast_food",
        "subcategory": "amenity=fast_food",
        "lat": 53.3241815,
        "lon": -6.3258075,
        "admin_division": "",
        "county": "dublin"
      }
    },
    {
      "type": "Feature",
      "geometry": {
        "type": "Point",
        "coordinates": [
          -6.3237308,
          53.3244673
        ]
      },
      "properties": {
        "osm_id": "n13121279502",
        "name": "Pizza Max",
        "category": "fast_food",
        "subcategory": "amenity=fast_food",
        "lat": 53.3244673,
        "lon": -6.3237308,
        "admin_division": "",
        "county": "dublin"
      }
    },
    {
      "type": "Feature",
      "geometry": {
        "type": "Point",
        "coordinates": [
          -6.3238292,
          53.3244573
        ]
      },
      "properties": {
        "osm_id": "n13121284901",
        "name": "Luckies",
        "category": "fast_food",
        "subcategory": "amenity=fast_food",
        "lat": 53.3244573,
        "lon": -6.3238292,
        "admin_division": "",
        "county": "dublin"
      }
    },
    {
      "type": "Feature",
      "geometry": {
        "type": "Point",
        "coordinates": [
          -6.3573659,
          53.2883261
        ]
      },
      "properties": {
        "osm_id": "n13127846901",
        "name": "Kings Boat",
        "category": "fast_food",
        "subcategory": "amenity=fast_food",
        "lat": 53.2883261,
        "lon": -6.3573659,
        "admin_division": "",
        "county": "dublin"
      }
    },
    {
      "type": "Feature",
      "geometry": {
        "type": "Point",
        "coordinates": [
          -6.3312493,
          53.321175
        ]
      },
      "properties": {
        "osm_id": "n13136416402",
        "name": "Regent Palace",
        "category": "fast_food",
        "subcategory": "amenity=fast_food",
        "lat": 53.321175,
        "lon": -6.3312493,
        "admin_division": "",
        "county": "dublin"
      }
    },
    {
      "type": "Feature",
      "geometry": {
        "type": "Point",
        "coordinates": [
          -6.4494655,
          53.3563333
        ]
      },
      "properties": {
        "osm_id": "n13175475172",
        "name": "Crispy Crust Woodfire",
        "category": "fast_food",
        "subcategory": "amenity=fast_food",
        "lat": 53.3563333,
        "lon": -6.4494655,
        "admin_division": "",
        "county": "dublin"
      }
    },
    {
      "type": "Feature",
      "geometry": {
        "type": "Point",
        "coordinates": [
          -6.2321101,
          53.3307914
        ]
      },
      "properties": {
        "osm_id": "n13175661277",
        "name": "Carved",
        "category": "fast_food",
        "subcategory": "amenity=fast_food",
        "lat": 53.3307914,
        "lon": -6.2321101,
        "admin_division": "Dublin",
        "county": "dublin"
      }
    },
    {
      "type": "Feature",
      "geometry": {
        "type": "Point",
        "coordinates": [
          -6.2663926,
          53.385854
        ]
      },
      "properties": {
        "osm_id": "n13180396824",
        "name": "Aberdeen",
        "category": "fast_food",
        "subcategory": "amenity=fast_food",
        "lat": 53.385854,
        "lon": -6.2663926,
        "admin_division": "",
        "county": "dublin"
      }
    },
    {
      "type": "Feature",
      "geometry": {
        "type": "Point",
        "coordinates": [
          -6.2295761,
          53.3486216
        ]
      },
      "properties": {
        "osm_id": "n13239211824",
        "name": "",
        "category": "fast_food",
        "subcategory": "amenity=fast_food",
        "lat": 53.3486216,
        "lon": -6.2295761,
        "admin_division": "",
        "county": "dublin"
      }
    },
    {
      "type": "Feature",
      "geometry": {
        "type": "Point",
        "coordinates": [
          -6.2591855,
          53.3498541
        ]
      },
      "properties": {
        "osm_id": "n13240717593",
        "name": "Pret A Manger",
        "category": "fast_food",
        "subcategory": "amenity=fast_food",
        "lat": 53.3498541,
        "lon": -6.2591855,
        "admin_division": "",
        "county": "dublin"
      }
    },
    {
      "type": "Feature",
      "geometry": {
        "type": "Point",
        "coordinates": [
          -6.275988,
          53.3500303
        ]
      },
      "properties": {
        "osm_id": "n13241416124",
        "name": "Cafe Oasis",
        "category": "fast_food",
        "subcategory": "amenity=fast_food",
        "lat": 53.3500303,
        "lon": -6.275988,
        "admin_division": "",
        "county": "dublin"
      }
    },
    {
      "type": "Feature",
      "geometry": {
        "type": "Point",
        "coordinates": [
          -6.2786422,
          53.3481754
        ]
      },
      "properties": {
        "osm_id": "n13241520931",
        "name": "",
        "category": "fast_food",
        "subcategory": "amenity=fast_food",
        "lat": 53.3481754,
        "lon": -6.2786422,
        "admin_division": "",
        "county": "dublin"
      }
    },
    {
      "type": "Feature",
      "geometry": {
        "type": "Point",
        "coordinates": [
          -6.2652905,
          53.3438834
        ]
      },
      "properties": {
        "osm_id": "n13243752592",
        "name": "Doom Slice",
        "category": "fast_food",
        "subcategory": "amenity=fast_food",
        "lat": 53.3438834,
        "lon": -6.2652905,
        "admin_division": "",
        "county": "dublin"
      }
    },
    {
      "type": "Feature",
      "geometry": {
        "type": "Point",
        "coordinates": [
          -6.2642439,
          53.3455874
        ]
      },
      "properties": {
        "osm_id": "n13243789137",
        "name": "",
        "category": "fast_food",
        "subcategory": "amenity=fast_food",
        "lat": 53.3455874,
        "lon": -6.2642439,
        "admin_division": "",
        "county": "dublin"
      }
    },
    {
      "type": "Feature",
      "geometry": {
        "type": "Point",
        "coordinates": [
          -6.2458146,
          53.4277182
        ]
      },
      "properties": {
        "osm_id": "n13246144366",
        "name": "Street Kitchen",
        "category": "fast_food",
        "subcategory": "amenity=fast_food",
        "lat": 53.4277182,
        "lon": -6.2458146,
        "admin_division": "",
        "county": "dublin"
      }
    },
    {
      "type": "Feature",
      "geometry": {
        "type": "Point",
        "coordinates": [
          -6.2468406,
          53.4304911
        ]
      },
      "properties": {
        "osm_id": "n13246263673",
        "name": "Jump Juice",
        "category": "fast_food",
        "subcategory": "amenity=fast_food",
        "lat": 53.4304911,
        "lon": -6.2468406,
        "admin_division": "",
        "county": "dublin"
      }
    },
    {
      "type": "Feature",
      "geometry": {
        "type": "Point",
        "coordinates": [
          -6.2320811,
          53.3301392
        ]
      },
      "properties": {
        "osm_id": "n13265521675",
        "name": "Subway",
        "category": "fast_food",
        "subcategory": "amenity=fast_food",
        "lat": 53.3301392,
        "lon": -6.2320811,
        "admin_division": "",
        "county": "dublin"
      }
    },
    {
      "type": "Feature",
      "geometry": {
        "type": "Point",
        "coordinates": [
          -6.1243457,
          53.2530712
        ]
      },
      "properties": {
        "osm_id": "n13298438946",
        "name": "Kambo Takeaway",
        "category": "fast_food",
        "subcategory": "amenity=fast_food",
        "lat": 53.2530712,
        "lon": -6.1243457,
        "admin_division": "Ballybrack",
        "county": "dublin"
      }
    },
    {
      "type": "Feature",
      "geometry": {
        "type": "Point",
        "coordinates": [
          -6.2470687,
          53.3365673
        ]
      },
      "properties": {
        "osm_id": "n13371456916",
        "name": "",
        "category": "fast_food",
        "subcategory": "amenity=fast_food",
        "lat": 53.3365673,
        "lon": -6.2470687,
        "admin_division": "",
        "county": "dublin"
      }
    },
    {
      "type": "Feature",
      "geometry": {
        "type": "Point",
        "coordinates": [
          -6.2101349,
          53.5406389
        ]
      },
      "properties": {
        "osm_id": "n13391093036",
        "name": "The Bakewell",
        "category": "fast_food",
        "subcategory": "amenity=fast_food",
        "lat": 53.5406389,
        "lon": -6.2101349,
        "admin_division": "",
        "county": "dublin"
      }
    },
    {
      "type": "Feature",
      "geometry": {
        "type": "Point",
        "coordinates": [
          -6.3080129,
          53.3464199
        ]
      },
      "properties": {
        "osm_id": "n13418182989",
        "name": "The Yard",
        "category": "fast_food",
        "subcategory": "shop=deli",
        "lat": 53.3464199,
        "lon": -6.3080129,
        "admin_division": "",
        "county": "dublin"
      }
    },
    {
      "type": "Feature",
      "geometry": {
        "type": "Point",
        "coordinates": [
          -6.1248939,
          53.2531038
        ]
      },
      "properties": {
        "osm_id": "n13460810503",
        "name": "Village Takeaway",
        "category": "fast_food",
        "subcategory": "amenity=fast_food",
        "lat": 53.2531038,
        "lon": -6.1248939,
        "admin_division": "",
        "county": "dublin"
      }
    },
    {
      "type": "Feature",
      "geometry": {
        "type": "Point",
        "coordinates": [
          -6.124245,
          53.2304535
        ]
      },
      "properties": {
        "osm_id": "n13468901834",
        "name": "Thindi",
        "category": "fast_food",
        "subcategory": "amenity=fast_food",
        "lat": 53.2304535,
        "lon": -6.124245,
        "admin_division": "",
        "county": "dublin"
      }
    },
    {
      "type": "Feature",
      "geometry": {
        "type": "Point",
        "coordinates": [
          -6.1245716,
          53.2258867
        ]
      },
      "properties": {
        "osm_id": "n13475137568",
        "name": "4Kitchens",
        "category": "fast_food",
        "subcategory": "amenity=fast_food",
        "lat": 53.2258867,
        "lon": -6.1245716,
        "admin_division": "",
        "county": "dublin"
      }
    },
    {
      "type": "Feature",
      "geometry": {
        "type": "Point",
        "coordinates": [
          -6.1249612,
          53.2532075
        ]
      },
      "properties": {
        "osm_id": "n13541141038",
        "name": "Domino's",
        "category": "fast_food",
        "subcategory": "amenity=fast_food",
        "lat": 53.2532075,
        "lon": -6.1249612,
        "admin_division": "Dublin",
        "county": "dublin"
      }
    },
    {
      "type": "Feature",
      "geometry": {
        "type": "Point",
        "coordinates": [
          -6.2687162,
          53.3527305
        ]
      },
      "properties": {
        "osm_id": "n13556732301",
        "name": "Declan & Donal's",
        "category": "fast_food",
        "subcategory": "shop=deli",
        "lat": 53.3527305,
        "lon": -6.2687162,
        "admin_division": "",
        "county": "dublin"
      }
    },
    {
      "type": "Feature",
      "geometry": {
        "type": "Point",
        "coordinates": [
          -6.3333043,
          53.3174652
        ]
      },
      "properties": {
        "osm_id": "n13573427150",
        "name": "Apache Pizza",
        "category": "fast_food",
        "subcategory": "amenity=fast_food",
        "lat": 53.3174652,
        "lon": -6.3333043,
        "admin_division": "",
        "county": "dublin"
      }
    },
    {
      "type": "Feature",
      "geometry": {
        "type": "Point",
        "coordinates": [
          -6.3035328,
          53.3286833
        ]
      },
      "properties": {
        "osm_id": "n13573531927",
        "name": "3 Brothers",
        "category": "fast_food",
        "subcategory": "amenity=fast_food",
        "lat": 53.3286833,
        "lon": -6.3035328,
        "admin_division": "",
        "county": "dublin"
      }
    },
    {
      "type": "Feature",
      "geometry": {
        "type": "Point",
        "coordinates": [
          -6.3603066,
          53.2879498
        ]
      },
      "properties": {
        "osm_id": "n13588862535",
        "name": "King's Garden",
        "category": "fast_food",
        "subcategory": "amenity=fast_food",
        "lat": 53.2879498,
        "lon": -6.3603066,
        "admin_division": "",
        "county": "dublin"
      }
    },
    {
      "type": "Feature",
      "geometry": {
        "type": "Point",
        "coordinates": [
          -6.35929,
          53.2880365
        ]
      },
      "properties": {
        "osm_id": "n13588862537",
        "name": "TENDA",
        "category": "fast_food",
        "subcategory": "amenity=fast_food",
        "lat": 53.2880365,
        "lon": -6.35929,
        "admin_division": "",
        "county": "dublin"
      }
    },
    {
      "type": "Feature",
      "geometry": {
        "type": "Point",
        "coordinates": [
          -6.3590808,
          53.2880766
        ]
      },
      "properties": {
        "osm_id": "n13588862538",
        "name": "Four Star Pizza",
        "category": "fast_food",
        "subcategory": "amenity=fast_food",
        "lat": 53.2880766,
        "lon": -6.3590808,
        "admin_division": "",
        "county": "dublin"
      }
    },
    {
      "type": "Feature",
      "geometry": {
        "type": "Point",
        "coordinates": [
          -6.2715542,
          53.3505391
        ]
      },
      "properties": {
        "osm_id": "n13603381322",
        "name": "Pizza Lab",
        "category": "fast_food",
        "subcategory": "amenity=fast_food",
        "lat": 53.3505391,
        "lon": -6.2715542,
        "admin_division": "",
        "county": "dublin"
      }
    },
    {
      "type": "Feature",
      "geometry": {
        "type": "Point",
        "coordinates": [
          -6.2716198,
          53.3505156
        ]
      },
      "properties": {
        "osm_id": "n13603414470",
        "name": "Hot Box",
        "category": "fast_food",
        "subcategory": "amenity=fast_food",
        "lat": 53.3505156,
        "lon": -6.2716198,
        "admin_division": "",
        "county": "dublin"
      }
    },
    {
      "type": "Feature",
      "geometry": {
        "type": "Point",
        "coordinates": [
          -6.3743569,
          53.3856752
        ]
      },
      "properties": {
        "osm_id": "n13701196368",
        "name": "Berto's",
        "category": "fast_food",
        "subcategory": "amenity=fast_food",
        "lat": 53.3856752,
        "lon": -6.3743569,
        "admin_division": "Blanchardstown",
        "county": "dublin"
      }
    },
    {
      "type": "Feature",
      "geometry": {
        "type": "Point",
        "coordinates": [
          -6.241601,
          53.3394379
        ]
      },
      "properties": {
        "osm_id": "n13818606844",
        "name": "The Codfather",
        "category": "fast_food",
        "subcategory": "amenity=fast_food",
        "lat": 53.3394379,
        "lon": -6.241601,
        "admin_division": "",
        "county": "dublin"
      }
    },
    {
      "type": "Feature",
      "geometry": {
        "type": "Point",
        "coordinates": [
          -6.2416467,
          53.33937
        ]
      },
      "properties": {
        "osm_id": "n13818606845",
        "name": "RZQ Burger",
        "category": "fast_food",
        "subcategory": "amenity=fast_food",
        "lat": 53.33937,
        "lon": -6.2416467,
        "admin_division": "",
        "county": "dublin"
      }
    },
    {
      "type": "Feature",
      "geometry": {
        "type": "Point",
        "coordinates": [
          -6.2418204,
          53.33933
        ]
      },
      "properties": {
        "osm_id": "n13818606846",
        "name": "Dosa Dosa",
        "category": "fast_food",
        "subcategory": "amenity=fast_food",
        "lat": 53.33933,
        "lon": -6.2418204,
        "admin_division": "",
        "county": "dublin"
      }
    },
    {
      "type": "Feature",
      "geometry": {
        "type": "Point",
        "coordinates": [
          -6.3899922,
          53.3937741
        ]
      },
      "properties": {
        "osm_id": "n13929310095",
        "name": "Popeyes",
        "category": "fast_food",
        "subcategory": "amenity=fast_food",
        "lat": 53.3937741,
        "lon": -6.3899922,
        "admin_division": "",
        "county": "dublin"
      }
    },
    {
      "type": "Feature",
      "geometry": {
        "type": "Point",
        "coordinates": [
          -6.3956366,
          53.3926769
        ]
      },
      "properties": {
        "osm_id": "w4482136",
        "name": "McDonald's",
        "category": "fast_food",
        "subcategory": "amenity=fast_food",
        "lat": 53.3926769,
        "lon": -6.3956366,
        "admin_division": "Blanchardstown",
        "county": "dublin"
      }
    },
    {
      "type": "Feature",
      "geometry": {
        "type": "Point",
        "coordinates": [
          -6.1622698,
          53.3957496
        ]
      },
      "properties": {
        "osm_id": "w26785742",
        "name": "McDonald's",
        "category": "fast_food",
        "subcategory": "amenity=fast_food",
        "lat": 53.3957496,
        "lon": -6.1622698,
        "admin_division": "Dublin",
        "county": "dublin"
      }
    },
    {
      "type": "Feature",
      "geometry": {
        "type": "Point",
        "coordinates": [
          -6.3888258,
          53.3900665
        ]
      },
      "properties": {
        "osm_id": "w27033775",
        "name": "KFC",
        "category": "fast_food",
        "subcategory": "amenity=fast_food",
        "lat": 53.3900665,
        "lon": -6.3888258,
        "admin_division": "",
        "county": "dublin"
      }
    },
    {
      "type": "Feature",
      "geometry": {
        "type": "Point",
        "coordinates": [
          -6.3576021,
          53.3212047
        ]
      },
      "properties": {
        "osm_id": "w37720718",
        "name": "McDonald's",
        "category": "fast_food",
        "subcategory": "amenity=fast_food",
        "lat": 53.3212047,
        "lon": -6.3576021,
        "admin_division": "",
        "county": "dublin"
      }
    },
    {
      "type": "Feature",
      "geometry": {
        "type": "Point",
        "coordinates": [
          -6.3695038,
          53.2932075
        ]
      },
      "properties": {
        "osm_id": "w37721314",
        "name": "Burger King",
        "category": "fast_food",
        "subcategory": "amenity=fast_food",
        "lat": 53.2932075,
        "lon": -6.3695038,
        "admin_division": "",
        "county": "dublin"
      }
    },
    {
      "type": "Feature",
      "geometry": {
        "type": "Point",
        "coordinates": [
          -6.1894926,
          53.3953506
        ]
      },
      "properties": {
        "osm_id": "w42422819",
        "name": "McDonald's",
        "category": "fast_food",
        "subcategory": "amenity=fast_food",
        "lat": 53.3953506,
        "lon": -6.1894926,
        "admin_division": "",
        "county": "dublin"
      }
    },
    {
      "type": "Feature",
      "geometry": {
        "type": "Point",
        "coordinates": [
          -6.2952755,
          53.3838501
        ]
      },
      "properties": {
        "osm_id": "w43653449",
        "name": "Burger King",
        "category": "fast_food",
        "subcategory": "amenity=fast_food",
        "lat": 53.3838501,
        "lon": -6.2952755,
        "admin_division": "Dublin",
        "county": "dublin"
      }
    },
    {
      "type": "Feature",
      "geometry": {
        "type": "Point",
        "coordinates": [
          -6.2494658,
          53.3495392
        ]
      },
      "properties": {
        "osm_id": "w44768803",
        "name": "Bad Dog Deli",
        "category": "fast_food",
        "subcategory": "amenity=fast_food",
        "lat": 53.3495392,
        "lon": -6.2494658,
        "admin_division": "Dublin",
        "county": "dublin"
      }
    },
    {
      "type": "Feature",
      "geometry": {
        "type": "Point",
        "coordinates": [
          -6.219273,
          53.3630539
        ]
      },
      "properties": {
        "osm_id": "w48064995",
        "name": "Lotts & Co",
        "category": "fast_food",
        "subcategory": "shop=deli",
        "lat": 53.3630539,
        "lon": -6.219273,
        "admin_division": "Dublin 3",
        "county": "dublin"
      }
    },
    {
      "type": "Feature",
      "geometry": {
        "type": "Point",
        "coordinates": [
          -6.3677659,
          53.2875081
        ]
      },
      "properties": {
        "osm_id": "w53827759",
        "name": "McDonald's",
        "category": "fast_food",
        "subcategory": "amenity=fast_food",
        "lat": 53.2875081,
        "lon": -6.3677659,
        "admin_division": "",
        "county": "dublin"
      }
    },
    {
      "type": "Feature",
      "geometry": {
        "type": "Point",
        "coordinates": [
          -6.2675333,
          53.2910686
        ]
      },
      "properties": {
        "osm_id": "w54054335",
        "name": "McDonald's",
        "category": "fast_food",
        "subcategory": "amenity=fast_food",
        "lat": 53.2910686,
        "lon": -6.2675333,
        "admin_division": "",
        "county": "dublin"
      }
    },
    {
      "type": "Feature",
      "geometry": {
        "type": "Point",
        "coordinates": [
          -6.4602154,
          53.3552009
        ]
      },
      "properties": {
        "osm_id": "w57913967",
        "name": "McDonald's",
        "category": "fast_food",
        "subcategory": "amenity=fast_food",
        "lat": 53.3552009,
        "lon": -6.4602154,
        "admin_division": "",
        "county": "dublin"
      }
    },
    {
      "type": "Feature",
      "geometry": {
        "type": "Point",
        "coordinates": [
          -6.3809259,
          53.3891789
        ]
      },
      "properties": {
        "osm_id": "w73646510",
        "name": "Garden House",
        "category": "fast_food",
        "subcategory": "amenity=fast_food",
        "lat": 53.3891789,
        "lon": -6.3809259,
        "admin_division": "",
        "county": "dublin"
      }
    },
    {
      "type": "Feature",
      "geometry": {
        "type": "Point",
        "coordinates": [
          -6.2149765,
          53.2641931
        ]
      },
      "properties": {
        "osm_id": "w83076967",
        "name": "Romayo's Sandyford Hall",
        "category": "fast_food",
        "subcategory": "amenity=fast_food",
        "lat": 53.2641931,
        "lon": -6.2149765,
        "admin_division": "",
        "county": "dublin"
      }
    },
    {
      "type": "Feature",
      "geometry": {
        "type": "Point",
        "coordinates": [
          -6.2725596,
          53.2924372
        ]
      },
      "properties": {
        "osm_id": "w83699624",
        "name": "Silvio's Food Fare",
        "category": "fast_food",
        "subcategory": "amenity=fast_food",
        "lat": 53.2924372,
        "lon": -6.2725596,
        "admin_division": "",
        "county": "dublin"
      }
    },
    {
      "type": "Feature",
      "geometry": {
        "type": "Point",
        "coordinates": [
          -6.2435104,
          53.3337178
        ]
      },
      "properties": {
        "osm_id": "w84018109",
        "name": "Bunsen",
        "category": "fast_food",
        "subcategory": "amenity=fast_food",
        "lat": 53.3337178,
        "lon": -6.2435104,
        "admin_division": "Dublin, Dublin",
        "county": "dublin"
      }
    },
    {
      "type": "Feature",
      "geometry": {
        "type": "Point",
        "coordinates": [
          -6.244625,
          53.3340285
        ]
      },
      "properties": {
        "osm_id": "w84018110",
        "name": "Burger King",
        "category": "fast_food",
        "subcategory": "amenity=fast_food",
        "lat": 53.3340285,
        "lon": -6.244625,
        "admin_division": "",
        "county": "dublin"
      }
    },
    {
      "type": "Feature",
      "geometry": {
        "type": "Point",
        "coordinates": [
          -6.2157753,
          53.2886707
        ]
      },
      "properties": {
        "osm_id": "w90611817",
        "name": "Conatys",
        "category": "fast_food",
        "subcategory": "shop=deli",
        "lat": 53.2886707,
        "lon": -6.2157753,
        "admin_division": "",
        "county": "dublin"
      }
    },
    {
      "type": "Feature",
      "geometry": {
        "type": "Point",
        "coordinates": [
          -6.1985412,
          53.289623
        ]
      },
      "properties": {
        "osm_id": "w90639292",
        "name": "Aroma",
        "category": "fast_food",
        "subcategory": "amenity=fast_food",
        "lat": 53.289623,
        "lon": -6.1985412,
        "admin_division": "Stillorgan",
        "county": "dublin"
      }
    },
    {
      "type": "Feature",
      "geometry": {
        "type": "Point",
        "coordinates": [
          -6.2335559,
          53.337295
        ]
      },
      "properties": {
        "osm_id": "w96255019",
        "name": "Quattro Woodfire Pizza",
        "category": "fast_food",
        "subcategory": "amenity=fast_food",
        "lat": 53.337295,
        "lon": -6.2335559,
        "admin_division": "",
        "county": "dublin"
      }
    },
    {
      "type": "Feature",
      "geometry": {
        "type": "Point",
        "coordinates": [
          -6.3439429,
          53.3275174
        ]
      },
      "properties": {
        "osm_id": "w104670629",
        "name": "McDonald's",
        "category": "fast_food",
        "subcategory": "amenity=fast_food",
        "lat": 53.3275174,
        "lon": -6.3439429,
        "admin_division": "",
        "county": "dublin"
      }
    },
    {
      "type": "Feature",
      "geometry": {
        "type": "Point",
        "coordinates": [
          -6.2740624,
          53.3115417
        ]
      },
      "properties": {
        "osm_id": "w105915602",
        "name": "NKD Pizza",
        "category": "fast_food",
        "subcategory": "amenity=fast_food",
        "lat": 53.3115417,
        "lon": -6.2740624,
        "admin_division": "Dublin",
        "county": "dublin"
      }
    },
    {
      "type": "Feature",
      "geometry": {
        "type": "Point",
        "coordinates": [
          -6.2456159,
          53.2938547
        ]
      },
      "properties": {
        "osm_id": "w107425281",
        "name": "Domino's",
        "category": "fast_food",
        "subcategory": "amenity=fast_food",
        "lat": 53.2938547,
        "lon": -6.2456159,
        "admin_division": "Dundrum",
        "county": "dublin"
      }
    },
    {
      "type": "Feature",
      "geometry": {
        "type": "Point",
        "coordinates": [
          -6.2456036,
          53.3337657
        ]
      },
      "properties": {
        "osm_id": "w109246502",
        "name": "Beshoff Bros",
        "category": "fast_food",
        "subcategory": "amenity=fast_food",
        "lat": 53.3337657,
        "lon": -6.2456036,
        "admin_division": "",
        "county": "dublin"
      }
    },
    {
      "type": "Feature",
      "geometry": {
        "type": "Point",
        "coordinates": [
          -6.2835139,
          53.3093824
        ]
      },
      "properties": {
        "osm_id": "w129750562",
        "name": "Lotts & Co.",
        "category": "fast_food",
        "subcategory": "shop=deli",
        "lat": 53.3093824,
        "lon": -6.2835139,
        "admin_division": "Dublin",
        "county": "dublin"
      }
    },
    {
      "type": "Feature",
      "geometry": {
        "type": "Point",
        "coordinates": [
          -6.2138401,
          53.3828614
        ]
      },
      "properties": {
        "osm_id": "w129924305",
        "name": "McDonald's",
        "category": "fast_food",
        "subcategory": "amenity=fast_food",
        "lat": 53.3828614,
        "lon": -6.2138401,
        "admin_division": "",
        "county": "dublin"
      }
    },
    {
      "type": "Feature",
      "geometry": {
        "type": "Point",
        "coordinates": [
          -6.2459045,
          53.3807402
        ]
      },
      "properties": {
        "osm_id": "w132975193",
        "name": "",
        "category": "fast_food",
        "subcategory": "amenity=fast_food",
        "lat": 53.3807402,
        "lon": -6.2459045,
        "admin_division": "",
        "county": "dublin"
      }
    },
    {
      "type": "Feature",
      "geometry": {
        "type": "Point",
        "coordinates": [
          -6.1662835,
          53.2685241
        ]
      },
      "properties": {
        "osm_id": "w137831272",
        "name": "Romayo's Diner",
        "category": "fast_food",
        "subcategory": "amenity=fast_food",
        "lat": 53.2685241,
        "lon": -6.1662835,
        "admin_division": "",
        "county": "dublin"
      }
    },
    {
      "type": "Feature",
      "geometry": {
        "type": "Point",
        "coordinates": [
          -6.1668011,
          53.2691651
        ]
      },
      "properties": {
        "osm_id": "w137929829",
        "name": "Diep",
        "category": "fast_food",
        "subcategory": "amenity=fast_food",
        "lat": 53.2691651,
        "lon": -6.1668011,
        "admin_division": "Cornelscourt",
        "county": "dublin"
      }
    },
    {
      "type": "Feature",
      "geometry": {
        "type": "Point",
        "coordinates": [
          -6.1662371,
          53.2679993
        ]
      },
      "properties": {
        "osm_id": "w137929847",
        "name": "Eternal",
        "category": "fast_food",
        "subcategory": "amenity=fast_food",
        "lat": 53.2679993,
        "lon": -6.1662371,
        "admin_division": "Cornelscourt",
        "county": "dublin"
      }
    },
    {
      "type": "Feature",
      "geometry": {
        "type": "Point",
        "coordinates": [
          -6.1930538,
          53.3919189
        ]
      },
      "properties": {
        "osm_id": "w138770802",
        "name": "Burger King",
        "category": "fast_food",
        "subcategory": "amenity=fast_food",
        "lat": 53.3919189,
        "lon": -6.1930538,
        "admin_division": "",
        "county": "dublin"
      }
    },
    {
      "type": "Feature",
      "geometry": {
        "type": "Point",
        "coordinates": [
          -6.2230941,
          53.4464486
        ]
      },
      "properties": {
        "osm_id": "w177396530",
        "name": "McDonald's",
        "category": "fast_food",
        "subcategory": "amenity=fast_food",
        "lat": 53.4464486,
        "lon": -6.2230941,
        "admin_division": "",
        "county": "dublin"
      }
    },
    {
      "type": "Feature",
      "geometry": {
        "type": "Point",
        "coordinates": [
          -6.1983082,
          53.6058751
        ]
      },
      "properties": {
        "osm_id": "w228004121",
        "name": "McDonald's",
        "category": "fast_food",
        "subcategory": "amenity=fast_food",
        "lat": 53.6058751,
        "lon": -6.1983082,
        "admin_division": "",
        "county": "dublin"
      }
    },
    {
      "type": "Feature",
      "geometry": {
        "type": "Point",
        "coordinates": [
          -6.2214277,
          53.4571116
        ]
      },
      "properties": {
        "osm_id": "w228011510",
        "name": "Mizzoni Pizza & Pasta Co",
        "category": "fast_food",
        "subcategory": "amenity=fast_food",
        "lat": 53.4571116,
        "lon": -6.2214277,
        "admin_division": "Swords",
        "county": "dublin"
      }
    },
    {
      "type": "Feature",
      "geometry": {
        "type": "Point",
        "coordinates": [
          -6.2587211,
          53.3462426
        ]
      },
      "properties": {
        "osm_id": "w228287772",
        "name": "Charlies 3",
        "category": "fast_food",
        "subcategory": "amenity=fast_food",
        "lat": 53.3462426,
        "lon": -6.2587211,
        "admin_division": "Dublin",
        "county": "dublin"
      }
    },
    {
      "type": "Feature",
      "geometry": {
        "type": "Point",
        "coordinates": [
          -6.2679735,
          53.3467155
        ]
      },
      "properties": {
        "osm_id": "w228762030",
        "name": "Fusciardi's",
        "category": "fast_food",
        "subcategory": "amenity=fast_food",
        "lat": 53.3467155,
        "lon": -6.2679735,
        "admin_division": "Dublin",
        "county": "dublin"
      }
    },
    {
      "type": "Feature",
      "geometry": {
        "type": "Point",
        "coordinates": [
          -6.2681552,
          53.3462754
        ]
      },
      "properties": {
        "osm_id": "w228762052",
        "name": "Soup Dragon",
        "category": "fast_food",
        "subcategory": "amenity=fast_food",
        "lat": 53.3462754,
        "lon": -6.2681552,
        "admin_division": "Dublin",
        "county": "dublin"
      }
    },
    {
      "type": "Feature",
      "geometry": {
        "type": "Point",
        "coordinates": [
          -6.2056636,
          53.3707826
        ]
      },
      "properties": {
        "osm_id": "w229897212",
        "name": "Regent Chinese Takeaway",
        "category": "fast_food",
        "subcategory": "amenity=fast_food",
        "lat": 53.3707826,
        "lon": -6.2056636,
        "admin_division": "",
        "county": "dublin"
      }
    },
    {
      "type": "Feature",
      "geometry": {
        "type": "Point",
        "coordinates": [
          -6.2678043,
          53.3451831
        ]
      },
      "properties": {
        "osm_id": "w230101444",
        "name": "Di Fontaine’s New York Pizzeria",
        "category": "fast_food",
        "subcategory": "amenity=fast_food",
        "lat": 53.3451831,
        "lon": -6.2678043,
        "admin_division": "Dublin",
        "county": "dublin"
      }
    },
    {
      "type": "Feature",
      "geometry": {
        "type": "Point",
        "coordinates": [
          -6.2183097,
          53.3627608
        ]
      },
      "properties": {
        "osm_id": "w230944281",
        "name": "Casa Clontarf",
        "category": "fast_food",
        "subcategory": "amenity=fast_food",
        "lat": 53.3627608,
        "lon": -6.2183097,
        "admin_division": "",
        "county": "dublin"
      }
    },
    {
      "type": "Feature",
      "geometry": {
        "type": "Point",
        "coordinates": [
          -6.2184039,
          53.3627862
        ]
      },
      "properties": {
        "osm_id": "w230944282",
        "name": "La Costa",
        "category": "fast_food",
        "subcategory": "amenity=fast_food",
        "lat": 53.3627862,
        "lon": -6.2184039,
        "admin_division": "",
        "county": "dublin"
      }
    },
    {
      "type": "Feature",
      "geometry": {
        "type": "Point",
        "coordinates": [
          -6.2537938,
          53.341902
        ]
      },
      "properties": {
        "osm_id": "w231082833",
        "name": "Mama's Revenge",
        "category": "fast_food",
        "subcategory": "amenity=fast_food",
        "lat": 53.341902,
        "lon": -6.2537938,
        "admin_division": "Dublin",
        "county": "dublin"
      }
    },
    {
      "type": "Feature",
      "geometry": {
        "type": "Point",
        "coordinates": [
          -6.1957736,
          53.3594365
        ]
      },
      "properties": {
        "osm_id": "w233506987",
        "name": "Beshoff Bros",
        "category": "fast_food",
        "subcategory": "amenity=fast_food",
        "lat": 53.3594365,
        "lon": -6.1957736,
        "admin_division": "",
        "county": "dublin"
      }
    },
    {
      "type": "Feature",
      "geometry": {
        "type": "Point",
        "coordinates": [
          -6.1958934,
          53.3591796
        ]
      },
      "properties": {
        "osm_id": "w233507010",
        "name": "Kennedys",
        "category": "fast_food",
        "subcategory": "amenity=cafe",
        "lat": 53.3591796,
        "lon": -6.1958934,
        "admin_division": "",
        "county": "dublin"
      }
    },
    {
      "type": "Feature",
      "geometry": {
        "type": "Point",
        "coordinates": [
          -6.2576914,
          53.3484015
        ]
      },
      "properties": {
        "osm_id": "w233797910",
        "name": "Del Rio's Cafe",
        "category": "fast_food",
        "subcategory": "amenity=fast_food",
        "lat": 53.3484015,
        "lon": -6.2576914,
        "admin_division": "Dublin",
        "county": "dublin"
      }
    },
    {
      "type": "Feature",
      "geometry": {
        "type": "Point",
        "coordinates": [
          -6.2599332,
          53.3477077
        ]
      },
      "properties": {
        "osm_id": "w249210745",
        "name": "Burger King",
        "category": "fast_food",
        "subcategory": "amenity=fast_food",
        "lat": 53.3477077,
        "lon": -6.2599332,
        "admin_division": "Dublin",
        "county": "dublin"
      }
    },
    {
      "type": "Feature",
      "geometry": {
        "type": "Point",
        "coordinates": [
          -6.2599939,
          53.347868
        ]
      },
      "properties": {
        "osm_id": "w249210746",
        "name": "McDonald's",
        "category": "fast_food",
        "subcategory": "amenity=fast_food",
        "lat": 53.347868,
        "lon": -6.2599939,
        "admin_division": "Dublin",
        "county": "dublin"
      }
    },
    {
      "type": "Feature",
      "geometry": {
        "type": "Point",
        "coordinates": [
          -6.260106,
          53.3481613
        ]
      },
      "properties": {
        "osm_id": "w249210747",
        "name": "Supermac's",
        "category": "fast_food",
        "subcategory": "amenity=fast_food",
        "lat": 53.3481613,
        "lon": -6.260106,
        "admin_division": "Dublin",
        "county": "dublin"
      }
    },
    {
      "type": "Feature",
      "geometry": {
        "type": "Point",
        "coordinates": [
          -6.2599599,
          53.3477872
        ]
      },
      "properties": {
        "osm_id": "w249210748",
        "name": "Eddie Rocket's",
        "category": "fast_food",
        "subcategory": "amenity=fast_food",
        "lat": 53.3477872,
        "lon": -6.2599599,
        "admin_division": "Dublin",
        "county": "dublin"
      }
    },
    {
      "type": "Feature",
      "geometry": {
        "type": "Point",
        "coordinates": [
          -6.2602471,
          53.3407969
        ]
      },
      "properties": {
        "osm_id": "w249212453",
        "name": "Burger King",
        "category": "fast_food",
        "subcategory": "amenity=fast_food",
        "lat": 53.3407969,
        "lon": -6.2602471,
        "admin_division": "Dublin",
        "county": "dublin"
      }
    },
    {
      "type": "Feature",
      "geometry": {
        "type": "Point",
        "coordinates": [
          -6.3687636,
          53.3515135
        ]
      },
      "properties": {
        "osm_id": "w249630728",
        "name": "Wok In",
        "category": "fast_food",
        "subcategory": "amenity=fast_food",
        "lat": 53.3515135,
        "lon": -6.3687636,
        "admin_division": "",
        "county": "dublin"
      }
    },
    {
      "type": "Feature",
      "geometry": {
        "type": "Point",
        "coordinates": [
          -6.3690937,
          53.3515417
        ]
      },
      "properties": {
        "osm_id": "w249631425",
        "name": "Summer Inn",
        "category": "fast_food",
        "subcategory": "amenity=fast_food",
        "lat": 53.3515417,
        "lon": -6.3690937,
        "admin_division": "",
        "county": "dublin"
      }
    },
    {
      "type": "Feature",
      "geometry": {
        "type": "Point",
        "coordinates": [
          -6.2604011,
          53.3480865
        ]
      },
      "properties": {
        "osm_id": "w250501891",
        "name": "Bóbó's",
        "category": "fast_food",
        "subcategory": "amenity=fast_food",
        "lat": 53.3480865,
        "lon": -6.2604011,
        "admin_division": "Dublin",
        "county": "dublin"
      }
    },
    {
      "type": "Feature",
      "geometry": {
        "type": "Point",
        "coordinates": [
          -6.2598567,
          53.3534872
        ]
      },
      "properties": {
        "osm_id": "w252809420",
        "name": "147 Deli",
        "category": "fast_food",
        "subcategory": "shop=deli",
        "lat": 53.3534872,
        "lon": -6.2598567,
        "admin_division": "Dublin",
        "county": "dublin"
      }
    },
    {
      "type": "Feature",
      "geometry": {
        "type": "Point",
        "coordinates": [
          -6.2595275,
          53.3435266
        ]
      },
      "properties": {
        "osm_id": "w261262934",
        "name": "Chopped",
        "category": "fast_food",
        "subcategory": "amenity=fast_food",
        "lat": 53.3435266,
        "lon": -6.2595275,
        "admin_division": "Dublin",
        "county": "dublin"
      }
    },
    {
      "type": "Feature",
      "geometry": {
        "type": "Point",
        "coordinates": [
          -6.2587382,
          53.3401634
        ]
      },
      "properties": {
        "osm_id": "w268843104",
        "name": "Pablo Picante",
        "category": "fast_food",
        "subcategory": "amenity=fast_food",
        "lat": 53.3401634,
        "lon": -6.2587382,
        "admin_division": "Dublin",
        "county": "dublin"
      }
    },
    {
      "type": "Feature",
      "geometry": {
        "type": "Point",
        "coordinates": [
          -6.2583284,
          53.3420339
        ]
      },
      "properties": {
        "osm_id": "w268846478",
        "name": "Pret A Manger",
        "category": "fast_food",
        "subcategory": "amenity=fast_food",
        "lat": 53.3420339,
        "lon": -6.2583284,
        "admin_division": "Dublin",
        "county": "dublin"
      }
    },
    {
      "type": "Feature",
      "geometry": {
        "type": "Point",
        "coordinates": [
          -6.2464556,
          53.3934103
        ]
      },
      "properties": {
        "osm_id": "w271033351",
        "name": "McDonald's",
        "category": "fast_food",
        "subcategory": "amenity=fast_food",
        "lat": 53.3934103,
        "lon": -6.2464556,
        "admin_division": "",
        "county": "dublin"
      }
    },
    {
      "type": "Feature",
      "geometry": {
        "type": "Point",
        "coordinates": [
          -6.2645867,
          53.3271903
        ]
      },
      "properties": {
        "osm_id": "w271450112",
        "name": "New Empire",
        "category": "fast_food",
        "subcategory": "amenity=fast_food",
        "lat": 53.3271903,
        "lon": -6.2645867,
        "admin_division": "Dublin",
        "county": "dublin"
      }
    },
    {
      "type": "Feature",
      "geometry": {
        "type": "Point",
        "coordinates": [
          -6.2594062,
          53.342587
        ]
      },
      "properties": {
        "osm_id": "w271970897",
        "name": "McDonald's",
        "category": "fast_food",
        "subcategory": "amenity=fast_food",
        "lat": 53.342587,
        "lon": -6.2594062,
        "admin_division": "Dublin",
        "county": "dublin"
      }
    },
    {
      "type": "Feature",
      "geometry": {
        "type": "Point",
        "coordinates": [
          -6.2593048,
          53.3429436
        ]
      },
      "properties": {
        "osm_id": "w271973520",
        "name": "KFC",
        "category": "fast_food",
        "subcategory": "amenity=fast_food",
        "lat": 53.3429436,
        "lon": -6.2593048,
        "admin_division": "Dublin",
        "county": "dublin"
      }
    },
    {
      "type": "Feature",
      "geometry": {
        "type": "Point",
        "coordinates": [
          -6.2594298,
          53.3462578
        ]
      },
      "properties": {
        "osm_id": "w273989884",
        "name": "Supermac's",
        "category": "fast_food",
        "subcategory": "amenity=fast_food",
        "lat": 53.3462578,
        "lon": -6.2594298,
        "admin_division": "Dublin",
        "county": "dublin"
      }
    },
    {
      "type": "Feature",
      "geometry": {
        "type": "Point",
        "coordinates": [
          -6.2594223,
          53.3463689
        ]
      },
      "properties": {
        "osm_id": "w273989888",
        "name": "KFC",
        "category": "fast_food",
        "subcategory": "amenity=fast_food",
        "lat": 53.3463689,
        "lon": -6.2594223,
        "admin_division": "Dublin",
        "county": "dublin"
      }
    },
    {
      "type": "Feature",
      "geometry": {
        "type": "Point",
        "coordinates": [
          -6.2600169,
          53.4041056
        ]
      },
      "properties": {
        "osm_id": "w282880126",
        "name": "McDonald's",
        "category": "fast_food",
        "subcategory": "amenity=fast_food",
        "lat": 53.4041056,
        "lon": -6.2600169,
        "admin_division": "",
        "county": "dublin"
      }
    },
    {
      "type": "Feature",
      "geometry": {
        "type": "Point",
        "coordinates": [
          -6.1850065,
          53.2512105
        ]
      },
      "properties": {
        "osm_id": "w288391126",
        "name": "KFC",
        "category": "fast_food",
        "subcategory": "amenity=fast_food",
        "lat": 53.2512105,
        "lon": -6.1850065,
        "admin_division": "",
        "county": "dublin"
      }
    },
    {
      "type": "Feature",
      "geometry": {
        "type": "Point",
        "coordinates": [
          -6.1846555,
          53.2511091
        ]
      },
      "properties": {
        "osm_id": "w288391127",
        "name": "McDonald's",
        "category": "fast_food",
        "subcategory": "amenity=fast_food",
        "lat": 53.2511091,
        "lon": -6.1846555,
        "admin_division": "",
        "county": "dublin"
      }
    },
    {
      "type": "Feature",
      "geometry": {
        "type": "Point",
        "coordinates": [
          -6.2889432,
          53.3575256
        ]
      },
      "properties": {
        "osm_id": "w307175618",
        "name": "Lin Kee",
        "category": "fast_food",
        "subcategory": "amenity=fast_food",
        "lat": 53.3575256,
        "lon": -6.2889432,
        "admin_division": "",
        "county": "dublin"
      }
    },
    {
      "type": "Feature",
      "geometry": {
        "type": "Point",
        "coordinates": [
          -6.2859351,
          53.3535192
        ]
      },
      "properties": {
        "osm_id": "w308099351",
        "name": "Manor Takeaway Foods",
        "category": "fast_food",
        "subcategory": "amenity=fast_food",
        "lat": 53.3535192,
        "lon": -6.2859351,
        "admin_division": "",
        "county": "dublin"
      }
    },
    {
      "type": "Feature",
      "geometry": {
        "type": "Point",
        "coordinates": [
          -6.209223,
          53.3756476
        ]
      },
      "properties": {
        "osm_id": "w313703381",
        "name": "Golden Grain",
        "category": "fast_food",
        "subcategory": "amenity=fast_food",
        "lat": 53.3756476,
        "lon": -6.209223,
        "admin_division": "Dublin",
        "county": "dublin"
      }
    },
    {
      "type": "Feature",
      "geometry": {
        "type": "Point",
        "coordinates": [
          -6.2326503,
          53.3641524
        ]
      },
      "properties": {
        "osm_id": "w314051079",
        "name": "Four Star Pizza",
        "category": "fast_food",
        "subcategory": "amenity=fast_food",
        "lat": 53.3641524,
        "lon": -6.2326503,
        "admin_division": "",
        "county": "dublin"
      }
    },
    {
      "type": "Feature",
      "geometry": {
        "type": "Point",
        "coordinates": [
          -6.237178,
          53.362894
        ]
      },
      "properties": {
        "osm_id": "w314233868",
        "name": "Kennedy's Food Store",
        "category": "fast_food",
        "subcategory": "shop=deli",
        "lat": 53.362894,
        "lon": -6.237178,
        "admin_division": "",
        "county": "dublin"
      }
    },
    {
      "type": "Feature",
      "geometry": {
        "type": "Point",
        "coordinates": [
          -6.263845,
          53.3006856
        ]
      },
      "properties": {
        "osm_id": "w316519232",
        "name": "Macarri 66",
        "category": "fast_food",
        "subcategory": "amenity=fast_food",
        "lat": 53.3006856,
        "lon": -6.263845,
        "admin_division": "",
        "county": "dublin"
      }
    },
    {
      "type": "Feature",
      "geometry": {
        "type": "Point",
        "coordinates": [
          -6.2609272,
          53.3502459
        ]
      },
      "properties": {
        "osm_id": "w316971230",
        "name": "McDonald's",
        "category": "fast_food",
        "subcategory": "amenity=fast_food",
        "lat": 53.3502459,
        "lon": -6.2609272,
        "admin_division": "Dublin",
        "county": "dublin"
      }
    },
    {
      "type": "Feature",
      "geometry": {
        "type": "Point",
        "coordinates": [
          -6.1897313,
          53.3588168
        ]
      },
      "properties": {
        "osm_id": "w324535529",
        "name": "Pizza Hut Delivery",
        "category": "fast_food",
        "subcategory": "amenity=fast_food",
        "lat": 53.3588168,
        "lon": -6.1897313,
        "admin_division": "Dublin",
        "county": "dublin"
      }
    },
    {
      "type": "Feature",
      "geometry": {
        "type": "Point",
        "coordinates": [
          -6.2191678,
          53.363307
        ]
      },
      "properties": {
        "osm_id": "w324982617",
        "name": "Just Chubbys",
        "category": "fast_food",
        "subcategory": "amenity=fast_food",
        "lat": 53.363307,
        "lon": -6.2191678,
        "admin_division": "Dublin",
        "county": "dublin"
      }
    },
    {
      "type": "Feature",
      "geometry": {
        "type": "Point",
        "coordinates": [
          -6.2623445,
          53.3501751
        ]
      },
      "properties": {
        "osm_id": "w330618664",
        "name": "Buffet 79",
        "category": "fast_food",
        "subcategory": "amenity=fast_food",
        "lat": 53.3501751,
        "lon": -6.2623445,
        "admin_division": "Dublin",
        "county": "dublin"
      }
    },
    {
      "type": "Feature",
      "geometry": {
        "type": "Point",
        "coordinates": [
          -6.0732291,
          53.3886084
        ]
      },
      "properties": {
        "osm_id": "w363767064",
        "name": "Dragon Boat",
        "category": "fast_food",
        "subcategory": "amenity=fast_food",
        "lat": 53.3886084,
        "lon": -6.0732291,
        "admin_division": "",
        "county": "dublin"
      }
    },
    {
      "type": "Feature",
      "geometry": {
        "type": "Point",
        "coordinates": [
          -6.0735912,
          53.3886143
        ]
      },
      "properties": {
        "osm_id": "w363767066",
        "name": "Leo Burdock",
        "category": "fast_food",
        "subcategory": "amenity=fast_food",
        "lat": 53.3886143,
        "lon": -6.0735912,
        "admin_division": "",
        "county": "dublin"
      }
    },
    {
      "type": "Feature",
      "geometry": {
        "type": "Point",
        "coordinates": [
          -6.2539044,
          53.3246016
        ]
      },
      "properties": {
        "osm_id": "w369360051",
        "name": "Firebyrd",
        "category": "fast_food",
        "subcategory": "amenity=fast_food",
        "lat": 53.3246016,
        "lon": -6.2539044,
        "admin_division": "Dublin",
        "county": "dublin"
      }
    },
    {
      "type": "Feature",
      "geometry": {
        "type": "Point",
        "coordinates": [
          -6.1338648,
          53.2911995
        ]
      },
      "properties": {
        "osm_id": "w371002666",
        "name": "McDonald's",
        "category": "fast_food",
        "subcategory": "amenity=fast_food",
        "lat": 53.2911995,
        "lon": -6.1338648,
        "admin_division": "Dún Laoghaire, Dublin",
        "county": "dublin"
      }
    },
    {
      "type": "Feature",
      "geometry": {
        "type": "Point",
        "coordinates": [
          -6.3749343,
          53.3860579
        ]
      },
      "properties": {
        "osm_id": "w391799149",
        "name": "Camile",
        "category": "fast_food",
        "subcategory": "amenity=fast_food",
        "lat": 53.3860579,
        "lon": -6.3749343,
        "admin_division": "",
        "county": "dublin"
      }
    },
    {
      "type": "Feature",
      "geometry": {
        "type": "Point",
        "coordinates": [
          -6.2461785,
          53.3008124
        ]
      },
      "properties": {
        "osm_id": "w402260901",
        "name": "O Kee",
        "category": "fast_food",
        "subcategory": "amenity=fast_food",
        "lat": 53.3008124,
        "lon": -6.2461785,
        "admin_division": "Dundrum",
        "county": "dublin"
      }
    },
    {
      "type": "Feature",
      "geometry": {
        "type": "Point",
        "coordinates": [
          -6.2493638,
          53.3436969
        ]
      },
      "properties": {
        "osm_id": "w402277105",
        "name": "Offbeat Donut Co",
        "category": "fast_food",
        "subcategory": "amenity=fast_food",
        "lat": 53.3436969,
        "lon": -6.2493638,
        "admin_division": "Dublin",
        "county": "dublin"
      }
    },
    {
      "type": "Feature",
      "geometry": {
        "type": "Point",
        "coordinates": [
          -6.326751,
          53.3358302
        ]
      },
      "properties": {
        "osm_id": "w422282789",
        "name": "Original Macari",
        "category": "fast_food",
        "subcategory": "amenity=fast_food",
        "lat": 53.3358302,
        "lon": -6.326751,
        "admin_division": "Dublin",
        "county": "dublin"
      }
    },
    {
      "type": "Feature",
      "geometry": {
        "type": "Point",
        "coordinates": [
          -6.2659547,
          53.3372124
        ]
      },
      "properties": {
        "osm_id": "w422447468",
        "name": "Bunsen",
        "category": "fast_food",
        "subcategory": "amenity=fast_food",
        "lat": 53.3372124,
        "lon": -6.2659547,
        "admin_division": "Dublin",
        "county": "dublin"
      }
    },
    {
      "type": "Feature",
      "geometry": {
        "type": "Point",
        "coordinates": [
          -6.1781098,
          53.3766626
        ]
      },
      "properties": {
        "osm_id": "w447555632",
        "name": "Tandoori House",
        "category": "fast_food",
        "subcategory": "amenity=fast_food",
        "lat": 53.3766626,
        "lon": -6.1781098,
        "admin_division": "",
        "county": "dublin"
      }
    },
    {
      "type": "Feature",
      "geometry": {
        "type": "Point",
        "coordinates": [
          -6.2156598,
          53.3961786
        ]
      },
      "properties": {
        "osm_id": "w449107871",
        "name": "KFC",
        "category": "fast_food",
        "subcategory": "amenity=fast_food",
        "lat": 53.3961786,
        "lon": -6.2156598,
        "admin_division": "Dublin",
        "county": "dublin"
      }
    },
    {
      "type": "Feature",
      "geometry": {
        "type": "Point",
        "coordinates": [
          -6.4098477,
          53.3828269
        ]
      },
      "properties": {
        "osm_id": "w461479340",
        "name": "Romayo's",
        "category": "fast_food",
        "subcategory": "amenity=fast_food",
        "lat": 53.3828269,
        "lon": -6.4098477,
        "admin_division": "",
        "county": "dublin"
      }
    },
    {
      "type": "Feature",
      "geometry": {
        "type": "Point",
        "coordinates": [
          -6.3272426,
          53.3122861
        ]
      },
      "properties": {
        "osm_id": "w474682543",
        "name": "Domino's",
        "category": "fast_food",
        "subcategory": "amenity=fast_food",
        "lat": 53.3122861,
        "lon": -6.3272426,
        "admin_division": "",
        "county": "dublin"
      }
    },
    {
      "type": "Feature",
      "geometry": {
        "type": "Point",
        "coordinates": [
          -6.326988,
          53.3120391
        ]
      },
      "properties": {
        "osm_id": "w474682547",
        "name": "Mc.Borza",
        "category": "fast_food",
        "subcategory": "amenity=fast_food",
        "lat": 53.3120391,
        "lon": -6.326988,
        "admin_division": "",
        "county": "dublin"
      }
    },
    {
      "type": "Feature",
      "geometry": {
        "type": "Point",
        "coordinates": [
          -6.3210691,
          53.2990606
        ]
      },
      "properties": {
        "osm_id": "w486623214",
        "name": "Sunflower",
        "category": "fast_food",
        "subcategory": "amenity=fast_food",
        "lat": 53.2990606,
        "lon": -6.3210691,
        "admin_division": "",
        "county": "dublin"
      }
    },
    {
      "type": "Feature",
      "geometry": {
        "type": "Point",
        "coordinates": [
          -6.3034745,
          53.2982922
        ]
      },
      "properties": {
        "osm_id": "w491824093",
        "name": "Silvio's",
        "category": "fast_food",
        "subcategory": "amenity=fast_food",
        "lat": 53.2982922,
        "lon": -6.3034745,
        "admin_division": "",
        "county": "dublin"
      }
    },
    {
      "type": "Feature",
      "geometry": {
        "type": "Point",
        "coordinates": [
          -6.304237,
          53.2984828
        ]
      },
      "properties": {
        "osm_id": "w491824116",
        "name": "Diep At Home",
        "category": "fast_food",
        "subcategory": "amenity=fast_food",
        "lat": 53.2984828,
        "lon": -6.304237,
        "admin_division": "",
        "county": "dublin"
      }
    },
    {
      "type": "Feature",
      "geometry": {
        "type": "Point",
        "coordinates": [
          -6.23589,
          53.4289894
        ]
      },
      "properties": {
        "osm_id": "w541774357",
        "name": "McDonald's",
        "category": "fast_food",
        "subcategory": "amenity=fast_food",
        "lat": 53.4289894,
        "lon": -6.23589,
        "admin_division": "",
        "county": "dublin"
      }
    },
    {
      "type": "Feature",
      "geometry": {
        "type": "Point",
        "coordinates": [
          -6.2320537,
          53.356364
        ]
      },
      "properties": {
        "osm_id": "w544256110",
        "name": "McDonald's",
        "category": "fast_food",
        "subcategory": "amenity=fast_food",
        "lat": 53.356364,
        "lon": -6.2320537,
        "admin_division": "Dublin",
        "county": "dublin"
      }
    },
    {
      "type": "Feature",
      "geometry": {
        "type": "Point",
        "coordinates": [
          -6.3626756,
          53.2877972
        ]
      },
      "properties": {
        "osm_id": "w544401901",
        "name": "",
        "category": "fast_food",
        "subcategory": "amenity=fast_food",
        "lat": 53.2877972,
        "lon": -6.3626756,
        "admin_division": "",
        "county": "dublin"
      }
    },
    {
      "type": "Feature",
      "geometry": {
        "type": "Point",
        "coordinates": [
          -6.4229234,
          53.2836937
        ]
      },
      "properties": {
        "osm_id": "w556540026",
        "name": "McDonald's",
        "category": "fast_food",
        "subcategory": "amenity=fast_food",
        "lat": 53.2836937,
        "lon": -6.4229234,
        "admin_division": "Dublin",
        "county": "dublin"
      }
    },
    {
      "type": "Feature",
      "geometry": {
        "type": "Point",
        "coordinates": [
          -6.2849742,
          53.2991545
        ]
      },
      "properties": {
        "osm_id": "w570457138",
        "name": "Good Food",
        "category": "fast_food",
        "subcategory": "amenity=fast_food",
        "lat": 53.2991545,
        "lon": -6.2849742,
        "admin_division": "",
        "county": "dublin"
      }
    },
    {
      "type": "Feature",
      "geometry": {
        "type": "Point",
        "coordinates": [
          -6.2853783,
          53.299273
        ]
      },
      "properties": {
        "osm_id": "w570457160",
        "name": "Rowans",
        "category": "fast_food",
        "subcategory": "shop=deli",
        "lat": 53.299273,
        "lon": -6.2853783,
        "admin_division": "",
        "county": "dublin"
      }
    },
    {
      "type": "Feature",
      "geometry": {
        "type": "Point",
        "coordinates": [
          -6.2848279,
          53.2993623
        ]
      },
      "properties": {
        "osm_id": "w570457922",
        "name": "Top Tops",
        "category": "fast_food",
        "subcategory": "amenity=fast_food",
        "lat": 53.2993623,
        "lon": -6.2848279,
        "admin_division": "",
        "county": "dublin"
      }
    },
    {
      "type": "Feature",
      "geometry": {
        "type": "Point",
        "coordinates": [
          -6.2854668,
          53.2990262
        ]
      },
      "properties": {
        "osm_id": "w571025944",
        "name": "Delhi Lounge",
        "category": "fast_food",
        "subcategory": "amenity=fast_food",
        "lat": 53.2990262,
        "lon": -6.2854668,
        "admin_division": "",
        "county": "dublin"
      }
    },
    {
      "type": "Feature",
      "geometry": {
        "type": "Point",
        "coordinates": [
          -6.4744363,
          53.2809811
        ]
      },
      "properties": {
        "osm_id": "w593941996",
        "name": "Marcella's Take Away",
        "category": "fast_food",
        "subcategory": "amenity=fast_food",
        "lat": 53.2809811,
        "lon": -6.4744363,
        "admin_division": "Rathcoole",
        "county": "dublin"
      }
    },
    {
      "type": "Feature",
      "geometry": {
        "type": "Point",
        "coordinates": [
          -6.3942565,
          53.3925928
        ]
      },
      "properties": {
        "osm_id": "w638210440",
        "name": "Krispy Kreme",
        "category": "fast_food",
        "subcategory": "amenity=fast_food",
        "lat": 53.3925928,
        "lon": -6.3942565,
        "admin_division": "Blanchardstown",
        "county": "dublin"
      }
    },
    {
      "type": "Feature",
      "geometry": {
        "type": "Point",
        "coordinates": [
          -6.2845264,
          53.3613009
        ]
      },
      "properties": {
        "osm_id": "w651183197",
        "name": "Rainbow",
        "category": "fast_food",
        "subcategory": "amenity=fast_food",
        "lat": 53.3613009,
        "lon": -6.2845264,
        "admin_division": "Dublin",
        "county": "dublin"
      }
    },
    {
      "type": "Feature",
      "geometry": {
        "type": "Point",
        "coordinates": [
          -6.2844253,
          53.3613265
        ]
      },
      "properties": {
        "osm_id": "w651183205",
        "name": "Domino's",
        "category": "fast_food",
        "subcategory": "amenity=fast_food",
        "lat": 53.3613265,
        "lon": -6.2844253,
        "admin_division": "",
        "county": "dublin"
      }
    },
    {
      "type": "Feature",
      "geometry": {
        "type": "Point",
        "coordinates": [
          -6.2847646,
          53.3613365
        ]
      },
      "properties": {
        "osm_id": "w651183215",
        "name": "Teo's",
        "category": "fast_food",
        "subcategory": "amenity=fast_food",
        "lat": 53.3613365,
        "lon": -6.2847646,
        "admin_division": "Dublin",
        "county": "dublin"
      }
    },
    {
      "type": "Feature",
      "geometry": {
        "type": "Point",
        "coordinates": [
          -6.2858133,
          53.3615337
        ]
      },
      "properties": {
        "osm_id": "w651183220",
        "name": "Treat",
        "category": "fast_food",
        "subcategory": "shop=deli",
        "lat": 53.3615337,
        "lon": -6.2858133,
        "admin_division": "",
        "county": "dublin"
      }
    },
    {
      "type": "Feature",
      "geometry": {
        "type": "Point",
        "coordinates": [
          -6.2174451,
          53.3765918
        ]
      },
      "properties": {
        "osm_id": "w656967086",
        "name": "Apache Pizza",
        "category": "fast_food",
        "subcategory": "amenity=fast_food",
        "lat": 53.3765918,
        "lon": -6.2174451,
        "admin_division": "Dublin",
        "county": "dublin"
      }
    },
    {
      "type": "Feature",
      "geometry": {
        "type": "Point",
        "coordinates": [
          -6.2178193,
          53.3763715
        ]
      },
      "properties": {
        "osm_id": "w657051311",
        "name": "New Emperor",
        "category": "fast_food",
        "subcategory": "amenity=fast_food",
        "lat": 53.3763715,
        "lon": -6.2178193,
        "admin_division": "Dublin",
        "county": "dublin"
      }
    },
    {
      "type": "Feature",
      "geometry": {
        "type": "Point",
        "coordinates": [
          -6.2613303,
          53.3601094
        ]
      },
      "properties": {
        "osm_id": "w658163883",
        "name": "Subway",
        "category": "fast_food",
        "subcategory": "amenity=fast_food",
        "lat": 53.3601094,
        "lon": -6.2613303,
        "admin_division": "",
        "county": "dublin"
      }
    },
    {
      "type": "Feature",
      "geometry": {
        "type": "Point",
        "coordinates": [
          -6.2827652,
          53.3612227
        ]
      },
      "properties": {
        "osm_id": "w660054532",
        "name": "Pront",
        "category": "fast_food",
        "subcategory": "amenity=fast_food",
        "lat": 53.3612227,
        "lon": -6.2827652,
        "admin_division": "Dublin",
        "county": "dublin"
      }
    },
    {
      "type": "Feature",
      "geometry": {
        "type": "Point",
        "coordinates": [
          -6.2288002,
          53.3655478
        ]
      },
      "properties": {
        "osm_id": "w661628725",
        "name": "Fairview Grill",
        "category": "fast_food",
        "subcategory": "amenity=fast_food",
        "lat": 53.3655478,
        "lon": -6.2288002,
        "admin_division": "Dublin",
        "county": "dublin"
      }
    },
    {
      "type": "Feature",
      "geometry": {
        "type": "Point",
        "coordinates": [
          -6.2268527,
          53.3678103
        ]
      },
      "properties": {
        "osm_id": "w661632317",
        "name": "New Mandarin",
        "category": "fast_food",
        "subcategory": "amenity=fast_food",
        "lat": 53.3678103,
        "lon": -6.2268527,
        "admin_division": "",
        "county": "dublin"
      }
    },
    {
      "type": "Feature",
      "geometry": {
        "type": "Point",
        "coordinates": [
          -6.2681853,
          53.3484524
        ]
      },
      "properties": {
        "osm_id": "w665994804",
        "name": "Umi Falafel",
        "category": "fast_food",
        "subcategory": "amenity=fast_food",
        "lat": 53.3484524,
        "lon": -6.2681853,
        "admin_division": "Dublin",
        "county": "dublin"
      }
    },
    {
      "type": "Feature",
      "geometry": {
        "type": "Point",
        "coordinates": [
          -6.2950609,
          53.3315973
        ]
      },
      "properties": {
        "osm_id": "w668465063",
        "name": "Chicken Cottage",
        "category": "fast_food",
        "subcategory": "amenity=fast_food",
        "lat": 53.3315973,
        "lon": -6.2950609,
        "admin_division": "Dublin",
        "county": "dublin"
      }
    },
    {
      "type": "Feature",
      "geometry": {
        "type": "Point",
        "coordinates": [
          -6.2529768,
          53.3713841
        ]
      },
      "properties": {
        "osm_id": "w679933305",
        "name": "Peter's",
        "category": "fast_food",
        "subcategory": "amenity=fast_food",
        "lat": 53.3713841,
        "lon": -6.2529768,
        "admin_division": "Dublin",
        "county": "dublin"
      }
    },
    {
      "type": "Feature",
      "geometry": {
        "type": "Point",
        "coordinates": [
          -6.2529069,
          53.3714965
        ]
      },
      "properties": {
        "osm_id": "w679933307",
        "name": "Mr Burrito",
        "category": "fast_food",
        "subcategory": "amenity=fast_food",
        "lat": 53.3714965,
        "lon": -6.2529069,
        "admin_division": "Dublin",
        "county": "dublin"
      }
    },
    {
      "type": "Feature",
      "geometry": {
        "type": "Point",
        "coordinates": [
          -6.2524645,
          53.372136
        ]
      },
      "properties": {
        "osm_id": "w679933314",
        "name": "Domino's",
        "category": "fast_food",
        "subcategory": "amenity=fast_food",
        "lat": 53.372136,
        "lon": -6.2524645,
        "admin_division": "Dublin",
        "county": "dublin"
      }
    },
    {
      "type": "Feature",
      "geometry": {
        "type": "Point",
        "coordinates": [
          -6.3263598,
          53.3356118
        ]
      },
      "properties": {
        "osm_id": "w687454190",
        "name": "Fine Rice",
        "category": "fast_food",
        "subcategory": "amenity=fast_food",
        "lat": 53.3356118,
        "lon": -6.3263598,
        "admin_division": "",
        "county": "dublin"
      }
    },
    {
      "type": "Feature",
      "geometry": {
        "type": "Point",
        "coordinates": [
          -6.2600783,
          53.3503016
        ]
      },
      "properties": {
        "osm_id": "w696901403",
        "name": "Beshoff",
        "category": "fast_food",
        "subcategory": "amenity=fast_food",
        "lat": 53.3503016,
        "lon": -6.2600783,
        "admin_division": "Dublin",
        "county": "dublin"
      }
    },
    {
      "type": "Feature",
      "geometry": {
        "type": "Point",
        "coordinates": [
          -6.258053,
          53.3503611
        ]
      },
      "properties": {
        "osm_id": "w696901415",
        "name": "Yang Guofu Hotspicy Dip",
        "category": "fast_food",
        "subcategory": "amenity=fast_food",
        "lat": 53.3503611,
        "lon": -6.258053,
        "admin_division": "Dublin",
        "county": "dublin"
      }
    },
    {
      "type": "Feature",
      "geometry": {
        "type": "Point",
        "coordinates": [
          -6.2594449,
          53.348787
        ]
      },
      "properties": {
        "osm_id": "w696909150",
        "name": "Chopped",
        "category": "fast_food",
        "subcategory": "amenity=fast_food",
        "lat": 53.348787,
        "lon": -6.2594449,
        "admin_division": "Dublin",
        "county": "dublin"
      }
    },
    {
      "type": "Feature",
      "geometry": {
        "type": "Point",
        "coordinates": [
          -6.2596555,
          53.349786
        ]
      },
      "properties": {
        "osm_id": "w697131602",
        "name": "Wok in Noodle Bar",
        "category": "fast_food",
        "subcategory": "amenity=fast_food",
        "lat": 53.349786,
        "lon": -6.2596555,
        "admin_division": "Dublin",
        "county": "dublin"
      }
    },
    {
      "type": "Feature",
      "geometry": {
        "type": "Point",
        "coordinates": [
          -6.2595471,
          53.3498024
        ]
      },
      "properties": {
        "osm_id": "w697131603",
        "name": "Döner Dasch",
        "category": "fast_food",
        "subcategory": "amenity=fast_food",
        "lat": 53.3498024,
        "lon": -6.2595471,
        "admin_division": "Dublin",
        "county": "dublin"
      }
    },
    {
      "type": "Feature",
      "geometry": {
        "type": "Point",
        "coordinates": [
          -6.2589927,
          53.3486508
        ]
      },
      "properties": {
        "osm_id": "w697131605",
        "name": "Boojum",
        "category": "fast_food",
        "subcategory": "amenity=fast_food",
        "lat": 53.3486508,
        "lon": -6.2589927,
        "admin_division": "Dublin",
        "county": "dublin"
      }
    },
    {
      "type": "Feature",
      "geometry": {
        "type": "Point",
        "coordinates": [
          -6.2145385,
          53.3321367
        ]
      },
      "properties": {
        "osm_id": "w706853191",
        "name": "BuJo",
        "category": "fast_food",
        "subcategory": "amenity=fast_food",
        "lat": 53.3321367,
        "lon": -6.2145385,
        "admin_division": "Dublin",
        "county": "dublin"
      }
    },
    {
      "type": "Feature",
      "geometry": {
        "type": "Point",
        "coordinates": [
          -6.2983316,
          53.3675475
        ]
      },
      "properties": {
        "osm_id": "w723741385",
        "name": "Rocca's",
        "category": "fast_food",
        "subcategory": "amenity=fast_food",
        "lat": 53.3675475,
        "lon": -6.2983316,
        "admin_division": "Dublin",
        "county": "dublin"
      }
    },
    {
      "type": "Feature",
      "geometry": {
        "type": "Point",
        "coordinates": [
          -6.2593503,
          53.3623963
        ]
      },
      "properties": {
        "osm_id": "w741013946",
        "name": "Yeeros",
        "category": "fast_food",
        "subcategory": "amenity=fast_food",
        "lat": 53.3623963,
        "lon": -6.2593503,
        "admin_division": "",
        "county": "dublin"
      }
    },
    {
      "type": "Feature",
      "geometry": {
        "type": "Point",
        "coordinates": [
          -6.2595259,
          53.3620733
        ]
      },
      "properties": {
        "osm_id": "w741013952",
        "name": "Apache Pizza",
        "category": "fast_food",
        "subcategory": "amenity=fast_food",
        "lat": 53.3620733,
        "lon": -6.2595259,
        "admin_division": "Dublin",
        "county": "dublin"
      }
    },
    {
      "type": "Feature",
      "geometry": {
        "type": "Point",
        "coordinates": [
          -6.35301,
          53.3093312
        ]
      },
      "properties": {
        "osm_id": "w791305009",
        "name": "Burger King",
        "category": "fast_food",
        "subcategory": "amenity=fast_food",
        "lat": 53.3093312,
        "lon": -6.35301,
        "admin_division": "",
        "county": "dublin"
      }
    },
    {
      "type": "Feature",
      "geometry": {
        "type": "Point",
        "coordinates": [
          -6.1667881,
          53.5278965
        ]
      },
      "properties": {
        "osm_id": "w814340312",
        "name": "Papa Gigio's",
        "category": "fast_food",
        "subcategory": "amenity=fast_food",
        "lat": 53.5278965,
        "lon": -6.1667881,
        "admin_division": "Lusk",
        "county": "dublin"
      }
    },
    {
      "type": "Feature",
      "geometry": {
        "type": "Point",
        "coordinates": [
          -6.2660221,
          53.3795348
        ]
      },
      "properties": {
        "osm_id": "w818086245",
        "name": "Lin-Kee",
        "category": "fast_food",
        "subcategory": "amenity=fast_food",
        "lat": 53.3795348,
        "lon": -6.2660221,
        "admin_division": "Dublin",
        "county": "dublin"
      }
    },
    {
      "type": "Feature",
      "geometry": {
        "type": "Point",
        "coordinates": [
          -6.3064048,
          53.4031859
        ]
      },
      "properties": {
        "osm_id": "w856860330",
        "name": "KFC",
        "category": "fast_food",
        "subcategory": "amenity=fast_food",
        "lat": 53.4031859,
        "lon": -6.3064048,
        "admin_division": "",
        "county": "dublin"
      }
    },
    {
      "type": "Feature",
      "geometry": {
        "type": "Point",
        "coordinates": [
          -6.306123,
          53.4035127
        ]
      },
      "properties": {
        "osm_id": "w856860334",
        "name": "McDonald's",
        "category": "fast_food",
        "subcategory": "amenity=fast_food",
        "lat": 53.4035127,
        "lon": -6.306123,
        "admin_division": "",
        "county": "dublin"
      }
    },
    {
      "type": "Feature",
      "geometry": {
        "type": "Point",
        "coordinates": [
          -6.1847096,
          53.6051329
        ]
      },
      "properties": {
        "osm_id": "w880470405",
        "name": "Supermac's",
        "category": "fast_food",
        "subcategory": "amenity=fast_food",
        "lat": 53.6051329,
        "lon": -6.1847096,
        "admin_division": "",
        "county": "dublin"
      }
    },
    {
      "type": "Feature",
      "geometry": {
        "type": "Point",
        "coordinates": [
          -6.1847246,
          53.6052211
        ]
      },
      "properties": {
        "osm_id": "w880470406",
        "name": "Papa John's",
        "category": "fast_food",
        "subcategory": "amenity=fast_food",
        "lat": 53.6052211,
        "lon": -6.1847246,
        "admin_division": "",
        "county": "dublin"
      }
    },
    {
      "type": "Feature",
      "geometry": {
        "type": "Point",
        "coordinates": [
          -6.1841447,
          53.6057086
        ]
      },
      "properties": {
        "osm_id": "w880517116",
        "name": "Golden Wok",
        "category": "fast_food",
        "subcategory": "amenity=fast_food",
        "lat": 53.6057086,
        "lon": -6.1841447,
        "admin_division": "",
        "county": "dublin"
      }
    },
    {
      "type": "Feature",
      "geometry": {
        "type": "Point",
        "coordinates": [
          -6.2347852,
          53.3919208
        ]
      },
      "properties": {
        "osm_id": "w902088074",
        "name": "Mama Thai",
        "category": "fast_food",
        "subcategory": "amenity=fast_food",
        "lat": 53.3919208,
        "lon": -6.2347852,
        "admin_division": "",
        "county": "dublin"
      }
    },
    {
      "type": "Feature",
      "geometry": {
        "type": "Point",
        "coordinates": [
          -6.2346597,
          53.3921027
        ]
      },
      "properties": {
        "osm_id": "w902088075",
        "name": "Chan's",
        "category": "fast_food",
        "subcategory": "amenity=fast_food",
        "lat": 53.3921027,
        "lon": -6.2346597,
        "admin_division": "",
        "county": "dublin"
      }
    },
    {
      "type": "Feature",
      "geometry": {
        "type": "Point",
        "coordinates": [
          -6.2454002,
          53.3887481
        ]
      },
      "properties": {
        "osm_id": "w912198722",
        "name": "San Marino",
        "category": "fast_food",
        "subcategory": "amenity=fast_food",
        "lat": 53.3887481,
        "lon": -6.2454002,
        "admin_division": "",
        "county": "dublin"
      }
    },
    {
      "type": "Feature",
      "geometry": {
        "type": "Point",
        "coordinates": [
          -6.2454265,
          53.388703
        ]
      },
      "properties": {
        "osm_id": "w912198723",
        "name": "SanSan's",
        "category": "fast_food",
        "subcategory": "amenity=fast_food",
        "lat": 53.388703,
        "lon": -6.2454265,
        "admin_division": "",
        "county": "dublin"
      }
    },
    {
      "type": "Feature",
      "geometry": {
        "type": "Point",
        "coordinates": [
          -6.2454555,
          53.3814604
        ]
      },
      "properties": {
        "osm_id": "w916037986",
        "name": "Airport Takeaway",
        "category": "fast_food",
        "subcategory": "amenity=fast_food",
        "lat": 53.3814604,
        "lon": -6.2454555,
        "admin_division": "",
        "county": "dublin"
      }
    },
    {
      "type": "Feature",
      "geometry": {
        "type": "Point",
        "coordinates": [
          -6.2545304,
          53.3689736
        ]
      },
      "properties": {
        "osm_id": "w923978238",
        "name": "Baes Wood Fired Pizza",
        "category": "fast_food",
        "subcategory": "amenity=fast_food",
        "lat": 53.3689736,
        "lon": -6.2545304,
        "admin_division": "",
        "county": "dublin"
      }
    },
    {
      "type": "Feature",
      "geometry": {
        "type": "Point",
        "coordinates": [
          -6.29473,
          53.3317051
        ]
      },
      "properties": {
        "osm_id": "w929163426",
        "name": "Golden Cod Fish & Chips",
        "category": "fast_food",
        "subcategory": "amenity=fast_food",
        "lat": 53.3317051,
        "lon": -6.29473,
        "admin_division": "Dublin",
        "county": "dublin"
      }
    },
    {
      "type": "Feature",
      "geometry": {
        "type": "Point",
        "coordinates": [
          -6.2948875,
          53.3316437
        ]
      },
      "properties": {
        "osm_id": "w929163428",
        "name": "Emerald House",
        "category": "fast_food",
        "subcategory": "amenity=fast_food",
        "lat": 53.3316437,
        "lon": -6.2948875,
        "admin_division": "Dublin",
        "county": "dublin"
      }
    },
    {
      "type": "Feature",
      "geometry": {
        "type": "Point",
        "coordinates": [
          -6.2747727,
          53.3123626
        ]
      },
      "properties": {
        "osm_id": "w935134079",
        "name": "Spice Guru",
        "category": "fast_food",
        "subcategory": "amenity=fast_food",
        "lat": 53.3123626,
        "lon": -6.2747727,
        "admin_division": "Dublin",
        "county": "dublin"
      }
    },
    {
      "type": "Feature",
      "geometry": {
        "type": "Point",
        "coordinates": [
          -6.314762,
          53.3402529
        ]
      },
      "properties": {
        "osm_id": "w942944690",
        "name": "Small Changes",
        "category": "fast_food",
        "subcategory": "amenity=cafe",
        "lat": 53.3402529,
        "lon": -6.314762,
        "admin_division": "Dublin",
        "county": "dublin"
      }
    },
    {
      "type": "Feature",
      "geometry": {
        "type": "Point",
        "coordinates": [
          -6.2654264,
          53.3221956
        ]
      },
      "properties": {
        "osm_id": "w958975108",
        "name": "Eddie Rocket's",
        "category": "fast_food",
        "subcategory": "amenity=fast_food",
        "lat": 53.3221956,
        "lon": -6.2654264,
        "admin_division": "Dublin",
        "county": "dublin"
      }
    },
    {
      "type": "Feature",
      "geometry": {
        "type": "Point",
        "coordinates": [
          -6.3988915,
          53.3282706
        ]
      },
      "properties": {
        "osm_id": "w962008059",
        "name": "The 9th Lough",
        "category": "fast_food",
        "subcategory": "amenity=fast_food",
        "lat": 53.3282706,
        "lon": -6.3988915,
        "admin_division": "",
        "county": "dublin"
      }
    },
    {
      "type": "Feature",
      "geometry": {
        "type": "Point",
        "coordinates": [
          -6.3045871,
          53.3991332
        ]
      },
      "properties": {
        "osm_id": "w965148984",
        "name": "Panda Kitchen",
        "category": "fast_food",
        "subcategory": "amenity=fast_food",
        "lat": 53.3991332,
        "lon": -6.3045871,
        "admin_division": "",
        "county": "dublin"
      }
    },
    {
      "type": "Feature",
      "geometry": {
        "type": "Point",
        "coordinates": [
          -6.285633,
          53.3932536
        ]
      },
      "properties": {
        "osm_id": "w965411033",
        "name": "Domino's",
        "category": "fast_food",
        "subcategory": "amenity=fast_food",
        "lat": 53.3932536,
        "lon": -6.285633,
        "admin_division": "",
        "county": "dublin"
      }
    },
    {
      "type": "Feature",
      "geometry": {
        "type": "Point",
        "coordinates": [
          -6.1048434,
          53.5853687
        ]
      },
      "properties": {
        "osm_id": "w966827689",
        "name": "Lifeboat Fishshack",
        "category": "fast_food",
        "subcategory": "amenity=fast_food",
        "lat": 53.5853687,
        "lon": -6.1048434,
        "admin_division": "Skerries",
        "county": "dublin"
      }
    },
    {
      "type": "Feature",
      "geometry": {
        "type": "Point",
        "coordinates": [
          -6.2347507,
          53.3553826
        ]
      },
      "properties": {
        "osm_id": "w967099015",
        "name": "Jani's",
        "category": "fast_food",
        "subcategory": "amenity=fast_food",
        "lat": 53.3553826,
        "lon": -6.2347507,
        "admin_division": "",
        "county": "dublin"
      }
    },
    {
      "type": "Feature",
      "geometry": {
        "type": "Point",
        "coordinates": [
          -6.2427364,
          53.3610973
        ]
      },
      "properties": {
        "osm_id": "w968215887",
        "name": "Max's",
        "category": "fast_food",
        "subcategory": "amenity=fast_food",
        "lat": 53.3610973,
        "lon": -6.2427364,
        "admin_division": "",
        "county": "dublin"
      }
    },
    {
      "type": "Feature",
      "geometry": {
        "type": "Point",
        "coordinates": [
          -6.2424719,
          53.3626912
        ]
      },
      "properties": {
        "osm_id": "w968532220",
        "name": "Gorgeous Food",
        "category": "fast_food",
        "subcategory": "amenity=fast_food",
        "lat": 53.3626912,
        "lon": -6.2424719,
        "admin_division": "Dublin",
        "county": "dublin"
      }
    },
    {
      "type": "Feature",
      "geometry": {
        "type": "Point",
        "coordinates": [
          -6.2420363,
          53.3626693
        ]
      },
      "properties": {
        "osm_id": "w968532226",
        "name": "Nico",
        "category": "fast_food",
        "subcategory": "amenity=fast_food",
        "lat": 53.3626693,
        "lon": -6.2420363,
        "admin_division": "",
        "county": "dublin"
      }
    },
    {
      "type": "Feature",
      "geometry": {
        "type": "Point",
        "coordinates": [
          -6.2408784,
          53.3591786
        ]
      },
      "properties": {
        "osm_id": "w968786265",
        "name": "Fragrant River",
        "category": "fast_food",
        "subcategory": "amenity=fast_food",
        "lat": 53.3591786,
        "lon": -6.2408784,
        "admin_division": "",
        "county": "dublin"
      }
    },
    {
      "type": "Feature",
      "geometry": {
        "type": "Point",
        "coordinates": [
          -6.2713539,
          53.3655378
        ]
      },
      "properties": {
        "osm_id": "w970119302",
        "name": "Hong Kee",
        "category": "fast_food",
        "subcategory": "amenity=fast_food",
        "lat": 53.3655378,
        "lon": -6.2713539,
        "admin_division": "Dublin",
        "county": "dublin"
      }
    },
    {
      "type": "Feature",
      "geometry": {
        "type": "Point",
        "coordinates": [
          -6.2713961,
          53.3653835
        ]
      },
      "properties": {
        "osm_id": "w970119305",
        "name": "Mizzoni Pizza",
        "category": "fast_food",
        "subcategory": "amenity=fast_food",
        "lat": 53.3653835,
        "lon": -6.2713961,
        "admin_division": "Dublin",
        "county": "dublin"
      }
    },
    {
      "type": "Feature",
      "geometry": {
        "type": "Point",
        "coordinates": [
          -6.2724383,
          53.3637547
        ]
      },
      "properties": {
        "osm_id": "w971216006",
        "name": "Crispy Pizza & Kebab",
        "category": "fast_food",
        "subcategory": "amenity=fast_food",
        "lat": 53.3637547,
        "lon": -6.2724383,
        "admin_division": "",
        "county": "dublin"
      }
    },
    {
      "type": "Feature",
      "geometry": {
        "type": "Point",
        "coordinates": [
          -6.2927259,
          53.3670099
        ]
      },
      "properties": {
        "osm_id": "w971275800",
        "name": "Hung Wun",
        "category": "fast_food",
        "subcategory": "amenity=fast_food",
        "lat": 53.3670099,
        "lon": -6.2927259,
        "admin_division": "Dublin",
        "county": "dublin"
      }
    },
    {
      "type": "Feature",
      "geometry": {
        "type": "Point",
        "coordinates": [
          -6.2990341,
          53.3675744
        ]
      },
      "properties": {
        "osm_id": "w972957087",
        "name": "Lucky Dragon",
        "category": "fast_food",
        "subcategory": "amenity=fast_food",
        "lat": 53.3675744,
        "lon": -6.2990341,
        "admin_division": "Dublin",
        "county": "dublin"
      }
    },
    {
      "type": "Feature",
      "geometry": {
        "type": "Point",
        "coordinates": [
          -6.2935727,
          53.3671147
        ]
      },
      "properties": {
        "osm_id": "w973141963",
        "name": "Thaido",
        "category": "fast_food",
        "subcategory": "amenity=fast_food",
        "lat": 53.3671147,
        "lon": -6.2935727,
        "admin_division": "Dublin",
        "county": "dublin"
      }
    },
    {
      "type": "Feature",
      "geometry": {
        "type": "Point",
        "coordinates": [
          -6.238948,
          53.3708527
        ]
      },
      "properties": {
        "osm_id": "w975311029",
        "name": "Di Lucia's",
        "category": "fast_food",
        "subcategory": "amenity=fast_food",
        "lat": 53.3708527,
        "lon": -6.238948,
        "admin_division": "Dublin",
        "county": "dublin"
      }
    },
    {
      "type": "Feature",
      "geometry": {
        "type": "Point",
        "coordinates": [
          -6.2899834,
          53.3631056
        ]
      },
      "properties": {
        "osm_id": "w977365001",
        "name": "Antonio's",
        "category": "fast_food",
        "subcategory": "amenity=fast_food",
        "lat": 53.3631056,
        "lon": -6.2899834,
        "admin_division": "Dublin",
        "county": "dublin"
      }
    },
    {
      "type": "Feature",
      "geometry": {
        "type": "Point",
        "coordinates": [
          -6.2723778,
          53.3624191
        ]
      },
      "properties": {
        "osm_id": "w983115825",
        "name": "Four Star Pizza",
        "category": "fast_food",
        "subcategory": "amenity=fast_food",
        "lat": 53.3624191,
        "lon": -6.2723778,
        "admin_division": "",
        "county": "dublin"
      }
    },
    {
      "type": "Feature",
      "geometry": {
        "type": "Point",
        "coordinates": [
          -6.2723346,
          53.3620351
        ]
      },
      "properties": {
        "osm_id": "w983115832",
        "name": "McDonald's",
        "category": "fast_food",
        "subcategory": "amenity=fast_food",
        "lat": 53.3620351,
        "lon": -6.2723346,
        "admin_division": "",
        "county": "dublin"
      }
    },
    {
      "type": "Feature",
      "geometry": {
        "type": "Point",
        "coordinates": [
          -6.2387483,
          53.3625563
        ]
      },
      "properties": {
        "osm_id": "w983727328",
        "name": "Flaming Wok",
        "category": "fast_food",
        "subcategory": "amenity=fast_food",
        "lat": 53.3625563,
        "lon": -6.2387483,
        "admin_division": "",
        "county": "dublin"
      }
    },
    {
      "type": "Feature",
      "geometry": {
        "type": "Point",
        "coordinates": [
          -6.3235462,
          53.3706275
        ]
      },
      "properties": {
        "osm_id": "w989064786",
        "name": "Macaris",
        "category": "fast_food",
        "subcategory": "amenity=fast_food",
        "lat": 53.3706275,
        "lon": -6.3235462,
        "admin_division": "",
        "county": "dublin"
      }
    },
    {
      "type": "Feature",
      "geometry": {
        "type": "Point",
        "coordinates": [
          -6.2982472,
          53.3906575
        ]
      },
      "properties": {
        "osm_id": "w995325597",
        "name": "Four Star Pizza",
        "category": "fast_food",
        "subcategory": "amenity=fast_food",
        "lat": 53.3906575,
        "lon": -6.2982472,
        "admin_division": "",
        "county": "dublin"
      }
    },
    {
      "type": "Feature",
      "geometry": {
        "type": "Point",
        "coordinates": [
          -6.2711543,
          53.3646533
        ]
      },
      "properties": {
        "osm_id": "w996638645",
        "name": "Eatyard",
        "category": "fast_food",
        "subcategory": "amenity=food_court",
        "lat": 53.3646533,
        "lon": -6.2711543,
        "admin_division": "",
        "county": "dublin"
      }
    },
    {
      "type": "Feature",
      "geometry": {
        "type": "Point",
        "coordinates": [
          -6.3266951,
          53.2917233
        ]
      },
      "properties": {
        "osm_id": "w1017367626",
        "name": "The Burger Project",
        "category": "fast_food",
        "subcategory": "amenity=fast_food",
        "lat": 53.2917233,
        "lon": -6.3266951,
        "admin_division": "",
        "county": "dublin"
      }
    },
    {
      "type": "Feature",
      "geometry": {
        "type": "Point",
        "coordinates": [
          -6.2975668,
          53.3877641
        ]
      },
      "properties": {
        "osm_id": "w1020675738",
        "name": "Summer Inn",
        "category": "fast_food",
        "subcategory": "amenity=fast_food",
        "lat": 53.3877641,
        "lon": -6.2975668,
        "admin_division": "",
        "county": "dublin"
      }
    },
    {
      "type": "Feature",
      "geometry": {
        "type": "Point",
        "coordinates": [
          -6.2977726,
          53.3881609
        ]
      },
      "properties": {
        "osm_id": "w1020675744",
        "name": "Hoi Wun",
        "category": "fast_food",
        "subcategory": "amenity=fast_food",
        "lat": 53.3881609,
        "lon": -6.2977726,
        "admin_division": "",
        "county": "dublin"
      }
    },
    {
      "type": "Feature",
      "geometry": {
        "type": "Point",
        "coordinates": [
          -6.2978847,
          53.3882814
        ]
      },
      "properties": {
        "osm_id": "w1020675748",
        "name": "Cartoon Fast Food",
        "category": "fast_food",
        "subcategory": "amenity=fast_food",
        "lat": 53.3882814,
        "lon": -6.2978847,
        "admin_division": "",
        "county": "dublin"
      }
    },
    {
      "type": "Feature",
      "geometry": {
        "type": "Point",
        "coordinates": [
          -6.2993514,
          53.3893464
        ]
      },
      "properties": {
        "osm_id": "w1022471495",
        "name": "Pizza Max",
        "category": "fast_food",
        "subcategory": "amenity=fast_food",
        "lat": 53.3893464,
        "lon": -6.2993514,
        "admin_division": "",
        "county": "dublin"
      }
    },
    {
      "type": "Feature",
      "geometry": {
        "type": "Point",
        "coordinates": [
          -6.1747637,
          53.3795481
        ]
      },
      "properties": {
        "osm_id": "w1040965274",
        "name": "Four Star Pizza",
        "category": "fast_food",
        "subcategory": "amenity=fast_food",
        "lat": 53.3795481,
        "lon": -6.1747637,
        "admin_division": "Raheny",
        "county": "dublin"
      }
    },
    {
      "type": "Feature",
      "geometry": {
        "type": "Point",
        "coordinates": [
          -6.223174,
          53.3771071
        ]
      },
      "properties": {
        "osm_id": "w1050728526",
        "name": "Waki Noodle and Sushi",
        "category": "fast_food",
        "subcategory": "amenity=fast_food",
        "lat": 53.3771071,
        "lon": -6.223174,
        "admin_division": "",
        "county": "dublin"
      }
    },
    {
      "type": "Feature",
      "geometry": {
        "type": "Point",
        "coordinates": [
          -6.1790923,
          53.4023144
        ]
      },
      "properties": {
        "osm_id": "w1058162980",
        "name": "Eddie Rocket's",
        "category": "fast_food",
        "subcategory": "amenity=fast_food",
        "lat": 53.4023144,
        "lon": -6.1790923,
        "admin_division": "Dublin",
        "county": "dublin"
      }
    },
    {
      "type": "Feature",
      "geometry": {
        "type": "Point",
        "coordinates": [
          -6.1715857,
          53.4000065
        ]
      },
      "properties": {
        "osm_id": "w1061196267",
        "name": "Clarehall Chinese",
        "category": "fast_food",
        "subcategory": "amenity=fast_food",
        "lat": 53.4000065,
        "lon": -6.1715857,
        "admin_division": "",
        "county": "dublin"
      }
    },
    {
      "type": "Feature",
      "geometry": {
        "type": "Point",
        "coordinates": [
          -6.171401,
          53.399992
        ]
      },
      "properties": {
        "osm_id": "w1061196269",
        "name": "Leo Burdock's",
        "category": "fast_food",
        "subcategory": "amenity=fast_food",
        "lat": 53.399992,
        "lon": -6.171401,
        "admin_division": "",
        "county": "dublin"
      }
    },
    {
      "type": "Feature",
      "geometry": {
        "type": "Point",
        "coordinates": [
          -6.2602343,
          53.3604883
        ]
      },
      "properties": {
        "osm_id": "w1083836597",
        "name": "Smash'd",
        "category": "fast_food",
        "subcategory": "amenity=fast_food",
        "lat": 53.3604883,
        "lon": -6.2602343,
        "admin_division": "",
        "county": "dublin"
      }
    },
    {
      "type": "Feature",
      "geometry": {
        "type": "Point",
        "coordinates": [
          -6.2417432,
          53.3394198
        ]
      },
      "properties": {
        "osm_id": "w1086507767",
        "name": "The Place",
        "category": "fast_food",
        "subcategory": "amenity=food_court",
        "lat": 53.3394198,
        "lon": -6.2417432,
        "admin_division": "",
        "county": "dublin"
      }
    },
    {
      "type": "Feature",
      "geometry": {
        "type": "Point",
        "coordinates": [
          -6.2552075,
          53.3472714
        ]
      },
      "properties": {
        "osm_id": "w1105625220",
        "name": "Gauchos Hot Dog",
        "category": "fast_food",
        "subcategory": "amenity=fast_food",
        "lat": 53.3472714,
        "lon": -6.2552075,
        "admin_division": "",
        "county": "dublin"
      }
    },
    {
      "type": "Feature",
      "geometry": {
        "type": "Point",
        "coordinates": [
          -6.3188413,
          53.3147524
        ]
      },
      "properties": {
        "osm_id": "w1137601807",
        "name": "Borza",
        "category": "fast_food",
        "subcategory": "amenity=fast_food",
        "lat": 53.3147524,
        "lon": -6.3188413,
        "admin_division": "",
        "county": "dublin"
      }
    },
    {
      "type": "Feature",
      "geometry": {
        "type": "Point",
        "coordinates": [
          -6.3921322,
          53.3530556
        ]
      },
      "properties": {
        "osm_id": "w1172874420",
        "name": "Krispy Kreme",
        "category": "fast_food",
        "subcategory": "amenity=fast_food",
        "lat": 53.3530556,
        "lon": -6.3921322,
        "admin_division": "",
        "county": "dublin"
      }
    },
    {
      "type": "Feature",
      "geometry": {
        "type": "Point",
        "coordinates": [
          -6.3943845,
          53.3926097
        ]
      },
      "properties": {
        "osm_id": "w1173993450",
        "name": "Bunsen",
        "category": "fast_food",
        "subcategory": "amenity=fast_food",
        "lat": 53.3926097,
        "lon": -6.3943845,
        "admin_division": "Blanchardstown",
        "county": "dublin"
      }
    },
    {
      "type": "Feature",
      "geometry": {
        "type": "Point",
        "coordinates": [
          -6.3962704,
          53.3231177
        ]
      },
      "properties": {
        "osm_id": "w1175118236",
        "name": "McDonald's",
        "category": "fast_food",
        "subcategory": "amenity=fast_food",
        "lat": 53.3231177,
        "lon": -6.3962704,
        "admin_division": "",
        "county": "dublin"
      }
    },
    {
      "type": "Feature",
      "geometry": {
        "type": "Point",
        "coordinates": [
          -6.2774734,
          53.4068968
        ]
      },
      "properties": {
        "osm_id": "w1194707975",
        "name": "IKEA Restaurant",
        "category": "fast_food",
        "subcategory": "amenity=fast_food",
        "lat": 53.4068968,
        "lon": -6.2774734,
        "admin_division": "Dublin",
        "county": "dublin"
      }
    },
    {
      "type": "Feature",
      "geometry": {
        "type": "Point",
        "coordinates": [
          -6.3495184,
          53.296851
        ]
      },
      "properties": {
        "osm_id": "w1202257128",
        "name": "",
        "category": "fast_food",
        "subcategory": "amenity=fast_food",
        "lat": 53.296851,
        "lon": -6.3495184,
        "admin_division": "",
        "county": "dublin"
      }
    },
    {
      "type": "Feature",
      "geometry": {
        "type": "Point",
        "coordinates": [
          -6.098465,
          53.5227016
        ]
      },
      "properties": {
        "osm_id": "w1232184406",
        "name": "Oriental Kitchen",
        "category": "fast_food",
        "subcategory": "amenity=fast_food",
        "lat": 53.5227016,
        "lon": -6.098465,
        "admin_division": "Rush",
        "county": "dublin"
      }
    },
    {
      "type": "Feature",
      "geometry": {
        "type": "Point",
        "coordinates": [
          -6.4007043,
          53.3541054
        ]
      },
      "properties": {
        "osm_id": "w1262537463",
        "name": "Burger King",
        "category": "fast_food",
        "subcategory": "amenity=fast_food",
        "lat": 53.3541054,
        "lon": -6.4007043,
        "admin_division": "",
        "county": "dublin"
      }
    },
    {
      "type": "Feature",
      "geometry": {
        "type": "Point",
        "coordinates": [
          -6.4014653,
          53.354105
        ]
      },
      "properties": {
        "osm_id": "w1262537466",
        "name": "KFC",
        "category": "fast_food",
        "subcategory": "amenity=fast_food",
        "lat": 53.354105,
        "lon": -6.4014653,
        "admin_division": "",
        "county": "dublin"
      }
    },
    {
      "type": "Feature",
      "geometry": {
        "type": "Point",
        "coordinates": [
          -6.2495642,
          53.37158
        ]
      },
      "properties": {
        "osm_id": "w1316674036",
        "name": "Main Restaurant",
        "category": "fast_food",
        "subcategory": "amenity=fast_food",
        "lat": 53.37158,
        "lon": -6.2495642,
        "admin_division": "",
        "county": "dublin"
      }
    }
  ]
}