{
  "type": "FeatureCollection",
  "features": [
    {
      "type": "Feature",
      "geometry": {
        "type": "Point",
        "coordinates": [
          -9.0741292,
          53.2897812
        ]
      },
      "properties": {
        "osm_id": "n280740339",
        "name": "DERI Café",
        "category": "restaurant",
        "subcategory": "amenity=cafe",
        "lat": 53.2897812,
        "lon": -9.0741292,
        "admin_division": "",
        "county": "galway"
      }
    },
    {
      "type": "Feature",
      "geometry": {
        "type": "Point",
        "coordinates": [
          -9.066479,
          53.2886307
        ]
      },
      "properties": {
        "osm_id": "n281089175",
        "name": "",
        "category": "restaurant",
        "subcategory": "amenity=cafe",
        "lat": 53.2886307,
        "lon": -9.066479,
        "admin_division": "",
        "county": "galway"
      }
    },
    {
      "type": "Feature",
      "geometry": {
        "type": "Point",
        "coordinates": [
          -8.9377365,
          53.1387425
        ]
      },
      "properties": {
        "osm_id": "n297217411",
        "name": "Keogh’s",
        "category": "restaurant",
        "subcategory": "amenity=bar",
        "lat": 53.1387425,
        "lon": -8.9377365,
        "admin_division": "Kinvarra, Galway",
        "county": "galway"
      }
    },
    {
      "type": "Feature",
      "geometry": {
        "type": "Point",
        "coordinates": [
          -9.0538332,
          53.2700867
        ]
      },
      "properties": {
        "osm_id": "n401355123",
        "name": "Thai Garden",
        "category": "restaurant",
        "subcategory": "amenity=restaurant",
        "lat": 53.2700867,
        "lon": -9.0538332,
        "admin_division": "Galway",
        "county": "galway"
      }
    },
    {
      "type": "Feature",
      "geometry": {
        "type": "Point",
        "coordinates": [
          -9.9187227,
          53.3956927
        ]
      },
      "properties": {
        "osm_id": "n410915059",
        "name": "Bake-Away Cafe",
        "category": "restaurant",
        "subcategory": "amenity=cafe",
        "lat": 53.3956927,
        "lon": -9.9187227,
        "admin_division": "Roundstone",
        "county": "galway"
      }
    },
    {
      "type": "Feature",
      "geometry": {
        "type": "Point",
        "coordinates": [
          -9.9191498,
          53.3964535
        ]
      },
      "properties": {
        "osm_id": "n410915066",
        "name": "O’Dowd’s",
        "category": "restaurant",
        "subcategory": "amenity=restaurant",
        "lat": 53.3964535,
        "lon": -9.9191498,
        "admin_division": "Roundstone, Galway",
        "county": "galway"
      }
    },
    {
      "type": "Feature",
      "geometry": {
        "type": "Point",
        "coordinates": [
          -9.0520426,
          53.2706897
        ]
      },
      "properties": {
        "osm_id": "n450242341",
        "name": "Arabica Cafe",
        "category": "restaurant",
        "subcategory": "amenity=cafe",
        "lat": 53.2706897,
        "lon": -9.0520426,
        "admin_division": "",
        "county": "galway"
      }
    },
    {
      "type": "Feature",
      "geometry": {
        "type": "Point",
        "coordinates": [
          -9.0605252,
          53.2760613
        ]
      },
      "properties": {
        "osm_id": "n583222596",
        "name": "Here for Now",
        "category": "restaurant",
        "subcategory": "amenity=cafe",
        "lat": 53.2760613,
        "lon": -9.0605252,
        "admin_division": "Galway",
        "county": "galway"
      }
    },
    {
      "type": "Feature",
      "geometry": {
        "type": "Point",
        "coordinates": [
          -9.8921981,
          53.5602264
        ]
      },
      "properties": {
        "osm_id": "n659714434",
        "name": "Kylemore Abbey",
        "category": "restaurant",
        "subcategory": "amenity=restaurant",
        "lat": 53.5602264,
        "lon": -9.8921981,
        "admin_division": "",
        "county": "galway"
      }
    },
    {
      "type": "Feature",
      "geometry": {
        "type": "Point",
        "coordinates": [
          -9.9480378,
          53.5536443
        ]
      },
      "properties": {
        "osm_id": "n659793142",
        "name": "Cloverfox, Bar and Restaurant",
        "category": "restaurant",
        "subcategory": "amenity=restaurant",
        "lat": 53.5536443,
        "lon": -9.9480378,
        "admin_division": "",
        "county": "galway"
      }
    },
    {
      "type": "Feature",
      "geometry": {
        "type": "Point",
        "coordinates": [
          -9.948806,
          53.5534423
        ]
      },
      "properties": {
        "osm_id": "n659793144",
        "name": "Veldon’s Seafarer",
        "category": "restaurant",
        "subcategory": "amenity=restaurant",
        "lat": 53.5534423,
        "lon": -9.948806,
        "admin_division": "Letterfrack, Galway",
        "county": "galway"
      }
    },
    {
      "type": "Feature",
      "geometry": {
        "type": "Point",
        "coordinates": [
          -9.0518244,
          53.2734303
        ]
      },
      "properties": {
        "osm_id": "n699771693",
        "name": "Butlers Chocolate Café",
        "category": "restaurant",
        "subcategory": "amenity=cafe",
        "lat": 53.2734303,
        "lon": -9.0518244,
        "admin_division": "Galway",
        "county": "galway"
      }
    },
    {
      "type": "Feature",
      "geometry": {
        "type": "Point",
        "coordinates": [
          -9.5930002,
          53.0844646
        ]
      },
      "properties": {
        "osm_id": "n783663740",
        "name": "An Dun",
        "category": "restaurant",
        "subcategory": "amenity=restaurant",
        "lat": 53.0844646,
        "lon": -9.5930002,
        "admin_division": "",
        "county": "galway"
      }
    },
    {
      "type": "Feature",
      "geometry": {
        "type": "Point",
        "coordinates": [
          -9.0586058,
          53.2803412
        ]
      },
      "properties": {
        "osm_id": "n917193446",
        "name": "Cloud Cafe",
        "category": "restaurant",
        "subcategory": "amenity=cafe",
        "lat": 53.2803412,
        "lon": -9.0586058,
        "admin_division": "",
        "county": "galway"
      }
    },
    {
      "type": "Feature",
      "geometry": {
        "type": "Point",
        "coordinates": [
          -9.0601628,
          53.2796545
        ]
      },
      "properties": {
        "osm_id": "n918854207",
        "name": "Smokey's",
        "category": "restaurant",
        "subcategory": "amenity=cafe",
        "lat": 53.2796545,
        "lon": -9.0601628,
        "admin_division": "",
        "county": "galway"
      }
    },
    {
      "type": "Feature",
      "geometry": {
        "type": "Point",
        "coordinates": [
          -9.0624481,
          53.2820936
        ]
      },
      "properties": {
        "osm_id": "n919630631",
        "name": "The Wall Café",
        "category": "restaurant",
        "subcategory": "amenity=cafe",
        "lat": 53.2820936,
        "lon": -9.0624481,
        "admin_division": "",
        "county": "galway"
      }
    },
    {
      "type": "Feature",
      "geometry": {
        "type": "Point",
        "coordinates": [
          -9.0609426,
          53.2798522
        ]
      },
      "properties": {
        "osm_id": "n919630632",
        "name": "An Bhialann",
        "category": "restaurant",
        "subcategory": "amenity=restaurant",
        "lat": 53.2798522,
        "lon": -9.0609426,
        "admin_division": "",
        "county": "galway"
      }
    },
    {
      "type": "Feature",
      "geometry": {
        "type": "Point",
        "coordinates": [
          -9.0620848,
          53.279794
        ]
      },
      "properties": {
        "osm_id": "n919630655",
        "name": "Oasis",
        "category": "restaurant",
        "subcategory": "amenity=cafe",
        "lat": 53.279794,
        "lon": -9.0620848,
        "admin_division": "",
        "county": "galway"
      }
    },
    {
      "type": "Feature",
      "geometry": {
        "type": "Point",
        "coordinates": [
          -9.0633126,
          53.2761542
        ]
      },
      "properties": {
        "osm_id": "n919637092",
        "name": "MixGreens",
        "category": "restaurant",
        "subcategory": "amenity=cafe",
        "lat": 53.2761542,
        "lon": -9.0633126,
        "admin_division": "Galway",
        "county": "galway"
      }
    },
    {
      "type": "Feature",
      "geometry": {
        "type": "Point",
        "coordinates": [
          -9.048254,
          53.2738201
        ]
      },
      "properties": {
        "osm_id": "n920226331",
        "name": "MacNeill’s",
        "category": "restaurant",
        "subcategory": "amenity=pub",
        "lat": 53.2738201,
        "lon": -9.048254,
        "admin_division": "Galway, Galway",
        "county": "galway"
      }
    },
    {
      "type": "Feature",
      "geometry": {
        "type": "Point",
        "coordinates": [
          -9.0645202,
          53.2809337
        ]
      },
      "properties": {
        "osm_id": "n920420001",
        "name": "37 West",
        "category": "restaurant",
        "subcategory": "amenity=cafe",
        "lat": 53.2809337,
        "lon": -9.0645202,
        "admin_division": "",
        "county": "galway"
      }
    },
    {
      "type": "Feature",
      "geometry": {
        "type": "Point",
        "coordinates": [
          -8.7476646,
          53.298823
        ]
      },
      "properties": {
        "osm_id": "n925554991",
        "name": "Chinatown",
        "category": "restaurant",
        "subcategory": "amenity=restaurant",
        "lat": 53.298823,
        "lon": -8.7476646,
        "admin_division": "",
        "county": "galway"
      }
    },
    {
      "type": "Feature",
      "geometry": {
        "type": "Point",
        "coordinates": [
          -8.2210462,
          53.3300874
        ]
      },
      "properties": {
        "osm_id": "n1165281258",
        "name": "The Bread Basket",
        "category": "restaurant",
        "subcategory": "amenity=restaurant",
        "lat": 53.3300874,
        "lon": -8.2210462,
        "admin_division": "",
        "county": "galway"
      }
    },
    {
      "type": "Feature",
      "geometry": {
        "type": "Point",
        "coordinates": [
          -9.0333014,
          53.2860277
        ]
      },
      "properties": {
        "osm_id": "n1171456434",
        "name": "Friendly Bistro",
        "category": "restaurant",
        "subcategory": "amenity=restaurant",
        "lat": 53.2860277,
        "lon": -9.0333014,
        "admin_division": "Galway",
        "county": "galway"
      }
    },
    {
      "type": "Feature",
      "geometry": {
        "type": "Point",
        "coordinates": [
          -8.9874614,
          53.2979823
        ]
      },
      "properties": {
        "osm_id": "n1173359674",
        "name": "Table Talk",
        "category": "restaurant",
        "subcategory": "amenity=restaurant",
        "lat": 53.2979823,
        "lon": -8.9874614,
        "admin_division": "",
        "county": "galway"
      }
    },
    {
      "type": "Feature",
      "geometry": {
        "type": "Point",
        "coordinates": [
          -9.0542112,
          53.2702245
        ]
      },
      "properties": {
        "osm_id": "n1224435372",
        "name": "Rè Nao",
        "category": "restaurant",
        "subcategory": "amenity=restaurant",
        "lat": 53.2702245,
        "lon": -9.0542112,
        "admin_division": "Galway",
        "county": "galway"
      }
    },
    {
      "type": "Feature",
      "geometry": {
        "type": "Point",
        "coordinates": [
          -8.5670767,
          53.1987851
        ]
      },
      "properties": {
        "osm_id": "n1257321422",
        "name": "The Weavers Rest",
        "category": "restaurant",
        "subcategory": "amenity=restaurant",
        "lat": 53.1987851,
        "lon": -8.5670767,
        "admin_division": "",
        "county": "galway"
      }
    },
    {
      "type": "Feature",
      "geometry": {
        "type": "Point",
        "coordinates": [
          -8.5677407,
          53.198722
        ]
      },
      "properties": {
        "osm_id": "n1257321494",
        "name": "Hopes Bakery & Coffee Shop",
        "category": "restaurant",
        "subcategory": "amenity=cafe",
        "lat": 53.198722,
        "lon": -8.5677407,
        "admin_division": "",
        "county": "galway"
      }
    },
    {
      "type": "Feature",
      "geometry": {
        "type": "Point",
        "coordinates": [
          -8.5674233,
          53.1985868
        ]
      },
      "properties": {
        "osm_id": "n1257321495",
        "name": "Mai Asian Streetfood",
        "category": "restaurant",
        "subcategory": "amenity=restaurant",
        "lat": 53.1985868,
        "lon": -8.5674233,
        "admin_division": "Loughrea",
        "county": "galway"
      }
    },
    {
      "type": "Feature",
      "geometry": {
        "type": "Point",
        "coordinates": [
          -8.5666554,
          53.1986553
        ]
      },
      "properties": {
        "osm_id": "n1257321525",
        "name": "Il Porcetto",
        "category": "restaurant",
        "subcategory": "amenity=restaurant",
        "lat": 53.1986553,
        "lon": -8.5666554,
        "admin_division": "",
        "county": "galway"
      }
    },
    {
      "type": "Feature",
      "geometry": {
        "type": "Point",
        "coordinates": [
          -9.0530868,
          53.2720449
        ]
      },
      "properties": {
        "osm_id": "n1314931134",
        "name": "The King's Head Bistro",
        "category": "restaurant",
        "subcategory": "amenity=restaurant",
        "lat": 53.2720449,
        "lon": -9.0530868,
        "admin_division": "",
        "county": "galway"
      }
    },
    {
      "type": "Feature",
      "geometry": {
        "type": "Point",
        "coordinates": [
          -9.0754282,
          53.2603086
        ]
      },
      "properties": {
        "osm_id": "n1314972753",
        "name": "Gourmet Tart Co.",
        "category": "restaurant",
        "subcategory": "amenity=cafe",
        "lat": 53.2603086,
        "lon": -9.0754282,
        "admin_division": "Galway",
        "county": "galway"
      }
    },
    {
      "type": "Feature",
      "geometry": {
        "type": "Point",
        "coordinates": [
          -8.8377227,
          53.0926164
        ]
      },
      "properties": {
        "osm_id": "n1315257587",
        "name": "Coole Park Tearooms",
        "category": "restaurant",
        "subcategory": "amenity=cafe",
        "lat": 53.0926164,
        "lon": -8.8377227,
        "admin_division": "",
        "county": "galway"
      }
    },
    {
      "type": "Feature",
      "geometry": {
        "type": "Point",
        "coordinates": [
          -9.5181884,
          53.0627354
        ]
      },
      "properties": {
        "osm_id": "n1332809010",
        "name": "",
        "category": "restaurant",
        "subcategory": "amenity=cafe",
        "lat": 53.0627354,
        "lon": -9.5181884,
        "admin_division": "",
        "county": "galway"
      }
    },
    {
      "type": "Feature",
      "geometry": {
        "type": "Point",
        "coordinates": [
          -9.5256506,
          53.0680509
        ]
      },
      "properties": {
        "osm_id": "n1332809084",
        "name": "Tigh Ned",
        "category": "restaurant",
        "subcategory": "amenity=restaurant",
        "lat": 53.0680509,
        "lon": -9.5256506,
        "admin_division": "",
        "county": "galway"
      }
    },
    {
      "type": "Feature",
      "geometry": {
        "type": "Point",
        "coordinates": [
          -9.518124,
          53.0623561
        ]
      },
      "properties": {
        "osm_id": "n1332809213",
        "name": "Radharc an Chaislean",
        "category": "restaurant",
        "subcategory": "amenity=cafe",
        "lat": 53.0623561,
        "lon": -9.518124,
        "admin_division": "",
        "county": "galway"
      }
    },
    {
      "type": "Feature",
      "geometry": {
        "type": "Point",
        "coordinates": [
          -10.0756203,
          53.4310477
        ]
      },
      "properties": {
        "osm_id": "n1403172188",
        "name": "Keogh's",
        "category": "restaurant",
        "subcategory": "amenity=restaurant",
        "lat": 53.4310477,
        "lon": -10.0756203,
        "admin_division": "Clifden",
        "county": "galway"
      }
    },
    {
      "type": "Feature",
      "geometry": {
        "type": "Point",
        "coordinates": [
          -9.9448518,
          53.5512412
        ]
      },
      "properties": {
        "osm_id": "n1403180124",
        "name": "Hungry Hiker Cafe",
        "category": "restaurant",
        "subcategory": "amenity=cafe",
        "lat": 53.5512412,
        "lon": -9.9448518,
        "admin_division": "",
        "county": "galway"
      }
    },
    {
      "type": "Feature",
      "geometry": {
        "type": "Point",
        "coordinates": [
          -9.0541108,
          53.2712198
        ]
      },
      "properties": {
        "osm_id": "n1403182432",
        "name": "ithe Smashburgers",
        "category": "restaurant",
        "subcategory": "amenity=restaurant",
        "lat": 53.2712198,
        "lon": -9.0541108,
        "admin_division": "Galway",
        "county": "galway"
      }
    },
    {
      "type": "Feature",
      "geometry": {
        "type": "Point",
        "coordinates": [
          -9.0659689,
          53.2842107
        ]
      },
      "properties": {
        "osm_id": "n1417111877",
        "name": "",
        "category": "restaurant",
        "subcategory": "amenity=restaurant",
        "lat": 53.2842107,
        "lon": -9.0659689,
        "admin_division": "",
        "county": "galway"
      }
    },
    {
      "type": "Feature",
      "geometry": {
        "type": "Point",
        "coordinates": [
          -9.0633815,
          53.2836858
        ]
      },
      "properties": {
        "osm_id": "n1417111878",
        "name": "Zinc Cafe",
        "category": "restaurant",
        "subcategory": "amenity=restaurant",
        "lat": 53.2836858,
        "lon": -9.0633815,
        "admin_division": "",
        "county": "galway"
      }
    },
    {
      "type": "Feature",
      "geometry": {
        "type": "Point",
        "coordinates": [
          -8.571037,
          53.1986859
        ]
      },
      "properties": {
        "osm_id": "n1419741832",
        "name": "Amigo's Ristorante",
        "category": "restaurant",
        "subcategory": "amenity=restaurant",
        "lat": 53.1986859,
        "lon": -8.571037,
        "admin_division": "",
        "county": "galway"
      }
    },
    {
      "type": "Feature",
      "geometry": {
        "type": "Point",
        "coordinates": [
          -9.0516417,
          53.2729556
        ]
      },
      "properties": {
        "osm_id": "n1450476183",
        "name": "Food for Thought",
        "category": "restaurant",
        "subcategory": "amenity=restaurant",
        "lat": 53.2729556,
        "lon": -9.0516417,
        "admin_division": "Galway",
        "county": "galway"
      }
    },
    {
      "type": "Feature",
      "geometry": {
        "type": "Point",
        "coordinates": [
          -9.0609027,
          53.2696893
        ]
      },
      "properties": {
        "osm_id": "n1469221574",
        "name": "Woozza Pizza Takeaway",
        "category": "restaurant",
        "subcategory": "amenity=restaurant",
        "lat": 53.2696893,
        "lon": -9.0609027,
        "admin_division": "Galway",
        "county": "galway"
      }
    },
    {
      "type": "Feature",
      "geometry": {
        "type": "Point",
        "coordinates": [
          -9.0540652,
          53.2710209
        ]
      },
      "properties": {
        "osm_id": "n1469413984",
        "name": "Freddy’s",
        "category": "restaurant",
        "subcategory": "amenity=restaurant",
        "lat": 53.2710209,
        "lon": -9.0540652,
        "admin_division": "Galway, Galway",
        "county": "galway"
      }
    },
    {
      "type": "Feature",
      "geometry": {
        "type": "Point",
        "coordinates": [
          -9.0542464,
          53.270845
        ]
      },
      "properties": {
        "osm_id": "n1469413999",
        "name": "Starbucks",
        "category": "restaurant",
        "subcategory": "amenity=cafe",
        "lat": 53.270845,
        "lon": -9.0542464,
        "admin_division": "Galway",
        "county": "galway"
      }
    },
    {
      "type": "Feature",
      "geometry": {
        "type": "Point",
        "coordinates": [
          -9.0541877,
          53.2708975
        ]
      },
      "properties": {
        "osm_id": "n1469414003",
        "name": "Martine's",
        "category": "restaurant",
        "subcategory": "amenity=restaurant",
        "lat": 53.2708975,
        "lon": -9.0541877,
        "admin_division": "Galway",
        "county": "galway"
      }
    },
    {
      "type": "Feature",
      "geometry": {
        "type": "Point",
        "coordinates": [
          -9.053884,
          53.2712497
        ]
      },
      "properties": {
        "osm_id": "n1469414017",
        "name": "The Charcoal Grill",
        "category": "restaurant",
        "subcategory": "amenity=restaurant",
        "lat": 53.2712497,
        "lon": -9.053884,
        "admin_division": "Galway",
        "county": "galway"
      }
    },
    {
      "type": "Feature",
      "geometry": {
        "type": "Point",
        "coordinates": [
          -9.0542012,
          53.2710999
        ]
      },
      "properties": {
        "osm_id": "n1469414029",
        "name": "Trattoria Magnetti",
        "category": "restaurant",
        "subcategory": "amenity=restaurant",
        "lat": 53.2710999,
        "lon": -9.0542012,
        "admin_division": "Galway",
        "county": "galway"
      }
    },
    {
      "type": "Feature",
      "geometry": {
        "type": "Point",
        "coordinates": [
          -9.0535238,
          53.2720545
        ]
      },
      "properties": {
        "osm_id": "n1469613203",
        "name": "Álainn",
        "category": "restaurant",
        "subcategory": "amenity=cafe",
        "lat": 53.2720545,
        "lon": -9.0535238,
        "admin_division": "Galway",
        "county": "galway"
      }
    },
    {
      "type": "Feature",
      "geometry": {
        "type": "Point",
        "coordinates": [
          -9.0536069,
          53.2715932
        ]
      },
      "properties": {
        "osm_id": "n1469613206",
        "name": "Nana's Tea",
        "category": "restaurant",
        "subcategory": "amenity=cafe",
        "lat": 53.2715932,
        "lon": -9.0536069,
        "admin_division": "Galway",
        "county": "galway"
      }
    },
    {
      "type": "Feature",
      "geometry": {
        "type": "Point",
        "coordinates": [
          -9.0572361,
          53.2704897
        ]
      },
      "properties": {
        "osm_id": "n1477211194",
        "name": "Rouge",
        "category": "restaurant",
        "subcategory": "amenity=restaurant",
        "lat": 53.2704897,
        "lon": -9.0572361,
        "admin_division": "Galway",
        "county": "galway"
      }
    },
    {
      "type": "Feature",
      "geometry": {
        "type": "Point",
        "coordinates": [
          -9.0536423,
          53.2743125
        ]
      },
      "properties": {
        "osm_id": "n1556794584",
        "name": "Pasta Factory",
        "category": "restaurant",
        "subcategory": "amenity=restaurant",
        "lat": 53.2743125,
        "lon": -9.0536423,
        "admin_division": "Galway, Galway",
        "county": "galway"
      }
    },
    {
      "type": "Feature",
      "geometry": {
        "type": "Point",
        "coordinates": [
          -8.4995549,
          53.4710723
        ]
      },
      "properties": {
        "osm_id": "n1576429079",
        "name": "Coffee Domain",
        "category": "restaurant",
        "subcategory": "amenity=cafe",
        "lat": 53.4710723,
        "lon": -8.4995549,
        "admin_division": "",
        "county": "galway"
      }
    },
    {
      "type": "Feature",
      "geometry": {
        "type": "Point",
        "coordinates": [
          -9.0740169,
          53.2597974
        ]
      },
      "properties": {
        "osm_id": "n1595768119",
        "name": "Ground & Co.",
        "category": "restaurant",
        "subcategory": "amenity=cafe",
        "lat": 53.2597974,
        "lon": -9.0740169,
        "admin_division": "Galway",
        "county": "galway"
      }
    },
    {
      "type": "Feature",
      "geometry": {
        "type": "Point",
        "coordinates": [
          -9.0526294,
          53.2719167
        ]
      },
      "properties": {
        "osm_id": "n1595809322",
        "name": "Woozza",
        "category": "restaurant",
        "subcategory": "amenity=restaurant",
        "lat": 53.2719167,
        "lon": -9.0526294,
        "admin_division": "Galway",
        "county": "galway"
      }
    },
    {
      "type": "Feature",
      "geometry": {
        "type": "Point",
        "coordinates": [
          -8.9281549,
          53.2687641
        ]
      },
      "properties": {
        "osm_id": "n1599830495",
        "name": "Péarla na Mara",
        "category": "restaurant",
        "subcategory": "amenity=restaurant",
        "lat": 53.2687641,
        "lon": -8.9281549,
        "admin_division": "Oranmore",
        "county": "galway"
      }
    },
    {
      "type": "Feature",
      "geometry": {
        "type": "Point",
        "coordinates": [
          -9.0163863,
          53.3753539
        ]
      },
      "properties": {
        "osm_id": "n1601684116",
        "name": "Regans",
        "category": "restaurant",
        "subcategory": "amenity=pub",
        "lat": 53.3753539,
        "lon": -9.0163863,
        "admin_division": "Cloonboo",
        "county": "galway"
      }
    },
    {
      "type": "Feature",
      "geometry": {
        "type": "Point",
        "coordinates": [
          -8.8984041,
          53.6126633
        ]
      },
      "properties": {
        "osm_id": "n1604412700",
        "name": "Finn's",
        "category": "restaurant",
        "subcategory": "amenity=restaurant",
        "lat": 53.6126633,
        "lon": -8.8984041,
        "admin_division": "",
        "county": "galway"
      }
    },
    {
      "type": "Feature",
      "geometry": {
        "type": "Point",
        "coordinates": [
          -9.0337771,
          53.2813856
        ]
      },
      "properties": {
        "osm_id": "n1719691808",
        "name": "The Huntsman Inn",
        "category": "restaurant",
        "subcategory": "amenity=pub",
        "lat": 53.2813856,
        "lon": -9.0337771,
        "admin_division": "Galway, Galway",
        "county": "galway"
      }
    },
    {
      "type": "Feature",
      "geometry": {
        "type": "Point",
        "coordinates": [
          -9.053488,
          53.2745183
        ]
      },
      "properties": {
        "osm_id": "n1729167423",
        "name": "Asian Tea House",
        "category": "restaurant",
        "subcategory": "amenity=restaurant",
        "lat": 53.2745183,
        "lon": -9.053488,
        "admin_division": "Galway",
        "county": "galway"
      }
    },
    {
      "type": "Feature",
      "geometry": {
        "type": "Point",
        "coordinates": [
          -9.0117786,
          53.2855506
        ]
      },
      "properties": {
        "osm_id": "n1729288374",
        "name": "China Court",
        "category": "restaurant",
        "subcategory": "amenity=restaurant",
        "lat": 53.2855506,
        "lon": -9.0117786,
        "admin_division": "",
        "county": "galway"
      }
    },
    {
      "type": "Feature",
      "geometry": {
        "type": "Point",
        "coordinates": [
          -9.0756551,
          53.2600259
        ]
      },
      "properties": {
        "osm_id": "n1731007157",
        "name": "Black Cat",
        "category": "restaurant",
        "subcategory": "amenity=restaurant",
        "lat": 53.2600259,
        "lon": -9.0756551,
        "admin_division": "Galway",
        "county": "galway"
      }
    },
    {
      "type": "Feature",
      "geometry": {
        "type": "Point",
        "coordinates": [
          -9.0045794,
          53.2910137
        ]
      },
      "properties": {
        "osm_id": "n1734304548",
        "name": "Cruinniú",
        "category": "restaurant",
        "subcategory": "amenity=cafe",
        "lat": 53.2910137,
        "lon": -9.0045794,
        "admin_division": "Galway",
        "county": "galway"
      }
    },
    {
      "type": "Feature",
      "geometry": {
        "type": "Point",
        "coordinates": [
          -9.015527,
          53.2908402
        ]
      },
      "properties": {
        "osm_id": "n1734431073",
        "name": "Royal Rock Cafe",
        "category": "restaurant",
        "subcategory": "amenity=cafe",
        "lat": 53.2908402,
        "lon": -9.015527,
        "admin_division": "",
        "county": "galway"
      }
    },
    {
      "type": "Feature",
      "geometry": {
        "type": "Point",
        "coordinates": [
          -9.0171503,
          53.2940529
        ]
      },
      "properties": {
        "osm_id": "n1734467917",
        "name": "The Galway Plate",
        "category": "restaurant",
        "subcategory": "amenity=restaurant",
        "lat": 53.2940529,
        "lon": -9.0171503,
        "admin_division": "",
        "county": "galway"
      }
    },
    {
      "type": "Feature",
      "geometry": {
        "type": "Point",
        "coordinates": [
          -8.9999608,
          53.2894589
        ]
      },
      "properties": {
        "osm_id": "n1734538947",
        "name": "Bethlehem",
        "category": "restaurant",
        "subcategory": "amenity=restaurant",
        "lat": 53.2894589,
        "lon": -8.9999608,
        "admin_division": "",
        "county": "galway"
      }
    },
    {
      "type": "Feature",
      "geometry": {
        "type": "Point",
        "coordinates": [
          -9.0266725,
          53.2851741
        ]
      },
      "properties": {
        "osm_id": "n1735759390",
        "name": "O'Briens",
        "category": "restaurant",
        "subcategory": "amenity=cafe",
        "lat": 53.2851741,
        "lon": -9.0266725,
        "admin_division": "",
        "county": "galway"
      }
    },
    {
      "type": "Feature",
      "geometry": {
        "type": "Point",
        "coordinates": [
          -9.0237364,
          53.2772397
        ]
      },
      "properties": {
        "osm_id": "n1735817343",
        "name": "The Full Duck",
        "category": "restaurant",
        "subcategory": "amenity=cafe",
        "lat": 53.2772397,
        "lon": -9.0237364,
        "admin_division": "Galway",
        "county": "galway"
      }
    },
    {
      "type": "Feature",
      "geometry": {
        "type": "Point",
        "coordinates": [
          -9.1509383,
          53.2494993
        ]
      },
      "properties": {
        "osm_id": "n1736554369",
        "name": "O'Grady's On The Pier",
        "category": "restaurant",
        "subcategory": "amenity=restaurant",
        "lat": 53.2494993,
        "lon": -9.1509383,
        "admin_division": "",
        "county": "galway"
      }
    },
    {
      "type": "Feature",
      "geometry": {
        "type": "Point",
        "coordinates": [
          -9.1127694,
          53.2619486
        ]
      },
      "properties": {
        "osm_id": "n1740402236",
        "name": "Seacrest Kafe",
        "category": "restaurant",
        "subcategory": "amenity=cafe",
        "lat": 53.2619486,
        "lon": -9.1127694,
        "admin_division": "Galway",
        "county": "galway"
      }
    },
    {
      "type": "Feature",
      "geometry": {
        "type": "Point",
        "coordinates": [
          -9.0507795,
          53.2753713
        ]
      },
      "properties": {
        "osm_id": "n1742807774",
        "name": "Kettle Cafe",
        "category": "restaurant",
        "subcategory": "amenity=cafe",
        "lat": 53.2753713,
        "lon": -9.0507795,
        "admin_division": "Galway",
        "county": "galway"
      }
    },
    {
      "type": "Feature",
      "geometry": {
        "type": "Point",
        "coordinates": [
          -9.0508472,
          53.2746167
        ]
      },
      "properties": {
        "osm_id": "n1743489570",
        "name": "1810 Restaurant and Bar",
        "category": "restaurant",
        "subcategory": "amenity=restaurant",
        "lat": 53.2746167,
        "lon": -9.0508472,
        "admin_division": "Galway, Galway",
        "county": "galway"
      }
    },
    {
      "type": "Feature",
      "geometry": {
        "type": "Point",
        "coordinates": [
          -9.050442,
          53.2743015
        ]
      },
      "properties": {
        "osm_id": "n1743517635",
        "name": "Adams Green Provisions",
        "category": "restaurant",
        "subcategory": "amenity=cafe",
        "lat": 53.2743015,
        "lon": -9.050442,
        "admin_division": "Galway",
        "county": "galway"
      }
    },
    {
      "type": "Feature",
      "geometry": {
        "type": "Point",
        "coordinates": [
          -9.0508067,
          53.2741033
        ]
      },
      "properties": {
        "osm_id": "n1743517642",
        "name": "The GBC",
        "category": "restaurant",
        "subcategory": "amenity=restaurant",
        "lat": 53.2741033,
        "lon": -9.0508067,
        "admin_division": "Galway",
        "county": "galway"
      }
    },
    {
      "type": "Feature",
      "geometry": {
        "type": "Point",
        "coordinates": [
          -9.1028437,
          53.2630488
        ]
      },
      "properties": {
        "osm_id": "n1748715756",
        "name": "Capones",
        "category": "restaurant",
        "subcategory": "amenity=restaurant",
        "lat": 53.2630488,
        "lon": -9.1028437,
        "admin_division": "Galway",
        "county": "galway"
      }
    },
    {
      "type": "Feature",
      "geometry": {
        "type": "Point",
        "coordinates": [
          -9.0713825,
          53.2628395
        ]
      },
      "properties": {
        "osm_id": "n1751219167",
        "name": "Chef Laura Rosso",
        "category": "restaurant",
        "subcategory": "amenity=restaurant",
        "lat": 53.2628395,
        "lon": -9.0713825,
        "admin_division": "Galway",
        "county": "galway"
      }
    },
    {
      "type": "Feature",
      "geometry": {
        "type": "Point",
        "coordinates": [
          -9.0800041,
          53.2583506
        ]
      },
      "properties": {
        "osm_id": "n1751707440",
        "name": "Coco Café",
        "category": "restaurant",
        "subcategory": "amenity=cafe",
        "lat": 53.2583506,
        "lon": -9.0800041,
        "admin_division": "Galway",
        "county": "galway"
      }
    },
    {
      "type": "Feature",
      "geometry": {
        "type": "Point",
        "coordinates": [
          -9.0600524,
          53.2678153
        ]
      },
      "properties": {
        "osm_id": "n1754853151",
        "name": "Anton's",
        "category": "restaurant",
        "subcategory": "amenity=cafe",
        "lat": 53.2678153,
        "lon": -9.0600524,
        "admin_division": "Galway",
        "county": "galway"
      }
    },
    {
      "type": "Feature",
      "geometry": {
        "type": "Point",
        "coordinates": [
          -9.0758573,
          53.2603287
        ]
      },
      "properties": {
        "osm_id": "n1760050067",
        "name": "The Galleon",
        "category": "restaurant",
        "subcategory": "amenity=restaurant",
        "lat": 53.2603287,
        "lon": -9.0758573,
        "admin_division": "Galway",
        "county": "galway"
      }
    },
    {
      "type": "Feature",
      "geometry": {
        "type": "Point",
        "coordinates": [
          -9.6937716,
          53.5966294
        ]
      },
      "properties": {
        "osm_id": "n1789914288",
        "name": "",
        "category": "restaurant",
        "subcategory": "amenity=cafe",
        "lat": 53.5966294,
        "lon": -9.6937716,
        "admin_division": "",
        "county": "galway"
      }
    },
    {
      "type": "Feature",
      "geometry": {
        "type": "Point",
        "coordinates": [
          -8.9302639,
          53.2675612
        ]
      },
      "properties": {
        "osm_id": "n1797364448",
        "name": "Royal Villa",
        "category": "restaurant",
        "subcategory": "amenity=restaurant",
        "lat": 53.2675612,
        "lon": -8.9302639,
        "admin_division": "Oranmore",
        "county": "galway"
      }
    },
    {
      "type": "Feature",
      "geometry": {
        "type": "Point",
        "coordinates": [
          -10.0225161,
          53.4887
        ]
      },
      "properties": {
        "osm_id": "n1809978643",
        "name": "Marconi Restaurant",
        "category": "restaurant",
        "subcategory": "amenity=restaurant",
        "lat": 53.4887,
        "lon": -10.0225161,
        "admin_division": "Clifden, Galway",
        "county": "galway"
      }
    },
    {
      "type": "Feature",
      "geometry": {
        "type": "Point",
        "coordinates": [
          -10.0225402,
          53.4884404
        ]
      },
      "properties": {
        "osm_id": "n1809978647",
        "name": "E.J. Kings Bar & Restaurant",
        "category": "restaurant",
        "subcategory": "amenity=pub",
        "lat": 53.4884404,
        "lon": -10.0225402,
        "admin_division": "Clifden, Galway",
        "county": "galway"
      }
    },
    {
      "type": "Feature",
      "geometry": {
        "type": "Point",
        "coordinates": [
          -10.0221594,
          53.488574
        ]
      },
      "properties": {
        "osm_id": "n1809978651",
        "name": "Guy’s Bar",
        "category": "restaurant",
        "subcategory": "amenity=pub",
        "lat": 53.488574,
        "lon": -10.0221594,
        "admin_division": "Clifden, Galway",
        "county": "galway"
      }
    },
    {
      "type": "Feature",
      "geometry": {
        "type": "Point",
        "coordinates": [
          -10.021285,
          53.487564
        ]
      },
      "properties": {
        "osm_id": "n1809978652",
        "name": "Jasmine Garden",
        "category": "restaurant",
        "subcategory": "amenity=restaurant",
        "lat": 53.487564,
        "lon": -10.021285,
        "admin_division": "",
        "county": "galway"
      }
    },
    {
      "type": "Feature",
      "geometry": {
        "type": "Point",
        "coordinates": [
          -10.0221319,
          53.4881155
        ]
      },
      "properties": {
        "osm_id": "n1809978657",
        "name": "Mitchell's",
        "category": "restaurant",
        "subcategory": "amenity=restaurant",
        "lat": 53.4881155,
        "lon": -10.0221319,
        "admin_division": "",
        "county": "galway"
      }
    },
    {
      "type": "Feature",
      "geometry": {
        "type": "Point",
        "coordinates": [
          -8.7413724,
          53.6187864
        ]
      },
      "properties": {
        "osm_id": "n1813929450",
        "name": "",
        "category": "restaurant",
        "subcategory": "amenity=cafe",
        "lat": 53.6187864,
        "lon": -8.7413724,
        "admin_division": "",
        "county": "galway"
      }
    },
    {
      "type": "Feature",
      "geometry": {
        "type": "Point",
        "coordinates": [
          -9.0582427,
          53.2799459
        ]
      },
      "properties": {
        "osm_id": "n1819094943",
        "name": "Moffetts Restaurant",
        "category": "restaurant",
        "subcategory": "amenity=restaurant",
        "lat": 53.2799459,
        "lon": -9.0582427,
        "admin_division": "",
        "county": "galway"
      }
    },
    {
      "type": "Feature",
      "geometry": {
        "type": "Point",
        "coordinates": [
          -9.1805097,
          53.3379339
        ]
      },
      "properties": {
        "osm_id": "n1821214926",
        "name": "White Gables",
        "category": "restaurant",
        "subcategory": "amenity=restaurant",
        "lat": 53.3379339,
        "lon": -9.1805097,
        "admin_division": "",
        "county": "galway"
      }
    },
    {
      "type": "Feature",
      "geometry": {
        "type": "Point",
        "coordinates": [
          -8.9380824,
          53.1404011
        ]
      },
      "properties": {
        "osm_id": "n1824359893",
        "name": "Pier Head Bar and Restaurant",
        "category": "restaurant",
        "subcategory": "amenity=restaurant",
        "lat": 53.1404011,
        "lon": -8.9380824,
        "admin_division": "",
        "county": "galway"
      }
    },
    {
      "type": "Feature",
      "geometry": {
        "type": "Point",
        "coordinates": [
          -9.0529102,
          53.2735376
        ]
      },
      "properties": {
        "osm_id": "n1831217334",
        "name": "Finnegan’s",
        "category": "restaurant",
        "subcategory": "amenity=restaurant",
        "lat": 53.2735376,
        "lon": -9.0529102,
        "admin_division": "Galway, Galway",
        "county": "galway"
      }
    },
    {
      "type": "Feature",
      "geometry": {
        "type": "Point",
        "coordinates": [
          -9.1243991,
          53.2621873
        ]
      },
      "properties": {
        "osm_id": "n1865533608",
        "name": "Wokbaba",
        "category": "restaurant",
        "subcategory": "amenity=restaurant",
        "lat": 53.2621873,
        "lon": -9.1243991,
        "admin_division": "Galway",
        "county": "galway"
      }
    },
    {
      "type": "Feature",
      "geometry": {
        "type": "Point",
        "coordinates": [
          -9.0528436,
          53.2746725
        ]
      },
      "properties": {
        "osm_id": "n1865541850",
        "name": "Brasserie on the Corner",
        "category": "restaurant",
        "subcategory": "amenity=restaurant",
        "lat": 53.2746725,
        "lon": -9.0528436,
        "admin_division": "Galway",
        "county": "galway"
      }
    },
    {
      "type": "Feature",
      "geometry": {
        "type": "Point",
        "coordinates": [
          -9.0633139,
          53.2767401
        ]
      },
      "properties": {
        "osm_id": "n1865555089",
        "name": "Mr Waffle",
        "category": "restaurant",
        "subcategory": "amenity=cafe",
        "lat": 53.2767401,
        "lon": -9.0633139,
        "admin_division": "Galway",
        "county": "galway"
      }
    },
    {
      "type": "Feature",
      "geometry": {
        "type": "Point",
        "coordinates": [
          -9.0537941,
          53.2703928
        ]
      },
      "properties": {
        "osm_id": "n1865563621",
        "name": "Kumars Taste Of Asia",
        "category": "restaurant",
        "subcategory": "amenity=restaurant",
        "lat": 53.2703928,
        "lon": -9.0537941,
        "admin_division": "Galway",
        "county": "galway"
      }
    },
    {
      "type": "Feature",
      "geometry": {
        "type": "Point",
        "coordinates": [
          -9.0530896,
          53.2737392
        ]
      },
      "properties": {
        "osm_id": "n1865566814",
        "name": "Java's",
        "category": "restaurant",
        "subcategory": "amenity=cafe",
        "lat": 53.2737392,
        "lon": -9.0530896,
        "admin_division": "Galway",
        "county": "galway"
      }
    },
    {
      "type": "Feature",
      "geometry": {
        "type": "Point",
        "coordinates": [
          -9.0752341,
          53.260963
        ]
      },
      "properties": {
        "osm_id": "n1866986474",
        "name": "Mocha Beans",
        "category": "restaurant",
        "subcategory": "amenity=cafe",
        "lat": 53.260963,
        "lon": -9.0752341,
        "admin_division": "Galway",
        "county": "galway"
      }
    },
    {
      "type": "Feature",
      "geometry": {
        "type": "Point",
        "coordinates": [
          -9.00798,
          53.2792864
        ]
      },
      "properties": {
        "osm_id": "n1867148526",
        "name": "",
        "category": "restaurant",
        "subcategory": "amenity=cafe",
        "lat": 53.2792864,
        "lon": -9.00798,
        "admin_division": "",
        "county": "galway"
      }
    },
    {
      "type": "Feature",
      "geometry": {
        "type": "Point",
        "coordinates": [
          -9.0585255,
          53.2700581
        ]
      },
      "properties": {
        "osm_id": "n1867214279",
        "name": "Oscars",
        "category": "restaurant",
        "subcategory": "amenity=restaurant",
        "lat": 53.2700581,
        "lon": -9.0585255,
        "admin_division": "Galway",
        "county": "galway"
      }
    },
    {
      "type": "Feature",
      "geometry": {
        "type": "Point",
        "coordinates": [
          -9.1541017,
          53.249579
        ]
      },
      "properties": {
        "osm_id": "n1868469569",
        "name": "Mulberry's",
        "category": "restaurant",
        "subcategory": "amenity=restaurant",
        "lat": 53.249579,
        "lon": -9.1541017,
        "admin_division": "",
        "county": "galway"
      }
    },
    {
      "type": "Feature",
      "geometry": {
        "type": "Point",
        "coordinates": [
          -9.155619,
          53.250483
        ]
      },
      "properties": {
        "osm_id": "n1868469870",
        "name": "Ground & Co.",
        "category": "restaurant",
        "subcategory": "amenity=cafe",
        "lat": 53.250483,
        "lon": -9.155619,
        "admin_division": "Barna",
        "county": "galway"
      }
    },
    {
      "type": "Feature",
      "geometry": {
        "type": "Point",
        "coordinates": [
          -9.0509449,
          53.2755494
        ]
      },
      "properties": {
        "osm_id": "n1870080314",
        "name": "Renzo",
        "category": "restaurant",
        "subcategory": "amenity=cafe",
        "lat": 53.2755494,
        "lon": -9.0509449,
        "admin_division": "Galway",
        "county": "galway"
      }
    },
    {
      "type": "Feature",
      "geometry": {
        "type": "Point",
        "coordinates": [
          -9.0518287,
          53.272162
        ]
      },
      "properties": {
        "osm_id": "n1870082188",
        "name": "Tulsi",
        "category": "restaurant",
        "subcategory": "amenity=restaurant",
        "lat": 53.272162,
        "lon": -9.0518287,
        "admin_division": "",
        "county": "galway"
      }
    },
    {
      "type": "Feature",
      "geometry": {
        "type": "Point",
        "coordinates": [
          -9.052808,
          53.27176
        ]
      },
      "properties": {
        "osm_id": "n1874232320",
        "name": "Milano",
        "category": "restaurant",
        "subcategory": "amenity=restaurant",
        "lat": 53.27176,
        "lon": -9.052808,
        "admin_division": "Galway",
        "county": "galway"
      }
    },
    {
      "type": "Feature",
      "geometry": {
        "type": "Point",
        "coordinates": [
          -9.0530153,
          53.2711732
        ]
      },
      "properties": {
        "osm_id": "n1875734589",
        "name": "Mocha Beans",
        "category": "restaurant",
        "subcategory": "amenity=cafe",
        "lat": 53.2711732,
        "lon": -9.0530153,
        "admin_division": "Galway",
        "county": "galway"
      }
    },
    {
      "type": "Feature",
      "geometry": {
        "type": "Point",
        "coordinates": [
          -8.9372685,
          53.1389458
        ]
      },
      "properties": {
        "osm_id": "n1879519026",
        "name": "Fox's of Kinvara",
        "category": "restaurant",
        "subcategory": "amenity=restaurant",
        "lat": 53.1389458,
        "lon": -8.9372685,
        "admin_division": "",
        "county": "galway"
      }
    },
    {
      "type": "Feature",
      "geometry": {
        "type": "Point",
        "coordinates": [
          -8.8233076,
          53.2648897
        ]
      },
      "properties": {
        "osm_id": "n1881215445",
        "name": "Mother Hubbards",
        "category": "restaurant",
        "subcategory": "amenity=restaurant",
        "lat": 53.2648897,
        "lon": -8.8233076,
        "admin_division": "",
        "county": "galway"
      }
    },
    {
      "type": "Feature",
      "geometry": {
        "type": "Point",
        "coordinates": [
          -8.8807606,
          53.2284905
        ]
      },
      "properties": {
        "osm_id": "n1881274944",
        "name": "",
        "category": "restaurant",
        "subcategory": "amenity=restaurant",
        "lat": 53.2284905,
        "lon": -8.8807606,
        "admin_division": "",
        "county": "galway"
      }
    },
    {
      "type": "Feature",
      "geometry": {
        "type": "Point",
        "coordinates": [
          -8.8797168,
          53.2272039
        ]
      },
      "properties": {
        "osm_id": "n1881372301",
        "name": "Claires Tea Rooms",
        "category": "restaurant",
        "subcategory": "amenity=cafe",
        "lat": 53.2272039,
        "lon": -8.8797168,
        "admin_division": "",
        "county": "galway"
      }
    },
    {
      "type": "Feature",
      "geometry": {
        "type": "Point",
        "coordinates": [
          -8.8814514,
          53.2273199
        ]
      },
      "properties": {
        "osm_id": "n1881372305",
        "name": "Coral Manor Chinese",
        "category": "restaurant",
        "subcategory": "amenity=restaurant",
        "lat": 53.2273199,
        "lon": -8.8814514,
        "admin_division": "",
        "county": "galway"
      }
    },
    {
      "type": "Feature",
      "geometry": {
        "type": "Point",
        "coordinates": [
          -8.8807165,
          53.228157
        ]
      },
      "properties": {
        "osm_id": "n1881372319",
        "name": "Paddy Burkes",
        "category": "restaurant",
        "subcategory": "amenity=restaurant",
        "lat": 53.228157,
        "lon": -8.8807165,
        "admin_division": "",
        "county": "galway"
      }
    },
    {
      "type": "Feature",
      "geometry": {
        "type": "Point",
        "coordinates": [
          -8.8814721,
          53.2273418
        ]
      },
      "properties": {
        "osm_id": "n1881372322",
        "name": "Poppy Seed Cafe",
        "category": "restaurant",
        "subcategory": "amenity=cafe",
        "lat": 53.2273418,
        "lon": -8.8814721,
        "admin_division": "",
        "county": "galway"
      }
    },
    {
      "type": "Feature",
      "geometry": {
        "type": "Point",
        "coordinates": [
          -8.8686867,
          53.2096768
        ]
      },
      "properties": {
        "osm_id": "n1881449489",
        "name": "The Poets Corner",
        "category": "restaurant",
        "subcategory": "amenity=restaurant",
        "lat": 53.2096768,
        "lon": -8.8686867,
        "admin_division": "",
        "county": "galway"
      }
    },
    {
      "type": "Feature",
      "geometry": {
        "type": "Point",
        "coordinates": [
          -8.2183487,
          53.0926593
        ]
      },
      "properties": {
        "osm_id": "n1883622357",
        "name": "Cafe Rose",
        "category": "restaurant",
        "subcategory": "amenity=cafe",
        "lat": 53.0926593,
        "lon": -8.2183487,
        "admin_division": "",
        "county": "galway"
      }
    },
    {
      "type": "Feature",
      "geometry": {
        "type": "Point",
        "coordinates": [
          -8.2196406,
          53.0922964
        ]
      },
      "properties": {
        "osm_id": "n1883622359",
        "name": "Golden City",
        "category": "restaurant",
        "subcategory": "amenity=restaurant",
        "lat": 53.0922964,
        "lon": -8.2196406,
        "admin_division": "",
        "county": "galway"
      }
    },
    {
      "type": "Feature",
      "geometry": {
        "type": "Point",
        "coordinates": [
          -8.2207854,
          53.0915053
        ]
      },
      "properties": {
        "osm_id": "n1883622366",
        "name": "Modena",
        "category": "restaurant",
        "subcategory": "amenity=restaurant",
        "lat": 53.0915053,
        "lon": -8.2207854,
        "admin_division": "",
        "county": "galway"
      }
    },
    {
      "type": "Feature",
      "geometry": {
        "type": "Point",
        "coordinates": [
          -9.5983105,
          53.2639991
        ]
      },
      "properties": {
        "osm_id": "n1889252553",
        "name": "Royal Villa",
        "category": "restaurant",
        "subcategory": "amenity=restaurant",
        "lat": 53.2639991,
        "lon": -9.5983105,
        "admin_division": "",
        "county": "galway"
      }
    },
    {
      "type": "Feature",
      "geometry": {
        "type": "Point",
        "coordinates": [
          -9.0548462,
          53.2765057
        ]
      },
      "properties": {
        "osm_id": "n1901946220",
        "name": "Corrib House Tearooms",
        "category": "restaurant",
        "subcategory": "amenity=cafe",
        "lat": 53.2765057,
        "lon": -9.0548462,
        "admin_division": "",
        "county": "galway"
      }
    },
    {
      "type": "Feature",
      "geometry": {
        "type": "Point",
        "coordinates": [
          -8.9836895,
          53.2859775
        ]
      },
      "properties": {
        "osm_id": "n1986137182",
        "name": "Chan's Chinese",
        "category": "restaurant",
        "subcategory": "amenity=restaurant",
        "lat": 53.2859775,
        "lon": -8.9836895,
        "admin_division": "",
        "county": "galway"
      }
    },
    {
      "type": "Feature",
      "geometry": {
        "type": "Point",
        "coordinates": [
          -8.7034702,
          53.3745439
        ]
      },
      "properties": {
        "osm_id": "n1988647582",
        "name": "Little Bake House",
        "category": "restaurant",
        "subcategory": "amenity=cafe",
        "lat": 53.3745439,
        "lon": -8.7034702,
        "admin_division": "",
        "county": "galway"
      }
    },
    {
      "type": "Feature",
      "geometry": {
        "type": "Point",
        "coordinates": [
          -9.0531671,
          53.2747874
        ]
      },
      "properties": {
        "osm_id": "n2034562900",
        "name": "Gourmet Tart Co.",
        "category": "restaurant",
        "subcategory": "amenity=cafe",
        "lat": 53.2747874,
        "lon": -9.0531671,
        "admin_division": "Galway",
        "county": "galway"
      }
    },
    {
      "type": "Feature",
      "geometry": {
        "type": "Point",
        "coordinates": [
          -8.9271123,
          53.2779532
        ]
      },
      "properties": {
        "osm_id": "n2037121433",
        "name": "Grain & Grill Restaurant",
        "category": "restaurant",
        "subcategory": "amenity=restaurant",
        "lat": 53.2779532,
        "lon": -8.9271123,
        "admin_division": "Oranmore",
        "county": "galway"
      }
    },
    {
      "type": "Feature",
      "geometry": {
        "type": "Point",
        "coordinates": [
          -8.749259,
          53.2935709
        ]
      },
      "properties": {
        "osm_id": "n2046908594",
        "name": "Mocha Beans",
        "category": "restaurant",
        "subcategory": "amenity=cafe",
        "lat": 53.2935709,
        "lon": -8.749259,
        "admin_division": "",
        "county": "galway"
      }
    },
    {
      "type": "Feature",
      "geometry": {
        "type": "Point",
        "coordinates": [
          -9.0148498,
          53.278104
        ]
      },
      "properties": {
        "osm_id": "n2051809020",
        "name": "Galwegians Restaurant",
        "category": "restaurant",
        "subcategory": "amenity=restaurant",
        "lat": 53.278104,
        "lon": -9.0148498,
        "admin_division": "",
        "county": "galway"
      }
    },
    {
      "type": "Feature",
      "geometry": {
        "type": "Point",
        "coordinates": [
          -9.0046887,
          53.2910745
        ]
      },
      "properties": {
        "osm_id": "n2101894408",
        "name": "Ed's Place",
        "category": "restaurant",
        "subcategory": "amenity=cafe",
        "lat": 53.2910745,
        "lon": -9.0046887,
        "admin_division": "Galway",
        "county": "galway"
      }
    },
    {
      "type": "Feature",
      "geometry": {
        "type": "Point",
        "coordinates": [
          -9.0509279,
          53.2753882
        ]
      },
      "properties": {
        "osm_id": "n2102123318",
        "name": "Focaccino",
        "category": "restaurant",
        "subcategory": "amenity=cafe",
        "lat": 53.2753882,
        "lon": -9.0509279,
        "admin_division": "Galway",
        "county": "galway"
      }
    },
    {
      "type": "Feature",
      "geometry": {
        "type": "Point",
        "coordinates": [
          -9.0525096,
          53.2750815
        ]
      },
      "properties": {
        "osm_id": "n2102133020",
        "name": "McSwiggan’s",
        "category": "restaurant",
        "subcategory": "amenity=restaurant",
        "lat": 53.2750815,
        "lon": -9.0525096,
        "admin_division": "Galway, Galway",
        "county": "galway"
      }
    },
    {
      "type": "Feature",
      "geometry": {
        "type": "Point",
        "coordinates": [
          -8.5132839,
          53.2918458
        ]
      },
      "properties": {
        "osm_id": "n2102313260",
        "name": "Wards Restaurant",
        "category": "restaurant",
        "subcategory": "amenity=restaurant",
        "lat": 53.2918458,
        "lon": -8.5132839,
        "admin_division": "",
        "county": "galway"
      }
    },
    {
      "type": "Feature",
      "geometry": {
        "type": "Point",
        "coordinates": [
          -8.5615293,
          53.2527432
        ]
      },
      "properties": {
        "osm_id": "n2102323149",
        "name": "",
        "category": "restaurant",
        "subcategory": "amenity=cafe",
        "lat": 53.2527432,
        "lon": -8.5615293,
        "admin_division": "",
        "county": "galway"
      }
    },
    {
      "type": "Feature",
      "geometry": {
        "type": "Point",
        "coordinates": [
          -8.5613493,
          53.2527977
        ]
      },
      "properties": {
        "osm_id": "n2102323151",
        "name": "",
        "category": "restaurant",
        "subcategory": "amenity=restaurant",
        "lat": 53.2527977,
        "lon": -8.5613493,
        "admin_division": "",
        "county": "galway"
      }
    },
    {
      "type": "Feature",
      "geometry": {
        "type": "Point",
        "coordinates": [
          -8.9864975,
          53.2905906
        ]
      },
      "properties": {
        "osm_id": "n2103642015",
        "name": "Grind Coffee and Food Hub",
        "category": "restaurant",
        "subcategory": "amenity=cafe",
        "lat": 53.2905906,
        "lon": -8.9864975,
        "admin_division": "Galway",
        "county": "galway"
      }
    },
    {
      "type": "Feature",
      "geometry": {
        "type": "Point",
        "coordinates": [
          -8.9877215,
          53.2906201
        ]
      },
      "properties": {
        "osm_id": "n2103642040",
        "name": "Cafe Sol",
        "category": "restaurant",
        "subcategory": "amenity=cafe",
        "lat": 53.2906201,
        "lon": -8.9877215,
        "admin_division": "Galway",
        "county": "galway"
      }
    },
    {
      "type": "Feature",
      "geometry": {
        "type": "Point",
        "coordinates": [
          -8.9904929,
          53.293509
        ]
      },
      "properties": {
        "osm_id": "n2104962991",
        "name": "Grindhouse Cafe",
        "category": "restaurant",
        "subcategory": "amenity=cafe",
        "lat": 53.293509,
        "lon": -8.9904929,
        "admin_division": "Galway",
        "county": "galway"
      }
    },
    {
      "type": "Feature",
      "geometry": {
        "type": "Point",
        "coordinates": [
          -9.0528029,
          53.2751119
        ]
      },
      "properties": {
        "osm_id": "n2105193241",
        "name": "Mama Rich",
        "category": "restaurant",
        "subcategory": "amenity=restaurant",
        "lat": 53.2751119,
        "lon": -9.0528029,
        "admin_division": "Galway",
        "county": "galway"
      }
    },
    {
      "type": "Feature",
      "geometry": {
        "type": "Point",
        "coordinates": [
          -9.1051864,
          53.2631225
        ]
      },
      "properties": {
        "osm_id": "n2105271925",
        "name": "Ground & Co.",
        "category": "restaurant",
        "subcategory": "amenity=cafe",
        "lat": 53.2631225,
        "lon": -9.1051864,
        "admin_division": "Galway",
        "county": "galway"
      }
    },
    {
      "type": "Feature",
      "geometry": {
        "type": "Point",
        "coordinates": [
          -9.5840091,
          53.0864799
        ]
      },
      "properties": {
        "osm_id": "n2485873659",
        "name": "Inis Meáin Restaurant",
        "category": "restaurant",
        "subcategory": "amenity=restaurant",
        "lat": 53.0864799,
        "lon": -9.5840091,
        "admin_division": "",
        "county": "galway"
      }
    },
    {
      "type": "Feature",
      "geometry": {
        "type": "Point",
        "coordinates": [
          -9.584124,
          53.0849673
        ]
      },
      "properties": {
        "osm_id": "n2486400833",
        "name": "Café Seál",
        "category": "restaurant",
        "subcategory": "amenity=cafe",
        "lat": 53.0849673,
        "lon": -9.584124,
        "admin_division": "",
        "county": "galway"
      }
    },
    {
      "type": "Feature",
      "geometry": {
        "type": "Point",
        "coordinates": [
          -9.9190184,
          53.3950385
        ]
      },
      "properties": {
        "osm_id": "n2865795389",
        "name": "Vaughan’s Bar & Restaurant",
        "category": "restaurant",
        "subcategory": "amenity=restaurant",
        "lat": 53.3950385,
        "lon": -9.9190184,
        "admin_division": "Roundstone, Galway",
        "county": "galway"
      }
    },
    {
      "type": "Feature",
      "geometry": {
        "type": "Point",
        "coordinates": [
          -9.2128238,
          53.3860679
        ]
      },
      "properties": {
        "osm_id": "n2913016250",
        "name": "",
        "category": "restaurant",
        "subcategory": "amenity=cafe",
        "lat": 53.3860679,
        "lon": -9.2128238,
        "admin_division": "",
        "county": "galway"
      }
    },
    {
      "type": "Feature",
      "geometry": {
        "type": "Point",
        "coordinates": [
          -8.9450646,
          53.3417704
        ]
      },
      "properties": {
        "osm_id": "n2917193552",
        "name": "Summerfield",
        "category": "restaurant",
        "subcategory": "amenity=restaurant",
        "lat": 53.3417704,
        "lon": -8.9450646,
        "admin_division": "",
        "county": "galway"
      }
    },
    {
      "type": "Feature",
      "geometry": {
        "type": "Point",
        "coordinates": [
          -9.0506826,
          53.275357
        ]
      },
      "properties": {
        "osm_id": "n2917789510",
        "name": "Variety Coffee",
        "category": "restaurant",
        "subcategory": "amenity=cafe",
        "lat": 53.275357,
        "lon": -9.0506826,
        "admin_division": "Galway",
        "county": "galway"
      }
    },
    {
      "type": "Feature",
      "geometry": {
        "type": "Point",
        "coordinates": [
          -9.064627,
          53.281087
        ]
      },
      "properties": {
        "osm_id": "n2928039480",
        "name": "Matt's Sandwiches",
        "category": "restaurant",
        "subcategory": "amenity=cafe",
        "lat": 53.281087,
        "lon": -9.064627,
        "admin_division": "",
        "county": "galway"
      }
    },
    {
      "type": "Feature",
      "geometry": {
        "type": "Point",
        "coordinates": [
          -9.0548137,
          53.2711447
        ]
      },
      "properties": {
        "osm_id": "n3019415828",
        "name": "The Seafood Bar @ Kirwans",
        "category": "restaurant",
        "subcategory": "amenity=restaurant",
        "lat": 53.2711447,
        "lon": -9.0548137,
        "admin_division": "Galway",
        "county": "galway"
      }
    },
    {
      "type": "Feature",
      "geometry": {
        "type": "Point",
        "coordinates": [
          -9.0320308,
          53.281804
        ]
      },
      "properties": {
        "osm_id": "n3080521552",
        "name": "Esquires Coffee",
        "category": "restaurant",
        "subcategory": "amenity=cafe",
        "lat": 53.281804,
        "lon": -9.0320308,
        "admin_division": "Galway",
        "county": "galway"
      }
    },
    {
      "type": "Feature",
      "geometry": {
        "type": "Point",
        "coordinates": [
          -9.1048135,
          53.4695025
        ]
      },
      "properties": {
        "osm_id": "n3329805689",
        "name": "The Sunflower",
        "category": "restaurant",
        "subcategory": "amenity=cafe",
        "lat": 53.4695025,
        "lon": -9.1048135,
        "admin_division": "",
        "county": "galway"
      }
    },
    {
      "type": "Feature",
      "geometry": {
        "type": "Point",
        "coordinates": [
          -8.7618724,
          53.3005645
        ]
      },
      "properties": {
        "osm_id": "n3380579267",
        "name": "Clarin Bistro",
        "category": "restaurant",
        "subcategory": "amenity=restaurant",
        "lat": 53.3005645,
        "lon": -8.7618724,
        "admin_division": "",
        "county": "galway"
      }
    },
    {
      "type": "Feature",
      "geometry": {
        "type": "Point",
        "coordinates": [
          -9.035201,
          53.2836734
        ]
      },
      "properties": {
        "osm_id": "n3382245484",
        "name": "Friends Restaurant",
        "category": "restaurant",
        "subcategory": "amenity=restaurant",
        "lat": 53.2836734,
        "lon": -9.035201,
        "admin_division": "",
        "county": "galway"
      }
    },
    {
      "type": "Feature",
      "geometry": {
        "type": "Point",
        "coordinates": [
          -9.0536203,
          53.2753415
        ]
      },
      "properties": {
        "osm_id": "n3407402029",
        "name": "Brazco",
        "category": "restaurant",
        "subcategory": "amenity=cafe",
        "lat": 53.2753415,
        "lon": -9.0536203,
        "admin_division": "Galway",
        "county": "galway"
      }
    },
    {
      "type": "Feature",
      "geometry": {
        "type": "Point",
        "coordinates": [
          -9.3066916,
          53.2442144
        ]
      },
      "properties": {
        "osm_id": "n3490967412",
        "name": "Bláth Fiáin",
        "category": "restaurant",
        "subcategory": "amenity=restaurant",
        "lat": 53.2442144,
        "lon": -9.3066916,
        "admin_division": "",
        "county": "galway"
      }
    },
    {
      "type": "Feature",
      "geometry": {
        "type": "Point",
        "coordinates": [
          -9.0595004,
          53.2700213
        ]
      },
      "properties": {
        "osm_id": "n3503349697",
        "name": "Secret Garden",
        "category": "restaurant",
        "subcategory": "amenity=cafe",
        "lat": 53.2700213,
        "lon": -9.0595004,
        "admin_division": "",
        "county": "galway"
      }
    },
    {
      "type": "Feature",
      "geometry": {
        "type": "Point",
        "coordinates": [
          -9.0533918,
          53.2743367
        ]
      },
      "properties": {
        "osm_id": "n3514768937",
        "name": "The Charcoal Grill",
        "category": "restaurant",
        "subcategory": "amenity=restaurant",
        "lat": 53.2743367,
        "lon": -9.0533918,
        "admin_division": "Galway",
        "county": "galway"
      }
    },
    {
      "type": "Feature",
      "geometry": {
        "type": "Point",
        "coordinates": [
          -9.051275,
          53.2740622
        ]
      },
      "properties": {
        "osm_id": "n3707137740",
        "name": "Beef and Lobster",
        "category": "restaurant",
        "subcategory": "amenity=restaurant",
        "lat": 53.2740622,
        "lon": -9.051275,
        "admin_division": "Galway",
        "county": "galway"
      }
    },
    {
      "type": "Feature",
      "geometry": {
        "type": "Point",
        "coordinates": [
          -9.9187301,
          53.3957717
        ]
      },
      "properties": {
        "osm_id": "n3862429159",
        "name": "The Shamrock",
        "category": "restaurant",
        "subcategory": "amenity=pub",
        "lat": 53.3957717,
        "lon": -9.9187301,
        "admin_division": "Roundstone, Galway",
        "county": "galway"
      }
    },
    {
      "type": "Feature",
      "geometry": {
        "type": "Point",
        "coordinates": [
          -9.9191957,
          53.3966014
        ]
      },
      "properties": {
        "osm_id": "n3862448184",
        "name": "O’Dowd’s Café",
        "category": "restaurant",
        "subcategory": "amenity=cafe",
        "lat": 53.3966014,
        "lon": -9.9191957,
        "admin_division": "Roundstone",
        "county": "galway"
      }
    },
    {
      "type": "Feature",
      "geometry": {
        "type": "Point",
        "coordinates": [
          -10.0175751,
          53.4882921
        ]
      },
      "properties": {
        "osm_id": "n3903544019",
        "name": "Steam Coffee House",
        "category": "restaurant",
        "subcategory": "amenity=cafe",
        "lat": 53.4882921,
        "lon": -10.0175751,
        "admin_division": "",
        "county": "galway"
      }
    },
    {
      "type": "Feature",
      "geometry": {
        "type": "Point",
        "coordinates": [
          -10.0214298,
          53.4889972
        ]
      },
      "properties": {
        "osm_id": "n3903638327",
        "name": "Upstairs Downstairs",
        "category": "restaurant",
        "subcategory": "amenity=cafe",
        "lat": 53.4889972,
        "lon": -10.0214298,
        "admin_division": "",
        "county": "galway"
      }
    },
    {
      "type": "Feature",
      "geometry": {
        "type": "Point",
        "coordinates": [
          -10.02147,
          53.4889884
        ]
      },
      "properties": {
        "osm_id": "n3903638328",
        "name": "Off The Square",
        "category": "restaurant",
        "subcategory": "amenity=restaurant",
        "lat": 53.4889884,
        "lon": -10.02147,
        "admin_division": "Clifden, Galway",
        "county": "galway"
      }
    },
    {
      "type": "Feature",
      "geometry": {
        "type": "Point",
        "coordinates": [
          -9.8258889,
          53.3230549
        ]
      },
      "properties": {
        "osm_id": "n3925571852",
        "name": "Tigh Mheaic",
        "category": "restaurant",
        "subcategory": "amenity=restaurant",
        "lat": 53.3230549,
        "lon": -9.8258889,
        "admin_division": "Carna",
        "county": "galway"
      }
    },
    {
      "type": "Feature",
      "geometry": {
        "type": "Point",
        "coordinates": [
          -10.022282,
          53.4882033
        ]
      },
      "properties": {
        "osm_id": "n3929701389",
        "name": "The Willow Tree",
        "category": "restaurant",
        "subcategory": "amenity=restaurant",
        "lat": 53.4882033,
        "lon": -10.022282,
        "admin_division": "",
        "county": "galway"
      }
    },
    {
      "type": "Feature",
      "geometry": {
        "type": "Point",
        "coordinates": [
          -10.0174378,
          53.4687752
        ]
      },
      "properties": {
        "osm_id": "n3999494735",
        "name": "",
        "category": "restaurant",
        "subcategory": "amenity=restaurant",
        "lat": 53.4687752,
        "lon": -10.0174378,
        "admin_division": "",
        "county": "galway"
      }
    },
    {
      "type": "Feature",
      "geometry": {
        "type": "Point",
        "coordinates": [
          -8.7336129,
          53.2290908
        ]
      },
      "properties": {
        "osm_id": "n4049028404",
        "name": "Frydays Takeaway",
        "category": "restaurant",
        "subcategory": "amenity=restaurant",
        "lat": 53.2290908,
        "lon": -8.7336129,
        "admin_division": "",
        "county": "galway"
      }
    },
    {
      "type": "Feature",
      "geometry": {
        "type": "Point",
        "coordinates": [
          -8.9363406,
          53.1390988
        ]
      },
      "properties": {
        "osm_id": "n4298834889",
        "name": "Connolly’s",
        "category": "restaurant",
        "subcategory": "amenity=pub",
        "lat": 53.1390988,
        "lon": -8.9363406,
        "admin_division": "Kinvarra, Galway",
        "county": "galway"
      }
    },
    {
      "type": "Feature",
      "geometry": {
        "type": "Point",
        "coordinates": [
          -9.9472738,
          53.5527236
        ]
      },
      "properties": {
        "osm_id": "n4356500320",
        "name": "Courtyard café & restaurant",
        "category": "restaurant",
        "subcategory": "amenity=cafe",
        "lat": 53.5527236,
        "lon": -9.9472738,
        "admin_division": "",
        "county": "galway"
      }
    },
    {
      "type": "Feature",
      "geometry": {
        "type": "Point",
        "coordinates": [
          -9.9508622,
          53.5543535
        ]
      },
      "properties": {
        "osm_id": "n4356500684",
        "name": "Lodge",
        "category": "restaurant",
        "subcategory": "amenity=restaurant",
        "lat": 53.5543535,
        "lon": -9.9508622,
        "admin_division": "",
        "county": "galway"
      }
    },
    {
      "type": "Feature",
      "geometry": {
        "type": "Point",
        "coordinates": [
          -9.7384503,
          53.4671477
        ]
      },
      "properties": {
        "osm_id": "n4412277090",
        "name": "Joyces Bar",
        "category": "restaurant",
        "subcategory": "amenity=bar",
        "lat": 53.4671477,
        "lon": -9.7384503,
        "admin_division": "",
        "county": "galway"
      }
    },
    {
      "type": "Feature",
      "geometry": {
        "type": "Point",
        "coordinates": [
          -9.0508349,
          53.2724605
        ]
      },
      "properties": {
        "osm_id": "n5018066322",
        "name": "Pascal Coffee House",
        "category": "restaurant",
        "subcategory": "amenity=cafe",
        "lat": 53.2724605,
        "lon": -9.0508349,
        "admin_division": "Galway",
        "county": "galway"
      }
    },
    {
      "type": "Feature",
      "geometry": {
        "type": "Point",
        "coordinates": [
          -8.1972076,
          53.3214034
        ]
      },
      "properties": {
        "osm_id": "n5023210249",
        "name": "Riverbank Restaurant",
        "category": "restaurant",
        "subcategory": "amenity=restaurant",
        "lat": 53.3214034,
        "lon": -8.1972076,
        "admin_division": "Ballinasloe",
        "county": "galway"
      }
    },
    {
      "type": "Feature",
      "geometry": {
        "type": "Point",
        "coordinates": [
          -9.0639934,
          53.2796998
        ]
      },
      "properties": {
        "osm_id": "n5024895737",
        "name": "Mocha Beans",
        "category": "restaurant",
        "subcategory": "amenity=cafe",
        "lat": 53.2796998,
        "lon": -9.0639934,
        "admin_division": "",
        "county": "galway"
      }
    },
    {
      "type": "Feature",
      "geometry": {
        "type": "Point",
        "coordinates": [
          -9.0631851,
          53.2753849
        ]
      },
      "properties": {
        "osm_id": "n5097987117",
        "name": "Jalan Jalan",
        "category": "restaurant",
        "subcategory": "amenity=restaurant",
        "lat": 53.2753849,
        "lon": -9.0631851,
        "admin_division": "Galway",
        "county": "galway"
      }
    },
    {
      "type": "Feature",
      "geometry": {
        "type": "Point",
        "coordinates": [
          -8.5008927,
          53.4704097
        ]
      },
      "properties": {
        "osm_id": "n5098794451",
        "name": "Kelly’s",
        "category": "restaurant",
        "subcategory": "amenity=cafe",
        "lat": 53.4704097,
        "lon": -8.5008927,
        "admin_division": "Mountbellew, Galway",
        "county": "galway"
      }
    },
    {
      "type": "Feature",
      "geometry": {
        "type": "Point",
        "coordinates": [
          -8.8951224,
          53.2109409
        ]
      },
      "properties": {
        "osm_id": "n5136647863",
        "name": "Moran's Oyster Cottage",
        "category": "restaurant",
        "subcategory": "amenity=restaurant",
        "lat": 53.2109409,
        "lon": -8.8951224,
        "admin_division": "",
        "county": "galway"
      }
    },
    {
      "type": "Feature",
      "geometry": {
        "type": "Point",
        "coordinates": [
          -10.11154,
          53.5565115
        ]
      },
      "properties": {
        "osm_id": "n5175928796",
        "name": "Oliver’s",
        "category": "restaurant",
        "subcategory": "amenity=restaurant",
        "lat": 53.5565115,
        "lon": -10.11154,
        "admin_division": "Cleggan, Galway",
        "county": "galway"
      }
    },
    {
      "type": "Feature",
      "geometry": {
        "type": "Point",
        "coordinates": [
          -9.0610338,
          53.2714558
        ]
      },
      "properties": {
        "osm_id": "n5413429612",
        "name": "Hooked",
        "category": "restaurant",
        "subcategory": "amenity=restaurant",
        "lat": 53.2714558,
        "lon": -9.0610338,
        "admin_division": "Galway",
        "county": "galway"
      }
    },
    {
      "type": "Feature",
      "geometry": {
        "type": "Point",
        "coordinates": [
          -8.8541573,
          53.51527
        ]
      },
      "properties": {
        "osm_id": "n5524692169",
        "name": "Domino's Pizza",
        "category": "restaurant",
        "subcategory": "amenity=restaurant",
        "lat": 53.51527,
        "lon": -8.8541573,
        "admin_division": "",
        "county": "galway"
      }
    },
    {
      "type": "Feature",
      "geometry": {
        "type": "Point",
        "coordinates": [
          -8.8547761,
          53.5152947
        ]
      },
      "properties": {
        "osm_id": "n5524692170",
        "name": "Pedro's Cafe & Grill",
        "category": "restaurant",
        "subcategory": "amenity=cafe",
        "lat": 53.5152947,
        "lon": -8.8547761,
        "admin_division": "",
        "county": "galway"
      }
    },
    {
      "type": "Feature",
      "geometry": {
        "type": "Point",
        "coordinates": [
          -8.8514148,
          53.5143742
        ]
      },
      "properties": {
        "osm_id": "n5524692171",
        "name": "The Galway Roast",
        "category": "restaurant",
        "subcategory": "amenity=cafe",
        "lat": 53.5143742,
        "lon": -8.8514148,
        "admin_division": "",
        "county": "galway"
      }
    },
    {
      "type": "Feature",
      "geometry": {
        "type": "Point",
        "coordinates": [
          -8.8518797,
          53.5137601
        ]
      },
      "properties": {
        "osm_id": "n5589279037",
        "name": "Golden Pizza",
        "category": "restaurant",
        "subcategory": "amenity=restaurant",
        "lat": 53.5137601,
        "lon": -8.8518797,
        "admin_division": "",
        "county": "galway"
      }
    },
    {
      "type": "Feature",
      "geometry": {
        "type": "Point",
        "coordinates": [
          -8.9274806,
          53.2779077
        ]
      },
      "properties": {
        "osm_id": "n5590345206",
        "name": "Red Bean Roastery",
        "category": "restaurant",
        "subcategory": "amenity=cafe",
        "lat": 53.2779077,
        "lon": -8.9274806,
        "admin_division": "Oranmore",
        "county": "galway"
      }
    },
    {
      "type": "Feature",
      "geometry": {
        "type": "Point",
        "coordinates": [
          -9.0448149,
          53.2858943
        ]
      },
      "properties": {
        "osm_id": "n5590456086",
        "name": "Olive Tree Bistro",
        "category": "restaurant",
        "subcategory": "amenity=restaurant",
        "lat": 53.2858943,
        "lon": -9.0448149,
        "admin_division": "Galway",
        "county": "galway"
      }
    },
    {
      "type": "Feature",
      "geometry": {
        "type": "Point",
        "coordinates": [
          -8.2192752,
          53.3262302
        ]
      },
      "properties": {
        "osm_id": "n5590678685",
        "name": "Marengo's Bistro",
        "category": "restaurant",
        "subcategory": "amenity=restaurant",
        "lat": 53.3262302,
        "lon": -8.2192752,
        "admin_division": "Ballinasloe",
        "county": "galway"
      }
    },
    {
      "type": "Feature",
      "geometry": {
        "type": "Point",
        "coordinates": [
          -8.219144,
          53.3261699
        ]
      },
      "properties": {
        "osm_id": "n5590683797",
        "name": "Village Kitchen",
        "category": "restaurant",
        "subcategory": "amenity=cafe",
        "lat": 53.3261699,
        "lon": -8.219144,
        "admin_division": "Ballinasloe",
        "county": "galway"
      }
    },
    {
      "type": "Feature",
      "geometry": {
        "type": "Point",
        "coordinates": [
          -9.0537308,
          53.27115
        ]
      },
      "properties": {
        "osm_id": "n5739459624",
        "name": "The Lane Cafe",
        "category": "restaurant",
        "subcategory": "amenity=cafe",
        "lat": 53.27115,
        "lon": -9.0537308,
        "admin_division": "Galway",
        "county": "galway"
      }
    },
    {
      "type": "Feature",
      "geometry": {
        "type": "Point",
        "coordinates": [
          -9.0540662,
          53.2712774
        ]
      },
      "properties": {
        "osm_id": "n5740314323",
        "name": "Coffeewerk + Press",
        "category": "restaurant",
        "subcategory": "amenity=cafe",
        "lat": 53.2712774,
        "lon": -9.0540662,
        "admin_division": "Galway",
        "county": "galway"
      }
    },
    {
      "type": "Feature",
      "geometry": {
        "type": "Point",
        "coordinates": [
          -9.30474,
          53.244267
        ]
      },
      "properties": {
        "osm_id": "n5784877727",
        "name": "Fiordigrano Pizzeria",
        "category": "restaurant",
        "subcategory": "amenity=restaurant",
        "lat": 53.244267,
        "lon": -9.30474,
        "admin_division": "",
        "county": "galway"
      }
    },
    {
      "type": "Feature",
      "geometry": {
        "type": "Point",
        "coordinates": [
          -9.1796096,
          53.3384457
        ]
      },
      "properties": {
        "osm_id": "n5790583103",
        "name": "Galway Cakery Café",
        "category": "restaurant",
        "subcategory": "amenity=restaurant",
        "lat": 53.3384457,
        "lon": -9.1796096,
        "admin_division": "Moycullen",
        "county": "galway"
      }
    },
    {
      "type": "Feature",
      "geometry": {
        "type": "Point",
        "coordinates": [
          -9.1795081,
          53.3384532
        ]
      },
      "properties": {
        "osm_id": "n5790592392",
        "name": "Segafredo",
        "category": "restaurant",
        "subcategory": "amenity=cafe",
        "lat": 53.3384532,
        "lon": -9.1795081,
        "admin_division": "",
        "county": "galway"
      }
    },
    {
      "type": "Feature",
      "geometry": {
        "type": "Point",
        "coordinates": [
          -9.5252689,
          53.0654485
        ]
      },
      "properties": {
        "osm_id": "n5813468155",
        "name": "Teach an Tae",
        "category": "restaurant",
        "subcategory": "amenity=cafe",
        "lat": 53.0654485,
        "lon": -9.5252689,
        "admin_division": "",
        "county": "galway"
      }
    },
    {
      "type": "Feature",
      "geometry": {
        "type": "Point",
        "coordinates": [
          -9.0524666,
          53.2734846
        ]
      },
      "properties": {
        "osm_id": "n5844940385",
        "name": "Tuco’s Taqueria",
        "category": "restaurant",
        "subcategory": "amenity=restaurant",
        "lat": 53.2734846,
        "lon": -9.0524666,
        "admin_division": "Galway",
        "county": "galway"
      }
    },
    {
      "type": "Feature",
      "geometry": {
        "type": "Point",
        "coordinates": [
          -10.1113693,
          53.5564505
        ]
      },
      "properties": {
        "osm_id": "n5856143931",
        "name": "Harbour Café",
        "category": "restaurant",
        "subcategory": "amenity=restaurant",
        "lat": 53.5564505,
        "lon": -10.1113693,
        "admin_division": "",
        "county": "galway"
      }
    },
    {
      "type": "Feature",
      "geometry": {
        "type": "Point",
        "coordinates": [
          -10.2278182,
          53.6139993
        ]
      },
      "properties": {
        "osm_id": "n5857066846",
        "name": "Doonmore Hotel",
        "category": "restaurant",
        "subcategory": "amenity=restaurant",
        "lat": 53.6139993,
        "lon": -10.2278182,
        "admin_division": "Inishbofin",
        "county": "galway"
      }
    },
    {
      "type": "Feature",
      "geometry": {
        "type": "Point",
        "coordinates": [
          -9.6974482,
          53.5954504
        ]
      },
      "properties": {
        "osm_id": "n5915911389",
        "name": "Portfinn Lodge",
        "category": "restaurant",
        "subcategory": "amenity=restaurant",
        "lat": 53.5954504,
        "lon": -9.6974482,
        "admin_division": "Leenaun",
        "county": "galway"
      }
    },
    {
      "type": "Feature",
      "geometry": {
        "type": "Point",
        "coordinates": [
          -9.0597012,
          53.2700022
        ]
      },
      "properties": {
        "osm_id": "n5967422856",
        "name": "Urban Grind",
        "category": "restaurant",
        "subcategory": "amenity=cafe",
        "lat": 53.2700022,
        "lon": -9.0597012,
        "admin_division": "Galway",
        "county": "galway"
      }
    },
    {
      "type": "Feature",
      "geometry": {
        "type": "Point",
        "coordinates": [
          -9.0519205,
          53.2733534
        ]
      },
      "properties": {
        "osm_id": "n5968261034",
        "name": "Fixx",
        "category": "restaurant",
        "subcategory": "amenity=cafe",
        "lat": 53.2733534,
        "lon": -9.0519205,
        "admin_division": "Galway",
        "county": "galway"
      }
    },
    {
      "type": "Feature",
      "geometry": {
        "type": "Point",
        "coordinates": [
          -9.0515762,
          53.2703742
        ]
      },
      "properties": {
        "osm_id": "n6052821486",
        "name": "Green Chilli",
        "category": "restaurant",
        "subcategory": "amenity=restaurant",
        "lat": 53.2703742,
        "lon": -9.0515762,
        "admin_division": "",
        "county": "galway"
      }
    },
    {
      "type": "Feature",
      "geometry": {
        "type": "Point",
        "coordinates": [
          -9.0538571,
          53.2715215
        ]
      },
      "properties": {
        "osm_id": "n6052834485",
        "name": "Avenue",
        "category": "restaurant",
        "subcategory": "amenity=cafe",
        "lat": 53.2715215,
        "lon": -9.0538571,
        "admin_division": "Galway",
        "county": "galway"
      }
    },
    {
      "type": "Feature",
      "geometry": {
        "type": "Point",
        "coordinates": [
          -9.0517257,
          53.2727305
        ]
      },
      "properties": {
        "osm_id": "n6052834886",
        "name": "The Dough Bros",
        "category": "restaurant",
        "subcategory": "amenity=restaurant",
        "lat": 53.2727305,
        "lon": -9.0517257,
        "admin_division": "",
        "county": "galway"
      }
    },
    {
      "type": "Feature",
      "geometry": {
        "type": "Point",
        "coordinates": [
          -8.9296553,
          53.2729936
        ]
      },
      "properties": {
        "osm_id": "n6414097240",
        "name": "Costa",
        "category": "restaurant",
        "subcategory": "amenity=cafe",
        "lat": 53.2729936,
        "lon": -8.9296553,
        "admin_division": "Oranmore",
        "county": "galway"
      }
    },
    {
      "type": "Feature",
      "geometry": {
        "type": "Point",
        "coordinates": [
          -9.7698444,
          53.5945961
        ]
      },
      "properties": {
        "osm_id": "n6456397095",
        "name": "Misunderstood Heron",
        "category": "restaurant",
        "subcategory": "amenity=cafe",
        "lat": 53.5945961,
        "lon": -9.7698444,
        "admin_division": "",
        "county": "galway"
      }
    },
    {
      "type": "Feature",
      "geometry": {
        "type": "Point",
        "coordinates": [
          -8.7466635,
          53.2982904
        ]
      },
      "properties": {
        "osm_id": "n6475315075",
        "name": "The Old Barracks",
        "category": "restaurant",
        "subcategory": "amenity=restaurant",
        "lat": 53.2982904,
        "lon": -8.7466635,
        "admin_division": "Athenry, Galway",
        "county": "galway"
      }
    },
    {
      "type": "Feature",
      "geometry": {
        "type": "Point",
        "coordinates": [
          -8.7468861,
          53.2983329
        ]
      },
      "properties": {
        "osm_id": "n6475315076",
        "name": "Kasturi",
        "category": "restaurant",
        "subcategory": "amenity=restaurant",
        "lat": 53.2983329,
        "lon": -8.7468861,
        "admin_division": "",
        "county": "galway"
      }
    },
    {
      "type": "Feature",
      "geometry": {
        "type": "Point",
        "coordinates": [
          -8.7469377,
          53.298284
        ]
      },
      "properties": {
        "osm_id": "n6479165510",
        "name": "Town Cafe",
        "category": "restaurant",
        "subcategory": "amenity=cafe",
        "lat": 53.298284,
        "lon": -8.7469377,
        "admin_division": "",
        "county": "galway"
      }
    },
    {
      "type": "Feature",
      "geometry": {
        "type": "Point",
        "coordinates": [
          -9.0535404,
          53.2731838
        ]
      },
      "properties": {
        "osm_id": "n6596746988",
        "name": "Caprice",
        "category": "restaurant",
        "subcategory": "amenity=cafe",
        "lat": 53.2731838,
        "lon": -9.0535404,
        "admin_division": "Galway",
        "county": "galway"
      }
    },
    {
      "type": "Feature",
      "geometry": {
        "type": "Point",
        "coordinates": [
          -9.0501376,
          53.2742238
        ]
      },
      "properties": {
        "osm_id": "n6680929864",
        "name": "Caffè Nero",
        "category": "restaurant",
        "subcategory": "amenity=cafe",
        "lat": 53.2742238,
        "lon": -9.0501376,
        "admin_division": "Galway",
        "county": "galway"
      }
    },
    {
      "type": "Feature",
      "geometry": {
        "type": "Point",
        "coordinates": [
          -9.0512633,
          53.272719
        ]
      },
      "properties": {
        "osm_id": "n6680929865",
        "name": "Venice",
        "category": "restaurant",
        "subcategory": "amenity=restaurant",
        "lat": 53.272719,
        "lon": -9.0512633,
        "admin_division": "",
        "county": "galway"
      }
    },
    {
      "type": "Feature",
      "geometry": {
        "type": "Point",
        "coordinates": [
          -9.0480197,
          53.2743862
        ]
      },
      "properties": {
        "osm_id": "n6681270500",
        "name": "Esquires Coffee",
        "category": "restaurant",
        "subcategory": "amenity=cafe",
        "lat": 53.2743862,
        "lon": -9.0480197,
        "admin_division": "Galway",
        "county": "galway"
      }
    },
    {
      "type": "Feature",
      "geometry": {
        "type": "Point",
        "coordinates": [
          -8.6068553,
          53.2643785
        ]
      },
      "properties": {
        "osm_id": "n6762717373",
        "name": "Mac's Place",
        "category": "restaurant",
        "subcategory": "amenity=cafe",
        "lat": 53.2643785,
        "lon": -8.6068553,
        "admin_division": "Kiltullagh",
        "county": "galway"
      }
    },
    {
      "type": "Feature",
      "geometry": {
        "type": "Point",
        "coordinates": [
          -8.6069663,
          53.2645788
        ]
      },
      "properties": {
        "osm_id": "n6762717374",
        "name": "Bewley's",
        "category": "restaurant",
        "subcategory": "amenity=cafe",
        "lat": 53.2645788,
        "lon": -8.6069663,
        "admin_division": "Kiltullagh",
        "county": "galway"
      }
    },
    {
      "type": "Feature",
      "geometry": {
        "type": "Point",
        "coordinates": [
          -8.9359238,
          53.1390373
        ]
      },
      "properties": {
        "osm_id": "n6815769103",
        "name": "Siar",
        "category": "restaurant",
        "subcategory": "amenity=cafe",
        "lat": 53.1390373,
        "lon": -8.9359238,
        "admin_division": "",
        "county": "galway"
      }
    },
    {
      "type": "Feature",
      "geometry": {
        "type": "Point",
        "coordinates": [
          -8.8514465,
          53.5140237
        ]
      },
      "properties": {
        "osm_id": "n6831927469",
        "name": "Spice of Life",
        "category": "restaurant",
        "subcategory": "amenity=cafe",
        "lat": 53.5140237,
        "lon": -8.8514465,
        "admin_division": "",
        "county": "galway"
      }
    },
    {
      "type": "Feature",
      "geometry": {
        "type": "Point",
        "coordinates": [
          -8.8504519,
          53.5151522
        ]
      },
      "properties": {
        "osm_id": "n6831949258",
        "name": "Abbey",
        "category": "restaurant",
        "subcategory": "amenity=cafe",
        "lat": 53.5151522,
        "lon": -8.8504519,
        "admin_division": "",
        "county": "galway"
      }
    },
    {
      "type": "Feature",
      "geometry": {
        "type": "Point",
        "coordinates": [
          -9.0571015,
          53.2710282
        ]
      },
      "properties": {
        "osm_id": "n6872793386",
        "name": "dela",
        "category": "restaurant",
        "subcategory": "amenity=restaurant",
        "lat": 53.2710282,
        "lon": -9.0571015,
        "admin_division": "Galway",
        "county": "galway"
      }
    },
    {
      "type": "Feature",
      "geometry": {
        "type": "Point",
        "coordinates": [
          -9.0793183,
          53.2584243
        ]
      },
      "properties": {
        "osm_id": "n6873694285",
        "name": "The Creamery",
        "category": "restaurant",
        "subcategory": "amenity=cafe",
        "lat": 53.2584243,
        "lon": -9.0793183,
        "admin_division": "",
        "county": "galway"
      }
    },
    {
      "type": "Feature",
      "geometry": {
        "type": "Point",
        "coordinates": [
          -9.3195778,
          53.4284367
        ]
      },
      "properties": {
        "osm_id": "n6918295462",
        "name": "Halloran's",
        "category": "restaurant",
        "subcategory": "amenity=restaurant",
        "lat": 53.4284367,
        "lon": -9.3195778,
        "admin_division": "",
        "county": "galway"
      }
    },
    {
      "type": "Feature",
      "geometry": {
        "type": "Point",
        "coordinates": [
          -9.3200641,
          53.4285582
        ]
      },
      "properties": {
        "osm_id": "n6918620429",
        "name": "Greenway Café",
        "category": "restaurant",
        "subcategory": "amenity=cafe",
        "lat": 53.4285582,
        "lon": -9.3200641,
        "admin_division": "",
        "county": "galway"
      }
    },
    {
      "type": "Feature",
      "geometry": {
        "type": "Point",
        "coordinates": [
          -9.3196239,
          53.4290863
        ]
      },
      "properties": {
        "osm_id": "n6918644812",
        "name": "Camp Street Café",
        "category": "restaurant",
        "subcategory": "amenity=cafe",
        "lat": 53.4290863,
        "lon": -9.3196239,
        "admin_division": "Oughterard, Galway",
        "county": "galway"
      }
    },
    {
      "type": "Feature",
      "geometry": {
        "type": "Point",
        "coordinates": [
          -9.3198116,
          53.4285938
        ]
      },
      "properties": {
        "osm_id": "n6918644814",
        "name": "Highlander Pizzeria",
        "category": "restaurant",
        "subcategory": "amenity=restaurant",
        "lat": 53.4285938,
        "lon": -9.3198116,
        "admin_division": "",
        "county": "galway"
      }
    },
    {
      "type": "Feature",
      "geometry": {
        "type": "Point",
        "coordinates": [
          -9.051361,
          53.2741084
        ]
      },
      "properties": {
        "osm_id": "n7017842857",
        "name": "Tomodachi Sushi Bar",
        "category": "restaurant",
        "subcategory": "amenity=restaurant",
        "lat": 53.2741084,
        "lon": -9.051361,
        "admin_division": "Galway",
        "county": "galway"
      }
    },
    {
      "type": "Feature",
      "geometry": {
        "type": "Point",
        "coordinates": [
          -9.0525184,
          53.2735139
        ]
      },
      "properties": {
        "osm_id": "n7018067183",
        "name": "The Lighthouse Cafe",
        "category": "restaurant",
        "subcategory": "amenity=cafe",
        "lat": 53.2735139,
        "lon": -9.0525184,
        "admin_division": "Galway",
        "county": "galway"
      }
    },
    {
      "type": "Feature",
      "geometry": {
        "type": "Point",
        "coordinates": [
          -9.0537415,
          53.27423
        ]
      },
      "properties": {
        "osm_id": "n7022295800",
        "name": "Abbeygate Cafe and Bistro",
        "category": "restaurant",
        "subcategory": "amenity=restaurant",
        "lat": 53.27423,
        "lon": -9.0537415,
        "admin_division": "Galway",
        "county": "galway"
      }
    },
    {
      "type": "Feature",
      "geometry": {
        "type": "Point",
        "coordinates": [
          -9.0533219,
          53.271548
        ]
      },
      "properties": {
        "osm_id": "n7027333427",
        "name": "Cava Bodega",
        "category": "restaurant",
        "subcategory": "amenity=restaurant",
        "lat": 53.271548,
        "lon": -9.0533219,
        "admin_division": "Galway",
        "county": "galway"
      }
    },
    {
      "type": "Feature",
      "geometry": {
        "type": "Point",
        "coordinates": [
          -9.0444683,
          53.2739449
        ]
      },
      "properties": {
        "osm_id": "n7029703673",
        "name": "Badger & Dodo",
        "category": "restaurant",
        "subcategory": "amenity=cafe",
        "lat": 53.2739449,
        "lon": -9.0444683,
        "admin_division": "",
        "county": "galway"
      }
    },
    {
      "type": "Feature",
      "geometry": {
        "type": "Point",
        "coordinates": [
          -9.0517812,
          53.274376
        ]
      },
      "properties": {
        "osm_id": "n7047841740",
        "name": "Vaffanc*lo",
        "category": "restaurant",
        "subcategory": "amenity=restaurant",
        "lat": 53.274376,
        "lon": -9.0517812,
        "admin_division": "Galway",
        "county": "galway"
      }
    },
    {
      "type": "Feature",
      "geometry": {
        "type": "Point",
        "coordinates": [
          -9.0532722,
          53.2751083
        ]
      },
      "properties": {
        "osm_id": "n7047841741",
        "name": "Osteria Italiana Da Simone",
        "category": "restaurant",
        "subcategory": "amenity=restaurant",
        "lat": 53.2751083,
        "lon": -9.0532722,
        "admin_division": "Galway",
        "county": "galway"
      }
    },
    {
      "type": "Feature",
      "geometry": {
        "type": "Point",
        "coordinates": [
          -8.734185,
          53.2290141
        ]
      },
      "properties": {
        "osm_id": "n7211907985",
        "name": "Chef’s Cafe",
        "category": "restaurant",
        "subcategory": "amenity=cafe",
        "lat": 53.2290141,
        "lon": -8.734185,
        "admin_division": "",
        "county": "galway"
      }
    },
    {
      "type": "Feature",
      "geometry": {
        "type": "Point",
        "coordinates": [
          -8.7341903,
          53.2290047
        ]
      },
      "properties": {
        "osm_id": "n7211908285",
        "name": "Chef’s Cafe",
        "category": "restaurant",
        "subcategory": "amenity=cafe",
        "lat": 53.2290047,
        "lon": -8.7341903,
        "admin_division": "",
        "county": "galway"
      }
    },
    {
      "type": "Feature",
      "geometry": {
        "type": "Point",
        "coordinates": [
          -9.053561,
          53.2701954
        ]
      },
      "properties": {
        "osm_id": "n7214749385",
        "name": "Eastern Tandoori",
        "category": "restaurant",
        "subcategory": "amenity=restaurant",
        "lat": 53.2701954,
        "lon": -9.053561,
        "admin_division": "Galway",
        "county": "galway"
      }
    },
    {
      "type": "Feature",
      "geometry": {
        "type": "Point",
        "coordinates": [
          -9.0516505,
          53.2720547
        ]
      },
      "properties": {
        "osm_id": "n7403754052",
        "name": "Trieste Café & Wine Bar",
        "category": "restaurant",
        "subcategory": "amenity=restaurant",
        "lat": 53.2720547,
        "lon": -9.0516505,
        "admin_division": "Galway",
        "county": "galway"
      }
    },
    {
      "type": "Feature",
      "geometry": {
        "type": "Point",
        "coordinates": [
          -8.7467694,
          53.2984524
        ]
      },
      "properties": {
        "osm_id": "n7561035269",
        "name": "Venue",
        "category": "restaurant",
        "subcategory": "amenity=restaurant",
        "lat": 53.2984524,
        "lon": -8.7467694,
        "admin_division": "",
        "county": "galway"
      }
    },
    {
      "type": "Feature",
      "geometry": {
        "type": "Point",
        "coordinates": [
          -8.9977928,
          53.274129
        ]
      },
      "properties": {
        "osm_id": "n7711263820",
        "name": "Poppy Seed",
        "category": "restaurant",
        "subcategory": "amenity=restaurant",
        "lat": 53.274129,
        "lon": -8.9977928,
        "admin_division": "",
        "county": "galway"
      }
    },
    {
      "type": "Feature",
      "geometry": {
        "type": "Point",
        "coordinates": [
          -9.547444,
          53.2713114
        ]
      },
      "properties": {
        "osm_id": "n7967051289",
        "name": "Blas Na Mara",
        "category": "restaurant",
        "subcategory": "amenity=restaurant",
        "lat": 53.2713114,
        "lon": -9.547444,
        "admin_division": "",
        "county": "galway"
      }
    },
    {
      "type": "Feature",
      "geometry": {
        "type": "Point",
        "coordinates": [
          -8.7480448,
          53.2991092
        ]
      },
      "properties": {
        "osm_id": "n8592670544",
        "name": "The Nook",
        "category": "restaurant",
        "subcategory": "amenity=cafe",
        "lat": 53.2991092,
        "lon": -8.7480448,
        "admin_division": "",
        "county": "galway"
      }
    },
    {
      "type": "Feature",
      "geometry": {
        "type": "Point",
        "coordinates": [
          -8.7478685,
          53.2991532
        ]
      },
      "properties": {
        "osm_id": "n8592670545",
        "name": "Mediterraneo",
        "category": "restaurant",
        "subcategory": "amenity=restaurant",
        "lat": 53.2991532,
        "lon": -8.7478685,
        "admin_division": "",
        "county": "galway"
      }
    },
    {
      "type": "Feature",
      "geometry": {
        "type": "Point",
        "coordinates": [
          -8.7471034,
          53.2990843
        ]
      },
      "properties": {
        "osm_id": "n8592670548",
        "name": "La Rustica",
        "category": "restaurant",
        "subcategory": "amenity=restaurant",
        "lat": 53.2990843,
        "lon": -8.7471034,
        "admin_division": "",
        "county": "galway"
      }
    },
    {
      "type": "Feature",
      "geometry": {
        "type": "Point",
        "coordinates": [
          -9.0474532,
          53.2804259
        ]
      },
      "properties": {
        "osm_id": "n8836672363",
        "name": "Insomnia",
        "category": "restaurant",
        "subcategory": "amenity=cafe",
        "lat": 53.2804259,
        "lon": -9.0474532,
        "admin_division": "Galway",
        "county": "galway"
      }
    },
    {
      "type": "Feature",
      "geometry": {
        "type": "Point",
        "coordinates": [
          -9.0344109,
          53.2864045
        ]
      },
      "properties": {
        "osm_id": "n8839012880",
        "name": "Mocha Beans",
        "category": "restaurant",
        "subcategory": "amenity=cafe",
        "lat": 53.2864045,
        "lon": -9.0344109,
        "admin_division": "Galway",
        "county": "galway"
      }
    },
    {
      "type": "Feature",
      "geometry": {
        "type": "Point",
        "coordinates": [
          -9.0351868,
          53.2870572
        ]
      },
      "properties": {
        "osm_id": "n8839012898",
        "name": "O'Briens",
        "category": "restaurant",
        "subcategory": "amenity=cafe",
        "lat": 53.2870572,
        "lon": -9.0351868,
        "admin_division": "Galway",
        "county": "galway"
      }
    },
    {
      "type": "Feature",
      "geometry": {
        "type": "Point",
        "coordinates": [
          -9.0349502,
          53.286141
        ]
      },
      "properties": {
        "osm_id": "n8839145634",
        "name": "COCO Café",
        "category": "restaurant",
        "subcategory": "amenity=cafe",
        "lat": 53.286141,
        "lon": -9.0349502,
        "admin_division": "Galway",
        "county": "galway"
      }
    },
    {
      "type": "Feature",
      "geometry": {
        "type": "Point",
        "coordinates": [
          -9.0991731,
          53.273712
        ]
      },
      "properties": {
        "osm_id": "n8922867531",
        "name": "Synge & Byrne",
        "category": "restaurant",
        "subcategory": "amenity=cafe",
        "lat": 53.273712,
        "lon": -9.0991731,
        "admin_division": "Galway",
        "county": "galway"
      }
    },
    {
      "type": "Feature",
      "geometry": {
        "type": "Point",
        "coordinates": [
          -9.0928645,
          53.2572919
        ]
      },
      "properties": {
        "osm_id": "n8992579184",
        "name": "Álainn",
        "category": "restaurant",
        "subcategory": "amenity=cafe",
        "lat": 53.2572919,
        "lon": -9.0928645,
        "admin_division": "Galway",
        "county": "galway"
      }
    },
    {
      "type": "Feature",
      "geometry": {
        "type": "Point",
        "coordinates": [
          -9.074202,
          53.2598309
        ]
      },
      "properties": {
        "osm_id": "n8992878467",
        "name": "Papa Rich",
        "category": "restaurant",
        "subcategory": "amenity=restaurant",
        "lat": 53.2598309,
        "lon": -9.074202,
        "admin_division": "Galway",
        "county": "galway"
      }
    },
    {
      "type": "Feature",
      "geometry": {
        "type": "Point",
        "coordinates": [
          -9.1535503,
          53.251143
        ]
      },
      "properties": {
        "osm_id": "n9003583573",
        "name": "Amber Oriental Takeaway",
        "category": "restaurant",
        "subcategory": "amenity=restaurant",
        "lat": 53.251143,
        "lon": -9.1535503,
        "admin_division": "",
        "county": "galway"
      }
    },
    {
      "type": "Feature",
      "geometry": {
        "type": "Point",
        "coordinates": [
          -9.154244,
          53.2509169
        ]
      },
      "properties": {
        "osm_id": "n9003583577",
        "name": "Indi Garden Takeway",
        "category": "restaurant",
        "subcategory": "amenity=restaurant",
        "lat": 53.2509169,
        "lon": -9.154244,
        "admin_division": "",
        "county": "galway"
      }
    },
    {
      "type": "Feature",
      "geometry": {
        "type": "Point",
        "coordinates": [
          -9.0499572,
          53.2794853
        ]
      },
      "properties": {
        "osm_id": "n9006998510",
        "name": "The Coffee Hut",
        "category": "restaurant",
        "subcategory": "amenity=cafe",
        "lat": 53.2794853,
        "lon": -9.0499572,
        "admin_division": "",
        "county": "galway"
      }
    },
    {
      "type": "Feature",
      "geometry": {
        "type": "Point",
        "coordinates": [
          -9.0507736,
          53.2735779
        ]
      },
      "properties": {
        "osm_id": "n9010204377",
        "name": "Pascal Coffee House",
        "category": "restaurant",
        "subcategory": "amenity=cafe",
        "lat": 53.2735779,
        "lon": -9.0507736,
        "admin_division": "Galway",
        "county": "galway"
      }
    },
    {
      "type": "Feature",
      "geometry": {
        "type": "Point",
        "coordinates": [
          -9.04932,
          53.2735835
        ]
      },
      "properties": {
        "osm_id": "n9010280271",
        "name": "Starbucks",
        "category": "restaurant",
        "subcategory": "amenity=cafe",
        "lat": 53.2735835,
        "lon": -9.04932,
        "admin_division": "",
        "county": "galway"
      }
    },
    {
      "type": "Feature",
      "geometry": {
        "type": "Point",
        "coordinates": [
          -9.0499583,
          53.2730909
        ]
      },
      "properties": {
        "osm_id": "n9010280283",
        "name": "Costa",
        "category": "restaurant",
        "subcategory": "amenity=cafe",
        "lat": 53.2730909,
        "lon": -9.0499583,
        "admin_division": "",
        "county": "galway"
      }
    },
    {
      "type": "Feature",
      "geometry": {
        "type": "Point",
        "coordinates": [
          -9.0500114,
          53.2732476
        ]
      },
      "properties": {
        "osm_id": "n9010280284",
        "name": "Insomnia",
        "category": "restaurant",
        "subcategory": "amenity=cafe",
        "lat": 53.2732476,
        "lon": -9.0500114,
        "admin_division": "",
        "county": "galway"
      }
    },
    {
      "type": "Feature",
      "geometry": {
        "type": "Point",
        "coordinates": [
          -9.0502294,
          53.2742884
        ]
      },
      "properties": {
        "osm_id": "n9010354240",
        "name": "sprout",
        "category": "restaurant",
        "subcategory": "amenity=restaurant",
        "lat": 53.2742884,
        "lon": -9.0502294,
        "admin_division": "Galway",
        "county": "galway"
      }
    },
    {
      "type": "Feature",
      "geometry": {
        "type": "Point",
        "coordinates": [
          -9.0584286,
          53.2701636
        ]
      },
      "properties": {
        "osm_id": "n9054449370",
        "name": "PLÁMÁS",
        "category": "restaurant",
        "subcategory": "amenity=cafe",
        "lat": 53.2701636,
        "lon": -9.0584286,
        "admin_division": "Galway",
        "county": "galway"
      }
    },
    {
      "type": "Feature",
      "geometry": {
        "type": "Point",
        "coordinates": [
          -9.0592298,
          53.270109
        ]
      },
      "properties": {
        "osm_id": "n9054455928",
        "name": "Espresso 44",
        "category": "restaurant",
        "subcategory": "amenity=cafe",
        "lat": 53.270109,
        "lon": -9.0592298,
        "admin_division": "Galway",
        "county": "galway"
      }
    },
    {
      "type": "Feature",
      "geometry": {
        "type": "Point",
        "coordinates": [
          -9.8212416,
          53.3711681
        ]
      },
      "properties": {
        "osm_id": "n9076666817",
        "name": "Glynsk House",
        "category": "restaurant",
        "subcategory": "amenity=restaurant",
        "lat": 53.3711681,
        "lon": -9.8212416,
        "admin_division": "",
        "county": "galway"
      }
    },
    {
      "type": "Feature",
      "geometry": {
        "type": "Point",
        "coordinates": [
          -8.7527262,
          53.2955491
        ]
      },
      "properties": {
        "osm_id": "n9187849243",
        "name": "The Filling Station",
        "category": "restaurant",
        "subcategory": "amenity=cafe",
        "lat": 53.2955491,
        "lon": -8.7527262,
        "admin_division": "Athenry",
        "county": "galway"
      }
    },
    {
      "type": "Feature",
      "geometry": {
        "type": "Point",
        "coordinates": [
          -8.2889421,
          53.1652221
        ]
      },
      "properties": {
        "osm_id": "n9264402497",
        "name": "Sizzler's",
        "category": "restaurant",
        "subcategory": "amenity=restaurant",
        "lat": 53.1652221,
        "lon": -8.2889421,
        "admin_division": "Killimor",
        "county": "galway"
      }
    },
    {
      "type": "Feature",
      "geometry": {
        "type": "Point",
        "coordinates": [
          -9.6656434,
          53.1199823
        ]
      },
      "properties": {
        "osm_id": "n9265417148",
        "name": "The Pier House",
        "category": "restaurant",
        "subcategory": "amenity=restaurant",
        "lat": 53.1199823,
        "lon": -9.6656434,
        "admin_division": "",
        "county": "galway"
      }
    },
    {
      "type": "Feature",
      "geometry": {
        "type": "Point",
        "coordinates": [
          -8.7479704,
          53.2988263
        ]
      },
      "properties": {
        "osm_id": "n9278844478",
        "name": "Papa Rich",
        "category": "restaurant",
        "subcategory": "amenity=restaurant",
        "lat": 53.2988263,
        "lon": -8.7479704,
        "admin_division": "",
        "county": "galway"
      }
    },
    {
      "type": "Feature",
      "geometry": {
        "type": "Point",
        "coordinates": [
          -9.0762553,
          53.2599246
        ]
      },
      "properties": {
        "osm_id": "n9311166633",
        "name": "LANA",
        "category": "restaurant",
        "subcategory": "amenity=restaurant",
        "lat": 53.2599246,
        "lon": -9.0762553,
        "admin_division": "Galway",
        "county": "galway"
      }
    },
    {
      "type": "Feature",
      "geometry": {
        "type": "Point",
        "coordinates": [
          -9.0568819,
          53.2697927
        ]
      },
      "properties": {
        "osm_id": "n9327949243",
        "name": "Gourmet Tart Co.",
        "category": "restaurant",
        "subcategory": "amenity=cafe",
        "lat": 53.2697927,
        "lon": -9.0568819,
        "admin_division": "Galway",
        "county": "galway"
      }
    },
    {
      "type": "Feature",
      "geometry": {
        "type": "Point",
        "coordinates": [
          -9.0749332,
          53.2615167
        ]
      },
      "properties": {
        "osm_id": "n9363963755",
        "name": "Gourmet Food Parlour",
        "category": "restaurant",
        "subcategory": "amenity=restaurant",
        "lat": 53.2615167,
        "lon": -9.0749332,
        "admin_division": "Galway",
        "county": "galway"
      }
    },
    {
      "type": "Feature",
      "geometry": {
        "type": "Point",
        "coordinates": [
          -9.0754033,
          53.2603978
        ]
      },
      "properties": {
        "osm_id": "n9363993452",
        "name": "La Collina",
        "category": "restaurant",
        "subcategory": "amenity=restaurant",
        "lat": 53.2603978,
        "lon": -9.0754033,
        "admin_division": "Galway",
        "county": "galway"
      }
    },
    {
      "type": "Feature",
      "geometry": {
        "type": "Point",
        "coordinates": [
          -9.0751041,
          53.260551
        ]
      },
      "properties": {
        "osm_id": "n9364000524",
        "name": "Da Roberta’s",
        "category": "restaurant",
        "subcategory": "amenity=restaurant",
        "lat": 53.260551,
        "lon": -9.0751041,
        "admin_division": "Galway",
        "county": "galway"
      }
    },
    {
      "type": "Feature",
      "geometry": {
        "type": "Point",
        "coordinates": [
          -9.0756352,
          53.2601066
        ]
      },
      "properties": {
        "osm_id": "n9364000525",
        "name": "SAMYO",
        "category": "restaurant",
        "subcategory": "amenity=restaurant",
        "lat": 53.2601066,
        "lon": -9.0756352,
        "admin_division": "Galway",
        "county": "galway"
      }
    },
    {
      "type": "Feature",
      "geometry": {
        "type": "Point",
        "coordinates": [
          -9.0789199,
          53.2585566
        ]
      },
      "properties": {
        "osm_id": "n9364011819",
        "name": "Magnetti’s",
        "category": "restaurant",
        "subcategory": "amenity=restaurant",
        "lat": 53.2585566,
        "lon": -9.0789199,
        "admin_division": "Galway",
        "county": "galway"
      }
    },
    {
      "type": "Feature",
      "geometry": {
        "type": "Point",
        "coordinates": [
          -9.057064,
          53.2710868
        ]
      },
      "properties": {
        "osm_id": "n9364039450",
        "name": "Aniar",
        "category": "restaurant",
        "subcategory": "amenity=restaurant",
        "lat": 53.2710868,
        "lon": -9.057064,
        "admin_division": "Galway",
        "county": "galway"
      }
    },
    {
      "type": "Feature",
      "geometry": {
        "type": "Point",
        "coordinates": [
          -9.0491869,
          53.2754573
        ]
      },
      "properties": {
        "osm_id": "n9364060285",
        "name": "The Charcoal Grill",
        "category": "restaurant",
        "subcategory": "amenity=restaurant",
        "lat": 53.2754573,
        "lon": -9.0491869,
        "admin_division": "Galway",
        "county": "galway"
      }
    },
    {
      "type": "Feature",
      "geometry": {
        "type": "Point",
        "coordinates": [
          -9.0547432,
          53.2744102
        ]
      },
      "properties": {
        "osm_id": "n9366307365",
        "name": "Papa Rich",
        "category": "restaurant",
        "subcategory": "amenity=restaurant",
        "lat": 53.2744102,
        "lon": -9.0547432,
        "admin_division": "Galway",
        "county": "galway"
      }
    },
    {
      "type": "Feature",
      "geometry": {
        "type": "Point",
        "coordinates": [
          -9.0532513,
          53.2715984
        ]
      },
      "properties": {
        "osm_id": "n9366314177",
        "name": "Umbrella Asian Tapas",
        "category": "restaurant",
        "subcategory": "amenity=restaurant",
        "lat": 53.2715984,
        "lon": -9.0532513,
        "admin_division": "Galway",
        "county": "galway"
      }
    },
    {
      "type": "Feature",
      "geometry": {
        "type": "Point",
        "coordinates": [
          -9.0497947,
          53.2739824
        ]
      },
      "properties": {
        "osm_id": "n9366321356",
        "name": "Gatto Rosso",
        "category": "restaurant",
        "subcategory": "amenity=restaurant",
        "lat": 53.2739824,
        "lon": -9.0497947,
        "admin_division": "Galway",
        "county": "galway"
      }
    },
    {
      "type": "Feature",
      "geometry": {
        "type": "Point",
        "coordinates": [
          -9.0750441,
          53.2606039
        ]
      },
      "properties": {
        "osm_id": "n9393278909",
        "name": "Osaka",
        "category": "restaurant",
        "subcategory": "amenity=restaurant",
        "lat": 53.2606039,
        "lon": -9.0750441,
        "admin_division": "Galway",
        "county": "galway"
      }
    },
    {
      "type": "Feature",
      "geometry": {
        "type": "Point",
        "coordinates": [
          -9.0632929,
          53.2758896
        ]
      },
      "properties": {
        "osm_id": "n9408684554",
        "name": "Gourmet Tart Co.",
        "category": "restaurant",
        "subcategory": "amenity=cafe",
        "lat": 53.2758896,
        "lon": -9.0632929,
        "admin_division": "Galway",
        "county": "galway"
      }
    },
    {
      "type": "Feature",
      "geometry": {
        "type": "Point",
        "coordinates": [
          -9.0515673,
          53.2728874
        ]
      },
      "properties": {
        "osm_id": "n9408870041",
        "name": "Gourmet Tart Co.",
        "category": "restaurant",
        "subcategory": "amenity=cafe",
        "lat": 53.2728874,
        "lon": -9.0515673,
        "admin_division": "Galway",
        "county": "galway"
      }
    },
    {
      "type": "Feature",
      "geometry": {
        "type": "Point",
        "coordinates": [
          -10.198504,
          53.6156799
        ]
      },
      "properties": {
        "osm_id": "n9480174429",
        "name": "Dolphin Restaurant",
        "category": "restaurant",
        "subcategory": "amenity=restaurant",
        "lat": 53.6156799,
        "lon": -10.198504,
        "admin_division": "Inishbofin, Galway",
        "county": "galway"
      }
    },
    {
      "type": "Feature",
      "geometry": {
        "type": "Point",
        "coordinates": [
          -9.0466526,
          53.2747635
        ]
      },
      "properties": {
        "osm_id": "n9487961162",
        "name": "Classico",
        "category": "restaurant",
        "subcategory": "amenity=restaurant",
        "lat": 53.2747635,
        "lon": -9.0466526,
        "admin_division": "Galway",
        "county": "galway"
      }
    },
    {
      "type": "Feature",
      "geometry": {
        "type": "Point",
        "coordinates": [
          -9.0496329,
          53.2759566
        ]
      },
      "properties": {
        "osm_id": "n9514478319",
        "name": "Apoema Bistro",
        "category": "restaurant",
        "subcategory": "amenity=restaurant",
        "lat": 53.2759566,
        "lon": -9.0496329,
        "admin_division": "Galway",
        "county": "galway"
      }
    },
    {
      "type": "Feature",
      "geometry": {
        "type": "Point",
        "coordinates": [
          -9.0519178,
          53.2700888
        ]
      },
      "properties": {
        "osm_id": "n9514478320",
        "name": "Rúibín",
        "category": "restaurant",
        "subcategory": "amenity=restaurant",
        "lat": 53.2700888,
        "lon": -9.0519178,
        "admin_division": "Galway",
        "county": "galway"
      }
    },
    {
      "type": "Feature",
      "geometry": {
        "type": "Point",
        "coordinates": [
          -8.8714977,
          53.5080556
        ]
      },
      "properties": {
        "osm_id": "n9576143054",
        "name": "Mac's Place",
        "category": "restaurant",
        "subcategory": "amenity=cafe",
        "lat": 53.5080556,
        "lon": -8.8714977,
        "admin_division": "",
        "county": "galway"
      }
    },
    {
      "type": "Feature",
      "geometry": {
        "type": "Point",
        "coordinates": [
          -9.0477334,
          53.2808357
        ]
      },
      "properties": {
        "osm_id": "n9703712651",
        "name": "Álainn",
        "category": "restaurant",
        "subcategory": "amenity=cafe",
        "lat": 53.2808357,
        "lon": -9.0477334,
        "admin_division": "Galway",
        "county": "galway"
      }
    },
    {
      "type": "Feature",
      "geometry": {
        "type": "Point",
        "coordinates": [
          -9.0506121,
          53.2841262
        ]
      },
      "properties": {
        "osm_id": "n9708252085",
        "name": "Scotty’s",
        "category": "restaurant",
        "subcategory": "amenity=restaurant",
        "lat": 53.2841262,
        "lon": -9.0506121,
        "admin_division": "Galway",
        "county": "galway"
      }
    },
    {
      "type": "Feature",
      "geometry": {
        "type": "Point",
        "coordinates": [
          -9.048492,
          53.2754431
        ]
      },
      "properties": {
        "osm_id": "n9855905489",
        "name": "Mary Mullen’s",
        "category": "restaurant",
        "subcategory": "amenity=bar",
        "lat": 53.2754431,
        "lon": -9.048492,
        "admin_division": "Galway, Galway",
        "county": "galway"
      }
    },
    {
      "type": "Feature",
      "geometry": {
        "type": "Point",
        "coordinates": [
          -9.0480164,
          53.2758743
        ]
      },
      "properties": {
        "osm_id": "n9855905490",
        "name": "Osaka",
        "category": "restaurant",
        "subcategory": "amenity=restaurant",
        "lat": 53.2758743,
        "lon": -9.0480164,
        "admin_division": "Galway",
        "county": "galway"
      }
    },
    {
      "type": "Feature",
      "geometry": {
        "type": "Point",
        "coordinates": [
          -9.3033419,
          53.2442191
        ]
      },
      "properties": {
        "osm_id": "n9859161455",
        "name": "rúnda",
        "category": "restaurant",
        "subcategory": "amenity=cafe",
        "lat": 53.2442191,
        "lon": -9.3033419,
        "admin_division": "",
        "county": "galway"
      }
    },
    {
      "type": "Feature",
      "geometry": {
        "type": "Point",
        "coordinates": [
          -9.0564554,
          53.271453
        ]
      },
      "properties": {
        "osm_id": "n9864290159",
        "name": "IL Vicolo",
        "category": "restaurant",
        "subcategory": "amenity=restaurant",
        "lat": 53.271453,
        "lon": -9.0564554,
        "admin_division": "",
        "county": "galway"
      }
    },
    {
      "type": "Feature",
      "geometry": {
        "type": "Point",
        "coordinates": [
          -9.5177978,
          53.0638174
        ]
      },
      "properties": {
        "osm_id": "n9865659888",
        "name": "The Seaweed Cafe",
        "category": "restaurant",
        "subcategory": "amenity=cafe",
        "lat": 53.0638174,
        "lon": -9.5177978,
        "admin_division": "",
        "county": "galway"
      }
    },
    {
      "type": "Feature",
      "geometry": {
        "type": "Point",
        "coordinates": [
          -9.0851207,
          53.2581126
        ]
      },
      "properties": {
        "osm_id": "n9870515501",
        "name": "Bewley's Beachfront Barista",
        "category": "restaurant",
        "subcategory": "amenity=cafe",
        "lat": 53.2581126,
        "lon": -9.0851207,
        "admin_division": "",
        "county": "galway"
      }
    },
    {
      "type": "Feature",
      "geometry": {
        "type": "Point",
        "coordinates": [
          -8.9287072,
          53.2686651
        ]
      },
      "properties": {
        "osm_id": "n9885244788",
        "name": "Oran Tandoori",
        "category": "restaurant",
        "subcategory": "amenity=restaurant",
        "lat": 53.2686651,
        "lon": -8.9287072,
        "admin_division": "",
        "county": "galway"
      }
    },
    {
      "type": "Feature",
      "geometry": {
        "type": "Point",
        "coordinates": [
          -8.9297303,
          53.2682567
        ]
      },
      "properties": {
        "osm_id": "n9885245210",
        "name": "Brazco",
        "category": "restaurant",
        "subcategory": "amenity=cafe",
        "lat": 53.2682567,
        "lon": -8.9297303,
        "admin_division": "Oranmore",
        "county": "galway"
      }
    },
    {
      "type": "Feature",
      "geometry": {
        "type": "Point",
        "coordinates": [
          -9.0587683,
          53.2700806
        ]
      },
      "properties": {
        "osm_id": "n9897424642",
        "name": "China Town",
        "category": "restaurant",
        "subcategory": "amenity=restaurant",
        "lat": 53.2700806,
        "lon": -9.0587683,
        "admin_division": "Galway",
        "county": "galway"
      }
    },
    {
      "type": "Feature",
      "geometry": {
        "type": "Point",
        "coordinates": [
          -8.9314464,
          53.2697512
        ]
      },
      "properties": {
        "osm_id": "n9913392993",
        "name": "Ground & Co.",
        "category": "restaurant",
        "subcategory": "amenity=cafe",
        "lat": 53.2697512,
        "lon": -8.9314464,
        "admin_division": "Oranmore",
        "county": "galway"
      }
    },
    {
      "type": "Feature",
      "geometry": {
        "type": "Point",
        "coordinates": [
          -8.7203837,
          53.4797744
        ]
      },
      "properties": {
        "osm_id": "n9914758567",
        "name": "The Red Gap",
        "category": "restaurant",
        "subcategory": "amenity=restaurant",
        "lat": 53.4797744,
        "lon": -8.7203837,
        "admin_division": "",
        "county": "galway"
      }
    },
    {
      "type": "Feature",
      "geometry": {
        "type": "Point",
        "coordinates": [
          -9.0527134,
          53.2748328
        ]
      },
      "properties": {
        "osm_id": "n9915217516",
        "name": "Cafe Roscoe's",
        "category": "restaurant",
        "subcategory": "amenity=cafe",
        "lat": 53.2748328,
        "lon": -9.0527134,
        "admin_division": "Galway",
        "county": "galway"
      }
    },
    {
      "type": "Feature",
      "geometry": {
        "type": "Point",
        "coordinates": [
          -9.050823,
          53.2743159
        ]
      },
      "properties": {
        "osm_id": "n9917988077",
        "name": "CoCo ToGo",
        "category": "restaurant",
        "subcategory": "amenity=cafe",
        "lat": 53.2743159,
        "lon": -9.050823,
        "admin_division": "Galway",
        "county": "galway"
      }
    },
    {
      "type": "Feature",
      "geometry": {
        "type": "Point",
        "coordinates": [
          -9.0517168,
          53.2710183
        ]
      },
      "properties": {
        "osm_id": "n9918099044",
        "name": "Ground & Co.",
        "category": "restaurant",
        "subcategory": "amenity=cafe",
        "lat": 53.2710183,
        "lon": -9.0517168,
        "admin_division": "Galway",
        "county": "galway"
      }
    },
    {
      "type": "Feature",
      "geometry": {
        "type": "Point",
        "coordinates": [
          -9.0544096,
          53.2717293
        ]
      },
      "properties": {
        "osm_id": "n9922900961",
        "name": "Kirby's",
        "category": "restaurant",
        "subcategory": "amenity=restaurant",
        "lat": 53.2717293,
        "lon": -9.0544096,
        "admin_division": "Galway",
        "county": "galway"
      }
    },
    {
      "type": "Feature",
      "geometry": {
        "type": "Point",
        "coordinates": [
          -9.0527301,
          53.273521
        ]
      },
      "properties": {
        "osm_id": "n9925200653",
        "name": "Fairhill Coffee Design Studio",
        "category": "restaurant",
        "subcategory": "amenity=cafe",
        "lat": 53.273521,
        "lon": -9.0527301,
        "admin_division": "Galway",
        "county": "galway"
      }
    },
    {
      "type": "Feature",
      "geometry": {
        "type": "Point",
        "coordinates": [
          -9.0575881,
          53.2696128
        ]
      },
      "properties": {
        "osm_id": "n9925226607",
        "name": "Spiced India",
        "category": "restaurant",
        "subcategory": "amenity=restaurant",
        "lat": 53.2696128,
        "lon": -9.0575881,
        "admin_division": "Galway",
        "county": "galway"
      }
    },
    {
      "type": "Feature",
      "geometry": {
        "type": "Point",
        "coordinates": [
          -9.0589204,
          53.2703039
        ]
      },
      "properties": {
        "osm_id": "n9925226612",
        "name": "Bierhaus",
        "category": "restaurant",
        "subcategory": "amenity=pub",
        "lat": 53.2703039,
        "lon": -9.0589204,
        "admin_division": "Galway, Galway",
        "county": "galway"
      }
    },
    {
      "type": "Feature",
      "geometry": {
        "type": "Point",
        "coordinates": [
          -9.0466896,
          53.2747325
        ]
      },
      "properties": {
        "osm_id": "n9925239567",
        "name": "Little Jungle",
        "category": "restaurant",
        "subcategory": "amenity=cafe",
        "lat": 53.2747325,
        "lon": -9.0466896,
        "admin_division": "Galway",
        "county": "galway"
      }
    },
    {
      "type": "Feature",
      "geometry": {
        "type": "Point",
        "coordinates": [
          -9.0532769,
          53.2708698
        ]
      },
      "properties": {
        "osm_id": "n9925253576",
        "name": "Kombu Ramen and Bao Bar",
        "category": "restaurant",
        "subcategory": "amenity=restaurant",
        "lat": 53.2708698,
        "lon": -9.0532769,
        "admin_division": "Galway",
        "county": "galway"
      }
    },
    {
      "type": "Feature",
      "geometry": {
        "type": "Point",
        "coordinates": [
          -9.0524669,
          53.2747252
        ]
      },
      "properties": {
        "osm_id": "n9925254583",
        "name": "Saffron Turkish Grill and Cafe",
        "category": "restaurant",
        "subcategory": "amenity=restaurant",
        "lat": 53.2747252,
        "lon": -9.0524669,
        "admin_division": "Galway",
        "county": "galway"
      }
    },
    {
      "type": "Feature",
      "geometry": {
        "type": "Point",
        "coordinates": [
          -9.0540912,
          53.271248
        ]
      },
      "properties": {
        "osm_id": "n9925268668",
        "name": "Ré Tea",
        "category": "restaurant",
        "subcategory": "amenity=cafe",
        "lat": 53.271248,
        "lon": -9.0540912,
        "admin_division": "Galway",
        "county": "galway"
      }
    },
    {
      "type": "Feature",
      "geometry": {
        "type": "Point",
        "coordinates": [
          -9.0540335,
          53.2716116
        ]
      },
      "properties": {
        "osm_id": "n9925270623",
        "name": "Branch & Caffé",
        "category": "restaurant",
        "subcategory": "amenity=cafe",
        "lat": 53.2716116,
        "lon": -9.0540335,
        "admin_division": "Galway",
        "county": "galway"
      }
    },
    {
      "type": "Feature",
      "geometry": {
        "type": "Point",
        "coordinates": [
          -9.0600843,
          53.2698314
        ]
      },
      "properties": {
        "osm_id": "n9925298617",
        "name": "Mona Lisa",
        "category": "restaurant",
        "subcategory": "amenity=restaurant",
        "lat": 53.2698314,
        "lon": -9.0600843,
        "admin_division": "",
        "county": "galway"
      }
    },
    {
      "type": "Feature",
      "geometry": {
        "type": "Point",
        "coordinates": [
          -9.0611753,
          53.2695703
        ]
      },
      "properties": {
        "osm_id": "n9925298618",
        "name": "Kai",
        "category": "restaurant",
        "subcategory": "amenity=restaurant",
        "lat": 53.2695703,
        "lon": -9.0611753,
        "admin_division": "Galway",
        "county": "galway"
      }
    },
    {
      "type": "Feature",
      "geometry": {
        "type": "Point",
        "coordinates": [
          -9.0575652,
          53.2694717
        ]
      },
      "properties": {
        "osm_id": "n9925298641",
        "name": "Kashmir",
        "category": "restaurant",
        "subcategory": "amenity=restaurant",
        "lat": 53.2694717,
        "lon": -9.0575652,
        "admin_division": "Galway",
        "county": "galway"
      }
    },
    {
      "type": "Feature",
      "geometry": {
        "type": "Point",
        "coordinates": [
          -9.0531467,
          53.2737711
        ]
      },
      "properties": {
        "osm_id": "n9928054882",
        "name": "The Chili Shack",
        "category": "restaurant",
        "subcategory": "amenity=restaurant",
        "lat": 53.2737711,
        "lon": -9.0531467,
        "admin_division": "Galway",
        "county": "galway"
      }
    },
    {
      "type": "Feature",
      "geometry": {
        "type": "Point",
        "coordinates": [
          -9.0533024,
          53.2738604
        ]
      },
      "properties": {
        "osm_id": "n9928054884",
        "name": "Little Collins CBD Dispensary",
        "category": "restaurant",
        "subcategory": "amenity=cafe",
        "lat": 53.2738604,
        "lon": -9.0533024,
        "admin_division": "Galway",
        "county": "galway"
      }
    },
    {
      "type": "Feature",
      "geometry": {
        "type": "Point",
        "coordinates": [
          -9.0532432,
          53.2725412
        ]
      },
      "properties": {
        "osm_id": "n9928096878",
        "name": "Cafe Express",
        "category": "restaurant",
        "subcategory": "amenity=cafe",
        "lat": 53.2725412,
        "lon": -9.0532432,
        "admin_division": "Galway",
        "county": "galway"
      }
    },
    {
      "type": "Feature",
      "geometry": {
        "type": "Point",
        "coordinates": [
          -9.0529194,
          53.2759147
        ]
      },
      "properties": {
        "osm_id": "n9930415328",
        "name": "McGinn’s Hop House",
        "category": "restaurant",
        "subcategory": "amenity=pub",
        "lat": 53.2759147,
        "lon": -9.0529194,
        "admin_division": "Galway, Galway",
        "county": "galway"
      }
    },
    {
      "type": "Feature",
      "geometry": {
        "type": "Point",
        "coordinates": [
          -9.0527697,
          53.2748606
        ]
      },
      "properties": {
        "osm_id": "n9941215669",
        "name": "Taquila",
        "category": "restaurant",
        "subcategory": "amenity=restaurant",
        "lat": 53.2748606,
        "lon": -9.0527697,
        "admin_division": "Galway",
        "county": "galway"
      }
    },
    {
      "type": "Feature",
      "geometry": {
        "type": "Point",
        "coordinates": [
          -9.0532281,
          53.274735
        ]
      },
      "properties": {
        "osm_id": "n9941273825",
        "name": "Golden Rikshaw",
        "category": "restaurant",
        "subcategory": "amenity=restaurant",
        "lat": 53.274735,
        "lon": -9.0532281,
        "admin_division": "Galway",
        "county": "galway"
      }
    },
    {
      "type": "Feature",
      "geometry": {
        "type": "Point",
        "coordinates": [
          -9.0532638,
          53.2747043
        ]
      },
      "properties": {
        "osm_id": "n9941273826",
        "name": "Lana",
        "category": "restaurant",
        "subcategory": "amenity=restaurant",
        "lat": 53.2747043,
        "lon": -9.0532638,
        "admin_division": "Galway",
        "county": "galway"
      }
    },
    {
      "type": "Feature",
      "geometry": {
        "type": "Point",
        "coordinates": [
          -9.0508336,
          53.2749521
        ]
      },
      "properties": {
        "osm_id": "n9942574763",
        "name": "Cafe Ole",
        "category": "restaurant",
        "subcategory": "amenity=cafe",
        "lat": 53.2749521,
        "lon": -9.0508336,
        "admin_division": "Galway",
        "county": "galway"
      }
    },
    {
      "type": "Feature",
      "geometry": {
        "type": "Point",
        "coordinates": [
          -10.2071639,
          53.6134529
        ]
      },
      "properties": {
        "osm_id": "n9949401156",
        "name": "The Beach",
        "category": "restaurant",
        "subcategory": "amenity=pub",
        "lat": 53.6134529,
        "lon": -10.2071639,
        "admin_division": "Inishbofin, Galway",
        "county": "galway"
      }
    },
    {
      "type": "Feature",
      "geometry": {
        "type": "Point",
        "coordinates": [
          -9.0460671,
          53.2750017
        ]
      },
      "properties": {
        "osm_id": "n9953467268",
        "name": "WYLDE",
        "category": "restaurant",
        "subcategory": "amenity=cafe",
        "lat": 53.2750017,
        "lon": -9.0460671,
        "admin_division": "",
        "county": "galway"
      }
    },
    {
      "type": "Feature",
      "geometry": {
        "type": "Point",
        "coordinates": [
          -9.0471529,
          53.2746993
        ]
      },
      "properties": {
        "osm_id": "n9953658474",
        "name": "Vocho",
        "category": "restaurant",
        "subcategory": "amenity=restaurant",
        "lat": 53.2746993,
        "lon": -9.0471529,
        "admin_division": "Galway",
        "county": "galway"
      }
    },
    {
      "type": "Feature",
      "geometry": {
        "type": "Point",
        "coordinates": [
          -9.0576042,
          53.2703557
        ]
      },
      "properties": {
        "osm_id": "n9953671982",
        "name": "An Tobar Nua",
        "category": "restaurant",
        "subcategory": "amenity=cafe",
        "lat": 53.2703557,
        "lon": -9.0576042,
        "admin_division": "Galway",
        "county": "galway"
      }
    },
    {
      "type": "Feature",
      "geometry": {
        "type": "Point",
        "coordinates": [
          -8.9365168,
          53.1389608
        ]
      },
      "properties": {
        "osm_id": "n9958762948",
        "name": "Wild Beans",
        "category": "restaurant",
        "subcategory": "amenity=cafe",
        "lat": 53.1389608,
        "lon": -8.9365168,
        "admin_division": "",
        "county": "galway"
      }
    },
    {
      "type": "Feature",
      "geometry": {
        "type": "Point",
        "coordinates": [
          -9.0752298,
          53.260483
        ]
      },
      "properties": {
        "osm_id": "n9991461946",
        "name": "Beacon",
        "category": "restaurant",
        "subcategory": "amenity=pub",
        "lat": 53.260483,
        "lon": -9.0752298,
        "admin_division": "Galway, Galway",
        "county": "galway"
      }
    },
    {
      "type": "Feature",
      "geometry": {
        "type": "Point",
        "coordinates": [
          -8.2217712,
          53.3302163
        ]
      },
      "properties": {
        "osm_id": "n9995590014",
        "name": "Fusion",
        "category": "restaurant",
        "subcategory": "amenity=restaurant",
        "lat": 53.3302163,
        "lon": -8.2217712,
        "admin_division": "",
        "county": "galway"
      }
    },
    {
      "type": "Feature",
      "geometry": {
        "type": "Point",
        "coordinates": [
          -8.2230851,
          53.3284098
        ]
      },
      "properties": {
        "osm_id": "n9995596124",
        "name": "Venezia",
        "category": "restaurant",
        "subcategory": "amenity=restaurant",
        "lat": 53.3284098,
        "lon": -8.2230851,
        "admin_division": "Ballinasloe",
        "county": "galway"
      }
    },
    {
      "type": "Feature",
      "geometry": {
        "type": "Point",
        "coordinates": [
          -9.0663237,
          53.2685974
        ]
      },
      "properties": {
        "osm_id": "n10029892865",
        "name": "Murrays Coffee House",
        "category": "restaurant",
        "subcategory": "amenity=cafe",
        "lat": 53.2685974,
        "lon": -9.0663237,
        "admin_division": "Galway",
        "county": "galway"
      }
    },
    {
      "type": "Feature",
      "geometry": {
        "type": "Point",
        "coordinates": [
          -9.0743914,
          53.2613603
        ]
      },
      "properties": {
        "osm_id": "n10036250019",
        "name": "Ré",
        "category": "restaurant",
        "subcategory": "amenity=cafe",
        "lat": 53.2613603,
        "lon": -9.0743914,
        "admin_division": "Galway",
        "county": "galway"
      }
    },
    {
      "type": "Feature",
      "geometry": {
        "type": "Point",
        "coordinates": [
          -9.0729289,
          53.2623786
        ]
      },
      "properties": {
        "osm_id": "n10037994933",
        "name": "Brí coffee & art",
        "category": "restaurant",
        "subcategory": "amenity=cafe",
        "lat": 53.2623786,
        "lon": -9.0729289,
        "admin_division": "Galway",
        "county": "galway"
      }
    },
    {
      "type": "Feature",
      "geometry": {
        "type": "Point",
        "coordinates": [
          -9.0742904,
          53.2614672
        ]
      },
      "properties": {
        "osm_id": "n10038058666",
        "name": "Kali Coffee Bar",
        "category": "restaurant",
        "subcategory": "amenity=cafe",
        "lat": 53.2614672,
        "lon": -9.0742904,
        "admin_division": "Galway",
        "county": "galway"
      }
    },
    {
      "type": "Feature",
      "geometry": {
        "type": "Point",
        "coordinates": [
          -9.0633083,
          53.276129
        ]
      },
      "properties": {
        "osm_id": "n10047890600",
        "name": "Kawa Asian Street Food",
        "category": "restaurant",
        "subcategory": "amenity=restaurant",
        "lat": 53.276129,
        "lon": -9.0633083,
        "admin_division": "Galway",
        "county": "galway"
      }
    },
    {
      "type": "Feature",
      "geometry": {
        "type": "Point",
        "coordinates": [
          -9.0531179,
          53.2739011
        ]
      },
      "properties": {
        "osm_id": "n10093139893",
        "name": "Salsa",
        "category": "restaurant",
        "subcategory": "amenity=restaurant",
        "lat": 53.2739011,
        "lon": -9.0531179,
        "admin_division": "Galway",
        "county": "galway"
      }
    },
    {
      "type": "Feature",
      "geometry": {
        "type": "Point",
        "coordinates": [
          -8.9284873,
          53.269955
        ]
      },
      "properties": {
        "osm_id": "n10108299150",
        "name": "Espresso 44",
        "category": "restaurant",
        "subcategory": "amenity=cafe",
        "lat": 53.269955,
        "lon": -8.9284873,
        "admin_division": "Oranmore",
        "county": "galway"
      }
    },
    {
      "type": "Feature",
      "geometry": {
        "type": "Point",
        "coordinates": [
          -9.0523548,
          53.2699992
        ]
      },
      "properties": {
        "osm_id": "n10114428285",
        "name": "Wa Sushi",
        "category": "restaurant",
        "subcategory": "amenity=restaurant",
        "lat": 53.2699992,
        "lon": -9.0523548,
        "admin_division": "Galway",
        "county": "galway"
      }
    },
    {
      "type": "Feature",
      "geometry": {
        "type": "Point",
        "coordinates": [
          -9.0567939,
          53.2711469
        ]
      },
      "properties": {
        "osm_id": "n10176101328",
        "name": "City Pantry Cafe",
        "category": "restaurant",
        "subcategory": "amenity=cafe",
        "lat": 53.2711469,
        "lon": -9.0567939,
        "admin_division": "Galway",
        "county": "galway"
      }
    },
    {
      "type": "Feature",
      "geometry": {
        "type": "Point",
        "coordinates": [
          -9.052258,
          53.2728959
        ]
      },
      "properties": {
        "osm_id": "n10183466584",
        "name": "56 Central",
        "category": "restaurant",
        "subcategory": "amenity=restaurant",
        "lat": 53.2728959,
        "lon": -9.052258,
        "admin_division": "Galway",
        "county": "galway"
      }
    },
    {
      "type": "Feature",
      "geometry": {
        "type": "Point",
        "coordinates": [
          -8.9259994,
          53.2642515
        ]
      },
      "properties": {
        "osm_id": "n10259618353",
        "name": "Brazco Coffee Academy",
        "category": "restaurant",
        "subcategory": "amenity=cafe",
        "lat": 53.2642515,
        "lon": -8.9259994,
        "admin_division": "Oranmore",
        "county": "galway"
      }
    },
    {
      "type": "Feature",
      "geometry": {
        "type": "Point",
        "coordinates": [
          -9.0763611,
          53.2598245
        ]
      },
      "properties": {
        "osm_id": "n10267923714",
        "name": "Oslo Bar",
        "category": "restaurant",
        "subcategory": "amenity=pub",
        "lat": 53.2598245,
        "lon": -9.0763611,
        "admin_division": "Galway, Galway",
        "county": "galway"
      }
    },
    {
      "type": "Feature",
      "geometry": {
        "type": "Point",
        "coordinates": [
          -9.1538019,
          53.2511466
        ]
      },
      "properties": {
        "osm_id": "n10299347330",
        "name": "Caffe Vero",
        "category": "restaurant",
        "subcategory": "amenity=cafe",
        "lat": 53.2511466,
        "lon": -9.1538019,
        "admin_division": "Barna",
        "county": "galway"
      }
    },
    {
      "type": "Feature",
      "geometry": {
        "type": "Point",
        "coordinates": [
          -9.0924472,
          53.4500792
        ]
      },
      "properties": {
        "osm_id": "n10601759291",
        "name": "Insomnia",
        "category": "restaurant",
        "subcategory": "amenity=cafe",
        "lat": 53.4500792,
        "lon": -9.0924472,
        "admin_division": "",
        "county": "galway"
      }
    },
    {
      "type": "Feature",
      "geometry": {
        "type": "Point",
        "coordinates": [
          -9.0588087,
          53.2702469
        ]
      },
      "properties": {
        "osm_id": "n10676289618",
        "name": "Deli la Tasca",
        "category": "restaurant",
        "subcategory": "amenity=restaurant",
        "lat": 53.2702469,
        "lon": -9.0588087,
        "admin_division": "Galway",
        "county": "galway"
      }
    },
    {
      "type": "Feature",
      "geometry": {
        "type": "Point",
        "coordinates": [
          -8.936016,
          53.1389847
        ]
      },
      "properties": {
        "osm_id": "n10717473031",
        "name": "Ishka",
        "category": "restaurant",
        "subcategory": "amenity=cafe",
        "lat": 53.1389847,
        "lon": -8.936016,
        "admin_division": "",
        "county": "galway"
      }
    },
    {
      "type": "Feature",
      "geometry": {
        "type": "Point",
        "coordinates": [
          -8.8508619,
          53.5155513
        ]
      },
      "properties": {
        "osm_id": "n10740140206",
        "name": "Leaf and Bean",
        "category": "restaurant",
        "subcategory": "amenity=cafe",
        "lat": 53.5155513,
        "lon": -8.8508619,
        "admin_division": "",
        "county": "galway"
      }
    },
    {
      "type": "Feature",
      "geometry": {
        "type": "Point",
        "coordinates": [
          -9.0533677,
          53.2749246
        ]
      },
      "properties": {
        "osm_id": "n10777384097",
        "name": "Tribe",
        "category": "restaurant",
        "subcategory": "amenity=cafe",
        "lat": 53.2749246,
        "lon": -9.0533677,
        "admin_division": "Galway",
        "county": "galway"
      }
    },
    {
      "type": "Feature",
      "geometry": {
        "type": "Point",
        "coordinates": [
          -9.6944462,
          53.5956542
        ]
      },
      "properties": {
        "osm_id": "n10795001905",
        "name": "The Purple Door Café",
        "category": "restaurant",
        "subcategory": "amenity=cafe",
        "lat": 53.5956542,
        "lon": -9.6944462,
        "admin_division": "",
        "county": "galway"
      }
    },
    {
      "type": "Feature",
      "geometry": {
        "type": "Point",
        "coordinates": [
          -9.0472339,
          53.2707877
        ]
      },
      "properties": {
        "osm_id": "n10799627805",
        "name": "Dillisk on the Docks",
        "category": "restaurant",
        "subcategory": "amenity=restaurant",
        "lat": 53.2707877,
        "lon": -9.0472339,
        "admin_division": "",
        "county": "galway"
      }
    },
    {
      "type": "Feature",
      "geometry": {
        "type": "Point",
        "coordinates": [
          -9.0479024,
          53.2759694
        ]
      },
      "properties": {
        "osm_id": "n10948880742",
        "name": "Jungle Café",
        "category": "restaurant",
        "subcategory": "amenity=cafe",
        "lat": 53.2759694,
        "lon": -9.0479024,
        "admin_division": "Galway",
        "county": "galway"
      }
    },
    {
      "type": "Feature",
      "geometry": {
        "type": "Point",
        "coordinates": [
          -8.9877242,
          53.2935074
        ]
      },
      "properties": {
        "osm_id": "n11151112634",
        "name": "Roots",
        "category": "restaurant",
        "subcategory": "amenity=cafe",
        "lat": 53.2935074,
        "lon": -8.9877242,
        "admin_division": "",
        "county": "galway"
      }
    },
    {
      "type": "Feature",
      "geometry": {
        "type": "Point",
        "coordinates": [
          -8.9999416,
          53.2894227
        ]
      },
      "properties": {
        "osm_id": "n11155359559",
        "name": "Restaurant",
        "category": "restaurant",
        "subcategory": "amenity=restaurant",
        "lat": 53.2894227,
        "lon": -8.9999416,
        "admin_division": "",
        "county": "galway"
      }
    },
    {
      "type": "Feature",
      "geometry": {
        "type": "Point",
        "coordinates": [
          -10.0233581,
          53.4883691
        ]
      },
      "properties": {
        "osm_id": "n11199464395",
        "name": "Brown’s Restaurant",
        "category": "restaurant",
        "subcategory": "amenity=restaurant",
        "lat": 53.4883691,
        "lon": -10.0233581,
        "admin_division": "Clifden, Galway",
        "county": "galway"
      }
    },
    {
      "type": "Feature",
      "geometry": {
        "type": "Point",
        "coordinates": [
          -9.0766837,
          53.2595664
        ]
      },
      "properties": {
        "osm_id": "n11203291443",
        "name": "O’Reilly’s Bar and Kitchen",
        "category": "restaurant",
        "subcategory": "amenity=pub",
        "lat": 53.2595664,
        "lon": -9.0766837,
        "admin_division": "Galway, Galway",
        "county": "galway"
      }
    },
    {
      "type": "Feature",
      "geometry": {
        "type": "Point",
        "coordinates": [
          -8.988679,
          53.2914902
        ]
      },
      "properties": {
        "osm_id": "n11393812615",
        "name": "Enclosure Bar & Bistro",
        "category": "restaurant",
        "subcategory": "amenity=bar",
        "lat": 53.2914902,
        "lon": -8.988679,
        "admin_division": "Galway, Galway",
        "county": "galway"
      }
    },
    {
      "type": "Feature",
      "geometry": {
        "type": "Point",
        "coordinates": [
          -9.0480834,
          53.273871
        ]
      },
      "properties": {
        "osm_id": "n11412559828",
        "name": "The Oyster Bar",
        "category": "restaurant",
        "subcategory": "amenity=bar",
        "lat": 53.273871,
        "lon": -9.0480834,
        "admin_division": "Galway, Galway",
        "county": "galway"
      }
    },
    {
      "type": "Feature",
      "geometry": {
        "type": "Point",
        "coordinates": [
          -9.1700101,
          53.329946
        ]
      },
      "properties": {
        "osm_id": "n11446264269",
        "name": "Mama No Drama (Pink Coffee Van)",
        "category": "restaurant",
        "subcategory": "amenity=cafe",
        "lat": 53.329946,
        "lon": -9.1700101,
        "admin_division": "",
        "county": "galway"
      }
    },
    {
      "type": "Feature",
      "geometry": {
        "type": "Point",
        "coordinates": [
          -10.0175812,
          53.4887314
        ]
      },
      "properties": {
        "osm_id": "n11635478304",
        "name": "Carriage Restaurant",
        "category": "restaurant",
        "subcategory": "amenity=restaurant",
        "lat": 53.4887314,
        "lon": -10.0175812,
        "admin_division": "Clifden, Galway",
        "county": "galway"
      }
    },
    {
      "type": "Feature",
      "geometry": {
        "type": "Point",
        "coordinates": [
          -9.6622673,
          53.2761421
        ]
      },
      "properties": {
        "osm_id": "n11769855926",
        "name": "An Chlúid",
        "category": "restaurant",
        "subcategory": "amenity=cafe",
        "lat": 53.2761421,
        "lon": -9.6622673,
        "admin_division": "",
        "county": "galway"
      }
    },
    {
      "type": "Feature",
      "geometry": {
        "type": "Point",
        "coordinates": [
          -9.0923158,
          53.2569525
        ]
      },
      "properties": {
        "osm_id": "n11838378893",
        "name": "Blackrock Cottage",
        "category": "restaurant",
        "subcategory": "amenity=restaurant",
        "lat": 53.2569525,
        "lon": -9.0923158,
        "admin_division": "Galway, Galway",
        "county": "galway"
      }
    },
    {
      "type": "Feature",
      "geometry": {
        "type": "Point",
        "coordinates": [
          -9.0471061,
          53.274725
        ]
      },
      "properties": {
        "osm_id": "n11874898819",
        "name": "Scón",
        "category": "restaurant",
        "subcategory": "amenity=cafe",
        "lat": 53.274725,
        "lon": -9.0471061,
        "admin_division": "Galway",
        "county": "galway"
      }
    },
    {
      "type": "Feature",
      "geometry": {
        "type": "Point",
        "coordinates": [
          -8.9272646,
          53.1292593
        ]
      },
      "properties": {
        "osm_id": "n11950694745",
        "name": "The Burren Nature Sanctuary",
        "category": "restaurant",
        "subcategory": "amenity=cafe",
        "lat": 53.1292593,
        "lon": -8.9272646,
        "admin_division": "Kinvara",
        "county": "galway"
      }
    },
    {
      "type": "Feature",
      "geometry": {
        "type": "Point",
        "coordinates": [
          -8.8691143,
          53.2091105
        ]
      },
      "properties": {
        "osm_id": "n12023648096",
        "name": "Roots Café & Bistro",
        "category": "restaurant",
        "subcategory": "amenity=cafe",
        "lat": 53.2091105,
        "lon": -8.8691143,
        "admin_division": "Kilcolgan",
        "county": "galway"
      }
    },
    {
      "type": "Feature",
      "geometry": {
        "type": "Point",
        "coordinates": [
          -10.2129309,
          53.6136319
        ]
      },
      "properties": {
        "osm_id": "n12049500637",
        "name": "The Saltbox",
        "category": "restaurant",
        "subcategory": "amenity=restaurant",
        "lat": 53.6136319,
        "lon": -10.2129309,
        "admin_division": "",
        "county": "galway"
      }
    },
    {
      "type": "Feature",
      "geometry": {
        "type": "Point",
        "coordinates": [
          -9.6696691,
          53.1193393
        ]
      },
      "properties": {
        "osm_id": "n12060844630",
        "name": "Aran Islands Café",
        "category": "restaurant",
        "subcategory": "amenity=cafe",
        "lat": 53.1193393,
        "lon": -9.6696691,
        "admin_division": "",
        "county": "galway"
      }
    },
    {
      "type": "Feature",
      "geometry": {
        "type": "Point",
        "coordinates": [
          -8.5209339,
          53.4749859
        ]
      },
      "properties": {
        "osm_id": "n12071195298",
        "name": "Milands Garden Centre Cafe",
        "category": "restaurant",
        "subcategory": "amenity=cafe",
        "lat": 53.4749859,
        "lon": -8.5209339,
        "admin_division": "Mountbellew",
        "county": "galway"
      }
    },
    {
      "type": "Feature",
      "geometry": {
        "type": "Point",
        "coordinates": [
          -9.046785,
          53.2770207
        ]
      },
      "properties": {
        "osm_id": "n12127889916",
        "name": "Elephant and Castle",
        "category": "restaurant",
        "subcategory": "amenity=restaurant",
        "lat": 53.2770207,
        "lon": -9.046785,
        "admin_division": "Galway",
        "county": "galway"
      }
    },
    {
      "type": "Feature",
      "geometry": {
        "type": "Point",
        "coordinates": [
          -9.0466367,
          53.2771791
        ]
      },
      "properties": {
        "osm_id": "n12127889917",
        "name": "Sophies",
        "category": "restaurant",
        "subcategory": "amenity=restaurant",
        "lat": 53.2771791,
        "lon": -9.0466367,
        "admin_division": "Galway",
        "county": "galway"
      }
    },
    {
      "type": "Feature",
      "geometry": {
        "type": "Point",
        "coordinates": [
          -9.1009547,
          53.2701652
        ]
      },
      "properties": {
        "osm_id": "n12135687629",
        "name": "Insomnia",
        "category": "restaurant",
        "subcategory": "amenity=cafe",
        "lat": 53.2701652,
        "lon": -9.1009547,
        "admin_division": "Galway",
        "county": "galway"
      }
    },
    {
      "type": "Feature",
      "geometry": {
        "type": "Point",
        "coordinates": [
          -9.0524188,
          53.2730528
        ]
      },
      "properties": {
        "osm_id": "n12382748003",
        "name": "McCambridges",
        "category": "restaurant",
        "subcategory": "amenity=cafe",
        "lat": 53.2730528,
        "lon": -9.0524188,
        "admin_division": "Galway",
        "county": "galway"
      }
    },
    {
      "type": "Feature",
      "geometry": {
        "type": "Point",
        "coordinates": [
          -9.9491045,
          53.5533537
        ]
      },
      "properties": {
        "osm_id": "n12473411308",
        "name": "Kabo Coffee",
        "category": "restaurant",
        "subcategory": "amenity=cafe",
        "lat": 53.5533537,
        "lon": -9.9491045,
        "admin_division": "Letterfrack",
        "county": "galway"
      }
    },
    {
      "type": "Feature",
      "geometry": {
        "type": "Point",
        "coordinates": [
          -9.05247,
          53.2720243
        ]
      },
      "properties": {
        "osm_id": "n12601766235",
        "name": "Sangria",
        "category": "restaurant",
        "subcategory": "amenity=restaurant",
        "lat": 53.2720243,
        "lon": -9.05247,
        "admin_division": "",
        "county": "galway"
      }
    },
    {
      "type": "Feature",
      "geometry": {
        "type": "Point",
        "coordinates": [
          -8.2251927,
          53.3245809
        ]
      },
      "properties": {
        "osm_id": "n12745492521",
        "name": "Costa",
        "category": "restaurant",
        "subcategory": "amenity=cafe",
        "lat": 53.3245809,
        "lon": -8.2251927,
        "admin_division": "",
        "county": "galway"
      }
    },
    {
      "type": "Feature",
      "geometry": {
        "type": "Point",
        "coordinates": [
          -9.0758582,
          53.2859872
        ]
      },
      "properties": {
        "osm_id": "n12820948466",
        "name": "Placebo Cafe",
        "category": "restaurant",
        "subcategory": "amenity=cafe",
        "lat": 53.2859872,
        "lon": -9.0758582,
        "admin_division": "Galway",
        "county": "galway"
      }
    },
    {
      "type": "Feature",
      "geometry": {
        "type": "Point",
        "coordinates": [
          -9.124279,
          53.2622329
        ]
      },
      "properties": {
        "osm_id": "n12820975257",
        "name": "Placebo Cafe",
        "category": "restaurant",
        "subcategory": "amenity=cafe",
        "lat": 53.2622329,
        "lon": -9.124279,
        "admin_division": "Galway",
        "county": "galway"
      }
    },
    {
      "type": "Feature",
      "geometry": {
        "type": "Point",
        "coordinates": [
          -9.0586558,
          53.2702006
        ]
      },
      "properties": {
        "osm_id": "n12855446138",
        "name": "Habib & Abu",
        "category": "restaurant",
        "subcategory": "amenity=restaurant",
        "lat": 53.2702006,
        "lon": -9.0586558,
        "admin_division": "Galway",
        "county": "galway"
      }
    },
    {
      "type": "Feature",
      "geometry": {
        "type": "Point",
        "coordinates": [
          -9.1536156,
          53.2496377
        ]
      },
      "properties": {
        "osm_id": "n12879511539",
        "name": "Hooked",
        "category": "restaurant",
        "subcategory": "amenity=restaurant",
        "lat": 53.2496377,
        "lon": -9.1536156,
        "admin_division": "",
        "county": "galway"
      }
    },
    {
      "type": "Feature",
      "geometry": {
        "type": "Point",
        "coordinates": [
          -9.1538951,
          53.2496039
        ]
      },
      "properties": {
        "osm_id": "n12879511540",
        "name": "Spiced",
        "category": "restaurant",
        "subcategory": "amenity=restaurant",
        "lat": 53.2496039,
        "lon": -9.1538951,
        "admin_division": "",
        "county": "galway"
      }
    },
    {
      "type": "Feature",
      "geometry": {
        "type": "Point",
        "coordinates": [
          -8.8195013,
          53.0679566
        ]
      },
      "properties": {
        "osm_id": "n12908227701",
        "name": "The Field",
        "category": "restaurant",
        "subcategory": "amenity=restaurant",
        "lat": 53.0679566,
        "lon": -8.8195013,
        "admin_division": "",
        "county": "galway"
      }
    },
    {
      "type": "Feature",
      "geometry": {
        "type": "Point",
        "coordinates": [
          -9.9187161,
          53.3962026
        ]
      },
      "properties": {
        "osm_id": "n12919105725",
        "name": "Coffee Cottage Cafe",
        "category": "restaurant",
        "subcategory": "amenity=cafe",
        "lat": 53.3962026,
        "lon": -9.9187161,
        "admin_division": "Roundstone",
        "county": "galway"
      }
    },
    {
      "type": "Feature",
      "geometry": {
        "type": "Point",
        "coordinates": [
          -9.0349709,
          53.2858194
        ]
      },
      "properties": {
        "osm_id": "n13033946044",
        "name": "Bare Pantry cafe",
        "category": "restaurant",
        "subcategory": "amenity=cafe",
        "lat": 53.2858194,
        "lon": -9.0349709,
        "admin_division": "",
        "county": "galway"
      }
    },
    {
      "type": "Feature",
      "geometry": {
        "type": "Point",
        "coordinates": [
          -10.0227748,
          53.4880234
        ]
      },
      "properties": {
        "osm_id": "n13037327896",
        "name": "Coyles",
        "category": "restaurant",
        "subcategory": "amenity=cafe",
        "lat": 53.4880234,
        "lon": -10.0227748,
        "admin_division": "",
        "county": "galway"
      }
    },
    {
      "type": "Feature",
      "geometry": {
        "type": "Point",
        "coordinates": [
          -9.9644185,
          53.5414702
        ]
      },
      "properties": {
        "osm_id": "n13072694042",
        "name": "Diamond View Coffee",
        "category": "restaurant",
        "subcategory": "amenity=cafe",
        "lat": 53.5414702,
        "lon": -9.9644185,
        "admin_division": "Baunoges",
        "county": "galway"
      }
    },
    {
      "type": "Feature",
      "geometry": {
        "type": "Point",
        "coordinates": [
          -9.0590085,
          53.2703548
        ]
      },
      "properties": {
        "osm_id": "n13075225401",
        "name": "Green",
        "category": "restaurant",
        "subcategory": "amenity=restaurant",
        "lat": 53.2703548,
        "lon": -9.0590085,
        "admin_division": "",
        "county": "galway"
      }
    },
    {
      "type": "Feature",
      "geometry": {
        "type": "Point",
        "coordinates": [
          -9.0539874,
          53.2672754
        ]
      },
      "properties": {
        "osm_id": "n13382366401",
        "name": "Dolly's Coffee",
        "category": "restaurant",
        "subcategory": "amenity=cafe",
        "lat": 53.2672754,
        "lon": -9.0539874,
        "admin_division": "",
        "county": "galway"
      }
    },
    {
      "type": "Feature",
      "geometry": {
        "type": "Point",
        "coordinates": [
          -9.0974201,
          53.272683
        ]
      },
      "properties": {
        "osm_id": "n13512578827",
        "name": "Costa",
        "category": "restaurant",
        "subcategory": "amenity=cafe",
        "lat": 53.272683,
        "lon": -9.0974201,
        "admin_division": "",
        "county": "galway"
      }
    },
    {
      "type": "Feature",
      "geometry": {
        "type": "Point",
        "coordinates": [
          -9.0539535,
          53.2720675
        ]
      },
      "properties": {
        "osm_id": "n13544637201",
        "name": "Deelys Cafe",
        "category": "restaurant",
        "subcategory": "amenity=cafe",
        "lat": 53.2720675,
        "lon": -9.0539535,
        "admin_division": "",
        "county": "galway"
      }
    },
    {
      "type": "Feature",
      "geometry": {
        "type": "Point",
        "coordinates": [
          -8.2192089,
          53.0869546
        ]
      },
      "properties": {
        "osm_id": "n13638143065",
        "name": "Portumna Castle Tea Room",
        "category": "restaurant",
        "subcategory": "amenity=cafe",
        "lat": 53.0869546,
        "lon": -8.2192089,
        "admin_division": "",
        "county": "galway"
      }
    },
    {
      "type": "Feature",
      "geometry": {
        "type": "Point",
        "coordinates": [
          -9.7349364,
          53.4960746
        ]
      },
      "properties": {
        "osm_id": "n13740328601",
        "name": "Shear Delight Coffee",
        "category": "restaurant",
        "subcategory": "amenity=cafe",
        "lat": 53.4960746,
        "lon": -9.7349364,
        "admin_division": "",
        "county": "galway"
      }
    },
    {
      "type": "Feature",
      "geometry": {
        "type": "Point",
        "coordinates": [
          -8.8809881,
          53.5071392
        ]
      },
      "properties": {
        "osm_id": "n13811011701",
        "name": "The West Wing",
        "category": "restaurant",
        "subcategory": "amenity=restaurant",
        "lat": 53.5071392,
        "lon": -8.8809881,
        "admin_division": "",
        "county": "galway"
      }
    },
    {
      "type": "Feature",
      "geometry": {
        "type": "Point",
        "coordinates": [
          -8.8192204,
          53.0674958
        ]
      },
      "properties": {
        "osm_id": "n13848778109",
        "name": "The Granary",
        "category": "restaurant",
        "subcategory": "amenity=restaurant",
        "lat": 53.0674958,
        "lon": -8.8192204,
        "admin_division": "",
        "county": "galway"
      }
    },
    {
      "type": "Feature",
      "geometry": {
        "type": "Point",
        "coordinates": [
          -10.0224051,
          53.4887416
        ]
      },
      "properties": {
        "osm_id": "n13874029701",
        "name": "Oifig and fish",
        "category": "restaurant",
        "subcategory": "amenity=restaurant",
        "lat": 53.4887416,
        "lon": -10.0224051,
        "admin_division": "",
        "county": "galway"
      }
    },
    {
      "type": "Feature",
      "geometry": {
        "type": "Point",
        "coordinates": [
          -9.0468026,
          53.2815587
        ]
      },
      "properties": {
        "osm_id": "n13887905540",
        "name": "Nando's",
        "category": "restaurant",
        "subcategory": "amenity=restaurant",
        "lat": 53.2815587,
        "lon": -9.0468026,
        "admin_division": "Galway",
        "county": "galway"
      }
    },
    {
      "type": "Feature",
      "geometry": {
        "type": "Point",
        "coordinates": [
          -9.7572474,
          53.1301013
        ]
      },
      "properties": {
        "osm_id": "w33191213",
        "name": "",
        "category": "restaurant",
        "subcategory": "amenity=cafe",
        "lat": 53.1301013,
        "lon": -9.7572474,
        "admin_division": "",
        "county": "galway"
      }
    },
    {
      "type": "Feature",
      "geometry": {
        "type": "Point",
        "coordinates": [
          -9.0537929,
          53.2695769
        ]
      },
      "properties": {
        "osm_id": "w36783343",
        "name": "Ard Bia at Nimmo's",
        "category": "restaurant",
        "subcategory": "amenity=restaurant",
        "lat": 53.2695769,
        "lon": -9.0537929,
        "admin_division": "Galway",
        "county": "galway"
      }
    },
    {
      "type": "Feature",
      "geometry": {
        "type": "Point",
        "coordinates": [
          -9.2248871,
          53.2504108
        ]
      },
      "properties": {
        "osm_id": "w165341441",
        "name": "Pádraicín’s",
        "category": "restaurant",
        "subcategory": "amenity=restaurant",
        "lat": 53.2504108,
        "lon": -9.2248871,
        "admin_division": "Furbo, Galway",
        "county": "galway"
      }
    },
    {
      "type": "Feature",
      "geometry": {
        "type": "Point",
        "coordinates": [
          -9.9088631,
          53.5631587
        ]
      },
      "properties": {
        "osm_id": "w177443487",
        "name": "Tea House",
        "category": "restaurant",
        "subcategory": "amenity=cafe",
        "lat": 53.5631587,
        "lon": -9.9088631,
        "admin_division": "",
        "county": "galway"
      }
    },
    {
      "type": "Feature",
      "geometry": {
        "type": "Point",
        "coordinates": [
          -9.6688284,
          53.1193399
        ]
      },
      "properties": {
        "osm_id": "w183014007",
        "name": "Bay View Restaurant",
        "category": "restaurant",
        "subcategory": "amenity=restaurant",
        "lat": 53.1193399,
        "lon": -9.6688284,
        "admin_division": "Inishmore, Galway",
        "county": "galway"
      }
    },
    {
      "type": "Feature",
      "geometry": {
        "type": "Point",
        "coordinates": [
          -9.7573396,
          53.1317529
        ]
      },
      "properties": {
        "osm_id": "w183016239",
        "name": "Teach Nan Páidí",
        "category": "restaurant",
        "subcategory": "amenity=cafe",
        "lat": 53.1317529,
        "lon": -9.7573396,
        "admin_division": "Inishmore, Galway",
        "county": "galway"
      }
    },
    {
      "type": "Feature",
      "geometry": {
        "type": "Point",
        "coordinates": [
          -8.0590482,
          53.242866
        ]
      },
      "properties": {
        "osm_id": "w189596003",
        "name": "Tea Room",
        "category": "restaurant",
        "subcategory": "amenity=cafe",
        "lat": 53.242866,
        "lon": -8.0590482,
        "admin_division": "",
        "county": "galway"
      }
    },
    {
      "type": "Feature",
      "geometry": {
        "type": "Point",
        "coordinates": [
          -8.9308334,
          53.3566795
        ]
      },
      "properties": {
        "osm_id": "w194218180",
        "name": "Central Tavern",
        "category": "restaurant",
        "subcategory": "amenity=restaurant",
        "lat": 53.3566795,
        "lon": -8.9308334,
        "admin_division": "",
        "county": "galway"
      }
    },
    {
      "type": "Feature",
      "geometry": {
        "type": "Point",
        "coordinates": [
          -9.517922,
          53.0638306
        ]
      },
      "properties": {
        "osm_id": "w226005319",
        "name": "",
        "category": "restaurant",
        "subcategory": "amenity=cafe",
        "lat": 53.0638306,
        "lon": -9.517922,
        "admin_division": "",
        "county": "galway"
      }
    },
    {
      "type": "Feature",
      "geometry": {
        "type": "Point",
        "coordinates": [
          -9.5233225,
          53.0672671
        ]
      },
      "properties": {
        "osm_id": "w228343546",
        "name": "Café Úna",
        "category": "restaurant",
        "subcategory": "amenity=cafe",
        "lat": 53.0672671,
        "lon": -9.5233225,
        "admin_division": "",
        "county": "galway"
      }
    },
    {
      "type": "Feature",
      "geometry": {
        "type": "Point",
        "coordinates": [
          -9.5493024,
          53.2877784
        ]
      },
      "properties": {
        "osm_id": "w234276500",
        "name": "Cookes Caife",
        "category": "restaurant",
        "subcategory": "amenity=cafe",
        "lat": 53.2877784,
        "lon": -9.5493024,
        "admin_division": "",
        "county": "galway"
      }
    },
    {
      "type": "Feature",
      "geometry": {
        "type": "Point",
        "coordinates": [
          -9.3001454,
          53.2452738
        ]
      },
      "properties": {
        "osm_id": "w237131344",
        "name": "Builín Blasta",
        "category": "restaurant",
        "subcategory": "amenity=cafe",
        "lat": 53.2452738,
        "lon": -9.3001454,
        "admin_division": "An Spidéal",
        "county": "galway"
      }
    },
    {
      "type": "Feature",
      "geometry": {
        "type": "Point",
        "coordinates": [
          -9.493783,
          53.2366413
        ]
      },
      "properties": {
        "osm_id": "w238187564",
        "name": "Pota",
        "category": "restaurant",
        "subcategory": "amenity=cafe",
        "lat": 53.2366413,
        "lon": -9.493783,
        "admin_division": "",
        "county": "galway"
      }
    },
    {
      "type": "Feature",
      "geometry": {
        "type": "Point",
        "coordinates": [
          -9.5781423,
          53.0835425
        ]
      },
      "properties": {
        "osm_id": "w240268763",
        "name": "Tig Congaile B&B",
        "category": "restaurant",
        "subcategory": "amenity=restaurant",
        "lat": 53.0835425,
        "lon": -9.5781423,
        "admin_division": "",
        "county": "galway"
      }
    },
    {
      "type": "Feature",
      "geometry": {
        "type": "Point",
        "coordinates": [
          -9.5918817,
          53.0879247
        ]
      },
      "properties": {
        "osm_id": "w240271324",
        "name": "Inis Meáin Restaurant & Suites",
        "category": "restaurant",
        "subcategory": "amenity=restaurant",
        "lat": 53.0879247,
        "lon": -9.5918817,
        "admin_division": "",
        "county": "galway"
      }
    },
    {
      "type": "Feature",
      "geometry": {
        "type": "Point",
        "coordinates": [
          -9.0859543,
          53.2574204
        ]
      },
      "properties": {
        "osm_id": "w271455168",
        "name": "Jungle Beach Break Cafe",
        "category": "restaurant",
        "subcategory": "amenity=cafe",
        "lat": 53.2574204,
        "lon": -9.0859543,
        "admin_division": "",
        "county": "galway"
      }
    },
    {
      "type": "Feature",
      "geometry": {
        "type": "Point",
        "coordinates": [
          -10.0176326,
          53.4884686
        ]
      },
      "properties": {
        "osm_id": "w300592586",
        "name": "Signal Bar",
        "category": "restaurant",
        "subcategory": "amenity=pub",
        "lat": 53.4884686,
        "lon": -10.0176326,
        "admin_division": "Clifden, Galway",
        "county": "galway"
      }
    },
    {
      "type": "Feature",
      "geometry": {
        "type": "Point",
        "coordinates": [
          -9.6799662,
          53.1284027
        ]
      },
      "properties": {
        "osm_id": "w343928156",
        "name": "Mainistir House",
        "category": "restaurant",
        "subcategory": "amenity=restaurant",
        "lat": 53.1284027,
        "lon": -9.6799662,
        "admin_division": "",
        "county": "galway"
      }
    },
    {
      "type": "Feature",
      "geometry": {
        "type": "Point",
        "coordinates": [
          -10.0303957,
          53.6071699
        ]
      },
      "properties": {
        "osm_id": "w438283905",
        "name": "",
        "category": "restaurant",
        "subcategory": "amenity=restaurant",
        "lat": 53.6071699,
        "lon": -10.0303957,
        "admin_division": "",
        "county": "galway"
      }
    },
    {
      "type": "Feature",
      "geometry": {
        "type": "Point",
        "coordinates": [
          -10.1124696,
          53.5572155
        ]
      },
      "properties": {
        "osm_id": "w504364757",
        "name": "The Pier Bar",
        "category": "restaurant",
        "subcategory": "amenity=pub",
        "lat": 53.5572155,
        "lon": -10.1124696,
        "admin_division": "Cleggan, Galway",
        "county": "galway"
      }
    },
    {
      "type": "Feature",
      "geometry": {
        "type": "Point",
        "coordinates": [
          -8.4995797,
          53.4699729
        ]
      },
      "properties": {
        "osm_id": "w523824545",
        "name": "The Malt House",
        "category": "restaurant",
        "subcategory": "amenity=pub",
        "lat": 53.4699729,
        "lon": -8.4995797,
        "admin_division": "Mountbellew, Galway",
        "county": "galway"
      }
    },
    {
      "type": "Feature",
      "geometry": {
        "type": "Point",
        "coordinates": [
          -8.9290163,
          53.269194
        ]
      },
      "properties": {
        "osm_id": "w684671640",
        "name": "Banditos Galway",
        "category": "restaurant",
        "subcategory": "amenity=restaurant",
        "lat": 53.269194,
        "lon": -8.9290163,
        "admin_division": "",
        "county": "galway"
      }
    },
    {
      "type": "Feature",
      "geometry": {
        "type": "Point",
        "coordinates": [
          -8.9300043,
          53.2686108
        ]
      },
      "properties": {
        "osm_id": "w684671646",
        "name": "Basilico",
        "category": "restaurant",
        "subcategory": "amenity=restaurant",
        "lat": 53.2686108,
        "lon": -8.9300043,
        "admin_division": "",
        "county": "galway"
      }
    },
    {
      "type": "Feature",
      "geometry": {
        "type": "Point",
        "coordinates": [
          -8.9295395,
          53.2678152
        ]
      },
      "properties": {
        "osm_id": "w684671650",
        "name": "Santoor",
        "category": "restaurant",
        "subcategory": "amenity=restaurant",
        "lat": 53.2678152,
        "lon": -8.9295395,
        "admin_division": "",
        "county": "galway"
      }
    },
    {
      "type": "Feature",
      "geometry": {
        "type": "Point",
        "coordinates": [
          -8.9294238,
          53.268142
        ]
      },
      "properties": {
        "osm_id": "w684671666",
        "name": "Santoor",
        "category": "restaurant",
        "subcategory": "amenity=restaurant",
        "lat": 53.268142,
        "lon": -8.9294238,
        "admin_division": "",
        "county": "galway"
      }
    },
    {
      "type": "Feature",
      "geometry": {
        "type": "Point",
        "coordinates": [
          -8.9289461,
          53.2692869
        ]
      },
      "properties": {
        "osm_id": "w684671684",
        "name": "Sakura Asian Street",
        "category": "restaurant",
        "subcategory": "amenity=restaurant",
        "lat": 53.2692869,
        "lon": -8.9289461,
        "admin_division": "",
        "county": "galway"
      }
    },
    {
      "type": "Feature",
      "geometry": {
        "type": "Point",
        "coordinates": [
          -8.5673349,
          53.1972417
        ]
      },
      "properties": {
        "osm_id": "w770917292",
        "name": "Java’s17 Cafe & Creperie",
        "category": "restaurant",
        "subcategory": "amenity=cafe",
        "lat": 53.1972417,
        "lon": -8.5673349,
        "admin_division": "",
        "county": "galway"
      }
    },
    {
      "type": "Feature",
      "geometry": {
        "type": "Point",
        "coordinates": [
          -8.4999767,
          53.4695021
        ]
      },
      "properties": {
        "osm_id": "w776085881",
        "name": "The Square Kitchen",
        "category": "restaurant",
        "subcategory": "amenity=restaurant",
        "lat": 53.4695021,
        "lon": -8.4999767,
        "admin_division": "Mountbellew, Galway",
        "county": "galway"
      }
    },
    {
      "type": "Feature",
      "geometry": {
        "type": "Point",
        "coordinates": [
          -8.2174264,
          53.093107
        ]
      },
      "properties": {
        "osm_id": "w789068569",
        "name": "O'Meara's",
        "category": "restaurant",
        "subcategory": "amenity=restaurant",
        "lat": 53.093107,
        "lon": -8.2174264,
        "admin_division": "",
        "county": "galway"
      }
    },
    {
      "type": "Feature",
      "geometry": {
        "type": "Point",
        "coordinates": [
          -9.1516961,
          53.2511226
        ]
      },
      "properties": {
        "osm_id": "w912460086",
        "name": "Donnelly’s of Barna",
        "category": "restaurant",
        "subcategory": "amenity=restaurant",
        "lat": 53.2511226,
        "lon": -9.1516961,
        "admin_division": "Barna, Galway",
        "county": "galway"
      }
    },
    {
      "type": "Feature",
      "geometry": {
        "type": "Point",
        "coordinates": [
          -8.5528071,
          53.2360519
        ]
      },
      "properties": {
        "osm_id": "w947739690",
        "name": "Lignum",
        "category": "restaurant",
        "subcategory": "amenity=restaurant",
        "lat": 53.2360519,
        "lon": -8.5528071,
        "admin_division": "",
        "county": "galway"
      }
    },
    {
      "type": "Feature",
      "geometry": {
        "type": "Point",
        "coordinates": [
          -9.3653287,
          53.5444701
        ]
      },
      "properties": {
        "osm_id": "w952139712",
        "name": "John J Burke And Sons",
        "category": "restaurant",
        "subcategory": "amenity=restaurant",
        "lat": 53.5444701,
        "lon": -9.3653287,
        "admin_division": "",
        "county": "galway"
      }
    },
    {
      "type": "Feature",
      "geometry": {
        "type": "Point",
        "coordinates": [
          -9.0761487,
          53.2763822
        ]
      },
      "properties": {
        "osm_id": "w954426799",
        "name": "The Rose Garden Chineese Restaurant & Takeaway",
        "category": "restaurant",
        "subcategory": "amenity=restaurant",
        "lat": 53.2763822,
        "lon": -9.0761487,
        "admin_division": "Galway",
        "county": "galway"
      }
    },
    {
      "type": "Feature",
      "geometry": {
        "type": "Point",
        "coordinates": [
          -9.0768043,
          53.2762095
        ]
      },
      "properties": {
        "osm_id": "w954426806",
        "name": "Insomnia",
        "category": "restaurant",
        "subcategory": "amenity=cafe",
        "lat": 53.2762095,
        "lon": -9.0768043,
        "admin_division": "Galway",
        "county": "galway"
      }
    },
    {
      "type": "Feature",
      "geometry": {
        "type": "Point",
        "coordinates": [
          -9.0465852,
          53.2805697
        ]
      },
      "properties": {
        "osm_id": "w954710161",
        "name": "Franklins Restaurant",
        "category": "restaurant",
        "subcategory": "amenity=restaurant",
        "lat": 53.2805697,
        "lon": -9.0465852,
        "admin_division": "Galway",
        "county": "galway"
      }
    },
    {
      "type": "Feature",
      "geometry": {
        "type": "Point",
        "coordinates": [
          -9.0481339,
          53.2803548
        ]
      },
      "properties": {
        "osm_id": "w954718151",
        "name": "Gourmet Tart Co.",
        "category": "restaurant",
        "subcategory": "amenity=cafe",
        "lat": 53.2803548,
        "lon": -9.0481339,
        "admin_division": "Galway",
        "county": "galway"
      }
    },
    {
      "type": "Feature",
      "geometry": {
        "type": "Point",
        "coordinates": [
          -9.045463,
          53.2839787
        ]
      },
      "properties": {
        "osm_id": "w954891439",
        "name": "O'Hehirs Bakery & Cafe",
        "category": "restaurant",
        "subcategory": "amenity=cafe",
        "lat": 53.2839787,
        "lon": -9.045463,
        "admin_division": "Galway",
        "county": "galway"
      }
    },
    {
      "type": "Feature",
      "geometry": {
        "type": "Point",
        "coordinates": [
          -9.098358,
          53.3006767
        ]
      },
      "properties": {
        "osm_id": "w972950142",
        "name": "Pullman Restaurant",
        "category": "restaurant",
        "subcategory": "amenity=restaurant",
        "lat": 53.3006767,
        "lon": -9.098358,
        "admin_division": "",
        "county": "galway"
      }
    },
    {
      "type": "Feature",
      "geometry": {
        "type": "Point",
        "coordinates": [
          -8.9284229,
          53.2695374
        ]
      },
      "properties": {
        "osm_id": "w1078232478",
        "name": "Armorica",
        "category": "restaurant",
        "subcategory": "amenity=restaurant",
        "lat": 53.2695374,
        "lon": -8.9284229,
        "admin_division": "",
        "county": "galway"
      }
    },
    {
      "type": "Feature",
      "geometry": {
        "type": "Point",
        "coordinates": [
          -10.0876747,
          53.5174918
        ]
      },
      "properties": {
        "osm_id": "w1302829399",
        "name": "Dooncastle oysters seafood trailer",
        "category": "restaurant",
        "subcategory": "amenity=restaurant",
        "lat": 53.5174918,
        "lon": -10.0876747,
        "admin_division": "",
        "county": "galway"
      }
    },
    {
      "type": "Feature",
      "geometry": {
        "type": "Point",
        "coordinates": [
          -8.9680999,
          53.2440995
        ]
      },
      "properties": {
        "osm_id": "w1456871169",
        "name": "Seahorse Coffee Shop",
        "category": "restaurant",
        "subcategory": "amenity=cafe",
        "lat": 53.2440995,
        "lon": -8.9680999,
        "admin_division": "Oranmore",
        "county": "galway"
      }
    },
    {
      "type": "Feature",
      "geometry": {
        "type": "Point",
        "coordinates": [
          -9.0773191,
          53.2767336
        ]
      },
      "properties": {
        "osm_id": "w1499793761",
        "name": "The Bean Tree",
        "category": "restaurant",
        "subcategory": "amenity=restaurant",
        "lat": 53.2767336,
        "lon": -9.0773191,
        "admin_division": "Galway",
        "county": "galway"
      }
    }
  ]
}