{
  "type": "FeatureCollection",
  "features": [
    {
      "type": "Feature",
      "geometry": {
        "type": "Point",
        "coordinates": [
          -9.0506603,
          53.2748464
        ]
      },
      "properties": {
        "osm_id": "n1875761726",
        "name": "",
        "category": "local_market",
        "subcategory": "amenity=marketplace",
        "lat": 53.2748464,
        "lon": -9.0506603,
        "admin_division": "",
        "county": "galway"
      }
    },
    {
      "type": "Feature",
      "geometry": {
        "type": "Point",
        "coordinates": [
          -8.8121402,
          53.3165922
        ]
      },
      "properties": {
        "osm_id": "n7944690125",
        "name": "Tribal Foods",
        "category": "local_market",
        "subcategory": "shop=farm",
        "lat": 53.3165922,
        "lon": -8.8121402,
        "admin_division": "",
        "county": "galway"
      }
    },
    {
      "type": "Feature",
      "geometry": {
        "type": "Point",
        "coordinates": [
          -9.9184602,
          53.3947398
        ]
      },
      "properties": {
        "osm_id": "n12919244894",
        "name": "Roundstone Sunday Market",
        "category": "local_market",
        "subcategory": "amenity=marketplace",
        "lat": 53.3947398,
        "lon": -9.9184602,
        "admin_division": "",
        "county": "galway"
      }
    },
    {
      "type": "Feature",
      "geometry": {
        "type": "Point",
        "coordinates": [
          -8.9273722,
          53.3003711
        ]
      },
      "properties": {
        "osm_id": "w99299651",
        "name": "",
        "category": "local_market",
        "subcategory": "landuse=farmyard",
        "lat": 53.3003711,
        "lon": -8.9273722,
        "admin_division": "",
        "county": "galway"
      }
    },
    {
      "type": "Feature",
      "geometry": {
        "type": "Point",
        "coordinates": [
          -8.2138845,
          53.091718
        ]
      },
      "properties": {
        "osm_id": "w124123870",
        "name": "Mart",
        "category": "local_market",
        "subcategory": "amenity=marketplace",
        "lat": 53.091718,
        "lon": -8.2138845,
        "admin_division": "",
        "county": "galway"
      }
    },
    {
      "type": "Feature",
      "geometry": {
        "type": "Point",
        "coordinates": [
          -8.5607003,
          53.4113865
        ]
      },
      "properties": {
        "osm_id": "w177856759",
        "name": "",
        "category": "local_market",
        "subcategory": "landuse=farmyard",
        "lat": 53.4113865,
        "lon": -8.5607003,
        "admin_division": "",
        "county": "galway"
      }
    },
    {
      "type": "Feature",
      "geometry": {
        "type": "Point",
        "coordinates": [
          -8.7511465,
          53.2938402
        ]
      },
      "properties": {
        "osm_id": "w178221956",
        "name": "Athenry Mart",
        "category": "local_market",
        "subcategory": "amenity=marketplace",
        "lat": 53.2938402,
        "lon": -8.7511465,
        "admin_division": "",
        "county": "galway"
      }
    },
    {
      "type": "Feature",
      "geometry": {
        "type": "Point",
        "coordinates": [
          -8.2210035,
          53.3296288
        ]
      },
      "properties": {
        "osm_id": "w182387480",
        "name": "",
        "category": "local_market",
        "subcategory": "amenity=marketplace",
        "lat": 53.3296288,
        "lon": -8.2210035,
        "admin_division": "",
        "county": "galway"
      }
    },
    {
      "type": "Feature",
      "geometry": {
        "type": "Point",
        "coordinates": [
          -9.136194,
          53.2527599
        ]
      },
      "properties": {
        "osm_id": "w238973464",
        "name": "",
        "category": "local_market",
        "subcategory": "landuse=farmyard",
        "lat": 53.2527599,
        "lon": -9.136194,
        "admin_division": "",
        "county": "galway"
      }
    },
    {
      "type": "Feature",
      "geometry": {
        "type": "Point",
        "coordinates": [
          -9.3118547,
          53.2479064
        ]
      },
      "properties": {
        "osm_id": "w239250275",
        "name": "",
        "category": "local_market",
        "subcategory": "landuse=farmyard",
        "lat": 53.2479064,
        "lon": -9.3118547,
        "admin_division": "",
        "county": "galway"
      }
    },
    {
      "type": "Feature",
      "geometry": {
        "type": "Point",
        "coordinates": [
          -9.2972501,
          53.2499569
        ]
      },
      "properties": {
        "osm_id": "w239251576",
        "name": "",
        "category": "local_market",
        "subcategory": "landuse=farmyard",
        "lat": 53.2499569,
        "lon": -9.2972501,
        "admin_division": "",
        "county": "galway"
      }
    },
    {
      "type": "Feature",
      "geometry": {
        "type": "Point",
        "coordinates": [
          -9.5138683,
          53.4156601
        ]
      },
      "properties": {
        "osm_id": "w239422749",
        "name": "",
        "category": "local_market",
        "subcategory": "landuse=farmyard",
        "lat": 53.4156601,
        "lon": -9.5138683,
        "admin_division": "",
        "county": "galway"
      }
    },
    {
      "type": "Feature",
      "geometry": {
        "type": "Point",
        "coordinates": [
          -9.4536582,
          53.4339346
        ]
      },
      "properties": {
        "osm_id": "w239434968",
        "name": "",
        "category": "local_market",
        "subcategory": "landuse=farmyard",
        "lat": 53.4339346,
        "lon": -9.4536582,
        "admin_division": "",
        "county": "galway"
      }
    },
    {
      "type": "Feature",
      "geometry": {
        "type": "Point",
        "coordinates": [
          -9.4552639,
          53.4341777
        ]
      },
      "properties": {
        "osm_id": "w239434969",
        "name": "",
        "category": "local_market",
        "subcategory": "landuse=farmyard",
        "lat": 53.4341777,
        "lon": -9.4552639,
        "admin_division": "",
        "county": "galway"
      }
    },
    {
      "type": "Feature",
      "geometry": {
        "type": "Point",
        "coordinates": [
          -9.4441729,
          53.3427644
        ]
      },
      "properties": {
        "osm_id": "w239782752",
        "name": "",
        "category": "local_market",
        "subcategory": "landuse=farmyard",
        "lat": 53.3427644,
        "lon": -9.4441729,
        "admin_division": "",
        "county": "galway"
      }
    },
    {
      "type": "Feature",
      "geometry": {
        "type": "Point",
        "coordinates": [
          -9.5119025,
          53.2890772
        ]
      },
      "properties": {
        "osm_id": "w239925095",
        "name": "",
        "category": "local_market",
        "subcategory": "landuse=farmyard",
        "lat": 53.2890772,
        "lon": -9.5119025,
        "admin_division": "",
        "county": "galway"
      }
    },
    {
      "type": "Feature",
      "geometry": {
        "type": "Point",
        "coordinates": [
          -9.2364674,
          53.3279224
        ]
      },
      "properties": {
        "osm_id": "w240709435",
        "name": "",
        "category": "local_market",
        "subcategory": "landuse=farmyard",
        "lat": 53.3279224,
        "lon": -9.2364674,
        "admin_division": "",
        "county": "galway"
      }
    },
    {
      "type": "Feature",
      "geometry": {
        "type": "Point",
        "coordinates": [
          -9.2289403,
          53.3091128
        ]
      },
      "properties": {
        "osm_id": "w240855732",
        "name": "Loughwell Pet Farm",
        "category": "local_market",
        "subcategory": "landuse=farmyard",
        "lat": 53.3091128,
        "lon": -9.2289403,
        "admin_division": "",
        "county": "galway"
      }
    },
    {
      "type": "Feature",
      "geometry": {
        "type": "Point",
        "coordinates": [
          -9.3019791,
          53.2596917
        ]
      },
      "properties": {
        "osm_id": "w241216908",
        "name": "",
        "category": "local_market",
        "subcategory": "landuse=farmyard",
        "lat": 53.2596917,
        "lon": -9.3019791,
        "admin_division": "",
        "county": "galway"
      }
    },
    {
      "type": "Feature",
      "geometry": {
        "type": "Point",
        "coordinates": [
          -9.3107758,
          53.2618631
        ]
      },
      "properties": {
        "osm_id": "w241948105",
        "name": "",
        "category": "local_market",
        "subcategory": "landuse=farmyard",
        "lat": 53.2618631,
        "lon": -9.3107758,
        "admin_division": "",
        "county": "galway"
      }
    },
    {
      "type": "Feature",
      "geometry": {
        "type": "Point",
        "coordinates": [
          -9.4273998,
          53.3570804
        ]
      },
      "properties": {
        "osm_id": "w245581756",
        "name": "",
        "category": "local_market",
        "subcategory": "landuse=farmyard",
        "lat": 53.3570804,
        "lon": -9.4273998,
        "admin_division": "",
        "county": "galway"
      }
    },
    {
      "type": "Feature",
      "geometry": {
        "type": "Point",
        "coordinates": [
          -9.9118727,
          53.4958711
        ]
      },
      "properties": {
        "osm_id": "w250294315",
        "name": "",
        "category": "local_market",
        "subcategory": "landuse=farmyard",
        "lat": 53.4958711,
        "lon": -9.9118727,
        "admin_division": "",
        "county": "galway"
      }
    },
    {
      "type": "Feature",
      "geometry": {
        "type": "Point",
        "coordinates": [
          -9.5601459,
          53.4533364
        ]
      },
      "properties": {
        "osm_id": "w252952929",
        "name": "",
        "category": "local_market",
        "subcategory": "landuse=farmyard",
        "lat": 53.4533364,
        "lon": -9.5601459,
        "admin_division": "",
        "county": "galway"
      }
    },
    {
      "type": "Feature",
      "geometry": {
        "type": "Point",
        "coordinates": [
          -8.8733144,
          53.5145425
        ]
      },
      "properties": {
        "osm_id": "w289136449",
        "name": "",
        "category": "local_market",
        "subcategory": "landuse=farmyard",
        "lat": 53.5145425,
        "lon": -8.8733144,
        "admin_division": "",
        "county": "galway"
      }
    },
    {
      "type": "Feature",
      "geometry": {
        "type": "Point",
        "coordinates": [
          -9.7609076,
          53.4580014
        ]
      },
      "properties": {
        "osm_id": "w299172911",
        "name": "",
        "category": "local_market",
        "subcategory": "landuse=farmyard",
        "lat": 53.4580014,
        "lon": -9.7609076,
        "admin_division": "",
        "county": "galway"
      }
    },
    {
      "type": "Feature",
      "geometry": {
        "type": "Point",
        "coordinates": [
          -9.9349994,
          53.4801852
        ]
      },
      "properties": {
        "osm_id": "w301957670",
        "name": "",
        "category": "local_market",
        "subcategory": "landuse=farmyard",
        "lat": 53.4801852,
        "lon": -9.9349994,
        "admin_division": "",
        "county": "galway"
      }
    },
    {
      "type": "Feature",
      "geometry": {
        "type": "Point",
        "coordinates": [
          -8.5251678,
          53.4656427
        ]
      },
      "properties": {
        "osm_id": "w311503595",
        "name": "",
        "category": "local_market",
        "subcategory": "landuse=farmyard",
        "lat": 53.4656427,
        "lon": -8.5251678,
        "admin_division": "",
        "county": "galway"
      }
    },
    {
      "type": "Feature",
      "geometry": {
        "type": "Point",
        "coordinates": [
          -8.5258434,
          53.4655356
        ]
      },
      "properties": {
        "osm_id": "w311503596",
        "name": "",
        "category": "local_market",
        "subcategory": "landuse=farmyard",
        "lat": 53.4655356,
        "lon": -8.5258434,
        "admin_division": "",
        "county": "galway"
      }
    },
    {
      "type": "Feature",
      "geometry": {
        "type": "Point",
        "coordinates": [
          -10.0699286,
          53.480915
        ]
      },
      "properties": {
        "osm_id": "w390460197",
        "name": "",
        "category": "local_market",
        "subcategory": "landuse=farmyard",
        "lat": 53.480915,
        "lon": -10.0699286,
        "admin_division": "",
        "county": "galway"
      }
    },
    {
      "type": "Feature",
      "geometry": {
        "type": "Point",
        "coordinates": [
          -10.0497283,
          53.4903322
        ]
      },
      "properties": {
        "osm_id": "w393511280",
        "name": "",
        "category": "local_market",
        "subcategory": "landuse=farmyard",
        "lat": 53.4903322,
        "lon": -10.0497283,
        "admin_division": "",
        "county": "galway"
      }
    },
    {
      "type": "Feature",
      "geometry": {
        "type": "Point",
        "coordinates": [
          -9.3108666,
          53.5522409
        ]
      },
      "properties": {
        "osm_id": "w395601701",
        "name": "",
        "category": "local_market",
        "subcategory": "landuse=farmyard",
        "lat": 53.5522409,
        "lon": -9.3108666,
        "admin_division": "",
        "county": "galway"
      }
    },
    {
      "type": "Feature",
      "geometry": {
        "type": "Point",
        "coordinates": [
          -10.0272749,
          53.4802179
        ]
      },
      "properties": {
        "osm_id": "w397610128",
        "name": "",
        "category": "local_market",
        "subcategory": "landuse=farmyard",
        "lat": 53.4802179,
        "lon": -10.0272749,
        "admin_division": "",
        "county": "galway"
      }
    },
    {
      "type": "Feature",
      "geometry": {
        "type": "Point",
        "coordinates": [
          -8.5938586,
          53.6722755
        ]
      },
      "properties": {
        "osm_id": "w407181002",
        "name": "",
        "category": "local_market",
        "subcategory": "landuse=farmyard",
        "lat": 53.6722755,
        "lon": -8.5938586,
        "admin_division": "",
        "county": "galway"
      }
    },
    {
      "type": "Feature",
      "geometry": {
        "type": "Point",
        "coordinates": [
          -8.5986605,
          53.66175
        ]
      },
      "properties": {
        "osm_id": "w407181011",
        "name": "",
        "category": "local_market",
        "subcategory": "landuse=farmyard",
        "lat": 53.66175,
        "lon": -8.5986605,
        "admin_division": "",
        "county": "galway"
      }
    },
    {
      "type": "Feature",
      "geometry": {
        "type": "Point",
        "coordinates": [
          -8.5944263,
          53.6766007
        ]
      },
      "properties": {
        "osm_id": "w407181014",
        "name": "",
        "category": "local_market",
        "subcategory": "landuse=farmyard",
        "lat": 53.6766007,
        "lon": -8.5944263,
        "admin_division": "",
        "county": "galway"
      }
    },
    {
      "type": "Feature",
      "geometry": {
        "type": "Point",
        "coordinates": [
          -8.5955067,
          53.67581
        ]
      },
      "properties": {
        "osm_id": "w407181015",
        "name": "",
        "category": "local_market",
        "subcategory": "landuse=farmyard",
        "lat": 53.67581,
        "lon": -8.5955067,
        "admin_division": "",
        "county": "galway"
      }
    },
    {
      "type": "Feature",
      "geometry": {
        "type": "Point",
        "coordinates": [
          -8.5968498,
          53.6765761
        ]
      },
      "properties": {
        "osm_id": "w407181016",
        "name": "",
        "category": "local_market",
        "subcategory": "landuse=farmyard",
        "lat": 53.6765761,
        "lon": -8.5968498,
        "admin_division": "",
        "county": "galway"
      }
    },
    {
      "type": "Feature",
      "geometry": {
        "type": "Point",
        "coordinates": [
          -8.6050477,
          53.6762727
        ]
      },
      "properties": {
        "osm_id": "w407181023",
        "name": "",
        "category": "local_market",
        "subcategory": "landuse=farmyard",
        "lat": 53.6762727,
        "lon": -8.6050477,
        "admin_division": "",
        "county": "galway"
      }
    },
    {
      "type": "Feature",
      "geometry": {
        "type": "Point",
        "coordinates": [
          -10.230147,
          53.6141769
        ]
      },
      "properties": {
        "osm_id": "w445902092",
        "name": "",
        "category": "local_market",
        "subcategory": "landuse=farmyard",
        "lat": 53.6141769,
        "lon": -10.230147,
        "admin_division": "",
        "county": "galway"
      }
    },
    {
      "type": "Feature",
      "geometry": {
        "type": "Point",
        "coordinates": [
          -8.7723629,
          53.6583953
        ]
      },
      "properties": {
        "osm_id": "w463124443",
        "name": "",
        "category": "local_market",
        "subcategory": "landuse=farmyard",
        "lat": 53.6583953,
        "lon": -8.7723629,
        "admin_division": "",
        "county": "galway"
      }
    },
    {
      "type": "Feature",
      "geometry": {
        "type": "Point",
        "coordinates": [
          -8.8137502,
          53.6578163
        ]
      },
      "properties": {
        "osm_id": "w463331609",
        "name": "",
        "category": "local_market",
        "subcategory": "landuse=farmyard",
        "lat": 53.6578163,
        "lon": -8.8137502,
        "admin_division": "",
        "county": "galway"
      }
    },
    {
      "type": "Feature",
      "geometry": {
        "type": "Point",
        "coordinates": [
          -8.2413179,
          53.3450694
        ]
      },
      "properties": {
        "osm_id": "w477532270",
        "name": "",
        "category": "local_market",
        "subcategory": "landuse=farmyard",
        "lat": 53.3450694,
        "lon": -8.2413179,
        "admin_division": "",
        "county": "galway"
      }
    },
    {
      "type": "Feature",
      "geometry": {
        "type": "Point",
        "coordinates": [
          -8.8139539,
          53.1573114
        ]
      },
      "properties": {
        "osm_id": "w480592401",
        "name": "",
        "category": "local_market",
        "subcategory": "landuse=farmyard",
        "lat": 53.1573114,
        "lon": -8.8139539,
        "admin_division": "",
        "county": "galway"
      }
    },
    {
      "type": "Feature",
      "geometry": {
        "type": "Point",
        "coordinates": [
          -8.7991978,
          53.1604663
        ]
      },
      "properties": {
        "osm_id": "w480592435",
        "name": "",
        "category": "local_market",
        "subcategory": "landuse=farmyard",
        "lat": 53.1604663,
        "lon": -8.7991978,
        "admin_division": "",
        "county": "galway"
      }
    },
    {
      "type": "Feature",
      "geometry": {
        "type": "Point",
        "coordinates": [
          -8.4506697,
          53.4041977
        ]
      },
      "properties": {
        "osm_id": "w483064455",
        "name": "",
        "category": "local_market",
        "subcategory": "landuse=farmyard",
        "lat": 53.4041977,
        "lon": -8.4506697,
        "admin_division": "",
        "county": "galway"
      }
    },
    {
      "type": "Feature",
      "geometry": {
        "type": "Point",
        "coordinates": [
          -10.0998031,
          53.5622333
        ]
      },
      "properties": {
        "osm_id": "w502984098",
        "name": "",
        "category": "local_market",
        "subcategory": "landuse=farmyard",
        "lat": 53.5622333,
        "lon": -10.0998031,
        "admin_division": "",
        "county": "galway"
      }
    },
    {
      "type": "Feature",
      "geometry": {
        "type": "Point",
        "coordinates": [
          -8.9578657,
          53.2351507
        ]
      },
      "properties": {
        "osm_id": "w510280220",
        "name": "",
        "category": "local_market",
        "subcategory": "landuse=farmyard",
        "lat": 53.2351507,
        "lon": -8.9578657,
        "admin_division": "",
        "county": "galway"
      }
    },
    {
      "type": "Feature",
      "geometry": {
        "type": "Point",
        "coordinates": [
          -8.4805634,
          53.2288693
        ]
      },
      "properties": {
        "osm_id": "w524217766",
        "name": "",
        "category": "local_market",
        "subcategory": "landuse=farmyard",
        "lat": 53.2288693,
        "lon": -8.4805634,
        "admin_division": "",
        "county": "galway"
      }
    },
    {
      "type": "Feature",
      "geometry": {
        "type": "Point",
        "coordinates": [
          -8.4778859,
          53.2245887
        ]
      },
      "properties": {
        "osm_id": "w525204502",
        "name": "",
        "category": "local_market",
        "subcategory": "landuse=farmyard",
        "lat": 53.2245887,
        "lon": -8.4778859,
        "admin_division": "",
        "county": "galway"
      }
    },
    {
      "type": "Feature",
      "geometry": {
        "type": "Point",
        "coordinates": [
          -8.4866402,
          53.2293378
        ]
      },
      "properties": {
        "osm_id": "w525701950",
        "name": "",
        "category": "local_market",
        "subcategory": "landuse=farmyard",
        "lat": 53.2293378,
        "lon": -8.4866402,
        "admin_division": "",
        "county": "galway"
      }
    },
    {
      "type": "Feature",
      "geometry": {
        "type": "Point",
        "coordinates": [
          -8.4885707,
          53.2300894
        ]
      },
      "properties": {
        "osm_id": "w525703943",
        "name": "",
        "category": "local_market",
        "subcategory": "landuse=farmyard",
        "lat": 53.2300894,
        "lon": -8.4885707,
        "admin_division": "",
        "county": "galway"
      }
    },
    {
      "type": "Feature",
      "geometry": {
        "type": "Point",
        "coordinates": [
          -8.4885739,
          53.2386214
        ]
      },
      "properties": {
        "osm_id": "w525920460",
        "name": "",
        "category": "local_market",
        "subcategory": "landuse=farmyard",
        "lat": 53.2386214,
        "lon": -8.4885739,
        "admin_division": "",
        "county": "galway"
      }
    },
    {
      "type": "Feature",
      "geometry": {
        "type": "Point",
        "coordinates": [
          -8.5316692,
          53.2217689
        ]
      },
      "properties": {
        "osm_id": "w525951431",
        "name": "",
        "category": "local_market",
        "subcategory": "landuse=farmyard",
        "lat": 53.2217689,
        "lon": -8.5316692,
        "admin_division": "",
        "county": "galway"
      }
    },
    {
      "type": "Feature",
      "geometry": {
        "type": "Point",
        "coordinates": [
          -8.5303187,
          53.2248823
        ]
      },
      "properties": {
        "osm_id": "w525953595",
        "name": "",
        "category": "local_market",
        "subcategory": "landuse=farmyard",
        "lat": 53.2248823,
        "lon": -8.5303187,
        "admin_division": "",
        "county": "galway"
      }
    },
    {
      "type": "Feature",
      "geometry": {
        "type": "Point",
        "coordinates": [
          -8.490197,
          53.2370281
        ]
      },
      "properties": {
        "osm_id": "w526495327",
        "name": "",
        "category": "local_market",
        "subcategory": "landuse=farmyard",
        "lat": 53.2370281,
        "lon": -8.490197,
        "admin_division": "",
        "county": "galway"
      }
    },
    {
      "type": "Feature",
      "geometry": {
        "type": "Point",
        "coordinates": [
          -8.4993889,
          53.2365876
        ]
      },
      "properties": {
        "osm_id": "w526507561",
        "name": "",
        "category": "local_market",
        "subcategory": "landuse=farmyard",
        "lat": 53.2365876,
        "lon": -8.4993889,
        "admin_division": "",
        "county": "galway"
      }
    },
    {
      "type": "Feature",
      "geometry": {
        "type": "Point",
        "coordinates": [
          -8.5113443,
          53.2375537
        ]
      },
      "properties": {
        "osm_id": "w526792175",
        "name": "",
        "category": "local_market",
        "subcategory": "landuse=farmyard",
        "lat": 53.2375537,
        "lon": -8.5113443,
        "admin_division": "",
        "county": "galway"
      }
    },
    {
      "type": "Feature",
      "geometry": {
        "type": "Point",
        "coordinates": [
          -8.507734,
          53.2371214
        ]
      },
      "properties": {
        "osm_id": "w526798103",
        "name": "",
        "category": "local_market",
        "subcategory": "landuse=farmyard",
        "lat": 53.2371214,
        "lon": -8.507734,
        "admin_division": "",
        "county": "galway"
      }
    },
    {
      "type": "Feature",
      "geometry": {
        "type": "Point",
        "coordinates": [
          -8.457618,
          53.2320254
        ]
      },
      "properties": {
        "osm_id": "w551944808",
        "name": "",
        "category": "local_market",
        "subcategory": "landuse=farmyard",
        "lat": 53.2320254,
        "lon": -8.457618,
        "admin_division": "",
        "county": "galway"
      }
    },
    {
      "type": "Feature",
      "geometry": {
        "type": "Point",
        "coordinates": [
          -9.0058333,
          53.1581448
        ]
      },
      "properties": {
        "osm_id": "w570993584",
        "name": "",
        "category": "local_market",
        "subcategory": "landuse=farmyard",
        "lat": 53.1581448,
        "lon": -9.0058333,
        "admin_division": "",
        "county": "galway"
      }
    },
    {
      "type": "Feature",
      "geometry": {
        "type": "Point",
        "coordinates": [
          -8.5172091,
          53.2393451
        ]
      },
      "properties": {
        "osm_id": "w666186735",
        "name": "",
        "category": "local_market",
        "subcategory": "landuse=farmyard",
        "lat": 53.2393451,
        "lon": -8.5172091,
        "admin_division": "",
        "county": "galway"
      }
    },
    {
      "type": "Feature",
      "geometry": {
        "type": "Point",
        "coordinates": [
          -8.5186645,
          53.2382952
        ]
      },
      "properties": {
        "osm_id": "w666194212",
        "name": "",
        "category": "local_market",
        "subcategory": "landuse=farmyard",
        "lat": 53.2382952,
        "lon": -8.5186645,
        "admin_division": "",
        "county": "galway"
      }
    },
    {
      "type": "Feature",
      "geometry": {
        "type": "Point",
        "coordinates": [
          -8.5183951,
          53.2373053
        ]
      },
      "properties": {
        "osm_id": "w667729064",
        "name": "",
        "category": "local_market",
        "subcategory": "landuse=farmyard",
        "lat": 53.2373053,
        "lon": -8.5183951,
        "admin_division": "",
        "county": "galway"
      }
    },
    {
      "type": "Feature",
      "geometry": {
        "type": "Point",
        "coordinates": [
          -8.4915052,
          53.2153344
        ]
      },
      "properties": {
        "osm_id": "w667927924",
        "name": "",
        "category": "local_market",
        "subcategory": "landuse=farmyard",
        "lat": 53.2153344,
        "lon": -8.4915052,
        "admin_division": "",
        "county": "galway"
      }
    },
    {
      "type": "Feature",
      "geometry": {
        "type": "Point",
        "coordinates": [
          -8.4826743,
          53.2261909
        ]
      },
      "properties": {
        "osm_id": "w668070904",
        "name": "",
        "category": "local_market",
        "subcategory": "landuse=farmyard",
        "lat": 53.2261909,
        "lon": -8.4826743,
        "admin_division": "",
        "county": "galway"
      }
    },
    {
      "type": "Feature",
      "geometry": {
        "type": "Point",
        "coordinates": [
          -8.3929444,
          53.344626
        ]
      },
      "properties": {
        "osm_id": "w705433635",
        "name": "",
        "category": "local_market",
        "subcategory": "landuse=farmyard",
        "lat": 53.344626,
        "lon": -8.3929444,
        "admin_division": "",
        "county": "galway"
      }
    },
    {
      "type": "Feature",
      "geometry": {
        "type": "Point",
        "coordinates": [
          -8.4916123,
          53.215613
        ]
      },
      "properties": {
        "osm_id": "w720215709",
        "name": "",
        "category": "local_market",
        "subcategory": "landuse=farmyard",
        "lat": 53.215613,
        "lon": -8.4916123,
        "admin_division": "",
        "county": "galway"
      }
    },
    {
      "type": "Feature",
      "geometry": {
        "type": "Point",
        "coordinates": [
          -8.4944856,
          53.2195003
        ]
      },
      "properties": {
        "osm_id": "w720337301",
        "name": "",
        "category": "local_market",
        "subcategory": "landuse=farmyard",
        "lat": 53.2195003,
        "lon": -8.4944856,
        "admin_division": "",
        "county": "galway"
      }
    },
    {
      "type": "Feature",
      "geometry": {
        "type": "Point",
        "coordinates": [
          -8.4923368,
          53.2228794
        ]
      },
      "properties": {
        "osm_id": "w720899645",
        "name": "",
        "category": "local_market",
        "subcategory": "landuse=farmyard",
        "lat": 53.2228794,
        "lon": -8.4923368,
        "admin_division": "",
        "county": "galway"
      }
    },
    {
      "type": "Feature",
      "geometry": {
        "type": "Point",
        "coordinates": [
          -8.4943376,
          53.2253159
        ]
      },
      "properties": {
        "osm_id": "w720943187",
        "name": "",
        "category": "local_market",
        "subcategory": "landuse=farmyard",
        "lat": 53.2253159,
        "lon": -8.4943376,
        "admin_division": "",
        "county": "galway"
      }
    },
    {
      "type": "Feature",
      "geometry": {
        "type": "Point",
        "coordinates": [
          -8.4988607,
          53.2259491
        ]
      },
      "properties": {
        "osm_id": "w720961711",
        "name": "",
        "category": "local_market",
        "subcategory": "landuse=farmyard",
        "lat": 53.2259491,
        "lon": -8.4988607,
        "admin_division": "",
        "county": "galway"
      }
    },
    {
      "type": "Feature",
      "geometry": {
        "type": "Point",
        "coordinates": [
          -8.4973313,
          53.2165182
        ]
      },
      "properties": {
        "osm_id": "w722029956",
        "name": "",
        "category": "local_market",
        "subcategory": "landuse=farmyard",
        "lat": 53.2165182,
        "lon": -8.4973313,
        "admin_division": "",
        "county": "galway"
      }
    },
    {
      "type": "Feature",
      "geometry": {
        "type": "Point",
        "coordinates": [
          -8.8673043,
          53.5073465
        ]
      },
      "properties": {
        "osm_id": "w728057273",
        "name": "",
        "category": "local_market",
        "subcategory": "landuse=farmyard",
        "lat": 53.5073465,
        "lon": -8.8673043,
        "admin_division": "",
        "county": "galway"
      }
    },
    {
      "type": "Feature",
      "geometry": {
        "type": "Point",
        "coordinates": [
          -8.8715424,
          53.513763
        ]
      },
      "properties": {
        "osm_id": "w728057277",
        "name": "",
        "category": "local_market",
        "subcategory": "landuse=farmyard",
        "lat": 53.513763,
        "lon": -8.8715424,
        "admin_division": "",
        "county": "galway"
      }
    },
    {
      "type": "Feature",
      "geometry": {
        "type": "Point",
        "coordinates": [
          -8.8754625,
          53.5184685
        ]
      },
      "properties": {
        "osm_id": "w728057284",
        "name": "",
        "category": "local_market",
        "subcategory": "landuse=farmyard",
        "lat": 53.5184685,
        "lon": -8.8754625,
        "admin_division": "",
        "county": "galway"
      }
    },
    {
      "type": "Feature",
      "geometry": {
        "type": "Point",
        "coordinates": [
          -8.8344092,
          53.5426194
        ]
      },
      "properties": {
        "osm_id": "w728071452",
        "name": "",
        "category": "local_market",
        "subcategory": "landuse=farmyard",
        "lat": 53.5426194,
        "lon": -8.8344092,
        "admin_division": "",
        "county": "galway"
      }
    },
    {
      "type": "Feature",
      "geometry": {
        "type": "Point",
        "coordinates": [
          -8.8319496,
          53.5433064
        ]
      },
      "properties": {
        "osm_id": "w728071453",
        "name": "",
        "category": "local_market",
        "subcategory": "landuse=farmyard",
        "lat": 53.5433064,
        "lon": -8.8319496,
        "admin_division": "",
        "county": "galway"
      }
    },
    {
      "type": "Feature",
      "geometry": {
        "type": "Point",
        "coordinates": [
          -8.851674,
          53.5280909
        ]
      },
      "properties": {
        "osm_id": "w728071461",
        "name": "",
        "category": "local_market",
        "subcategory": "landuse=farmyard",
        "lat": 53.5280909,
        "lon": -8.851674,
        "admin_division": "",
        "county": "galway"
      }
    },
    {
      "type": "Feature",
      "geometry": {
        "type": "Point",
        "coordinates": [
          -8.8663129,
          53.5381792
        ]
      },
      "properties": {
        "osm_id": "w728071465",
        "name": "",
        "category": "local_market",
        "subcategory": "landuse=farmyard",
        "lat": 53.5381792,
        "lon": -8.8663129,
        "admin_division": "",
        "county": "galway"
      }
    },
    {
      "type": "Feature",
      "geometry": {
        "type": "Point",
        "coordinates": [
          -8.8500988,
          53.5079179
        ]
      },
      "properties": {
        "osm_id": "w728078119",
        "name": "",
        "category": "local_market",
        "subcategory": "landuse=farmyard",
        "lat": 53.5079179,
        "lon": -8.8500988,
        "admin_division": "",
        "county": "galway"
      }
    },
    {
      "type": "Feature",
      "geometry": {
        "type": "Point",
        "coordinates": [
          -8.8394627,
          53.4953709
        ]
      },
      "properties": {
        "osm_id": "w728078122",
        "name": "",
        "category": "local_market",
        "subcategory": "landuse=farmyard",
        "lat": 53.4953709,
        "lon": -8.8394627,
        "admin_division": "",
        "county": "galway"
      }
    },
    {
      "type": "Feature",
      "geometry": {
        "type": "Point",
        "coordinates": [
          -8.8328236,
          53.5025706
        ]
      },
      "properties": {
        "osm_id": "w728078123",
        "name": "",
        "category": "local_market",
        "subcategory": "landuse=farmyard",
        "lat": 53.5025706,
        "lon": -8.8328236,
        "admin_division": "",
        "county": "galway"
      }
    },
    {
      "type": "Feature",
      "geometry": {
        "type": "Point",
        "coordinates": [
          -8.8075703,
          53.5075262
        ]
      },
      "properties": {
        "osm_id": "w728078134",
        "name": "",
        "category": "local_market",
        "subcategory": "landuse=farmyard",
        "lat": 53.5075262,
        "lon": -8.8075703,
        "admin_division": "",
        "county": "galway"
      }
    },
    {
      "type": "Feature",
      "geometry": {
        "type": "Point",
        "coordinates": [
          -8.809885,
          53.5079728
        ]
      },
      "properties": {
        "osm_id": "w728078135",
        "name": "",
        "category": "local_market",
        "subcategory": "landuse=farmyard",
        "lat": 53.5079728,
        "lon": -8.809885,
        "admin_division": "",
        "county": "galway"
      }
    },
    {
      "type": "Feature",
      "geometry": {
        "type": "Point",
        "coordinates": [
          -8.8038686,
          53.5073141
        ]
      },
      "properties": {
        "osm_id": "w728078136",
        "name": "",
        "category": "local_market",
        "subcategory": "landuse=farmyard",
        "lat": 53.5073141,
        "lon": -8.8038686,
        "admin_division": "",
        "county": "galway"
      }
    },
    {
      "type": "Feature",
      "geometry": {
        "type": "Point",
        "coordinates": [
          -8.8167557,
          53.5027245
        ]
      },
      "properties": {
        "osm_id": "w728078138",
        "name": "",
        "category": "local_market",
        "subcategory": "landuse=farmyard",
        "lat": 53.5027245,
        "lon": -8.8167557,
        "admin_division": "",
        "county": "galway"
      }
    },
    {
      "type": "Feature",
      "geometry": {
        "type": "Point",
        "coordinates": [
          -8.8179386,
          53.5023157
        ]
      },
      "properties": {
        "osm_id": "w728078139",
        "name": "",
        "category": "local_market",
        "subcategory": "landuse=farmyard",
        "lat": 53.5023157,
        "lon": -8.8179386,
        "admin_division": "",
        "county": "galway"
      }
    },
    {
      "type": "Feature",
      "geometry": {
        "type": "Point",
        "coordinates": [
          -8.8127886,
          53.4993135
        ]
      },
      "properties": {
        "osm_id": "w728078144",
        "name": "",
        "category": "local_market",
        "subcategory": "landuse=farmyard",
        "lat": 53.4993135,
        "lon": -8.8127886,
        "admin_division": "",
        "county": "galway"
      }
    },
    {
      "type": "Feature",
      "geometry": {
        "type": "Point",
        "coordinates": [
          -8.8568942,
          53.5216039
        ]
      },
      "properties": {
        "osm_id": "w728078161",
        "name": "",
        "category": "local_market",
        "subcategory": "landuse=farmyard",
        "lat": 53.5216039,
        "lon": -8.8568942,
        "admin_division": "",
        "county": "galway"
      }
    },
    {
      "type": "Feature",
      "geometry": {
        "type": "Point",
        "coordinates": [
          -8.8704187,
          53.5242022
        ]
      },
      "properties": {
        "osm_id": "w728078167",
        "name": "",
        "category": "local_market",
        "subcategory": "landuse=farmyard",
        "lat": 53.5242022,
        "lon": -8.8704187,
        "admin_division": "",
        "county": "galway"
      }
    },
    {
      "type": "Feature",
      "geometry": {
        "type": "Point",
        "coordinates": [
          -8.5021647,
          53.2134757
        ]
      },
      "properties": {
        "osm_id": "w728187395",
        "name": "",
        "category": "local_market",
        "subcategory": "landuse=farmyard",
        "lat": 53.2134757,
        "lon": -8.5021647,
        "admin_division": "",
        "county": "galway"
      }
    },
    {
      "type": "Feature",
      "geometry": {
        "type": "Point",
        "coordinates": [
          -8.8898,
          53.4978662
        ]
      },
      "properties": {
        "osm_id": "w729122214",
        "name": "",
        "category": "local_market",
        "subcategory": "landuse=farmyard",
        "lat": 53.4978662,
        "lon": -8.8898,
        "admin_division": "",
        "county": "galway"
      }
    },
    {
      "type": "Feature",
      "geometry": {
        "type": "Point",
        "coordinates": [
          -8.8899988,
          53.4985387
        ]
      },
      "properties": {
        "osm_id": "w729122215",
        "name": "",
        "category": "local_market",
        "subcategory": "landuse=farmyard",
        "lat": 53.4985387,
        "lon": -8.8899988,
        "admin_division": "",
        "county": "galway"
      }
    },
    {
      "type": "Feature",
      "geometry": {
        "type": "Point",
        "coordinates": [
          -8.8911018,
          53.4987437
        ]
      },
      "properties": {
        "osm_id": "w729122216",
        "name": "",
        "category": "local_market",
        "subcategory": "landuse=farmyard",
        "lat": 53.4987437,
        "lon": -8.8911018,
        "admin_division": "",
        "county": "galway"
      }
    },
    {
      "type": "Feature",
      "geometry": {
        "type": "Point",
        "coordinates": [
          -8.885388,
          53.500572
        ]
      },
      "properties": {
        "osm_id": "w729122218",
        "name": "",
        "category": "local_market",
        "subcategory": "landuse=farmyard",
        "lat": 53.500572,
        "lon": -8.885388,
        "admin_division": "",
        "county": "galway"
      }
    },
    {
      "type": "Feature",
      "geometry": {
        "type": "Point",
        "coordinates": [
          -8.8904351,
          53.5049093
        ]
      },
      "properties": {
        "osm_id": "w729122221",
        "name": "",
        "category": "local_market",
        "subcategory": "landuse=farmyard",
        "lat": 53.5049093,
        "lon": -8.8904351,
        "admin_division": "",
        "county": "galway"
      }
    },
    {
      "type": "Feature",
      "geometry": {
        "type": "Point",
        "coordinates": [
          -8.8924683,
          53.50447
        ]
      },
      "properties": {
        "osm_id": "w729122222",
        "name": "",
        "category": "local_market",
        "subcategory": "landuse=farmyard",
        "lat": 53.50447,
        "lon": -8.8924683,
        "admin_division": "",
        "county": "galway"
      }
    },
    {
      "type": "Feature",
      "geometry": {
        "type": "Point",
        "coordinates": [
          -8.9001167,
          53.512447
        ]
      },
      "properties": {
        "osm_id": "w729122223",
        "name": "",
        "category": "local_market",
        "subcategory": "landuse=farmyard",
        "lat": 53.512447,
        "lon": -8.9001167,
        "admin_division": "",
        "county": "galway"
      }
    },
    {
      "type": "Feature",
      "geometry": {
        "type": "Point",
        "coordinates": [
          -8.9051429,
          53.5142151
        ]
      },
      "properties": {
        "osm_id": "w729122224",
        "name": "",
        "category": "local_market",
        "subcategory": "landuse=farmyard",
        "lat": 53.5142151,
        "lon": -8.9051429,
        "admin_division": "",
        "county": "galway"
      }
    },
    {
      "type": "Feature",
      "geometry": {
        "type": "Point",
        "coordinates": [
          -8.9077064,
          53.5153332
        ]
      },
      "properties": {
        "osm_id": "w729122225",
        "name": "",
        "category": "local_market",
        "subcategory": "landuse=farmyard",
        "lat": 53.5153332,
        "lon": -8.9077064,
        "admin_division": "",
        "county": "galway"
      }
    },
    {
      "type": "Feature",
      "geometry": {
        "type": "Point",
        "coordinates": [
          -8.9031346,
          53.5154264
        ]
      },
      "properties": {
        "osm_id": "w729122228",
        "name": "",
        "category": "local_market",
        "subcategory": "landuse=farmyard",
        "lat": 53.5154264,
        "lon": -8.9031346,
        "admin_division": "",
        "county": "galway"
      }
    },
    {
      "type": "Feature",
      "geometry": {
        "type": "Point",
        "coordinates": [
          -8.9048096,
          53.5159591
        ]
      },
      "properties": {
        "osm_id": "w729122229",
        "name": "",
        "category": "local_market",
        "subcategory": "landuse=farmyard",
        "lat": 53.5159591,
        "lon": -8.9048096,
        "admin_division": "",
        "county": "galway"
      }
    },
    {
      "type": "Feature",
      "geometry": {
        "type": "Point",
        "coordinates": [
          -8.9056276,
          53.5158537
        ]
      },
      "properties": {
        "osm_id": "w729122230",
        "name": "",
        "category": "local_market",
        "subcategory": "landuse=farmyard",
        "lat": 53.5158537,
        "lon": -8.9056276,
        "admin_division": "",
        "county": "galway"
      }
    },
    {
      "type": "Feature",
      "geometry": {
        "type": "Point",
        "coordinates": [
          -8.8984704,
          53.5157113
        ]
      },
      "properties": {
        "osm_id": "w729122238",
        "name": "",
        "category": "local_market",
        "subcategory": "landuse=farmyard",
        "lat": 53.5157113,
        "lon": -8.8984704,
        "admin_division": "",
        "county": "galway"
      }
    },
    {
      "type": "Feature",
      "geometry": {
        "type": "Point",
        "coordinates": [
          -8.8934142,
          53.5142094
        ]
      },
      "properties": {
        "osm_id": "w729122242",
        "name": "",
        "category": "local_market",
        "subcategory": "landuse=farmyard",
        "lat": 53.5142094,
        "lon": -8.8934142,
        "admin_division": "",
        "county": "galway"
      }
    },
    {
      "type": "Feature",
      "geometry": {
        "type": "Point",
        "coordinates": [
          -8.8913957,
          53.5131688
        ]
      },
      "properties": {
        "osm_id": "w729122245",
        "name": "",
        "category": "local_market",
        "subcategory": "landuse=farmyard",
        "lat": 53.5131688,
        "lon": -8.8913957,
        "admin_division": "",
        "county": "galway"
      }
    },
    {
      "type": "Feature",
      "geometry": {
        "type": "Point",
        "coordinates": [
          -8.8912006,
          53.5071379
        ]
      },
      "properties": {
        "osm_id": "w729122248",
        "name": "",
        "category": "local_market",
        "subcategory": "landuse=farmyard",
        "lat": 53.5071379,
        "lon": -8.8912006,
        "admin_division": "",
        "county": "galway"
      }
    },
    {
      "type": "Feature",
      "geometry": {
        "type": "Point",
        "coordinates": [
          -8.8884875,
          53.5088111
        ]
      },
      "properties": {
        "osm_id": "w729122254",
        "name": "",
        "category": "local_market",
        "subcategory": "landuse=farmyard",
        "lat": 53.5088111,
        "lon": -8.8884875,
        "admin_division": "",
        "county": "galway"
      }
    },
    {
      "type": "Feature",
      "geometry": {
        "type": "Point",
        "coordinates": [
          -8.8856917,
          53.506113
        ]
      },
      "properties": {
        "osm_id": "w729122257",
        "name": "",
        "category": "local_market",
        "subcategory": "landuse=farmyard",
        "lat": 53.506113,
        "lon": -8.8856917,
        "admin_division": "",
        "county": "galway"
      }
    },
    {
      "type": "Feature",
      "geometry": {
        "type": "Point",
        "coordinates": [
          -8.8848428,
          53.5062581
        ]
      },
      "properties": {
        "osm_id": "w729122258",
        "name": "",
        "category": "local_market",
        "subcategory": "landuse=farmyard",
        "lat": 53.5062581,
        "lon": -8.8848428,
        "admin_division": "",
        "county": "galway"
      }
    },
    {
      "type": "Feature",
      "geometry": {
        "type": "Point",
        "coordinates": [
          -8.8329938,
          53.5277245
        ]
      },
      "properties": {
        "osm_id": "w729674434",
        "name": "",
        "category": "local_market",
        "subcategory": "landuse=farmyard",
        "lat": 53.5277245,
        "lon": -8.8329938,
        "admin_division": "",
        "county": "galway"
      }
    },
    {
      "type": "Feature",
      "geometry": {
        "type": "Point",
        "coordinates": [
          -8.0588538,
          53.240191
        ]
      },
      "properties": {
        "osm_id": "w731533967",
        "name": "",
        "category": "local_market",
        "subcategory": "landuse=farmyard",
        "lat": 53.240191,
        "lon": -8.0588538,
        "admin_division": "",
        "county": "galway"
      }
    },
    {
      "type": "Feature",
      "geometry": {
        "type": "Point",
        "coordinates": [
          -8.5038308,
          53.2169835
        ]
      },
      "properties": {
        "osm_id": "w737835207",
        "name": "",
        "category": "local_market",
        "subcategory": "landuse=farmyard",
        "lat": 53.2169835,
        "lon": -8.5038308,
        "admin_division": "",
        "county": "galway"
      }
    },
    {
      "type": "Feature",
      "geometry": {
        "type": "Point",
        "coordinates": [
          -8.2285746,
          53.107105
        ]
      },
      "properties": {
        "osm_id": "w743730745",
        "name": "",
        "category": "local_market",
        "subcategory": "landuse=farmyard",
        "lat": 53.107105,
        "lon": -8.2285746,
        "admin_division": "",
        "county": "galway"
      }
    },
    {
      "type": "Feature",
      "geometry": {
        "type": "Point",
        "coordinates": [
          -8.5051982,
          53.214978
        ]
      },
      "properties": {
        "osm_id": "w744289574",
        "name": "",
        "category": "local_market",
        "subcategory": "landuse=farmyard",
        "lat": 53.214978,
        "lon": -8.5051982,
        "admin_division": "",
        "county": "galway"
      }
    },
    {
      "type": "Feature",
      "geometry": {
        "type": "Point",
        "coordinates": [
          -8.5059695,
          53.2125669
        ]
      },
      "properties": {
        "osm_id": "w744291178",
        "name": "",
        "category": "local_market",
        "subcategory": "landuse=farmyard",
        "lat": 53.2125669,
        "lon": -8.5059695,
        "admin_division": "",
        "county": "galway"
      }
    },
    {
      "type": "Feature",
      "geometry": {
        "type": "Point",
        "coordinates": [
          -8.9347816,
          53.1331111
        ]
      },
      "properties": {
        "osm_id": "w769373104",
        "name": "",
        "category": "local_market",
        "subcategory": "landuse=farmyard",
        "lat": 53.1331111,
        "lon": -8.9347816,
        "admin_division": "",
        "county": "galway"
      }
    },
    {
      "type": "Feature",
      "geometry": {
        "type": "Point",
        "coordinates": [
          -8.8600807,
          53.1402586
        ]
      },
      "properties": {
        "osm_id": "w772997592",
        "name": "",
        "category": "local_market",
        "subcategory": "landuse=farmyard",
        "lat": 53.1402586,
        "lon": -8.8600807,
        "admin_division": "",
        "county": "galway"
      }
    },
    {
      "type": "Feature",
      "geometry": {
        "type": "Point",
        "coordinates": [
          -8.8787194,
          53.1245734
        ]
      },
      "properties": {
        "osm_id": "w773014214",
        "name": "",
        "category": "local_market",
        "subcategory": "landuse=farmyard",
        "lat": 53.1245734,
        "lon": -8.8787194,
        "admin_division": "",
        "county": "galway"
      }
    },
    {
      "type": "Feature",
      "geometry": {
        "type": "Point",
        "coordinates": [
          -8.8340109,
          53.1256147
        ]
      },
      "properties": {
        "osm_id": "w773148909",
        "name": "",
        "category": "local_market",
        "subcategory": "landuse=farmyard",
        "lat": 53.1256147,
        "lon": -8.8340109,
        "admin_division": "",
        "county": "galway"
      }
    },
    {
      "type": "Feature",
      "geometry": {
        "type": "Point",
        "coordinates": [
          -8.8986829,
          53.1115265
        ]
      },
      "properties": {
        "osm_id": "w776840115",
        "name": "",
        "category": "local_market",
        "subcategory": "landuse=farmyard",
        "lat": 53.1115265,
        "lon": -8.8986829,
        "admin_division": "",
        "county": "galway"
      }
    },
    {
      "type": "Feature",
      "geometry": {
        "type": "Point",
        "coordinates": [
          -8.8886878,
          53.0708345
        ]
      },
      "properties": {
        "osm_id": "w777582918",
        "name": "",
        "category": "local_market",
        "subcategory": "landuse=farmyard",
        "lat": 53.0708345,
        "lon": -8.8886878,
        "admin_division": "",
        "county": "galway"
      }
    },
    {
      "type": "Feature",
      "geometry": {
        "type": "Point",
        "coordinates": [
          -8.5057061,
          53.2158625
        ]
      },
      "properties": {
        "osm_id": "w818408133",
        "name": "",
        "category": "local_market",
        "subcategory": "landuse=farmyard",
        "lat": 53.2158625,
        "lon": -8.5057061,
        "admin_division": "",
        "county": "galway"
      }
    },
    {
      "type": "Feature",
      "geometry": {
        "type": "Point",
        "coordinates": [
          -8.5102864,
          53.2143784
        ]
      },
      "properties": {
        "osm_id": "w819015006",
        "name": "",
        "category": "local_market",
        "subcategory": "landuse=farmyard",
        "lat": 53.2143784,
        "lon": -8.5102864,
        "admin_division": "",
        "county": "galway"
      }
    },
    {
      "type": "Feature",
      "geometry": {
        "type": "Point",
        "coordinates": [
          -8.5093255,
          53.2158284
        ]
      },
      "properties": {
        "osm_id": "w819022460",
        "name": "",
        "category": "local_market",
        "subcategory": "landuse=farmyard",
        "lat": 53.2158284,
        "lon": -8.5093255,
        "admin_division": "",
        "county": "galway"
      }
    },
    {
      "type": "Feature",
      "geometry": {
        "type": "Point",
        "coordinates": [
          -8.5118812,
          53.2162058
        ]
      },
      "properties": {
        "osm_id": "w820186598",
        "name": "",
        "category": "local_market",
        "subcategory": "landuse=farmyard",
        "lat": 53.2162058,
        "lon": -8.5118812,
        "admin_division": "",
        "county": "galway"
      }
    },
    {
      "type": "Feature",
      "geometry": {
        "type": "Point",
        "coordinates": [
          -8.5114766,
          53.2114582
        ]
      },
      "properties": {
        "osm_id": "w820504699",
        "name": "",
        "category": "local_market",
        "subcategory": "landuse=farmyard",
        "lat": 53.2114582,
        "lon": -8.5114766,
        "admin_division": "",
        "county": "galway"
      }
    },
    {
      "type": "Feature",
      "geometry": {
        "type": "Point",
        "coordinates": [
          -8.5151305,
          53.2100676
        ]
      },
      "properties": {
        "osm_id": "w821107089",
        "name": "",
        "category": "local_market",
        "subcategory": "landuse=farmyard",
        "lat": 53.2100676,
        "lon": -8.5151305,
        "admin_division": "",
        "county": "galway"
      }
    },
    {
      "type": "Feature",
      "geometry": {
        "type": "Point",
        "coordinates": [
          -8.5172901,
          53.2096163
        ]
      },
      "properties": {
        "osm_id": "w821204806",
        "name": "",
        "category": "local_market",
        "subcategory": "landuse=farmyard",
        "lat": 53.2096163,
        "lon": -8.5172901,
        "admin_division": "",
        "county": "galway"
      }
    },
    {
      "type": "Feature",
      "geometry": {
        "type": "Point",
        "coordinates": [
          -8.5206106,
          53.2083643
        ]
      },
      "properties": {
        "osm_id": "w821331124",
        "name": "",
        "category": "local_market",
        "subcategory": "landuse=farmyard",
        "lat": 53.2083643,
        "lon": -8.5206106,
        "admin_division": "",
        "county": "galway"
      }
    },
    {
      "type": "Feature",
      "geometry": {
        "type": "Point",
        "coordinates": [
          -8.8791405,
          53.0662858
        ]
      },
      "properties": {
        "osm_id": "w844593142",
        "name": "",
        "category": "local_market",
        "subcategory": "landuse=farmyard",
        "lat": 53.0662858,
        "lon": -8.8791405,
        "admin_division": "",
        "county": "galway"
      }
    },
    {
      "type": "Feature",
      "geometry": {
        "type": "Point",
        "coordinates": [
          -8.8701162,
          53.1563242
        ]
      },
      "properties": {
        "osm_id": "w845408563",
        "name": "",
        "category": "local_market",
        "subcategory": "landuse=farmyard",
        "lat": 53.1563242,
        "lon": -8.8701162,
        "admin_division": "",
        "county": "galway"
      }
    },
    {
      "type": "Feature",
      "geometry": {
        "type": "Point",
        "coordinates": [
          -8.9022048,
          53.1550414
        ]
      },
      "properties": {
        "osm_id": "w845429090",
        "name": "",
        "category": "local_market",
        "subcategory": "landuse=farmyard",
        "lat": 53.1550414,
        "lon": -8.9022048,
        "admin_division": "",
        "county": "galway"
      }
    },
    {
      "type": "Feature",
      "geometry": {
        "type": "Point",
        "coordinates": [
          -8.8869417,
          53.1680972
        ]
      },
      "properties": {
        "osm_id": "w845429092",
        "name": "",
        "category": "local_market",
        "subcategory": "landuse=farmyard",
        "lat": 53.1680972,
        "lon": -8.8869417,
        "admin_division": "",
        "county": "galway"
      }
    },
    {
      "type": "Feature",
      "geometry": {
        "type": "Point",
        "coordinates": [
          -8.8933998,
          53.1660213
        ]
      },
      "properties": {
        "osm_id": "w845429098",
        "name": "",
        "category": "local_market",
        "subcategory": "landuse=farmyard",
        "lat": 53.1660213,
        "lon": -8.8933998,
        "admin_division": "",
        "county": "galway"
      }
    },
    {
      "type": "Feature",
      "geometry": {
        "type": "Point",
        "coordinates": [
          -8.9019875,
          53.1642357
        ]
      },
      "properties": {
        "osm_id": "w845429106",
        "name": "",
        "category": "local_market",
        "subcategory": "landuse=farmyard",
        "lat": 53.1642357,
        "lon": -8.9019875,
        "admin_division": "",
        "county": "galway"
      }
    },
    {
      "type": "Feature",
      "geometry": {
        "type": "Point",
        "coordinates": [
          -8.8650481,
          53.2654527
        ]
      },
      "properties": {
        "osm_id": "w848169320",
        "name": "",
        "category": "local_market",
        "subcategory": "landuse=farmyard",
        "lat": 53.2654527,
        "lon": -8.8650481,
        "admin_division": "",
        "county": "galway"
      }
    },
    {
      "type": "Feature",
      "geometry": {
        "type": "Point",
        "coordinates": [
          -8.8826019,
          53.2779457
        ]
      },
      "properties": {
        "osm_id": "w848411269",
        "name": "",
        "category": "local_market",
        "subcategory": "landuse=farmyard",
        "lat": 53.2779457,
        "lon": -8.8826019,
        "admin_division": "",
        "county": "galway"
      }
    },
    {
      "type": "Feature",
      "geometry": {
        "type": "Point",
        "coordinates": [
          -8.8652493,
          53.2842317
        ]
      },
      "properties": {
        "osm_id": "w848411299",
        "name": "",
        "category": "local_market",
        "subcategory": "landuse=farmyard",
        "lat": 53.2842317,
        "lon": -8.8652493,
        "admin_division": "",
        "county": "galway"
      }
    },
    {
      "type": "Feature",
      "geometry": {
        "type": "Point",
        "coordinates": [
          -8.8931282,
          53.2782166
        ]
      },
      "properties": {
        "osm_id": "w848415061",
        "name": "",
        "category": "local_market",
        "subcategory": "landuse=farmyard",
        "lat": 53.2782166,
        "lon": -8.8931282,
        "admin_division": "",
        "county": "galway"
      }
    },
    {
      "type": "Feature",
      "geometry": {
        "type": "Point",
        "coordinates": [
          -8.8890144,
          53.2742207
        ]
      },
      "properties": {
        "osm_id": "w848511294",
        "name": "",
        "category": "local_market",
        "subcategory": "landuse=farmyard",
        "lat": 53.2742207,
        "lon": -8.8890144,
        "admin_division": "",
        "county": "galway"
      }
    },
    {
      "type": "Feature",
      "geometry": {
        "type": "Point",
        "coordinates": [
          -8.9118768,
          53.2669334
        ]
      },
      "properties": {
        "osm_id": "w848511304",
        "name": "",
        "category": "local_market",
        "subcategory": "landuse=farmyard",
        "lat": 53.2669334,
        "lon": -8.9118768,
        "admin_division": "",
        "county": "galway"
      }
    },
    {
      "type": "Feature",
      "geometry": {
        "type": "Point",
        "coordinates": [
          -8.8907732,
          53.2657483
        ]
      },
      "properties": {
        "osm_id": "w848575044",
        "name": "",
        "category": "local_market",
        "subcategory": "landuse=farmyard",
        "lat": 53.2657483,
        "lon": -8.8907732,
        "admin_division": "",
        "county": "galway"
      }
    },
    {
      "type": "Feature",
      "geometry": {
        "type": "Point",
        "coordinates": [
          -8.9028485,
          53.273677
        ]
      },
      "properties": {
        "osm_id": "w848575124",
        "name": "",
        "category": "local_market",
        "subcategory": "landuse=farmyard",
        "lat": 53.273677,
        "lon": -8.9028485,
        "admin_division": "",
        "county": "galway"
      }
    },
    {
      "type": "Feature",
      "geometry": {
        "type": "Point",
        "coordinates": [
          -8.9231059,
          53.278414
        ]
      },
      "properties": {
        "osm_id": "w849017796",
        "name": "",
        "category": "local_market",
        "subcategory": "landuse=farmyard",
        "lat": 53.278414,
        "lon": -8.9231059,
        "admin_division": "",
        "county": "galway"
      }
    },
    {
      "type": "Feature",
      "geometry": {
        "type": "Point",
        "coordinates": [
          -8.8214864,
          53.2848975
        ]
      },
      "properties": {
        "osm_id": "w849194185",
        "name": "",
        "category": "local_market",
        "subcategory": "landuse=farmyard",
        "lat": 53.2848975,
        "lon": -8.8214864,
        "admin_division": "",
        "county": "galway"
      }
    },
    {
      "type": "Feature",
      "geometry": {
        "type": "Point",
        "coordinates": [
          -8.8357866,
          53.2953264
        ]
      },
      "properties": {
        "osm_id": "w849598599",
        "name": "",
        "category": "local_market",
        "subcategory": "landuse=farmyard",
        "lat": 53.2953264,
        "lon": -8.8357866,
        "admin_division": "",
        "county": "galway"
      }
    },
    {
      "type": "Feature",
      "geometry": {
        "type": "Point",
        "coordinates": [
          -8.8878709,
          53.2855986
        ]
      },
      "properties": {
        "osm_id": "w849822572",
        "name": "",
        "category": "local_market",
        "subcategory": "landuse=farmyard",
        "lat": 53.2855986,
        "lon": -8.8878709,
        "admin_division": "",
        "county": "galway"
      }
    },
    {
      "type": "Feature",
      "geometry": {
        "type": "Point",
        "coordinates": [
          -8.8465148,
          53.2986435
        ]
      },
      "properties": {
        "osm_id": "w849822643",
        "name": "",
        "category": "local_market",
        "subcategory": "landuse=farmyard",
        "lat": 53.2986435,
        "lon": -8.8465148,
        "admin_division": "",
        "county": "galway"
      }
    },
    {
      "type": "Feature",
      "geometry": {
        "type": "Point",
        "coordinates": [
          -8.8435811,
          53.2980467
        ]
      },
      "properties": {
        "osm_id": "w849822644",
        "name": "",
        "category": "local_market",
        "subcategory": "landuse=farmyard",
        "lat": 53.2980467,
        "lon": -8.8435811,
        "admin_division": "",
        "county": "galway"
      }
    },
    {
      "type": "Feature",
      "geometry": {
        "type": "Point",
        "coordinates": [
          -8.8386364,
          53.2945728
        ]
      },
      "properties": {
        "osm_id": "w849832292",
        "name": "",
        "category": "local_market",
        "subcategory": "landuse=farmyard",
        "lat": 53.2945728,
        "lon": -8.8386364,
        "admin_division": "",
        "county": "galway"
      }
    },
    {
      "type": "Feature",
      "geometry": {
        "type": "Point",
        "coordinates": [
          -8.8496416,
          53.2916398
        ]
      },
      "properties": {
        "osm_id": "w849832321",
        "name": "",
        "category": "local_market",
        "subcategory": "landuse=farmyard",
        "lat": 53.2916398,
        "lon": -8.8496416,
        "admin_division": "",
        "county": "galway"
      }
    },
    {
      "type": "Feature",
      "geometry": {
        "type": "Point",
        "coordinates": [
          -8.8579684,
          53.2873564
        ]
      },
      "properties": {
        "osm_id": "w849832326",
        "name": "",
        "category": "local_market",
        "subcategory": "landuse=farmyard",
        "lat": 53.2873564,
        "lon": -8.8579684,
        "admin_division": "",
        "county": "galway"
      }
    },
    {
      "type": "Feature",
      "geometry": {
        "type": "Point",
        "coordinates": [
          -8.8904312,
          53.2846911
        ]
      },
      "properties": {
        "osm_id": "w849832391",
        "name": "",
        "category": "local_market",
        "subcategory": "landuse=farmyard",
        "lat": 53.2846911,
        "lon": -8.8904312,
        "admin_division": "",
        "county": "galway"
      }
    },
    {
      "type": "Feature",
      "geometry": {
        "type": "Point",
        "coordinates": [
          -8.9717588,
          53.2805251
        ]
      },
      "properties": {
        "osm_id": "w850103404",
        "name": "",
        "category": "local_market",
        "subcategory": "landuse=farmyard",
        "lat": 53.2805251,
        "lon": -8.9717588,
        "admin_division": "",
        "county": "galway"
      }
    },
    {
      "type": "Feature",
      "geometry": {
        "type": "Point",
        "coordinates": [
          -8.9495811,
          53.2913447
        ]
      },
      "properties": {
        "osm_id": "w850237798",
        "name": "",
        "category": "local_market",
        "subcategory": "landuse=farmyard",
        "lat": 53.2913447,
        "lon": -8.9495811,
        "admin_division": "",
        "county": "galway"
      }
    },
    {
      "type": "Feature",
      "geometry": {
        "type": "Point",
        "coordinates": [
          -8.9767164,
          53.290149
        ]
      },
      "properties": {
        "osm_id": "w850537708",
        "name": "",
        "category": "local_market",
        "subcategory": "landuse=farmyard",
        "lat": 53.290149,
        "lon": -8.9767164,
        "admin_division": "",
        "county": "galway"
      }
    },
    {
      "type": "Feature",
      "geometry": {
        "type": "Point",
        "coordinates": [
          -8.9402654,
          53.3034591
        ]
      },
      "properties": {
        "osm_id": "w850600426",
        "name": "",
        "category": "local_market",
        "subcategory": "landuse=farmyard",
        "lat": 53.3034591,
        "lon": -8.9402654,
        "admin_division": "",
        "county": "galway"
      }
    },
    {
      "type": "Feature",
      "geometry": {
        "type": "Point",
        "coordinates": [
          -8.9287372,
          53.2989356
        ]
      },
      "properties": {
        "osm_id": "w850609213",
        "name": "",
        "category": "local_market",
        "subcategory": "landuse=farmyard",
        "lat": 53.2989356,
        "lon": -8.9287372,
        "admin_division": "",
        "county": "galway"
      }
    },
    {
      "type": "Feature",
      "geometry": {
        "type": "Point",
        "coordinates": [
          -8.9379715,
          53.2955277
        ]
      },
      "properties": {
        "osm_id": "w850609217",
        "name": "",
        "category": "local_market",
        "subcategory": "landuse=farmyard",
        "lat": 53.2955277,
        "lon": -8.9379715,
        "admin_division": "",
        "county": "galway"
      }
    },
    {
      "type": "Feature",
      "geometry": {
        "type": "Point",
        "coordinates": [
          -8.8033668,
          53.3169871
        ]
      },
      "properties": {
        "osm_id": "w851561623",
        "name": "",
        "category": "local_market",
        "subcategory": "landuse=farmyard",
        "lat": 53.3169871,
        "lon": -8.8033668,
        "admin_division": "",
        "county": "galway"
      }
    },
    {
      "type": "Feature",
      "geometry": {
        "type": "Point",
        "coordinates": [
          -8.8230917,
          53.3253237
        ]
      },
      "properties": {
        "osm_id": "w851795245",
        "name": "",
        "category": "local_market",
        "subcategory": "landuse=farmyard",
        "lat": 53.3253237,
        "lon": -8.8230917,
        "admin_division": "",
        "county": "galway"
      }
    },
    {
      "type": "Feature",
      "geometry": {
        "type": "Point",
        "coordinates": [
          -8.8222629,
          53.3256412
        ]
      },
      "properties": {
        "osm_id": "w851795251",
        "name": "",
        "category": "local_market",
        "subcategory": "landuse=farmyard",
        "lat": 53.3256412,
        "lon": -8.8222629,
        "admin_division": "",
        "county": "galway"
      }
    },
    {
      "type": "Feature",
      "geometry": {
        "type": "Point",
        "coordinates": [
          -8.824292,
          53.3291454
        ]
      },
      "properties": {
        "osm_id": "w851795264",
        "name": "",
        "category": "local_market",
        "subcategory": "landuse=farmyard",
        "lat": 53.3291454,
        "lon": -8.824292,
        "admin_division": "",
        "county": "galway"
      }
    },
    {
      "type": "Feature",
      "geometry": {
        "type": "Point",
        "coordinates": [
          -8.8336542,
          53.3261877
        ]
      },
      "properties": {
        "osm_id": "w851795283",
        "name": "",
        "category": "local_market",
        "subcategory": "landuse=farmyard",
        "lat": 53.3261877,
        "lon": -8.8336542,
        "admin_division": "",
        "county": "galway"
      }
    },
    {
      "type": "Feature",
      "geometry": {
        "type": "Point",
        "coordinates": [
          -8.8303551,
          53.3232534
        ]
      },
      "properties": {
        "osm_id": "w851795293",
        "name": "",
        "category": "local_market",
        "subcategory": "landuse=farmyard",
        "lat": 53.3232534,
        "lon": -8.8303551,
        "admin_division": "",
        "county": "galway"
      }
    },
    {
      "type": "Feature",
      "geometry": {
        "type": "Point",
        "coordinates": [
          -8.8229522,
          53.3188554
        ]
      },
      "properties": {
        "osm_id": "w851795301",
        "name": "",
        "category": "local_market",
        "subcategory": "landuse=farmyard",
        "lat": 53.3188554,
        "lon": -8.8229522,
        "admin_division": "",
        "county": "galway"
      }
    },
    {
      "type": "Feature",
      "geometry": {
        "type": "Point",
        "coordinates": [
          -8.8142102,
          53.332518
        ]
      },
      "properties": {
        "osm_id": "w851795352",
        "name": "",
        "category": "local_market",
        "subcategory": "landuse=farmyard",
        "lat": 53.332518,
        "lon": -8.8142102,
        "admin_division": "",
        "county": "galway"
      }
    },
    {
      "type": "Feature",
      "geometry": {
        "type": "Point",
        "coordinates": [
          -8.8189691,
          53.317246
        ]
      },
      "properties": {
        "osm_id": "w851795360",
        "name": "",
        "category": "local_market",
        "subcategory": "landuse=farmyard",
        "lat": 53.317246,
        "lon": -8.8189691,
        "admin_division": "",
        "county": "galway"
      }
    },
    {
      "type": "Feature",
      "geometry": {
        "type": "Point",
        "coordinates": [
          -8.8016246,
          53.3118834
        ]
      },
      "properties": {
        "osm_id": "w853496002",
        "name": "",
        "category": "local_market",
        "subcategory": "landuse=farmyard",
        "lat": 53.3118834,
        "lon": -8.8016246,
        "admin_division": "",
        "county": "galway"
      }
    },
    {
      "type": "Feature",
      "geometry": {
        "type": "Point",
        "coordinates": [
          -8.8094822,
          53.3066958
        ]
      },
      "properties": {
        "osm_id": "w853496025",
        "name": "",
        "category": "local_market",
        "subcategory": "landuse=farmyard",
        "lat": 53.3066958,
        "lon": -8.8094822,
        "admin_division": "",
        "county": "galway"
      }
    },
    {
      "type": "Feature",
      "geometry": {
        "type": "Point",
        "coordinates": [
          -8.8109909,
          53.3043253
        ]
      },
      "properties": {
        "osm_id": "w853496043",
        "name": "",
        "category": "local_market",
        "subcategory": "landuse=farmyard",
        "lat": 53.3043253,
        "lon": -8.8109909,
        "admin_division": "",
        "county": "galway"
      }
    },
    {
      "type": "Feature",
      "geometry": {
        "type": "Point",
        "coordinates": [
          -8.8141559,
          53.3016918
        ]
      },
      "properties": {
        "osm_id": "w853496047",
        "name": "",
        "category": "local_market",
        "subcategory": "landuse=farmyard",
        "lat": 53.3016918,
        "lon": -8.8141559,
        "admin_division": "",
        "county": "galway"
      }
    },
    {
      "type": "Feature",
      "geometry": {
        "type": "Point",
        "coordinates": [
          -8.8241176,
          53.3029068
        ]
      },
      "properties": {
        "osm_id": "w853513503",
        "name": "",
        "category": "local_market",
        "subcategory": "landuse=farmyard",
        "lat": 53.3029068,
        "lon": -8.8241176,
        "admin_division": "",
        "county": "galway"
      }
    },
    {
      "type": "Feature",
      "geometry": {
        "type": "Point",
        "coordinates": [
          -8.8418383,
          53.3070148
        ]
      },
      "properties": {
        "osm_id": "w853513507",
        "name": "",
        "category": "local_market",
        "subcategory": "landuse=farmyard",
        "lat": 53.3070148,
        "lon": -8.8418383,
        "admin_division": "",
        "county": "galway"
      }
    },
    {
      "type": "Feature",
      "geometry": {
        "type": "Point",
        "coordinates": [
          -8.8374415,
          53.3070043
        ]
      },
      "properties": {
        "osm_id": "w853513510",
        "name": "",
        "category": "local_market",
        "subcategory": "landuse=farmyard",
        "lat": 53.3070043,
        "lon": -8.8374415,
        "admin_division": "",
        "county": "galway"
      }
    },
    {
      "type": "Feature",
      "geometry": {
        "type": "Point",
        "coordinates": [
          -8.8101338,
          53.3083802
        ]
      },
      "properties": {
        "osm_id": "w853515765",
        "name": "",
        "category": "local_market",
        "subcategory": "landuse=farmyard",
        "lat": 53.3083802,
        "lon": -8.8101338,
        "admin_division": "",
        "county": "galway"
      }
    },
    {
      "type": "Feature",
      "geometry": {
        "type": "Point",
        "coordinates": [
          -8.8072371,
          53.3127005
        ]
      },
      "properties": {
        "osm_id": "w853515777",
        "name": "",
        "category": "local_market",
        "subcategory": "landuse=farmyard",
        "lat": 53.3127005,
        "lon": -8.8072371,
        "admin_division": "",
        "county": "galway"
      }
    },
    {
      "type": "Feature",
      "geometry": {
        "type": "Point",
        "coordinates": [
          -8.8272353,
          53.3183354
        ]
      },
      "properties": {
        "osm_id": "w853515810",
        "name": "",
        "category": "local_market",
        "subcategory": "landuse=farmyard",
        "lat": 53.3183354,
        "lon": -8.8272353,
        "admin_division": "",
        "county": "galway"
      }
    },
    {
      "type": "Feature",
      "geometry": {
        "type": "Point",
        "coordinates": [
          -8.8497864,
          53.3201957
        ]
      },
      "properties": {
        "osm_id": "w853515846",
        "name": "",
        "category": "local_market",
        "subcategory": "landuse=farmyard",
        "lat": 53.3201957,
        "lon": -8.8497864,
        "admin_division": "",
        "county": "galway"
      }
    },
    {
      "type": "Feature",
      "geometry": {
        "type": "Point",
        "coordinates": [
          -8.8591325,
          53.3182906
        ]
      },
      "properties": {
        "osm_id": "w853515856",
        "name": "",
        "category": "local_market",
        "subcategory": "landuse=farmyard",
        "lat": 53.3182906,
        "lon": -8.8591325,
        "admin_division": "",
        "county": "galway"
      }
    },
    {
      "type": "Feature",
      "geometry": {
        "type": "Point",
        "coordinates": [
          -8.8478968,
          53.3057279
        ]
      },
      "properties": {
        "osm_id": "w853518246",
        "name": "",
        "category": "local_market",
        "subcategory": "landuse=farmyard",
        "lat": 53.3057279,
        "lon": -8.8478968,
        "admin_division": "",
        "county": "galway"
      }
    },
    {
      "type": "Feature",
      "geometry": {
        "type": "Point",
        "coordinates": [
          -8.8229858,
          53.2998974
        ]
      },
      "properties": {
        "osm_id": "w853518260",
        "name": "",
        "category": "local_market",
        "subcategory": "landuse=farmyard",
        "lat": 53.2998974,
        "lon": -8.8229858,
        "admin_division": "",
        "county": "galway"
      }
    },
    {
      "type": "Feature",
      "geometry": {
        "type": "Point",
        "coordinates": [
          -8.8212061,
          53.3007558
        ]
      },
      "properties": {
        "osm_id": "w853518268",
        "name": "",
        "category": "local_market",
        "subcategory": "landuse=farmyard",
        "lat": 53.3007558,
        "lon": -8.8212061,
        "admin_division": "",
        "county": "galway"
      }
    },
    {
      "type": "Feature",
      "geometry": {
        "type": "Point",
        "coordinates": [
          -8.8137508,
          53.3037548
        ]
      },
      "properties": {
        "osm_id": "w853518290",
        "name": "",
        "category": "local_market",
        "subcategory": "landuse=farmyard",
        "lat": 53.3037548,
        "lon": -8.8137508,
        "admin_division": "",
        "county": "galway"
      }
    },
    {
      "type": "Feature",
      "geometry": {
        "type": "Point",
        "coordinates": [
          -8.8129476,
          53.3088394
        ]
      },
      "properties": {
        "osm_id": "w853518303",
        "name": "",
        "category": "local_market",
        "subcategory": "landuse=farmyard",
        "lat": 53.3088394,
        "lon": -8.8129476,
        "admin_division": "",
        "county": "galway"
      }
    },
    {
      "type": "Feature",
      "geometry": {
        "type": "Point",
        "coordinates": [
          -8.8569653,
          53.3025206
        ]
      },
      "properties": {
        "osm_id": "w853533388",
        "name": "",
        "category": "local_market",
        "subcategory": "landuse=farmyard",
        "lat": 53.3025206,
        "lon": -8.8569653,
        "admin_division": "",
        "county": "galway"
      }
    },
    {
      "type": "Feature",
      "geometry": {
        "type": "Point",
        "coordinates": [
          -8.3839886,
          53.0503308
        ]
      },
      "properties": {
        "osm_id": "w853537171",
        "name": "",
        "category": "local_market",
        "subcategory": "landuse=farmyard",
        "lat": 53.0503308,
        "lon": -8.3839886,
        "admin_division": "",
        "county": "galway"
      }
    },
    {
      "type": "Feature",
      "geometry": {
        "type": "Point",
        "coordinates": [
          -8.9225601,
          53.3049881
        ]
      },
      "properties": {
        "osm_id": "w854021360",
        "name": "",
        "category": "local_market",
        "subcategory": "landuse=farmyard",
        "lat": 53.3049881,
        "lon": -8.9225601,
        "admin_division": "",
        "county": "galway"
      }
    },
    {
      "type": "Feature",
      "geometry": {
        "type": "Point",
        "coordinates": [
          -8.8924644,
          53.3074691
        ]
      },
      "properties": {
        "osm_id": "w854056617",
        "name": "",
        "category": "local_market",
        "subcategory": "landuse=farmyard",
        "lat": 53.3074691,
        "lon": -8.8924644,
        "admin_division": "",
        "county": "galway"
      }
    },
    {
      "type": "Feature",
      "geometry": {
        "type": "Point",
        "coordinates": [
          -8.9007832,
          53.307284
        ]
      },
      "properties": {
        "osm_id": "w854056649",
        "name": "",
        "category": "local_market",
        "subcategory": "landuse=farmyard",
        "lat": 53.307284,
        "lon": -8.9007832,
        "admin_division": "",
        "county": "galway"
      }
    },
    {
      "type": "Feature",
      "geometry": {
        "type": "Point",
        "coordinates": [
          -8.8822156,
          53.308224
        ]
      },
      "properties": {
        "osm_id": "w854057687",
        "name": "",
        "category": "local_market",
        "subcategory": "landuse=farmyard",
        "lat": 53.308224,
        "lon": -8.8822156,
        "admin_division": "",
        "county": "galway"
      }
    },
    {
      "type": "Feature",
      "geometry": {
        "type": "Point",
        "coordinates": [
          -8.8661129,
          53.3153463
        ]
      },
      "properties": {
        "osm_id": "w854062720",
        "name": "",
        "category": "local_market",
        "subcategory": "landuse=farmyard",
        "lat": 53.3153463,
        "lon": -8.8661129,
        "admin_division": "",
        "county": "galway"
      }
    },
    {
      "type": "Feature",
      "geometry": {
        "type": "Point",
        "coordinates": [
          -8.8750729,
          53.312111
        ]
      },
      "properties": {
        "osm_id": "w854062740",
        "name": "",
        "category": "local_market",
        "subcategory": "landuse=farmyard",
        "lat": 53.312111,
        "lon": -8.8750729,
        "admin_division": "",
        "county": "galway"
      }
    },
    {
      "type": "Feature",
      "geometry": {
        "type": "Point",
        "coordinates": [
          -8.8783828,
          53.3131678
        ]
      },
      "properties": {
        "osm_id": "w854062754",
        "name": "",
        "category": "local_market",
        "subcategory": "landuse=farmyard",
        "lat": 53.3131678,
        "lon": -8.8783828,
        "admin_division": "",
        "county": "galway"
      }
    },
    {
      "type": "Feature",
      "geometry": {
        "type": "Point",
        "coordinates": [
          -8.9796818,
          53.3091599
        ]
      },
      "properties": {
        "osm_id": "w856361594",
        "name": "",
        "category": "local_market",
        "subcategory": "landuse=farmyard",
        "lat": 53.3091599,
        "lon": -8.9796818,
        "admin_division": "",
        "county": "galway"
      }
    },
    {
      "type": "Feature",
      "geometry": {
        "type": "Point",
        "coordinates": [
          -8.980894,
          53.3089107
        ]
      },
      "properties": {
        "osm_id": "w856361598",
        "name": "",
        "category": "local_market",
        "subcategory": "landuse=farmyard",
        "lat": 53.3089107,
        "lon": -8.980894,
        "admin_division": "",
        "county": "galway"
      }
    },
    {
      "type": "Feature",
      "geometry": {
        "type": "Point",
        "coordinates": [
          -8.9581382,
          53.3098947
        ]
      },
      "properties": {
        "osm_id": "w856366846",
        "name": "",
        "category": "local_market",
        "subcategory": "landuse=farmyard",
        "lat": 53.3098947,
        "lon": -8.9581382,
        "admin_division": "",
        "county": "galway"
      }
    },
    {
      "type": "Feature",
      "geometry": {
        "type": "Point",
        "coordinates": [
          -8.9690562,
          53.304
        ]
      },
      "properties": {
        "osm_id": "w856366850",
        "name": "",
        "category": "local_market",
        "subcategory": "landuse=farmyard",
        "lat": 53.304,
        "lon": -8.9690562,
        "admin_division": "",
        "county": "galway"
      }
    },
    {
      "type": "Feature",
      "geometry": {
        "type": "Point",
        "coordinates": [
          -8.9693432,
          53.3055763
        ]
      },
      "properties": {
        "osm_id": "w856366853",
        "name": "",
        "category": "local_market",
        "subcategory": "landuse=farmyard",
        "lat": 53.3055763,
        "lon": -8.9693432,
        "admin_division": "",
        "county": "galway"
      }
    },
    {
      "type": "Feature",
      "geometry": {
        "type": "Point",
        "coordinates": [
          -8.9762485,
          53.3100084
        ]
      },
      "properties": {
        "osm_id": "w856366856",
        "name": "",
        "category": "local_market",
        "subcategory": "landuse=farmyard",
        "lat": 53.3100084,
        "lon": -8.9762485,
        "admin_division": "",
        "county": "galway"
      }
    },
    {
      "type": "Feature",
      "geometry": {
        "type": "Point",
        "coordinates": [
          -8.9688671,
          53.3130982
        ]
      },
      "properties": {
        "osm_id": "w856366861",
        "name": "",
        "category": "local_market",
        "subcategory": "landuse=farmyard",
        "lat": 53.3130982,
        "lon": -8.9688671,
        "admin_division": "",
        "county": "galway"
      }
    },
    {
      "type": "Feature",
      "geometry": {
        "type": "Point",
        "coordinates": [
          -8.980886,
          53.3128361
        ]
      },
      "properties": {
        "osm_id": "w856366883",
        "name": "",
        "category": "local_market",
        "subcategory": "landuse=farmyard",
        "lat": 53.3128361,
        "lon": -8.980886,
        "admin_division": "",
        "county": "galway"
      }
    },
    {
      "type": "Feature",
      "geometry": {
        "type": "Point",
        "coordinates": [
          -8.9567717,
          53.3167797
        ]
      },
      "properties": {
        "osm_id": "w856390946",
        "name": "",
        "category": "local_market",
        "subcategory": "landuse=farmyard",
        "lat": 53.3167797,
        "lon": -8.9567717,
        "admin_division": "",
        "county": "galway"
      }
    },
    {
      "type": "Feature",
      "geometry": {
        "type": "Point",
        "coordinates": [
          -8.9544704,
          53.30565
        ]
      },
      "properties": {
        "osm_id": "w856457711",
        "name": "",
        "category": "local_market",
        "subcategory": "landuse=farmyard",
        "lat": 53.30565,
        "lon": -8.9544704,
        "admin_division": "",
        "county": "galway"
      }
    },
    {
      "type": "Feature",
      "geometry": {
        "type": "Point",
        "coordinates": [
          -8.3487994,
          53.0345087
        ]
      },
      "properties": {
        "osm_id": "w856524987",
        "name": "",
        "category": "local_market",
        "subcategory": "landuse=farmyard",
        "lat": 53.0345087,
        "lon": -8.3487994,
        "admin_division": "",
        "county": "galway"
      }
    },
    {
      "type": "Feature",
      "geometry": {
        "type": "Point",
        "coordinates": [
          -8.350803,
          53.0344781
        ]
      },
      "properties": {
        "osm_id": "w856524994",
        "name": "",
        "category": "local_market",
        "subcategory": "landuse=farmyard",
        "lat": 53.0344781,
        "lon": -8.350803,
        "admin_division": "",
        "county": "galway"
      }
    },
    {
      "type": "Feature",
      "geometry": {
        "type": "Point",
        "coordinates": [
          -8.3523305,
          53.0350281
        ]
      },
      "properties": {
        "osm_id": "w856525003",
        "name": "",
        "category": "local_market",
        "subcategory": "landuse=farmyard",
        "lat": 53.0350281,
        "lon": -8.3523305,
        "admin_division": "",
        "county": "galway"
      }
    },
    {
      "type": "Feature",
      "geometry": {
        "type": "Point",
        "coordinates": [
          -8.9639586,
          53.3149153
        ]
      },
      "properties": {
        "osm_id": "w856531865",
        "name": "",
        "category": "local_market",
        "subcategory": "landuse=farmyard",
        "lat": 53.3149153,
        "lon": -8.9639586,
        "admin_division": "",
        "county": "galway"
      }
    },
    {
      "type": "Feature",
      "geometry": {
        "type": "Point",
        "coordinates": [
          -8.9398536,
          53.3103378
        ]
      },
      "properties": {
        "osm_id": "w856531874",
        "name": "",
        "category": "local_market",
        "subcategory": "landuse=farmyard",
        "lat": 53.3103378,
        "lon": -8.9398536,
        "admin_division": "",
        "county": "galway"
      }
    },
    {
      "type": "Feature",
      "geometry": {
        "type": "Point",
        "coordinates": [
          -8.9362165,
          53.3059329
        ]
      },
      "properties": {
        "osm_id": "w856531877",
        "name": "",
        "category": "local_market",
        "subcategory": "landuse=farmyard",
        "lat": 53.3059329,
        "lon": -8.9362165,
        "admin_division": "",
        "county": "galway"
      }
    },
    {
      "type": "Feature",
      "geometry": {
        "type": "Point",
        "coordinates": [
          -8.9515835,
          53.3041867
        ]
      },
      "properties": {
        "osm_id": "w856818323",
        "name": "",
        "category": "local_market",
        "subcategory": "landuse=farmyard",
        "lat": 53.3041867,
        "lon": -8.9515835,
        "admin_division": "",
        "county": "galway"
      }
    },
    {
      "type": "Feature",
      "geometry": {
        "type": "Point",
        "coordinates": [
          -8.9533626,
          53.3071405
        ]
      },
      "properties": {
        "osm_id": "w856818339",
        "name": "",
        "category": "local_market",
        "subcategory": "landuse=farmyard",
        "lat": 53.3071405,
        "lon": -8.9533626,
        "admin_division": "",
        "county": "galway"
      }
    },
    {
      "type": "Feature",
      "geometry": {
        "type": "Point",
        "coordinates": [
          -8.9347588,
          53.3049568
        ]
      },
      "properties": {
        "osm_id": "w856818367",
        "name": "",
        "category": "local_market",
        "subcategory": "landuse=farmyard",
        "lat": 53.3049568,
        "lon": -8.9347588,
        "admin_division": "",
        "county": "galway"
      }
    },
    {
      "type": "Feature",
      "geometry": {
        "type": "Point",
        "coordinates": [
          -8.9118822,
          53.3228769
        ]
      },
      "properties": {
        "osm_id": "w860166000",
        "name": "",
        "category": "local_market",
        "subcategory": "landuse=farmyard",
        "lat": 53.3228769,
        "lon": -8.9118822,
        "admin_division": "",
        "county": "galway"
      }
    },
    {
      "type": "Feature",
      "geometry": {
        "type": "Point",
        "coordinates": [
          -8.9160376,
          53.320709
        ]
      },
      "properties": {
        "osm_id": "w860166001",
        "name": "",
        "category": "local_market",
        "subcategory": "landuse=farmyard",
        "lat": 53.320709,
        "lon": -8.9160376,
        "admin_division": "",
        "county": "galway"
      }
    },
    {
      "type": "Feature",
      "geometry": {
        "type": "Point",
        "coordinates": [
          -8.9105357,
          53.3223426
        ]
      },
      "properties": {
        "osm_id": "w863113438",
        "name": "",
        "category": "local_market",
        "subcategory": "landuse=farmyard",
        "lat": 53.3223426,
        "lon": -8.9105357,
        "admin_division": "",
        "county": "galway"
      }
    },
    {
      "type": "Feature",
      "geometry": {
        "type": "Point",
        "coordinates": [
          -8.9026957,
          53.3087007
        ]
      },
      "properties": {
        "osm_id": "w864279059",
        "name": "",
        "category": "local_market",
        "subcategory": "landuse=farmyard",
        "lat": 53.3087007,
        "lon": -8.9026957,
        "admin_division": "",
        "county": "galway"
      }
    },
    {
      "type": "Feature",
      "geometry": {
        "type": "Point",
        "coordinates": [
          -8.8126814,
          53.3954464
        ]
      },
      "properties": {
        "osm_id": "w880134636",
        "name": "",
        "category": "local_market",
        "subcategory": "landuse=farmyard",
        "lat": 53.3954464,
        "lon": -8.8126814,
        "admin_division": "",
        "county": "galway"
      }
    },
    {
      "type": "Feature",
      "geometry": {
        "type": "Point",
        "coordinates": [
          -9.3808049,
          53.526749
        ]
      },
      "properties": {
        "osm_id": "w901174565",
        "name": "Clos Na Feirme farmyard",
        "category": "local_market",
        "subcategory": "landuse=farmyard",
        "lat": 53.526749,
        "lon": -9.3808049,
        "admin_division": "",
        "county": "galway"
      }
    },
    {
      "type": "Feature",
      "geometry": {
        "type": "Point",
        "coordinates": [
          -8.5203386,
          53.214579
        ]
      },
      "properties": {
        "osm_id": "w906178666",
        "name": "",
        "category": "local_market",
        "subcategory": "landuse=farmyard",
        "lat": 53.214579,
        "lon": -8.5203386,
        "admin_division": "",
        "county": "galway"
      }
    },
    {
      "type": "Feature",
      "geometry": {
        "type": "Point",
        "coordinates": [
          -8.5308911,
          53.2056111
        ]
      },
      "properties": {
        "osm_id": "w913208177",
        "name": "",
        "category": "local_market",
        "subcategory": "landuse=farmyard",
        "lat": 53.2056111,
        "lon": -8.5308911,
        "admin_division": "",
        "county": "galway"
      }
    },
    {
      "type": "Feature",
      "geometry": {
        "type": "Point",
        "coordinates": [
          -8.5329106,
          53.2165083
        ]
      },
      "properties": {
        "osm_id": "w938173298",
        "name": "",
        "category": "local_market",
        "subcategory": "landuse=farmyard",
        "lat": 53.2165083,
        "lon": -8.5329106,
        "admin_division": "",
        "county": "galway"
      }
    },
    {
      "type": "Feature",
      "geometry": {
        "type": "Point",
        "coordinates": [
          -8.5431672,
          53.2156025
        ]
      },
      "properties": {
        "osm_id": "w940027933",
        "name": "",
        "category": "local_market",
        "subcategory": "landuse=farmyard",
        "lat": 53.2156025,
        "lon": -8.5431672,
        "admin_division": "",
        "county": "galway"
      }
    },
    {
      "type": "Feature",
      "geometry": {
        "type": "Point",
        "coordinates": [
          -8.5378922,
          53.2047129
        ]
      },
      "properties": {
        "osm_id": "w940520627",
        "name": "",
        "category": "local_market",
        "subcategory": "landuse=farmyard",
        "lat": 53.2047129,
        "lon": -8.5378922,
        "admin_division": "",
        "county": "galway"
      }
    },
    {
      "type": "Feature",
      "geometry": {
        "type": "Point",
        "coordinates": [
          -8.540135,
          53.2042547
        ]
      },
      "properties": {
        "osm_id": "w940641016",
        "name": "",
        "category": "local_market",
        "subcategory": "landuse=farmyard",
        "lat": 53.2042547,
        "lon": -8.540135,
        "admin_division": "",
        "county": "galway"
      }
    },
    {
      "type": "Feature",
      "geometry": {
        "type": "Point",
        "coordinates": [
          -8.5461443,
          53.2077516
        ]
      },
      "properties": {
        "osm_id": "w940671793",
        "name": "",
        "category": "local_market",
        "subcategory": "landuse=farmyard",
        "lat": 53.2077516,
        "lon": -8.5461443,
        "admin_division": "",
        "county": "galway"
      }
    },
    {
      "type": "Feature",
      "geometry": {
        "type": "Point",
        "coordinates": [
          -8.5463137,
          53.2125393
        ]
      },
      "properties": {
        "osm_id": "w940703038",
        "name": "",
        "category": "local_market",
        "subcategory": "landuse=farmyard",
        "lat": 53.2125393,
        "lon": -8.5463137,
        "admin_division": "",
        "county": "galway"
      }
    },
    {
      "type": "Feature",
      "geometry": {
        "type": "Point",
        "coordinates": [
          -8.5240252,
          53.2192731
        ]
      },
      "properties": {
        "osm_id": "w941362393",
        "name": "",
        "category": "local_market",
        "subcategory": "landuse=farmyard",
        "lat": 53.2192731,
        "lon": -8.5240252,
        "admin_division": "",
        "county": "galway"
      }
    },
    {
      "type": "Feature",
      "geometry": {
        "type": "Point",
        "coordinates": [
          -8.5391259,
          53.2212258
        ]
      },
      "properties": {
        "osm_id": "w943235884",
        "name": "",
        "category": "local_market",
        "subcategory": "landuse=farmyard",
        "lat": 53.2212258,
        "lon": -8.5391259,
        "admin_division": "",
        "county": "galway"
      }
    },
    {
      "type": "Feature",
      "geometry": {
        "type": "Point",
        "coordinates": [
          -8.5374606,
          53.2263736
        ]
      },
      "properties": {
        "osm_id": "w943626830",
        "name": "",
        "category": "local_market",
        "subcategory": "landuse=farmyard",
        "lat": 53.2263736,
        "lon": -8.5374606,
        "admin_division": "",
        "county": "galway"
      }
    },
    {
      "type": "Feature",
      "geometry": {
        "type": "Point",
        "coordinates": [
          -8.5374613,
          53.2425859
        ]
      },
      "properties": {
        "osm_id": "w945550833",
        "name": "",
        "category": "local_market",
        "subcategory": "landuse=farmyard",
        "lat": 53.2425859,
        "lon": -8.5374613,
        "admin_division": "",
        "county": "galway"
      }
    },
    {
      "type": "Feature",
      "geometry": {
        "type": "Point",
        "coordinates": [
          -8.5390395,
          53.2429767
        ]
      },
      "properties": {
        "osm_id": "w945552226",
        "name": "",
        "category": "local_market",
        "subcategory": "landuse=farmyard",
        "lat": 53.2429767,
        "lon": -8.5390395,
        "admin_division": "",
        "county": "galway"
      }
    },
    {
      "type": "Feature",
      "geometry": {
        "type": "Point",
        "coordinates": [
          -8.5458533,
          53.2452665
        ]
      },
      "properties": {
        "osm_id": "w945568826",
        "name": "",
        "category": "local_market",
        "subcategory": "landuse=farmyard",
        "lat": 53.2452665,
        "lon": -8.5458533,
        "admin_division": "",
        "county": "galway"
      }
    },
    {
      "type": "Feature",
      "geometry": {
        "type": "Point",
        "coordinates": [
          -8.5508389,
          53.2355361
        ]
      },
      "properties": {
        "osm_id": "w946035824",
        "name": "",
        "category": "local_market",
        "subcategory": "landuse=farmyard",
        "lat": 53.2355361,
        "lon": -8.5508389,
        "admin_division": "",
        "county": "galway"
      }
    },
    {
      "type": "Feature",
      "geometry": {
        "type": "Point",
        "coordinates": [
          -8.5522167,
          53.236324
        ]
      },
      "properties": {
        "osm_id": "w947739693",
        "name": "",
        "category": "local_market",
        "subcategory": "landuse=farmyard",
        "lat": 53.236324,
        "lon": -8.5522167,
        "admin_division": "",
        "county": "galway"
      }
    },
    {
      "type": "Feature",
      "geometry": {
        "type": "Point",
        "coordinates": [
          -8.5549764,
          53.2347102
        ]
      },
      "properties": {
        "osm_id": "w948126887",
        "name": "",
        "category": "local_market",
        "subcategory": "landuse=farmyard",
        "lat": 53.2347102,
        "lon": -8.5549764,
        "admin_division": "",
        "county": "galway"
      }
    },
    {
      "type": "Feature",
      "geometry": {
        "type": "Point",
        "coordinates": [
          -8.5554182,
          53.2325535
        ]
      },
      "properties": {
        "osm_id": "w948480956",
        "name": "",
        "category": "local_market",
        "subcategory": "landuse=farmyard",
        "lat": 53.2325535,
        "lon": -8.5554182,
        "admin_division": "",
        "county": "galway"
      }
    },
    {
      "type": "Feature",
      "geometry": {
        "type": "Point",
        "coordinates": [
          -8.7428772,
          53.237464
        ]
      },
      "properties": {
        "osm_id": "w958848986",
        "name": "",
        "category": "local_market",
        "subcategory": "landuse=farmyard",
        "lat": 53.237464,
        "lon": -8.7428772,
        "admin_division": "",
        "county": "galway"
      }
    },
    {
      "type": "Feature",
      "geometry": {
        "type": "Point",
        "coordinates": [
          -8.7460896,
          53.25077
        ]
      },
      "properties": {
        "osm_id": "w958855933",
        "name": "",
        "category": "local_market",
        "subcategory": "landuse=farmyard",
        "lat": 53.25077,
        "lon": -8.7460896,
        "admin_division": "",
        "county": "galway"
      }
    },
    {
      "type": "Feature",
      "geometry": {
        "type": "Point",
        "coordinates": [
          -8.7449822,
          53.252183
        ]
      },
      "properties": {
        "osm_id": "w958855934",
        "name": "",
        "category": "local_market",
        "subcategory": "landuse=farmyard",
        "lat": 53.252183,
        "lon": -8.7449822,
        "admin_division": "",
        "county": "galway"
      }
    },
    {
      "type": "Feature",
      "geometry": {
        "type": "Point",
        "coordinates": [
          -8.7400545,
          53.2472132
        ]
      },
      "properties": {
        "osm_id": "w958855946",
        "name": "",
        "category": "local_market",
        "subcategory": "landuse=farmyard",
        "lat": 53.2472132,
        "lon": -8.7400545,
        "admin_division": "",
        "county": "galway"
      }
    },
    {
      "type": "Feature",
      "geometry": {
        "type": "Point",
        "coordinates": [
          -8.7417693,
          53.2391262
        ]
      },
      "properties": {
        "osm_id": "w958855947",
        "name": "",
        "category": "local_market",
        "subcategory": "landuse=farmyard",
        "lat": 53.2391262,
        "lon": -8.7417693,
        "admin_division": "",
        "county": "galway"
      }
    },
    {
      "type": "Feature",
      "geometry": {
        "type": "Point",
        "coordinates": [
          -8.5427394,
          53.2441786
        ]
      },
      "properties": {
        "osm_id": "w960121419",
        "name": "",
        "category": "local_market",
        "subcategory": "landuse=farmyard",
        "lat": 53.2441786,
        "lon": -8.5427394,
        "admin_division": "",
        "county": "galway"
      }
    },
    {
      "type": "Feature",
      "geometry": {
        "type": "Point",
        "coordinates": [
          -8.746327,
          53.2439203
        ]
      },
      "properties": {
        "osm_id": "w961129616",
        "name": "",
        "category": "local_market",
        "subcategory": "landuse=farmyard",
        "lat": 53.2439203,
        "lon": -8.746327,
        "admin_division": "",
        "county": "galway"
      }
    },
    {
      "type": "Feature",
      "geometry": {
        "type": "Point",
        "coordinates": [
          -8.7456565,
          53.241373
        ]
      },
      "properties": {
        "osm_id": "w961129624",
        "name": "",
        "category": "local_market",
        "subcategory": "landuse=farmyard",
        "lat": 53.241373,
        "lon": -8.7456565,
        "admin_division": "",
        "county": "galway"
      }
    },
    {
      "type": "Feature",
      "geometry": {
        "type": "Point",
        "coordinates": [
          -8.7384883,
          53.2329878
        ]
      },
      "properties": {
        "osm_id": "w961129639",
        "name": "",
        "category": "local_market",
        "subcategory": "landuse=farmyard",
        "lat": 53.2329878,
        "lon": -8.7384883,
        "admin_division": "",
        "county": "galway"
      }
    },
    {
      "type": "Feature",
      "geometry": {
        "type": "Point",
        "coordinates": [
          -8.7350394,
          53.2318802
        ]
      },
      "properties": {
        "osm_id": "w961129643",
        "name": "",
        "category": "local_market",
        "subcategory": "landuse=farmyard",
        "lat": 53.2318802,
        "lon": -8.7350394,
        "admin_division": "",
        "county": "galway"
      }
    },
    {
      "type": "Feature",
      "geometry": {
        "type": "Point",
        "coordinates": [
          -8.7264709,
          53.2315951
        ]
      },
      "properties": {
        "osm_id": "w961129665",
        "name": "",
        "category": "local_market",
        "subcategory": "landuse=farmyard",
        "lat": 53.2315951,
        "lon": -8.7264709,
        "admin_division": "",
        "county": "galway"
      }
    },
    {
      "type": "Feature",
      "geometry": {
        "type": "Point",
        "coordinates": [
          -8.7495942,
          53.2467896
        ]
      },
      "properties": {
        "osm_id": "w961141383",
        "name": "",
        "category": "local_market",
        "subcategory": "landuse=farmyard",
        "lat": 53.2467896,
        "lon": -8.7495942,
        "admin_division": "",
        "county": "galway"
      }
    },
    {
      "type": "Feature",
      "geometry": {
        "type": "Point",
        "coordinates": [
          -8.761719,
          53.2481875
        ]
      },
      "properties": {
        "osm_id": "w961141409",
        "name": "",
        "category": "local_market",
        "subcategory": "landuse=farmyard",
        "lat": 53.2481875,
        "lon": -8.761719,
        "admin_division": "",
        "county": "galway"
      }
    },
    {
      "type": "Feature",
      "geometry": {
        "type": "Point",
        "coordinates": [
          -8.5400566,
          53.224666
        ]
      },
      "properties": {
        "osm_id": "w963155428",
        "name": "",
        "category": "local_market",
        "subcategory": "landuse=farmyard",
        "lat": 53.224666,
        "lon": -8.5400566,
        "admin_division": "",
        "county": "galway"
      }
    },
    {
      "type": "Feature",
      "geometry": {
        "type": "Point",
        "coordinates": [
          -9.2015283,
          53.4660344
        ]
      },
      "properties": {
        "osm_id": "w965648087",
        "name": "",
        "category": "local_market",
        "subcategory": "landuse=farmyard",
        "lat": 53.4660344,
        "lon": -9.2015283,
        "admin_division": "",
        "county": "galway"
      }
    },
    {
      "type": "Feature",
      "geometry": {
        "type": "Point",
        "coordinates": [
          -9.1975747,
          53.4640426
        ]
      },
      "properties": {
        "osm_id": "w965648088",
        "name": "",
        "category": "local_market",
        "subcategory": "landuse=farmyard",
        "lat": 53.4640426,
        "lon": -9.1975747,
        "admin_division": "",
        "county": "galway"
      }
    },
    {
      "type": "Feature",
      "geometry": {
        "type": "Point",
        "coordinates": [
          -9.2002879,
          53.4620289
        ]
      },
      "properties": {
        "osm_id": "w965938276",
        "name": "",
        "category": "local_market",
        "subcategory": "landuse=farmyard",
        "lat": 53.4620289,
        "lon": -9.2002879,
        "admin_division": "",
        "county": "galway"
      }
    },
    {
      "type": "Feature",
      "geometry": {
        "type": "Point",
        "coordinates": [
          -9.2060367,
          53.466334
        ]
      },
      "properties": {
        "osm_id": "w966158248",
        "name": "",
        "category": "local_market",
        "subcategory": "landuse=farmyard",
        "lat": 53.466334,
        "lon": -9.2060367,
        "admin_division": "",
        "county": "galway"
      }
    },
    {
      "type": "Feature",
      "geometry": {
        "type": "Point",
        "coordinates": [
          -8.5414217,
          53.2185169
        ]
      },
      "properties": {
        "osm_id": "w1004452599",
        "name": "",
        "category": "local_market",
        "subcategory": "landuse=farmyard",
        "lat": 53.2185169,
        "lon": -8.5414217,
        "admin_division": "",
        "county": "galway"
      }
    },
    {
      "type": "Feature",
      "geometry": {
        "type": "Point",
        "coordinates": [
          -8.5543783,
          53.2225433
        ]
      },
      "properties": {
        "osm_id": "w1005325850",
        "name": "",
        "category": "local_market",
        "subcategory": "landuse=farmyard",
        "lat": 53.2225433,
        "lon": -8.5543783,
        "admin_division": "",
        "county": "galway"
      }
    },
    {
      "type": "Feature",
      "geometry": {
        "type": "Point",
        "coordinates": [
          -8.5051088,
          53.2156573
        ]
      },
      "properties": {
        "osm_id": "w1005588681",
        "name": "",
        "category": "local_market",
        "subcategory": "landuse=farmyard",
        "lat": 53.2156573,
        "lon": -8.5051088,
        "admin_division": "",
        "county": "galway"
      }
    },
    {
      "type": "Feature",
      "geometry": {
        "type": "Point",
        "coordinates": [
          -8.5247645,
          53.2117006
        ]
      },
      "properties": {
        "osm_id": "w1006285738",
        "name": "",
        "category": "local_market",
        "subcategory": "landuse=farmyard",
        "lat": 53.2117006,
        "lon": -8.5247645,
        "admin_division": "",
        "county": "galway"
      }
    },
    {
      "type": "Feature",
      "geometry": {
        "type": "Point",
        "coordinates": [
          -9.097495,
          53.2783979
        ]
      },
      "properties": {
        "osm_id": "w1014158145",
        "name": "",
        "category": "local_market",
        "subcategory": "landuse=farmyard",
        "lat": 53.2783979,
        "lon": -9.097495,
        "admin_division": "",
        "county": "galway"
      }
    },
    {
      "type": "Feature",
      "geometry": {
        "type": "Point",
        "coordinates": [
          -8.5679992,
          53.211251
        ]
      },
      "properties": {
        "osm_id": "w1040468517",
        "name": "",
        "category": "local_market",
        "subcategory": "landuse=farmyard",
        "lat": 53.211251,
        "lon": -8.5679992,
        "admin_division": "",
        "county": "galway"
      }
    },
    {
      "type": "Feature",
      "geometry": {
        "type": "Point",
        "coordinates": [
          -8.8041128,
          53.0896048
        ]
      },
      "properties": {
        "osm_id": "w1059684179",
        "name": "",
        "category": "local_market",
        "subcategory": "landuse=farmyard",
        "lat": 53.0896048,
        "lon": -8.8041128,
        "admin_division": "",
        "county": "galway"
      }
    },
    {
      "type": "Feature",
      "geometry": {
        "type": "Point",
        "coordinates": [
          -8.802927,
          53.0645048
        ]
      },
      "properties": {
        "osm_id": "w1060870740",
        "name": "",
        "category": "local_market",
        "subcategory": "landuse=farmyard",
        "lat": 53.0645048,
        "lon": -8.802927,
        "admin_division": "",
        "county": "galway"
      }
    },
    {
      "type": "Feature",
      "geometry": {
        "type": "Point",
        "coordinates": [
          -8.7627596,
          53.0597673
        ]
      },
      "properties": {
        "osm_id": "w1061200263",
        "name": "",
        "category": "local_market",
        "subcategory": "landuse=farmyard",
        "lat": 53.0597673,
        "lon": -8.7627596,
        "admin_division": "",
        "county": "galway"
      }
    },
    {
      "type": "Feature",
      "geometry": {
        "type": "Point",
        "coordinates": [
          -8.7958792,
          53.0745133
        ]
      },
      "properties": {
        "osm_id": "w1062200408",
        "name": "",
        "category": "local_market",
        "subcategory": "landuse=farmyard",
        "lat": 53.0745133,
        "lon": -8.7958792,
        "admin_division": "",
        "county": "galway"
      }
    },
    {
      "type": "Feature",
      "geometry": {
        "type": "Point",
        "coordinates": [
          -8.7980917,
          53.0761638
        ]
      },
      "properties": {
        "osm_id": "w1062200411",
        "name": "",
        "category": "local_market",
        "subcategory": "landuse=farmyard",
        "lat": 53.0761638,
        "lon": -8.7980917,
        "admin_division": "",
        "county": "galway"
      }
    },
    {
      "type": "Feature",
      "geometry": {
        "type": "Point",
        "coordinates": [
          -8.7799904,
          53.0710714
        ]
      },
      "properties": {
        "osm_id": "w1062200414",
        "name": "",
        "category": "local_market",
        "subcategory": "landuse=farmyard",
        "lat": 53.0710714,
        "lon": -8.7799904,
        "admin_division": "",
        "county": "galway"
      }
    },
    {
      "type": "Feature",
      "geometry": {
        "type": "Point",
        "coordinates": [
          -8.8064393,
          53.0351027
        ]
      },
      "properties": {
        "osm_id": "w1062203584",
        "name": "",
        "category": "local_market",
        "subcategory": "landuse=farmyard",
        "lat": 53.0351027,
        "lon": -8.8064393,
        "admin_division": "",
        "county": "galway"
      }
    },
    {
      "type": "Feature",
      "geometry": {
        "type": "Point",
        "coordinates": [
          -8.7750094,
          53.0646917
        ]
      },
      "properties": {
        "osm_id": "w1062411863",
        "name": "",
        "category": "local_market",
        "subcategory": "landuse=farmyard",
        "lat": 53.0646917,
        "lon": -8.7750094,
        "admin_division": "",
        "county": "galway"
      }
    },
    {
      "type": "Feature",
      "geometry": {
        "type": "Point",
        "coordinates": [
          -8.7166574,
          53.0335752
        ]
      },
      "properties": {
        "osm_id": "w1062704086",
        "name": "",
        "category": "local_market",
        "subcategory": "landuse=farmyard",
        "lat": 53.0335752,
        "lon": -8.7166574,
        "admin_division": "",
        "county": "galway"
      }
    },
    {
      "type": "Feature",
      "geometry": {
        "type": "Point",
        "coordinates": [
          -8.8135402,
          53.0442968
        ]
      },
      "properties": {
        "osm_id": "w1068014164",
        "name": "",
        "category": "local_market",
        "subcategory": "landuse=farmyard",
        "lat": 53.0442968,
        "lon": -8.8135402,
        "admin_division": "",
        "county": "galway"
      }
    },
    {
      "type": "Feature",
      "geometry": {
        "type": "Point",
        "coordinates": [
          -8.8297246,
          53.0141684
        ]
      },
      "properties": {
        "osm_id": "w1068020773",
        "name": "",
        "category": "local_market",
        "subcategory": "landuse=farmyard",
        "lat": 53.0141684,
        "lon": -8.8297246,
        "admin_division": "",
        "county": "galway"
      }
    },
    {
      "type": "Feature",
      "geometry": {
        "type": "Point",
        "coordinates": [
          -8.821537,
          53.0190075
        ]
      },
      "properties": {
        "osm_id": "w1068020777",
        "name": "",
        "category": "local_market",
        "subcategory": "landuse=farmyard",
        "lat": 53.0190075,
        "lon": -8.821537,
        "admin_division": "",
        "county": "galway"
      }
    },
    {
      "type": "Feature",
      "geometry": {
        "type": "Point",
        "coordinates": [
          -8.8300183,
          53.0296779
        ]
      },
      "properties": {
        "osm_id": "w1069684927",
        "name": "",
        "category": "local_market",
        "subcategory": "landuse=farmyard",
        "lat": 53.0296779,
        "lon": -8.8300183,
        "admin_division": "",
        "county": "galway"
      }
    },
    {
      "type": "Feature",
      "geometry": {
        "type": "Point",
        "coordinates": [
          -8.7370359,
          53.1127139
        ]
      },
      "properties": {
        "osm_id": "w1070425881",
        "name": "",
        "category": "local_market",
        "subcategory": "landuse=farmyard",
        "lat": 53.1127139,
        "lon": -8.7370359,
        "admin_division": "",
        "county": "galway"
      }
    },
    {
      "type": "Feature",
      "geometry": {
        "type": "Point",
        "coordinates": [
          -8.7384772,
          53.1113926
        ]
      },
      "properties": {
        "osm_id": "w1070430492",
        "name": "",
        "category": "local_market",
        "subcategory": "landuse=farmyard",
        "lat": 53.1113926,
        "lon": -8.7384772,
        "admin_division": "",
        "county": "galway"
      }
    },
    {
      "type": "Feature",
      "geometry": {
        "type": "Point",
        "coordinates": [
          -8.7320242,
          53.1101716
        ]
      },
      "properties": {
        "osm_id": "w1070430493",
        "name": "",
        "category": "local_market",
        "subcategory": "landuse=farmyard",
        "lat": 53.1101716,
        "lon": -8.7320242,
        "admin_division": "",
        "county": "galway"
      }
    },
    {
      "type": "Feature",
      "geometry": {
        "type": "Point",
        "coordinates": [
          -8.8232972,
          53.533309
        ]
      },
      "properties": {
        "osm_id": "w1077824777",
        "name": "",
        "category": "local_market",
        "subcategory": "landuse=farmyard",
        "lat": 53.533309,
        "lon": -8.8232972,
        "admin_division": "",
        "county": "galway"
      }
    },
    {
      "type": "Feature",
      "geometry": {
        "type": "Point",
        "coordinates": [
          -8.7462314,
          53.1374895
        ]
      },
      "properties": {
        "osm_id": "w1084114353",
        "name": "",
        "category": "local_market",
        "subcategory": "landuse=farmyard",
        "lat": 53.1374895,
        "lon": -8.7462314,
        "admin_division": "",
        "county": "galway"
      }
    },
    {
      "type": "Feature",
      "geometry": {
        "type": "Point",
        "coordinates": [
          -9.1322295,
          53.2606693
        ]
      },
      "properties": {
        "osm_id": "w1105618643",
        "name": "",
        "category": "local_market",
        "subcategory": "landuse=farmyard",
        "lat": 53.2606693,
        "lon": -9.1322295,
        "admin_division": "",
        "county": "galway"
      }
    },
    {
      "type": "Feature",
      "geometry": {
        "type": "Point",
        "coordinates": [
          -8.7020238,
          53.571206
        ]
      },
      "properties": {
        "osm_id": "w1118090700",
        "name": "",
        "category": "local_market",
        "subcategory": "landuse=farmyard",
        "lat": 53.571206,
        "lon": -8.7020238,
        "admin_division": "",
        "county": "galway"
      }
    },
    {
      "type": "Feature",
      "geometry": {
        "type": "Point",
        "coordinates": [
          -8.6987564,
          53.5714848
        ]
      },
      "properties": {
        "osm_id": "w1118090702",
        "name": "",
        "category": "local_market",
        "subcategory": "landuse=farmyard",
        "lat": 53.5714848,
        "lon": -8.6987564,
        "admin_division": "",
        "county": "galway"
      }
    },
    {
      "type": "Feature",
      "geometry": {
        "type": "Point",
        "coordinates": [
          -8.6961618,
          53.5736185
        ]
      },
      "properties": {
        "osm_id": "w1118090711",
        "name": "",
        "category": "local_market",
        "subcategory": "landuse=farmyard",
        "lat": 53.5736185,
        "lon": -8.6961618,
        "admin_division": "",
        "county": "galway"
      }
    },
    {
      "type": "Feature",
      "geometry": {
        "type": "Point",
        "coordinates": [
          -8.6961303,
          53.5769198
        ]
      },
      "properties": {
        "osm_id": "w1118090714",
        "name": "",
        "category": "local_market",
        "subcategory": "landuse=farmyard",
        "lat": 53.5769198,
        "lon": -8.6961303,
        "admin_division": "",
        "county": "galway"
      }
    },
    {
      "type": "Feature",
      "geometry": {
        "type": "Point",
        "coordinates": [
          -8.70813,
          53.5765937
        ]
      },
      "properties": {
        "osm_id": "w1118090723",
        "name": "",
        "category": "local_market",
        "subcategory": "landuse=farmyard",
        "lat": 53.5765937,
        "lon": -8.70813,
        "admin_division": "",
        "county": "galway"
      }
    },
    {
      "type": "Feature",
      "geometry": {
        "type": "Point",
        "coordinates": [
          -8.7123315,
          53.5781107
        ]
      },
      "properties": {
        "osm_id": "w1118090729",
        "name": "",
        "category": "local_market",
        "subcategory": "landuse=farmyard",
        "lat": 53.5781107,
        "lon": -8.7123315,
        "admin_division": "",
        "county": "galway"
      }
    },
    {
      "type": "Feature",
      "geometry": {
        "type": "Point",
        "coordinates": [
          -8.7133366,
          53.5798173
        ]
      },
      "properties": {
        "osm_id": "w1118090734",
        "name": "",
        "category": "local_market",
        "subcategory": "landuse=farmyard",
        "lat": 53.5798173,
        "lon": -8.7133366,
        "admin_division": "",
        "county": "galway"
      }
    },
    {
      "type": "Feature",
      "geometry": {
        "type": "Point",
        "coordinates": [
          -8.7098794,
          53.582564
        ]
      },
      "properties": {
        "osm_id": "w1118090745",
        "name": "",
        "category": "local_market",
        "subcategory": "landuse=farmyard",
        "lat": 53.582564,
        "lon": -8.7098794,
        "admin_division": "",
        "county": "galway"
      }
    },
    {
      "type": "Feature",
      "geometry": {
        "type": "Point",
        "coordinates": [
          -8.7002857,
          53.5802164
        ]
      },
      "properties": {
        "osm_id": "w1118090750",
        "name": "",
        "category": "local_market",
        "subcategory": "landuse=farmyard",
        "lat": 53.5802164,
        "lon": -8.7002857,
        "admin_division": "",
        "county": "galway"
      }
    },
    {
      "type": "Feature",
      "geometry": {
        "type": "Point",
        "coordinates": [
          -8.6940367,
          53.5799844
        ]
      },
      "properties": {
        "osm_id": "w1118090754",
        "name": "",
        "category": "local_market",
        "subcategory": "landuse=farmyard",
        "lat": 53.5799844,
        "lon": -8.6940367,
        "admin_division": "",
        "county": "galway"
      }
    },
    {
      "type": "Feature",
      "geometry": {
        "type": "Point",
        "coordinates": [
          -8.7160092,
          53.5737721
        ]
      },
      "properties": {
        "osm_id": "w1118090762",
        "name": "",
        "category": "local_market",
        "subcategory": "landuse=farmyard",
        "lat": 53.5737721,
        "lon": -8.7160092,
        "admin_division": "",
        "county": "galway"
      }
    },
    {
      "type": "Feature",
      "geometry": {
        "type": "Point",
        "coordinates": [
          -9.1129323,
          53.2970273
        ]
      },
      "properties": {
        "osm_id": "w1122432228",
        "name": "",
        "category": "local_market",
        "subcategory": "landuse=farmyard",
        "lat": 53.2970273,
        "lon": -9.1129323,
        "admin_division": "",
        "county": "galway"
      }
    },
    {
      "type": "Feature",
      "geometry": {
        "type": "Point",
        "coordinates": [
          -9.1112901,
          53.3057921
        ]
      },
      "properties": {
        "osm_id": "w1122440638",
        "name": "",
        "category": "local_market",
        "subcategory": "landuse=farmyard",
        "lat": 53.3057921,
        "lon": -9.1112901,
        "admin_division": "",
        "county": "galway"
      }
    },
    {
      "type": "Feature",
      "geometry": {
        "type": "Point",
        "coordinates": [
          -9.1126928,
          53.3063133
        ]
      },
      "properties": {
        "osm_id": "w1122440640",
        "name": "",
        "category": "local_market",
        "subcategory": "landuse=farmyard",
        "lat": 53.3063133,
        "lon": -9.1126928,
        "admin_division": "",
        "county": "galway"
      }
    },
    {
      "type": "Feature",
      "geometry": {
        "type": "Point",
        "coordinates": [
          -9.1113008,
          53.3080387
        ]
      },
      "properties": {
        "osm_id": "w1122440642",
        "name": "",
        "category": "local_market",
        "subcategory": "landuse=farmyard",
        "lat": 53.3080387,
        "lon": -9.1113008,
        "admin_division": "",
        "county": "galway"
      }
    },
    {
      "type": "Feature",
      "geometry": {
        "type": "Point",
        "coordinates": [
          -9.1044662,
          53.304305
        ]
      },
      "properties": {
        "osm_id": "w1122447115",
        "name": "",
        "category": "local_market",
        "subcategory": "landuse=farmyard",
        "lat": 53.304305,
        "lon": -9.1044662,
        "admin_division": "",
        "county": "galway"
      }
    },
    {
      "type": "Feature",
      "geometry": {
        "type": "Point",
        "coordinates": [
          -9.1087102,
          53.2959813
        ]
      },
      "properties": {
        "osm_id": "w1122456428",
        "name": "",
        "category": "local_market",
        "subcategory": "landuse=farmyard",
        "lat": 53.2959813,
        "lon": -9.1087102,
        "admin_division": "",
        "county": "galway"
      }
    },
    {
      "type": "Feature",
      "geometry": {
        "type": "Point",
        "coordinates": [
          -9.1138468,
          53.2990814
        ]
      },
      "properties": {
        "osm_id": "w1122456462",
        "name": "",
        "category": "local_market",
        "subcategory": "landuse=farmyard",
        "lat": 53.2990814,
        "lon": -9.1138468,
        "admin_division": "",
        "county": "galway"
      }
    },
    {
      "type": "Feature",
      "geometry": {
        "type": "Point",
        "coordinates": [
          -9.1174067,
          53.2914561
        ]
      },
      "properties": {
        "osm_id": "w1122698905",
        "name": "",
        "category": "local_market",
        "subcategory": "landuse=farmyard",
        "lat": 53.2914561,
        "lon": -9.1174067,
        "admin_division": "",
        "county": "galway"
      }
    },
    {
      "type": "Feature",
      "geometry": {
        "type": "Point",
        "coordinates": [
          -9.1341141,
          53.2723447
        ]
      },
      "properties": {
        "osm_id": "w1122892701",
        "name": "",
        "category": "local_market",
        "subcategory": "landuse=farmyard",
        "lat": 53.2723447,
        "lon": -9.1341141,
        "admin_division": "",
        "county": "galway"
      }
    },
    {
      "type": "Feature",
      "geometry": {
        "type": "Point",
        "coordinates": [
          -8.5757097,
          53.6743017
        ]
      },
      "properties": {
        "osm_id": "w1125032495",
        "name": "",
        "category": "local_market",
        "subcategory": "landuse=farmyard",
        "lat": 53.6743017,
        "lon": -8.5757097,
        "admin_division": "",
        "county": "galway"
      }
    },
    {
      "type": "Feature",
      "geometry": {
        "type": "Point",
        "coordinates": [
          -8.5740508,
          53.6730664
        ]
      },
      "properties": {
        "osm_id": "w1125032496",
        "name": "",
        "category": "local_market",
        "subcategory": "landuse=farmyard",
        "lat": 53.6730664,
        "lon": -8.5740508,
        "admin_division": "",
        "county": "galway"
      }
    },
    {
      "type": "Feature",
      "geometry": {
        "type": "Point",
        "coordinates": [
          -8.5669989,
          53.6800344
        ]
      },
      "properties": {
        "osm_id": "w1125032516",
        "name": "",
        "category": "local_market",
        "subcategory": "landuse=farmyard",
        "lat": 53.6800344,
        "lon": -8.5669989,
        "admin_division": "",
        "county": "galway"
      }
    },
    {
      "type": "Feature",
      "geometry": {
        "type": "Point",
        "coordinates": [
          -8.5700257,
          53.6819383
        ]
      },
      "properties": {
        "osm_id": "w1125032518",
        "name": "",
        "category": "local_market",
        "subcategory": "landuse=farmyard",
        "lat": 53.6819383,
        "lon": -8.5700257,
        "admin_division": "",
        "county": "galway"
      }
    },
    {
      "type": "Feature",
      "geometry": {
        "type": "Point",
        "coordinates": [
          -8.5860198,
          53.6793108
        ]
      },
      "properties": {
        "osm_id": "w1125032525",
        "name": "",
        "category": "local_market",
        "subcategory": "landuse=farmyard",
        "lat": 53.6793108,
        "lon": -8.5860198,
        "admin_division": "",
        "county": "galway"
      }
    },
    {
      "type": "Feature",
      "geometry": {
        "type": "Point",
        "coordinates": [
          -8.7184889,
          53.5724524
        ]
      },
      "properties": {
        "osm_id": "w1127559482",
        "name": "",
        "category": "local_market",
        "subcategory": "landuse=farmyard",
        "lat": 53.5724524,
        "lon": -8.7184889,
        "admin_division": "",
        "county": "galway"
      }
    },
    {
      "type": "Feature",
      "geometry": {
        "type": "Point",
        "coordinates": [
          -8.7235003,
          53.5687987
        ]
      },
      "properties": {
        "osm_id": "w1127559506",
        "name": "",
        "category": "local_market",
        "subcategory": "landuse=farmyard",
        "lat": 53.5687987,
        "lon": -8.7235003,
        "admin_division": "",
        "county": "galway"
      }
    },
    {
      "type": "Feature",
      "geometry": {
        "type": "Point",
        "coordinates": [
          -9.2474943,
          53.4955789
        ]
      },
      "properties": {
        "osm_id": "w1132034198",
        "name": "",
        "category": "local_market",
        "subcategory": "landuse=farmyard",
        "lat": 53.4955789,
        "lon": -9.2474943,
        "admin_division": "",
        "county": "galway"
      }
    },
    {
      "type": "Feature",
      "geometry": {
        "type": "Point",
        "coordinates": [
          -9.2466526,
          53.4955324
        ]
      },
      "properties": {
        "osm_id": "w1132034199",
        "name": "",
        "category": "local_market",
        "subcategory": "landuse=farmyard",
        "lat": 53.4955324,
        "lon": -9.2466526,
        "admin_division": "",
        "county": "galway"
      }
    },
    {
      "type": "Feature",
      "geometry": {
        "type": "Point",
        "coordinates": [
          -10.0127257,
          53.3910138
        ]
      },
      "properties": {
        "osm_id": "w1163470403",
        "name": "",
        "category": "local_market",
        "subcategory": "landuse=farmyard",
        "lat": 53.3910138,
        "lon": -10.0127257,
        "admin_division": "",
        "county": "galway"
      }
    },
    {
      "type": "Feature",
      "geometry": {
        "type": "Point",
        "coordinates": [
          -10.0504097,
          53.4655458
        ]
      },
      "properties": {
        "osm_id": "w1163732329",
        "name": "",
        "category": "local_market",
        "subcategory": "landuse=farmyard",
        "lat": 53.4655458,
        "lon": -10.0504097,
        "admin_division": "",
        "county": "galway"
      }
    },
    {
      "type": "Feature",
      "geometry": {
        "type": "Point",
        "coordinates": [
          -8.7799757,
          53.2897234
        ]
      },
      "properties": {
        "osm_id": "w1192382908",
        "name": "",
        "category": "local_market",
        "subcategory": "landuse=farmyard",
        "lat": 53.2897234,
        "lon": -8.7799757,
        "admin_division": "",
        "county": "galway"
      }
    },
    {
      "type": "Feature",
      "geometry": {
        "type": "Point",
        "coordinates": [
          -8.758233,
          53.2908768
        ]
      },
      "properties": {
        "osm_id": "w1192397129",
        "name": "",
        "category": "local_market",
        "subcategory": "landuse=farmyard",
        "lat": 53.2908768,
        "lon": -8.758233,
        "admin_division": "",
        "county": "galway"
      }
    },
    {
      "type": "Feature",
      "geometry": {
        "type": "Point",
        "coordinates": [
          -8.7595042,
          53.2899938
        ]
      },
      "properties": {
        "osm_id": "w1192397130",
        "name": "",
        "category": "local_market",
        "subcategory": "landuse=farmyard",
        "lat": 53.2899938,
        "lon": -8.7595042,
        "admin_division": "",
        "county": "galway"
      }
    },
    {
      "type": "Feature",
      "geometry": {
        "type": "Point",
        "coordinates": [
          -8.7679992,
          53.2875983
        ]
      },
      "properties": {
        "osm_id": "w1192426748",
        "name": "",
        "category": "local_market",
        "subcategory": "landuse=farmyard",
        "lat": 53.2875983,
        "lon": -8.7679992,
        "admin_division": "",
        "county": "galway"
      }
    },
    {
      "type": "Feature",
      "geometry": {
        "type": "Point",
        "coordinates": [
          -8.765925,
          53.2839058
        ]
      },
      "properties": {
        "osm_id": "w1192426753",
        "name": "",
        "category": "local_market",
        "subcategory": "landuse=farmyard",
        "lat": 53.2839058,
        "lon": -8.765925,
        "admin_division": "",
        "county": "galway"
      }
    },
    {
      "type": "Feature",
      "geometry": {
        "type": "Point",
        "coordinates": [
          -8.7753459,
          53.2867694
        ]
      },
      "properties": {
        "osm_id": "w1192427265",
        "name": "",
        "category": "local_market",
        "subcategory": "landuse=farmyard",
        "lat": 53.2867694,
        "lon": -8.7753459,
        "admin_division": "",
        "county": "galway"
      }
    },
    {
      "type": "Feature",
      "geometry": {
        "type": "Point",
        "coordinates": [
          -8.768326,
          53.2819919
        ]
      },
      "properties": {
        "osm_id": "w1192457254",
        "name": "",
        "category": "local_market",
        "subcategory": "landuse=farmyard",
        "lat": 53.2819919,
        "lon": -8.768326,
        "admin_division": "",
        "county": "galway"
      }
    },
    {
      "type": "Feature",
      "geometry": {
        "type": "Point",
        "coordinates": [
          -8.7450089,
          53.286061
        ]
      },
      "properties": {
        "osm_id": "w1192458892",
        "name": "",
        "category": "local_market",
        "subcategory": "landuse=farmyard",
        "lat": 53.286061,
        "lon": -8.7450089,
        "admin_division": "",
        "county": "galway"
      }
    },
    {
      "type": "Feature",
      "geometry": {
        "type": "Point",
        "coordinates": [
          -8.7430206,
          53.2831297
        ]
      },
      "properties": {
        "osm_id": "w1192458909",
        "name": "",
        "category": "local_market",
        "subcategory": "landuse=farmyard",
        "lat": 53.2831297,
        "lon": -8.7430206,
        "admin_division": "",
        "county": "galway"
      }
    },
    {
      "type": "Feature",
      "geometry": {
        "type": "Point",
        "coordinates": [
          -8.7433574,
          53.2841629
        ]
      },
      "properties": {
        "osm_id": "w1192458911",
        "name": "",
        "category": "local_market",
        "subcategory": "landuse=farmyard",
        "lat": 53.2841629,
        "lon": -8.7433574,
        "admin_division": "",
        "county": "galway"
      }
    },
    {
      "type": "Feature",
      "geometry": {
        "type": "Point",
        "coordinates": [
          -8.7553726,
          53.2812995
        ]
      },
      "properties": {
        "osm_id": "w1192710197",
        "name": "",
        "category": "local_market",
        "subcategory": "landuse=farmyard",
        "lat": 53.2812995,
        "lon": -8.7553726,
        "admin_division": "",
        "county": "galway"
      }
    },
    {
      "type": "Feature",
      "geometry": {
        "type": "Point",
        "coordinates": [
          -8.7931321,
          53.2888158
        ]
      },
      "properties": {
        "osm_id": "w1193705806",
        "name": "",
        "category": "local_market",
        "subcategory": "landuse=farmyard",
        "lat": 53.2888158,
        "lon": -8.7931321,
        "admin_division": "",
        "county": "galway"
      }
    },
    {
      "type": "Feature",
      "geometry": {
        "type": "Point",
        "coordinates": [
          -8.8018561,
          53.2941447
        ]
      },
      "properties": {
        "osm_id": "w1193705824",
        "name": "",
        "category": "local_market",
        "subcategory": "landuse=farmyard",
        "lat": 53.2941447,
        "lon": -8.8018561,
        "admin_division": "",
        "county": "galway"
      }
    },
    {
      "type": "Feature",
      "geometry": {
        "type": "Point",
        "coordinates": [
          -8.2657358,
          53.1339724
        ]
      },
      "properties": {
        "osm_id": "w1209062681",
        "name": "",
        "category": "local_market",
        "subcategory": "landuse=farmyard",
        "lat": 53.1339724,
        "lon": -8.2657358,
        "admin_division": "",
        "county": "galway"
      }
    },
    {
      "type": "Feature",
      "geometry": {
        "type": "Point",
        "coordinates": [
          -8.2649843,
          53.1303787
        ]
      },
      "properties": {
        "osm_id": "w1209062689",
        "name": "",
        "category": "local_market",
        "subcategory": "landuse=farmyard",
        "lat": 53.1303787,
        "lon": -8.2649843,
        "admin_division": "",
        "county": "galway"
      }
    },
    {
      "type": "Feature",
      "geometry": {
        "type": "Point",
        "coordinates": [
          -7.9955258,
          53.1947388
        ]
      },
      "properties": {
        "osm_id": "w1209959452",
        "name": "",
        "category": "local_market",
        "subcategory": "landuse=farmyard",
        "lat": 53.1947388,
        "lon": -7.9955258,
        "admin_division": "",
        "county": "galway"
      }
    },
    {
      "type": "Feature",
      "geometry": {
        "type": "Point",
        "coordinates": [
          -9.1200189,
          53.3250372
        ]
      },
      "properties": {
        "osm_id": "w1230365185",
        "name": "",
        "category": "local_market",
        "subcategory": "landuse=farmyard",
        "lat": 53.3250372,
        "lon": -9.1200189,
        "admin_division": "",
        "county": "galway"
      }
    },
    {
      "type": "Feature",
      "geometry": {
        "type": "Point",
        "coordinates": [
          -8.9739241,
          53.2921391
        ]
      },
      "properties": {
        "osm_id": "w1232679847",
        "name": "",
        "category": "local_market",
        "subcategory": "landuse=farmyard",
        "lat": 53.2921391,
        "lon": -8.9739241,
        "admin_division": "",
        "county": "galway"
      }
    },
    {
      "type": "Feature",
      "geometry": {
        "type": "Point",
        "coordinates": [
          -9.6507555,
          53.0975129
        ]
      },
      "properties": {
        "osm_id": "w1239637747",
        "name": "",
        "category": "local_market",
        "subcategory": "landuse=farmyard",
        "lat": 53.0975129,
        "lon": -9.6507555,
        "admin_division": "",
        "county": "galway"
      }
    },
    {
      "type": "Feature",
      "geometry": {
        "type": "Point",
        "coordinates": [
          -9.6507882,
          53.0955112
        ]
      },
      "properties": {
        "osm_id": "w1239993677",
        "name": "",
        "category": "local_market",
        "subcategory": "landuse=farmyard",
        "lat": 53.0955112,
        "lon": -9.6507882,
        "admin_division": "",
        "county": "galway"
      }
    },
    {
      "type": "Feature",
      "geometry": {
        "type": "Point",
        "coordinates": [
          -8.8151402,
          53.2538124
        ]
      },
      "properties": {
        "osm_id": "w1242068053",
        "name": "",
        "category": "local_market",
        "subcategory": "landuse=farmyard",
        "lat": 53.2538124,
        "lon": -8.8151402,
        "admin_division": "",
        "county": "galway"
      }
    },
    {
      "type": "Feature",
      "geometry": {
        "type": "Point",
        "coordinates": [
          -8.6282327,
          53.2325954
        ]
      },
      "properties": {
        "osm_id": "w1242068066",
        "name": "",
        "category": "local_market",
        "subcategory": "landuse=farmyard",
        "lat": 53.2325954,
        "lon": -8.6282327,
        "admin_division": "",
        "county": "galway"
      }
    },
    {
      "type": "Feature",
      "geometry": {
        "type": "Point",
        "coordinates": [
          -9.6715702,
          53.119314
        ]
      },
      "properties": {
        "osm_id": "w1245947084",
        "name": "",
        "category": "local_market",
        "subcategory": "landuse=farmyard",
        "lat": 53.119314,
        "lon": -9.6715702,
        "admin_division": "",
        "county": "galway"
      }
    },
    {
      "type": "Feature",
      "geometry": {
        "type": "Point",
        "coordinates": [
          -9.6840357,
          53.1293612
        ]
      },
      "properties": {
        "osm_id": "w1259069312",
        "name": "",
        "category": "local_market",
        "subcategory": "landuse=farmyard",
        "lat": 53.1293612,
        "lon": -9.6840357,
        "admin_division": "",
        "county": "galway"
      }
    },
    {
      "type": "Feature",
      "geometry": {
        "type": "Point",
        "coordinates": [
          -9.7027577,
          53.1307226
        ]
      },
      "properties": {
        "osm_id": "w1273875601",
        "name": "",
        "category": "local_market",
        "subcategory": "landuse=farmyard",
        "lat": 53.1307226,
        "lon": -9.7027577,
        "admin_division": "",
        "county": "galway"
      }
    },
    {
      "type": "Feature",
      "geometry": {
        "type": "Point",
        "coordinates": [
          -8.9388792,
          53.3211815
        ]
      },
      "properties": {
        "osm_id": "w1285620863",
        "name": "",
        "category": "local_market",
        "subcategory": "landuse=farmyard",
        "lat": 53.3211815,
        "lon": -8.9388792,
        "admin_division": "",
        "county": "galway"
      }
    },
    {
      "type": "Feature",
      "geometry": {
        "type": "Point",
        "coordinates": [
          -8.9896181,
          53.3143936
        ]
      },
      "properties": {
        "osm_id": "w1285913972",
        "name": "",
        "category": "local_market",
        "subcategory": "landuse=farmyard",
        "lat": 53.3143936,
        "lon": -8.9896181,
        "admin_division": "",
        "county": "galway"
      }
    },
    {
      "type": "Feature",
      "geometry": {
        "type": "Point",
        "coordinates": [
          -8.9796517,
          53.3298485
        ]
      },
      "properties": {
        "osm_id": "w1285914034",
        "name": "",
        "category": "local_market",
        "subcategory": "landuse=farmyard",
        "lat": 53.3298485,
        "lon": -8.9796517,
        "admin_division": "",
        "county": "galway"
      }
    },
    {
      "type": "Feature",
      "geometry": {
        "type": "Point",
        "coordinates": [
          -8.9459382,
          53.3197191
        ]
      },
      "properties": {
        "osm_id": "w1286210781",
        "name": "",
        "category": "local_market",
        "subcategory": "landuse=farmyard",
        "lat": 53.3197191,
        "lon": -8.9459382,
        "admin_division": "",
        "county": "galway"
      }
    },
    {
      "type": "Feature",
      "geometry": {
        "type": "Point",
        "coordinates": [
          -8.8758427,
          53.2075173
        ]
      },
      "properties": {
        "osm_id": "w1297469370",
        "name": "",
        "category": "local_market",
        "subcategory": "landuse=farmyard",
        "lat": 53.2075173,
        "lon": -8.8758427,
        "admin_division": "",
        "county": "galway"
      }
    },
    {
      "type": "Feature",
      "geometry": {
        "type": "Point",
        "coordinates": [
          -8.7544818,
          53.0865145
        ]
      },
      "properties": {
        "osm_id": "w1302760236",
        "name": "",
        "category": "local_market",
        "subcategory": "landuse=farmyard",
        "lat": 53.0865145,
        "lon": -8.7544818,
        "admin_division": "",
        "county": "galway"
      }
    },
    {
      "type": "Feature",
      "geometry": {
        "type": "Point",
        "coordinates": [
          -9.7207084,
          53.1296888
        ]
      },
      "properties": {
        "osm_id": "w1304691227",
        "name": "",
        "category": "local_market",
        "subcategory": "landuse=farmyard",
        "lat": 53.1296888,
        "lon": -9.7207084,
        "admin_division": "",
        "county": "galway"
      }
    },
    {
      "type": "Feature",
      "geometry": {
        "type": "Point",
        "coordinates": [
          -9.7034632,
          53.1300128
        ]
      },
      "properties": {
        "osm_id": "w1305096796",
        "name": "",
        "category": "local_market",
        "subcategory": "landuse=farmyard",
        "lat": 53.1300128,
        "lon": -9.7034632,
        "admin_division": "",
        "county": "galway"
      }
    },
    {
      "type": "Feature",
      "geometry": {
        "type": "Point",
        "coordinates": [
          -9.6793697,
          53.1323701
        ]
      },
      "properties": {
        "osm_id": "w1305422000",
        "name": "",
        "category": "local_market",
        "subcategory": "landuse=farmyard",
        "lat": 53.1323701,
        "lon": -9.6793697,
        "admin_division": "",
        "county": "galway"
      }
    },
    {
      "type": "Feature",
      "geometry": {
        "type": "Point",
        "coordinates": [
          -8.4439085,
          53.1832542
        ]
      },
      "properties": {
        "osm_id": "w1306446263",
        "name": "",
        "category": "local_market",
        "subcategory": "landuse=farmyard",
        "lat": 53.1832542,
        "lon": -8.4439085,
        "admin_division": "",
        "county": "galway"
      }
    },
    {
      "type": "Feature",
      "geometry": {
        "type": "Point",
        "coordinates": [
          -8.4497296,
          53.1819189
        ]
      },
      "properties": {
        "osm_id": "w1306446265",
        "name": "",
        "category": "local_market",
        "subcategory": "landuse=farmyard",
        "lat": 53.1819189,
        "lon": -8.4497296,
        "admin_division": "",
        "county": "galway"
      }
    },
    {
      "type": "Feature",
      "geometry": {
        "type": "Point",
        "coordinates": [
          -8.4525341,
          53.1624907
        ]
      },
      "properties": {
        "osm_id": "w1306454822",
        "name": "",
        "category": "local_market",
        "subcategory": "landuse=farmyard",
        "lat": 53.1624907,
        "lon": -8.4525341,
        "admin_division": "",
        "county": "galway"
      }
    },
    {
      "type": "Feature",
      "geometry": {
        "type": "Point",
        "coordinates": [
          -9.7361057,
          53.1305093
        ]
      },
      "properties": {
        "osm_id": "w1307293862",
        "name": "",
        "category": "local_market",
        "subcategory": "landuse=farmyard",
        "lat": 53.1305093,
        "lon": -9.7361057,
        "admin_division": "",
        "county": "galway"
      }
    },
    {
      "type": "Feature",
      "geometry": {
        "type": "Point",
        "coordinates": [
          -9.735018,
          53.1314327
        ]
      },
      "properties": {
        "osm_id": "w1307297609",
        "name": "",
        "category": "local_market",
        "subcategory": "landuse=farmyard",
        "lat": 53.1314327,
        "lon": -9.735018,
        "admin_division": "",
        "county": "galway"
      }
    },
    {
      "type": "Feature",
      "geometry": {
        "type": "Point",
        "coordinates": [
          -9.7351662,
          53.1315133
        ]
      },
      "properties": {
        "osm_id": "w1307297616",
        "name": "",
        "category": "local_market",
        "subcategory": "landuse=farmyard",
        "lat": 53.1315133,
        "lon": -9.7351662,
        "admin_division": "",
        "county": "galway"
      }
    },
    {
      "type": "Feature",
      "geometry": {
        "type": "Point",
        "coordinates": [
          -8.7966525,
          53.2825156
        ]
      },
      "properties": {
        "osm_id": "w1308004489",
        "name": "",
        "category": "local_market",
        "subcategory": "landuse=farmyard",
        "lat": 53.2825156,
        "lon": -8.7966525,
        "admin_division": "",
        "county": "galway"
      }
    },
    {
      "type": "Feature",
      "geometry": {
        "type": "Point",
        "coordinates": [
          -9.7369577,
          53.1297891
        ]
      },
      "properties": {
        "osm_id": "w1309084408",
        "name": "",
        "category": "local_market",
        "subcategory": "landuse=farmyard",
        "lat": 53.1297891,
        "lon": -9.7369577,
        "admin_division": "",
        "county": "galway"
      }
    },
    {
      "type": "Feature",
      "geometry": {
        "type": "Point",
        "coordinates": [
          -9.7396339,
          53.1295216
        ]
      },
      "properties": {
        "osm_id": "w1311219132",
        "name": "",
        "category": "local_market",
        "subcategory": "landuse=farmyard",
        "lat": 53.1295216,
        "lon": -9.7396339,
        "admin_division": "",
        "county": "galway"
      }
    },
    {
      "type": "Feature",
      "geometry": {
        "type": "Point",
        "coordinates": [
          -9.9754323,
          53.5948033
        ]
      },
      "properties": {
        "osm_id": "w1311300150",
        "name": "",
        "category": "local_market",
        "subcategory": "landuse=farmyard",
        "lat": 53.5948033,
        "lon": -9.9754323,
        "admin_division": "",
        "county": "galway"
      }
    },
    {
      "type": "Feature",
      "geometry": {
        "type": "Point",
        "coordinates": [
          -8.2489109,
          53.115522
        ]
      },
      "properties": {
        "osm_id": "w1313000043",
        "name": "",
        "category": "local_market",
        "subcategory": "landuse=farmyard",
        "lat": 53.115522,
        "lon": -8.2489109,
        "admin_division": "",
        "county": "galway"
      }
    },
    {
      "type": "Feature",
      "geometry": {
        "type": "Point",
        "coordinates": [
          -10.076422,
          53.4340047
        ]
      },
      "properties": {
        "osm_id": "w1313675158",
        "name": "",
        "category": "local_market",
        "subcategory": "landuse=farmyard",
        "lat": 53.4340047,
        "lon": -10.076422,
        "admin_division": "",
        "county": "galway"
      }
    },
    {
      "type": "Feature",
      "geometry": {
        "type": "Point",
        "coordinates": [
          -9.7351491,
          53.1219067
        ]
      },
      "properties": {
        "osm_id": "w1317341329",
        "name": "",
        "category": "local_market",
        "subcategory": "landuse=farmyard",
        "lat": 53.1219067,
        "lon": -9.7351491,
        "admin_division": "",
        "county": "galway"
      }
    },
    {
      "type": "Feature",
      "geometry": {
        "type": "Point",
        "coordinates": [
          -9.7607545,
          53.1382354
        ]
      },
      "properties": {
        "osm_id": "w1323161303",
        "name": "",
        "category": "local_market",
        "subcategory": "landuse=farmyard",
        "lat": 53.1382354,
        "lon": -9.7607545,
        "admin_division": "",
        "county": "galway"
      }
    },
    {
      "type": "Feature",
      "geometry": {
        "type": "Point",
        "coordinates": [
          -9.0698952,
          53.495155
        ]
      },
      "properties": {
        "osm_id": "w1323965652",
        "name": "",
        "category": "local_market",
        "subcategory": "landuse=farmyard",
        "lat": 53.495155,
        "lon": -9.0698952,
        "admin_division": "",
        "county": "galway"
      }
    },
    {
      "type": "Feature",
      "geometry": {
        "type": "Point",
        "coordinates": [
          -9.0670692,
          53.4887361
        ]
      },
      "properties": {
        "osm_id": "w1323971473",
        "name": "",
        "category": "local_market",
        "subcategory": "landuse=farmyard",
        "lat": 53.4887361,
        "lon": -9.0670692,
        "admin_division": "",
        "county": "galway"
      }
    },
    {
      "type": "Feature",
      "geometry": {
        "type": "Point",
        "coordinates": [
          -9.0461884,
          53.4937193
        ]
      },
      "properties": {
        "osm_id": "w1324239908",
        "name": "",
        "category": "local_market",
        "subcategory": "landuse=farmyard",
        "lat": 53.4937193,
        "lon": -9.0461884,
        "admin_division": "",
        "county": "galway"
      }
    },
    {
      "type": "Feature",
      "geometry": {
        "type": "Point",
        "coordinates": [
          -9.054335,
          53.4999097
        ]
      },
      "properties": {
        "osm_id": "w1324239943",
        "name": "",
        "category": "local_market",
        "subcategory": "landuse=farmyard",
        "lat": 53.4999097,
        "lon": -9.054335,
        "admin_division": "",
        "county": "galway"
      }
    },
    {
      "type": "Feature",
      "geometry": {
        "type": "Point",
        "coordinates": [
          -9.0729499,
          53.5048333
        ]
      },
      "properties": {
        "osm_id": "w1324246903",
        "name": "",
        "category": "local_market",
        "subcategory": "landuse=farmyard",
        "lat": 53.5048333,
        "lon": -9.0729499,
        "admin_division": "",
        "county": "galway"
      }
    },
    {
      "type": "Feature",
      "geometry": {
        "type": "Point",
        "coordinates": [
          -9.7598414,
          53.1391243
        ]
      },
      "properties": {
        "osm_id": "w1324408508",
        "name": "",
        "category": "local_market",
        "subcategory": "landuse=farmyard",
        "lat": 53.1391243,
        "lon": -9.7598414,
        "admin_division": "",
        "county": "galway"
      }
    },
    {
      "type": "Feature",
      "geometry": {
        "type": "Point",
        "coordinates": [
          -9.0688246,
          53.5067148
        ]
      },
      "properties": {
        "osm_id": "w1324830790",
        "name": "",
        "category": "local_market",
        "subcategory": "landuse=farmyard",
        "lat": 53.5067148,
        "lon": -9.0688246,
        "admin_division": "",
        "county": "galway"
      }
    },
    {
      "type": "Feature",
      "geometry": {
        "type": "Point",
        "coordinates": [
          -9.0560743,
          53.5038284
        ]
      },
      "properties": {
        "osm_id": "w1325136780",
        "name": "",
        "category": "local_market",
        "subcategory": "landuse=farmyard",
        "lat": 53.5038284,
        "lon": -9.0560743,
        "admin_division": "",
        "county": "galway"
      }
    },
    {
      "type": "Feature",
      "geometry": {
        "type": "Point",
        "coordinates": [
          -9.0614851,
          53.5046363
        ]
      },
      "properties": {
        "osm_id": "w1325136807",
        "name": "",
        "category": "local_market",
        "subcategory": "landuse=farmyard",
        "lat": 53.5046363,
        "lon": -9.0614851,
        "admin_division": "",
        "county": "galway"
      }
    },
    {
      "type": "Feature",
      "geometry": {
        "type": "Point",
        "coordinates": [
          -9.0662765,
          53.50749
        ]
      },
      "properties": {
        "osm_id": "w1325136817",
        "name": "",
        "category": "local_market",
        "subcategory": "landuse=farmyard",
        "lat": 53.50749,
        "lon": -9.0662765,
        "admin_division": "",
        "county": "galway"
      }
    },
    {
      "type": "Feature",
      "geometry": {
        "type": "Point",
        "coordinates": [
          -9.0395634,
          53.49289
        ]
      },
      "properties": {
        "osm_id": "w1325525421",
        "name": "",
        "category": "local_market",
        "subcategory": "landuse=farmyard",
        "lat": 53.49289,
        "lon": -9.0395634,
        "admin_division": "",
        "county": "galway"
      }
    },
    {
      "type": "Feature",
      "geometry": {
        "type": "Point",
        "coordinates": [
          -9.0394467,
          53.481239
        ]
      },
      "properties": {
        "osm_id": "w1326297858",
        "name": "",
        "category": "local_market",
        "subcategory": "landuse=farmyard",
        "lat": 53.481239,
        "lon": -9.0394467,
        "admin_division": "",
        "county": "galway"
      }
    },
    {
      "type": "Feature",
      "geometry": {
        "type": "Point",
        "coordinates": [
          -9.0780216,
          53.4891587
        ]
      },
      "properties": {
        "osm_id": "w1327388325",
        "name": "",
        "category": "local_market",
        "subcategory": "landuse=farmyard",
        "lat": 53.4891587,
        "lon": -9.0780216,
        "admin_division": "",
        "county": "galway"
      }
    },
    {
      "type": "Feature",
      "geometry": {
        "type": "Point",
        "coordinates": [
          -9.7835844,
          53.145151
        ]
      },
      "properties": {
        "osm_id": "w1347359528",
        "name": "",
        "category": "local_market",
        "subcategory": "landuse=farmyard",
        "lat": 53.145151,
        "lon": -9.7835844,
        "admin_division": "",
        "county": "galway"
      }
    },
    {
      "type": "Feature",
      "geometry": {
        "type": "Point",
        "coordinates": [
          -9.8062561,
          53.1443394
        ]
      },
      "properties": {
        "osm_id": "w1347845014",
        "name": "",
        "category": "local_market",
        "subcategory": "landuse=farmyard",
        "lat": 53.1443394,
        "lon": -9.8062561,
        "admin_division": "",
        "county": "galway"
      }
    },
    {
      "type": "Feature",
      "geometry": {
        "type": "Point",
        "coordinates": [
          -8.64722,
          53.2030692
        ]
      },
      "properties": {
        "osm_id": "w1352944780",
        "name": "",
        "category": "local_market",
        "subcategory": "landuse=farmyard",
        "lat": 53.2030692,
        "lon": -8.64722,
        "admin_division": "",
        "county": "galway"
      }
    },
    {
      "type": "Feature",
      "geometry": {
        "type": "Point",
        "coordinates": [
          -9.7801532,
          53.1461582
        ]
      },
      "properties": {
        "osm_id": "w1354145800",
        "name": "",
        "category": "local_market",
        "subcategory": "landuse=farmyard",
        "lat": 53.1461582,
        "lon": -9.7801532,
        "admin_division": "",
        "county": "galway"
      }
    },
    {
      "type": "Feature",
      "geometry": {
        "type": "Point",
        "coordinates": [
          -9.7788524,
          53.1460412
        ]
      },
      "properties": {
        "osm_id": "w1354149550",
        "name": "",
        "category": "local_market",
        "subcategory": "landuse=farmyard",
        "lat": 53.1460412,
        "lon": -9.7788524,
        "admin_division": "",
        "county": "galway"
      }
    },
    {
      "type": "Feature",
      "geometry": {
        "type": "Point",
        "coordinates": [
          -10.0143818,
          53.4909574
        ]
      },
      "properties": {
        "osm_id": "w1364124477",
        "name": "",
        "category": "local_market",
        "subcategory": "landuse=farmyard",
        "lat": 53.4909574,
        "lon": -10.0143818,
        "admin_division": "",
        "county": "galway"
      }
    },
    {
      "type": "Feature",
      "geometry": {
        "type": "Point",
        "coordinates": [
          -9.023796,
          53.5412752
        ]
      },
      "properties": {
        "osm_id": "w1367948025",
        "name": "",
        "category": "local_market",
        "subcategory": "landuse=farmyard",
        "lat": 53.5412752,
        "lon": -9.023796,
        "admin_division": "",
        "county": "galway"
      }
    },
    {
      "type": "Feature",
      "geometry": {
        "type": "Point",
        "coordinates": [
          -8.0949619,
          53.1840932
        ]
      },
      "properties": {
        "osm_id": "w1383877870",
        "name": "",
        "category": "local_market",
        "subcategory": "landuse=farmyard",
        "lat": 53.1840932,
        "lon": -8.0949619,
        "admin_division": "",
        "county": "galway"
      }
    },
    {
      "type": "Feature",
      "geometry": {
        "type": "Point",
        "coordinates": [
          -8.1009938,
          53.1807936
        ]
      },
      "properties": {
        "osm_id": "w1383877880",
        "name": "",
        "category": "local_market",
        "subcategory": "landuse=farmyard",
        "lat": 53.1807936,
        "lon": -8.1009938,
        "admin_division": "",
        "county": "galway"
      }
    },
    {
      "type": "Feature",
      "geometry": {
        "type": "Point",
        "coordinates": [
          -8.9541897,
          53.2502142
        ]
      },
      "properties": {
        "osm_id": "w1387028715",
        "name": "",
        "category": "local_market",
        "subcategory": "landuse=farmyard",
        "lat": 53.2502142,
        "lon": -8.9541897,
        "admin_division": "",
        "county": "galway"
      }
    },
    {
      "type": "Feature",
      "geometry": {
        "type": "Point",
        "coordinates": [
          -8.8070159,
          53.5308381
        ]
      },
      "properties": {
        "osm_id": "w1388098547",
        "name": "",
        "category": "local_market",
        "subcategory": "landuse=farmyard",
        "lat": 53.5308381,
        "lon": -8.8070159,
        "admin_division": "",
        "county": "galway"
      }
    },
    {
      "type": "Feature",
      "geometry": {
        "type": "Point",
        "coordinates": [
          -8.9169643,
          53.5211477
        ]
      },
      "properties": {
        "osm_id": "w1390819720",
        "name": "",
        "category": "local_market",
        "subcategory": "landuse=farmyard",
        "lat": 53.5211477,
        "lon": -8.9169643,
        "admin_division": "",
        "county": "galway"
      }
    },
    {
      "type": "Feature",
      "geometry": {
        "type": "Point",
        "coordinates": [
          -8.6314465,
          53.4513075
        ]
      },
      "properties": {
        "osm_id": "w1412316806",
        "name": "",
        "category": "local_market",
        "subcategory": "landuse=farmyard",
        "lat": 53.4513075,
        "lon": -8.6314465,
        "admin_division": "",
        "county": "galway"
      }
    },
    {
      "type": "Feature",
      "geometry": {
        "type": "Point",
        "coordinates": [
          -8.5187722,
          53.5456292
        ]
      },
      "properties": {
        "osm_id": "w1414039355",
        "name": "",
        "category": "local_market",
        "subcategory": "landuse=farmyard",
        "lat": 53.5456292,
        "lon": -8.5187722,
        "admin_division": "",
        "county": "galway"
      }
    },
    {
      "type": "Feature",
      "geometry": {
        "type": "Point",
        "coordinates": [
          -8.4007653,
          53.5201227
        ]
      },
      "properties": {
        "osm_id": "w1418717196",
        "name": "Highfield Farm",
        "category": "local_market",
        "subcategory": "landuse=farmyard",
        "lat": 53.5201227,
        "lon": -8.4007653,
        "admin_division": "",
        "county": "galway"
      }
    },
    {
      "type": "Feature",
      "geometry": {
        "type": "Point",
        "coordinates": [
          -8.3903656,
          53.4301044
        ]
      },
      "properties": {
        "osm_id": "w1423000671",
        "name": "",
        "category": "local_market",
        "subcategory": "landuse=farmyard",
        "lat": 53.4301044,
        "lon": -8.3903656,
        "admin_division": "",
        "county": "galway"
      }
    },
    {
      "type": "Feature",
      "geometry": {
        "type": "Point",
        "coordinates": [
          -8.9467556,
          53.6304344
        ]
      },
      "properties": {
        "osm_id": "w1447365971",
        "name": "",
        "category": "local_market",
        "subcategory": "landuse=farmyard",
        "lat": 53.6304344,
        "lon": -8.9467556,
        "admin_division": "",
        "county": "galway"
      }
    },
    {
      "type": "Feature",
      "geometry": {
        "type": "Point",
        "coordinates": [
          -8.9415173,
          53.4521952
        ]
      },
      "properties": {
        "osm_id": "w1449680292",
        "name": "",
        "category": "local_market",
        "subcategory": "landuse=farmyard",
        "lat": 53.4521952,
        "lon": -8.9415173,
        "admin_division": "",
        "county": "galway"
      }
    },
    {
      "type": "Feature",
      "geometry": {
        "type": "Point",
        "coordinates": [
          -8.7382372,
          53.179916
        ]
      },
      "properties": {
        "osm_id": "w1451501195",
        "name": "",
        "category": "local_market",
        "subcategory": "landuse=farmyard",
        "lat": 53.179916,
        "lon": -8.7382372,
        "admin_division": "",
        "county": "galway"
      }
    },
    {
      "type": "Feature",
      "geometry": {
        "type": "Point",
        "coordinates": [
          -8.7836482,
          53.1953839
        ]
      },
      "properties": {
        "osm_id": "w1451501199",
        "name": "",
        "category": "local_market",
        "subcategory": "landuse=farmyard",
        "lat": 53.1953839,
        "lon": -8.7836482,
        "admin_division": "",
        "county": "galway"
      }
    },
    {
      "type": "Feature",
      "geometry": {
        "type": "Point",
        "coordinates": [
          -8.9571929,
          53.2404749
        ]
      },
      "properties": {
        "osm_id": "w1456871170",
        "name": "Oranmore Organic Farm",
        "category": "local_market",
        "subcategory": "shop=farm",
        "lat": 53.2404749,
        "lon": -8.9571929,
        "admin_division": "Galway",
        "county": "galway"
      }
    },
    {
      "type": "Feature",
      "geometry": {
        "type": "Point",
        "coordinates": [
          -8.2512682,
          53.2115776
        ]
      },
      "properties": {
        "osm_id": "w1458852147",
        "name": "",
        "category": "local_market",
        "subcategory": "landuse=farmyard",
        "lat": 53.2115776,
        "lon": -8.2512682,
        "admin_division": "",
        "county": "galway"
      }
    },
    {
      "type": "Feature",
      "geometry": {
        "type": "Point",
        "coordinates": [
          -8.9087798,
          53.3086134
        ]
      },
      "properties": {
        "osm_id": "w1470445827",
        "name": "",
        "category": "local_market",
        "subcategory": "landuse=farmyard",
        "lat": 53.3086134,
        "lon": -8.9087798,
        "admin_division": "",
        "county": "galway"
      }
    },
    {
      "type": "Feature",
      "geometry": {
        "type": "Point",
        "coordinates": [
          -8.9638326,
          53.2832478
        ]
      },
      "properties": {
        "osm_id": "w1470445838",
        "name": "",
        "category": "local_market",
        "subcategory": "landuse=farmyard",
        "lat": 53.2832478,
        "lon": -8.9638326,
        "admin_division": "",
        "county": "galway"
      }
    },
    {
      "type": "Feature",
      "geometry": {
        "type": "Point",
        "coordinates": [
          -8.5074493,
          53.169393
        ]
      },
      "properties": {
        "osm_id": "w1472554185",
        "name": "",
        "category": "local_market",
        "subcategory": "landuse=farmyard",
        "lat": 53.169393,
        "lon": -8.5074493,
        "admin_division": "",
        "county": "galway"
      }
    },
    {
      "type": "Feature",
      "geometry": {
        "type": "Point",
        "coordinates": [
          -8.495478,
          53.1626919
        ]
      },
      "properties": {
        "osm_id": "w1472554187",
        "name": "",
        "category": "local_market",
        "subcategory": "landuse=farmyard",
        "lat": 53.1626919,
        "lon": -8.495478,
        "admin_division": "",
        "county": "galway"
      }
    },
    {
      "type": "Feature",
      "geometry": {
        "type": "Point",
        "coordinates": [
          -8.4895912,
          53.1624659
        ]
      },
      "properties": {
        "osm_id": "w1472554188",
        "name": "",
        "category": "local_market",
        "subcategory": "landuse=farmyard",
        "lat": 53.1624659,
        "lon": -8.4895912,
        "admin_division": "",
        "county": "galway"
      }
    },
    {
      "type": "Feature",
      "geometry": {
        "type": "Point",
        "coordinates": [
          -8.4637972,
          53.1749205
        ]
      },
      "properties": {
        "osm_id": "w1472554193",
        "name": "",
        "category": "local_market",
        "subcategory": "landuse=farmyard",
        "lat": 53.1749205,
        "lon": -8.4637972,
        "admin_division": "",
        "county": "galway"
      }
    },
    {
      "type": "Feature",
      "geometry": {
        "type": "Point",
        "coordinates": [
          -8.4763639,
          53.1695593
        ]
      },
      "properties": {
        "osm_id": "w1472554218",
        "name": "",
        "category": "local_market",
        "subcategory": "landuse=farmyard",
        "lat": 53.1695593,
        "lon": -8.4763639,
        "admin_division": "",
        "county": "galway"
      }
    },
    {
      "type": "Feature",
      "geometry": {
        "type": "Point",
        "coordinates": [
          -8.5337746,
          53.1757168
        ]
      },
      "properties": {
        "osm_id": "w1472554237",
        "name": "",
        "category": "local_market",
        "subcategory": "landuse=farmyard",
        "lat": 53.1757168,
        "lon": -8.5337746,
        "admin_division": "",
        "county": "galway"
      }
    },
    {
      "type": "Feature",
      "geometry": {
        "type": "Point",
        "coordinates": [
          -9.479541,
          53.2383426
        ]
      },
      "properties": {
        "osm_id": "w1475047408",
        "name": "Siopa Ionraic",
        "category": "local_market",
        "subcategory": "shop=farm",
        "lat": 53.2383426,
        "lon": -9.479541,
        "admin_division": "",
        "county": "galway"
      }
    },
    {
      "type": "Feature",
      "geometry": {
        "type": "Point",
        "coordinates": [
          -8.7438937,
          53.6179177
        ]
      },
      "properties": {
        "osm_id": "w1523107900",
        "name": "",
        "category": "local_market",
        "subcategory": "amenity=marketplace",
        "lat": 53.6179177,
        "lon": -8.7438937,
        "admin_division": "",
        "county": "galway"
      }
    },
    {
      "type": "Feature",
      "geometry": {
        "type": "Point",
        "coordinates": [
          -9.3197713,
          53.5291737
        ]
      },
      "properties": {
        "osm_id": "r3544264",
        "name": "",
        "category": "local_market",
        "subcategory": "landuse=farmyard",
        "lat": 53.5291737,
        "lon": -9.3197713,
        "admin_division": "",
        "county": "galway"
      }
    },
    {
      "type": "Feature",
      "geometry": {
        "type": "Point",
        "coordinates": [
          -10.2443781,
          53.6228327
        ]
      },
      "properties": {
        "osm_id": "r7381398",
        "name": "",
        "category": "local_market",
        "subcategory": "landuse=farmyard",
        "lat": 53.6228327,
        "lon": -10.2443781,
        "admin_division": "",
        "county": "galway"
      }
    },
    {
      "type": "Feature",
      "geometry": {
        "type": "Point",
        "coordinates": [
          -8.8747859,
          53.2107778
        ]
      },
      "properties": {
        "osm_id": "r8067225",
        "name": "",
        "category": "local_market",
        "subcategory": "landuse=farmyard",
        "lat": 53.2107778,
        "lon": -8.8747859,
        "admin_division": "",
        "county": "galway"
      }
    },
    {
      "type": "Feature",
      "geometry": {
        "type": "Point",
        "coordinates": [
          -8.8716678,
          53.2114388
        ]
      },
      "properties": {
        "osm_id": "r8067226",
        "name": "",
        "category": "local_market",
        "subcategory": "landuse=farmyard",
        "lat": 53.2114388,
        "lon": -8.8716678,
        "admin_division": "",
        "county": "galway"
      }
    },
    {
      "type": "Feature",
      "geometry": {
        "type": "Point",
        "coordinates": [
          -8.9113538,
          53.2004489
        ]
      },
      "properties": {
        "osm_id": "r8075722",
        "name": "",
        "category": "local_market",
        "subcategory": "landuse=farmyard",
        "lat": 53.2004489,
        "lon": -8.9113538,
        "admin_division": "",
        "county": "galway"
      }
    },
    {
      "type": "Feature",
      "geometry": {
        "type": "Point",
        "coordinates": [
          -8.9125387,
          53.1910166
        ]
      },
      "properties": {
        "osm_id": "r8089699",
        "name": "",
        "category": "local_market",
        "subcategory": "landuse=farmyard",
        "lat": 53.1910166,
        "lon": -8.9125387,
        "admin_division": "",
        "county": "galway"
      }
    },
    {
      "type": "Feature",
      "geometry": {
        "type": "Point",
        "coordinates": [
          -8.9394191,
          53.1820636
        ]
      },
      "properties": {
        "osm_id": "r8098086",
        "name": "",
        "category": "local_market",
        "subcategory": "landuse=farmyard",
        "lat": 53.1820636,
        "lon": -8.9394191,
        "admin_division": "",
        "county": "galway"
      }
    },
    {
      "type": "Feature",
      "geometry": {
        "type": "Point",
        "coordinates": [
          -8.9452905,
          53.1767203
        ]
      },
      "properties": {
        "osm_id": "r8101920",
        "name": "",
        "category": "local_market",
        "subcategory": "landuse=farmyard",
        "lat": 53.1767203,
        "lon": -8.9452905,
        "admin_division": "",
        "county": "galway"
      }
    },
    {
      "type": "Feature",
      "geometry": {
        "type": "Point",
        "coordinates": [
          -8.9445757,
          53.1759552
        ]
      },
      "properties": {
        "osm_id": "r8101924",
        "name": "",
        "category": "local_market",
        "subcategory": "landuse=farmyard",
        "lat": 53.1759552,
        "lon": -8.9445757,
        "admin_division": "",
        "county": "galway"
      }
    },
    {
      "type": "Feature",
      "geometry": {
        "type": "Point",
        "coordinates": [
          -8.9361347,
          53.1757968
        ]
      },
      "properties": {
        "osm_id": "r8101928",
        "name": "",
        "category": "local_market",
        "subcategory": "landuse=farmyard",
        "lat": 53.1757968,
        "lon": -8.9361347,
        "admin_division": "",
        "county": "galway"
      }
    },
    {
      "type": "Feature",
      "geometry": {
        "type": "Point",
        "coordinates": [
          -8.9250331,
          53.1741545
        ]
      },
      "properties": {
        "osm_id": "r8102043",
        "name": "",
        "category": "local_market",
        "subcategory": "landuse=farmyard",
        "lat": 53.1741545,
        "lon": -8.9250331,
        "admin_division": "",
        "county": "galway"
      }
    },
    {
      "type": "Feature",
      "geometry": {
        "type": "Point",
        "coordinates": [
          -8.9410231,
          53.1677667
        ]
      },
      "properties": {
        "osm_id": "r8102923",
        "name": "",
        "category": "local_market",
        "subcategory": "landuse=farmyard",
        "lat": 53.1677667,
        "lon": -8.9410231,
        "admin_division": "",
        "county": "galway"
      }
    },
    {
      "type": "Feature",
      "geometry": {
        "type": "Point",
        "coordinates": [
          -8.9323742,
          53.1655637
        ]
      },
      "properties": {
        "osm_id": "r8102926",
        "name": "",
        "category": "local_market",
        "subcategory": "landuse=farmyard",
        "lat": 53.1655637,
        "lon": -8.9323742,
        "admin_division": "",
        "county": "galway"
      }
    },
    {
      "type": "Feature",
      "geometry": {
        "type": "Point",
        "coordinates": [
          -8.92519,
          53.162269
        ]
      },
      "properties": {
        "osm_id": "r8105035",
        "name": "",
        "category": "local_market",
        "subcategory": "landuse=farmyard",
        "lat": 53.162269,
        "lon": -8.92519,
        "admin_division": "",
        "county": "galway"
      }
    },
    {
      "type": "Feature",
      "geometry": {
        "type": "Point",
        "coordinates": [
          -8.9776915,
          53.1709134
        ]
      },
      "properties": {
        "osm_id": "r8119591",
        "name": "",
        "category": "local_market",
        "subcategory": "landuse=farmyard",
        "lat": 53.1709134,
        "lon": -8.9776915,
        "admin_division": "",
        "county": "galway"
      }
    },
    {
      "type": "Feature",
      "geometry": {
        "type": "Point",
        "coordinates": [
          -8.9725376,
          53.1718752
        ]
      },
      "properties": {
        "osm_id": "r8119593",
        "name": "",
        "category": "local_market",
        "subcategory": "landuse=farmyard",
        "lat": 53.1718752,
        "lon": -8.9725376,
        "admin_division": "",
        "county": "galway"
      }
    },
    {
      "type": "Feature",
      "geometry": {
        "type": "Point",
        "coordinates": [
          -8.9969693,
          53.1663469
        ]
      },
      "properties": {
        "osm_id": "r8120449",
        "name": "",
        "category": "local_market",
        "subcategory": "landuse=farmyard",
        "lat": 53.1663469,
        "lon": -8.9969693,
        "admin_division": "",
        "county": "galway"
      }
    },
    {
      "type": "Feature",
      "geometry": {
        "type": "Point",
        "coordinates": [
          -8.9933355,
          53.1566937
        ]
      },
      "properties": {
        "osm_id": "r8120491",
        "name": "",
        "category": "local_market",
        "subcategory": "landuse=farmyard",
        "lat": 53.1566937,
        "lon": -8.9933355,
        "admin_division": "",
        "county": "galway"
      }
    },
    {
      "type": "Feature",
      "geometry": {
        "type": "Point",
        "coordinates": [
          -8.9990245,
          53.1586348
        ]
      },
      "properties": {
        "osm_id": "r8120497",
        "name": "",
        "category": "local_market",
        "subcategory": "landuse=farmyard",
        "lat": 53.1586348,
        "lon": -8.9990245,
        "admin_division": "",
        "county": "galway"
      }
    },
    {
      "type": "Feature",
      "geometry": {
        "type": "Point",
        "coordinates": [
          -9.0383953,
          53.1651949
        ]
      },
      "properties": {
        "osm_id": "r8123195",
        "name": "",
        "category": "local_market",
        "subcategory": "landuse=farmyard",
        "lat": 53.1651949,
        "lon": -9.0383953,
        "admin_division": "",
        "county": "galway"
      }
    },
    {
      "type": "Feature",
      "geometry": {
        "type": "Point",
        "coordinates": [
          -9.0314913,
          53.1652777
        ]
      },
      "properties": {
        "osm_id": "r8123515",
        "name": "",
        "category": "local_market",
        "subcategory": "landuse=farmyard",
        "lat": 53.1652777,
        "lon": -9.0314913,
        "admin_division": "",
        "county": "galway"
      }
    },
    {
      "type": "Feature",
      "geometry": {
        "type": "Point",
        "coordinates": [
          -9.0121901,
          53.1608377
        ]
      },
      "properties": {
        "osm_id": "r8123592",
        "name": "",
        "category": "local_market",
        "subcategory": "landuse=farmyard",
        "lat": 53.1608377,
        "lon": -9.0121901,
        "admin_division": "",
        "county": "galway"
      }
    },
    {
      "type": "Feature",
      "geometry": {
        "type": "Point",
        "coordinates": [
          -9.032143,
          53.1643576
        ]
      },
      "properties": {
        "osm_id": "r8128013",
        "name": "",
        "category": "local_market",
        "subcategory": "landuse=farmyard",
        "lat": 53.1643576,
        "lon": -9.032143,
        "admin_division": "",
        "county": "galway"
      }
    },
    {
      "type": "Feature",
      "geometry": {
        "type": "Point",
        "coordinates": [
          -9.0114605,
          53.1581601
        ]
      },
      "properties": {
        "osm_id": "r8128021",
        "name": "",
        "category": "local_market",
        "subcategory": "landuse=farmyard",
        "lat": 53.1581601,
        "lon": -9.0114605,
        "admin_division": "",
        "county": "galway"
      }
    },
    {
      "type": "Feature",
      "geometry": {
        "type": "Point",
        "coordinates": [
          -9.0001745,
          53.1439148
        ]
      },
      "properties": {
        "osm_id": "r8248572",
        "name": "",
        "category": "local_market",
        "subcategory": "landuse=farmyard",
        "lat": 53.1439148,
        "lon": -9.0001745,
        "admin_division": "",
        "county": "galway"
      }
    },
    {
      "type": "Feature",
      "geometry": {
        "type": "Point",
        "coordinates": [
          -8.9877123,
          53.1474049
        ]
      },
      "properties": {
        "osm_id": "r8437029",
        "name": "",
        "category": "local_market",
        "subcategory": "landuse=farmyard",
        "lat": 53.1474049,
        "lon": -8.9877123,
        "admin_division": "",
        "county": "galway"
      }
    },
    {
      "type": "Feature",
      "geometry": {
        "type": "Point",
        "coordinates": [
          -8.9640766,
          53.1466895
        ]
      },
      "properties": {
        "osm_id": "r8453815",
        "name": "",
        "category": "local_market",
        "subcategory": "landuse=farmyard",
        "lat": 53.1466895,
        "lon": -8.9640766,
        "admin_division": "",
        "county": "galway"
      }
    },
    {
      "type": "Feature",
      "geometry": {
        "type": "Point",
        "coordinates": [
          -8.9645353,
          53.1433155
        ]
      },
      "properties": {
        "osm_id": "r8453819",
        "name": "",
        "category": "local_market",
        "subcategory": "landuse=farmyard",
        "lat": 53.1433155,
        "lon": -8.9645353,
        "admin_division": "",
        "county": "galway"
      }
    },
    {
      "type": "Feature",
      "geometry": {
        "type": "Point",
        "coordinates": [
          -8.9686283,
          53.1452223
        ]
      },
      "properties": {
        "osm_id": "r9135868",
        "name": "",
        "category": "local_market",
        "subcategory": "landuse=farmyard",
        "lat": 53.1452223,
        "lon": -8.9686283,
        "admin_division": "",
        "county": "galway"
      }
    },
    {
      "type": "Feature",
      "geometry": {
        "type": "Point",
        "coordinates": [
          -8.9591659,
          53.140896
        ]
      },
      "properties": {
        "osm_id": "r9135870",
        "name": "",
        "category": "local_market",
        "subcategory": "landuse=farmyard",
        "lat": 53.140896,
        "lon": -8.9591659,
        "admin_division": "",
        "county": "galway"
      }
    },
    {
      "type": "Feature",
      "geometry": {
        "type": "Point",
        "coordinates": [
          -8.9760714,
          53.094237
        ]
      },
      "properties": {
        "osm_id": "r10605580",
        "name": "",
        "category": "local_market",
        "subcategory": "landuse=farmyard",
        "lat": 53.094237,
        "lon": -8.9760714,
        "admin_division": "",
        "county": "galway"
      }
    },
    {
      "type": "Feature",
      "geometry": {
        "type": "Point",
        "coordinates": [
          -9.0079683,
          53.1280615
        ]
      },
      "properties": {
        "osm_id": "r10605660",
        "name": "",
        "category": "local_market",
        "subcategory": "landuse=farmyard",
        "lat": 53.1280615,
        "lon": -9.0079683,
        "admin_division": "",
        "county": "galway"
      }
    },
    {
      "type": "Feature",
      "geometry": {
        "type": "Point",
        "coordinates": [
          -8.9928494,
          53.1408124
        ]
      },
      "properties": {
        "osm_id": "r10608118",
        "name": "",
        "category": "local_market",
        "subcategory": "landuse=farmyard",
        "lat": 53.1408124,
        "lon": -8.9928494,
        "admin_division": "",
        "county": "galway"
      }
    },
    {
      "type": "Feature",
      "geometry": {
        "type": "Point",
        "coordinates": [
          -8.9983493,
          53.1379316
        ]
      },
      "properties": {
        "osm_id": "r10615807",
        "name": "",
        "category": "local_market",
        "subcategory": "landuse=farmyard",
        "lat": 53.1379316,
        "lon": -8.9983493,
        "admin_division": "",
        "county": "galway"
      }
    },
    {
      "type": "Feature",
      "geometry": {
        "type": "Point",
        "coordinates": [
          -8.9913467,
          53.1372055
        ]
      },
      "properties": {
        "osm_id": "r10615810",
        "name": "",
        "category": "local_market",
        "subcategory": "landuse=farmyard",
        "lat": 53.1372055,
        "lon": -8.9913467,
        "admin_division": "",
        "county": "galway"
      }
    },
    {
      "type": "Feature",
      "geometry": {
        "type": "Point",
        "coordinates": [
          -8.9884975,
          53.1273903
        ]
      },
      "properties": {
        "osm_id": "r10615818",
        "name": "",
        "category": "local_market",
        "subcategory": "landuse=farmyard",
        "lat": 53.1273903,
        "lon": -8.9884975,
        "admin_division": "",
        "county": "galway"
      }
    },
    {
      "type": "Feature",
      "geometry": {
        "type": "Point",
        "coordinates": [
          -9.0192477,
          53.1382152
        ]
      },
      "properties": {
        "osm_id": "r10615821",
        "name": "",
        "category": "local_market",
        "subcategory": "landuse=farmyard",
        "lat": 53.1382152,
        "lon": -9.0192477,
        "admin_division": "",
        "county": "galway"
      }
    },
    {
      "type": "Feature",
      "geometry": {
        "type": "Point",
        "coordinates": [
          -8.9938713,
          53.1322582
        ]
      },
      "properties": {
        "osm_id": "r10615841",
        "name": "",
        "category": "local_market",
        "subcategory": "landuse=farmyard",
        "lat": 53.1322582,
        "lon": -8.9938713,
        "admin_division": "",
        "county": "galway"
      }
    },
    {
      "type": "Feature",
      "geometry": {
        "type": "Point",
        "coordinates": [
          -8.9947557,
          53.1324658
        ]
      },
      "properties": {
        "osm_id": "r10615842",
        "name": "",
        "category": "local_market",
        "subcategory": "landuse=farmyard",
        "lat": 53.1324658,
        "lon": -8.9947557,
        "admin_division": "",
        "county": "galway"
      }
    },
    {
      "type": "Feature",
      "geometry": {
        "type": "Point",
        "coordinates": [
          -9.0034857,
          53.1362345
        ]
      },
      "properties": {
        "osm_id": "r10615846",
        "name": "",
        "category": "local_market",
        "subcategory": "landuse=farmyard",
        "lat": 53.1362345,
        "lon": -9.0034857,
        "admin_division": "",
        "county": "galway"
      }
    },
    {
      "type": "Feature",
      "geometry": {
        "type": "Point",
        "coordinates": [
          -8.9880409,
          53.1231823
        ]
      },
      "properties": {
        "osm_id": "r10629055",
        "name": "",
        "category": "local_market",
        "subcategory": "landuse=farmyard",
        "lat": 53.1231823,
        "lon": -8.9880409,
        "admin_division": "",
        "county": "galway"
      }
    },
    {
      "type": "Feature",
      "geometry": {
        "type": "Point",
        "coordinates": [
          -8.9724223,
          53.11874
        ]
      },
      "properties": {
        "osm_id": "r10649939",
        "name": "",
        "category": "local_market",
        "subcategory": "landuse=farmyard",
        "lat": 53.11874,
        "lon": -8.9724223,
        "admin_division": "",
        "county": "galway"
      }
    },
    {
      "type": "Feature",
      "geometry": {
        "type": "Point",
        "coordinates": [
          -8.9720012,
          53.1275891
        ]
      },
      "properties": {
        "osm_id": "r10649959",
        "name": "",
        "category": "local_market",
        "subcategory": "landuse=farmyard",
        "lat": 53.1275891,
        "lon": -8.9720012,
        "admin_division": "",
        "county": "galway"
      }
    },
    {
      "type": "Feature",
      "geometry": {
        "type": "Point",
        "coordinates": [
          -8.9737634,
          53.1059519
        ]
      },
      "properties": {
        "osm_id": "r10650034",
        "name": "",
        "category": "local_market",
        "subcategory": "landuse=farmyard",
        "lat": 53.1059519,
        "lon": -8.9737634,
        "admin_division": "",
        "county": "galway"
      }
    },
    {
      "type": "Feature",
      "geometry": {
        "type": "Point",
        "coordinates": [
          -8.9758958,
          53.1051628
        ]
      },
      "properties": {
        "osm_id": "r10650035",
        "name": "",
        "category": "local_market",
        "subcategory": "landuse=farmyard",
        "lat": 53.1051628,
        "lon": -8.9758958,
        "admin_division": "",
        "county": "galway"
      }
    },
    {
      "type": "Feature",
      "geometry": {
        "type": "Point",
        "coordinates": [
          -8.9696422,
          53.1103838
        ]
      },
      "properties": {
        "osm_id": "r10650039",
        "name": "",
        "category": "local_market",
        "subcategory": "landuse=farmyard",
        "lat": 53.1103838,
        "lon": -8.9696422,
        "admin_division": "",
        "county": "galway"
      }
    },
    {
      "type": "Feature",
      "geometry": {
        "type": "Point",
        "coordinates": [
          -8.9457082,
          53.1123223
        ]
      },
      "properties": {
        "osm_id": "r10661991",
        "name": "",
        "category": "local_market",
        "subcategory": "landuse=farmyard",
        "lat": 53.1123223,
        "lon": -8.9457082,
        "admin_division": "",
        "county": "galway"
      }
    },
    {
      "type": "Feature",
      "geometry": {
        "type": "Point",
        "coordinates": [
          -8.9605871,
          53.1119467
        ]
      },
      "properties": {
        "osm_id": "r10661995",
        "name": "",
        "category": "local_market",
        "subcategory": "landuse=farmyard",
        "lat": 53.1119467,
        "lon": -8.9605871,
        "admin_division": "",
        "county": "galway"
      }
    },
    {
      "type": "Feature",
      "geometry": {
        "type": "Point",
        "coordinates": [
          -8.9682501,
          53.1060251
        ]
      },
      "properties": {
        "osm_id": "r10662051",
        "name": "",
        "category": "local_market",
        "subcategory": "landuse=farmyard",
        "lat": 53.1060251,
        "lon": -8.9682501,
        "admin_division": "",
        "county": "galway"
      }
    },
    {
      "type": "Feature",
      "geometry": {
        "type": "Point",
        "coordinates": [
          -8.9233057,
          53.1039318
        ]
      },
      "properties": {
        "osm_id": "r10662059",
        "name": "",
        "category": "local_market",
        "subcategory": "landuse=farmyard",
        "lat": 53.1039318,
        "lon": -8.9233057,
        "admin_division": "",
        "county": "galway"
      }
    },
    {
      "type": "Feature",
      "geometry": {
        "type": "Point",
        "coordinates": [
          -8.9184349,
          53.1071958
        ]
      },
      "properties": {
        "osm_id": "r10662061",
        "name": "",
        "category": "local_market",
        "subcategory": "landuse=farmyard",
        "lat": 53.1071958,
        "lon": -8.9184349,
        "admin_division": "",
        "county": "galway"
      }
    },
    {
      "type": "Feature",
      "geometry": {
        "type": "Point",
        "coordinates": [
          -8.9192153,
          53.1082355
        ]
      },
      "properties": {
        "osm_id": "r10662063",
        "name": "",
        "category": "local_market",
        "subcategory": "landuse=farmyard",
        "lat": 53.1082355,
        "lon": -8.9192153,
        "admin_division": "",
        "county": "galway"
      }
    },
    {
      "type": "Feature",
      "geometry": {
        "type": "Point",
        "coordinates": [
          -8.9239293,
          53.1083647
        ]
      },
      "properties": {
        "osm_id": "r10662067",
        "name": "",
        "category": "local_market",
        "subcategory": "landuse=farmyard",
        "lat": 53.1083647,
        "lon": -8.9239293,
        "admin_division": "",
        "county": "galway"
      }
    },
    {
      "type": "Feature",
      "geometry": {
        "type": "Point",
        "coordinates": [
          -8.9199282,
          53.0960683
        ]
      },
      "properties": {
        "osm_id": "r10663982",
        "name": "",
        "category": "local_market",
        "subcategory": "landuse=farmyard",
        "lat": 53.0960683,
        "lon": -8.9199282,
        "admin_division": "",
        "county": "galway"
      }
    },
    {
      "type": "Feature",
      "geometry": {
        "type": "Point",
        "coordinates": [
          -8.9492105,
          53.1131337
        ]
      },
      "properties": {
        "osm_id": "r10664256",
        "name": "",
        "category": "local_market",
        "subcategory": "landuse=farmyard",
        "lat": 53.1131337,
        "lon": -8.9492105,
        "admin_division": "",
        "county": "galway"
      }
    },
    {
      "type": "Feature",
      "geometry": {
        "type": "Point",
        "coordinates": [
          -8.9545139,
          53.1272484
        ]
      },
      "properties": {
        "osm_id": "r10666800",
        "name": "",
        "category": "local_market",
        "subcategory": "landuse=farmyard",
        "lat": 53.1272484,
        "lon": -8.9545139,
        "admin_division": "",
        "county": "galway"
      }
    },
    {
      "type": "Feature",
      "geometry": {
        "type": "Point",
        "coordinates": [
          -8.9586257,
          53.1245387
        ]
      },
      "properties": {
        "osm_id": "r10666804",
        "name": "",
        "category": "local_market",
        "subcategory": "landuse=farmyard",
        "lat": 53.1245387,
        "lon": -8.9586257,
        "admin_division": "",
        "county": "galway"
      }
    },
    {
      "type": "Feature",
      "geometry": {
        "type": "Point",
        "coordinates": [
          -8.949008,
          53.1343888
        ]
      },
      "properties": {
        "osm_id": "r10666822",
        "name": "",
        "category": "local_market",
        "subcategory": "landuse=farmyard",
        "lat": 53.1343888,
        "lon": -8.949008,
        "admin_division": "",
        "county": "galway"
      }
    },
    {
      "type": "Feature",
      "geometry": {
        "type": "Point",
        "coordinates": [
          -8.9353945,
          53.1352022
        ]
      },
      "properties": {
        "osm_id": "r10666898",
        "name": "",
        "category": "local_market",
        "subcategory": "landuse=farmyard",
        "lat": 53.1352022,
        "lon": -8.9353945,
        "admin_division": "",
        "county": "galway"
      }
    },
    {
      "type": "Feature",
      "geometry": {
        "type": "Point",
        "coordinates": [
          -8.9475811,
          53.1375675
        ]
      },
      "properties": {
        "osm_id": "r10670144",
        "name": "",
        "category": "local_market",
        "subcategory": "landuse=farmyard",
        "lat": 53.1375675,
        "lon": -8.9475811,
        "admin_division": "",
        "county": "galway"
      }
    },
    {
      "type": "Feature",
      "geometry": {
        "type": "Point",
        "coordinates": [
          -8.9291972,
          53.1225839
        ]
      },
      "properties": {
        "osm_id": "r10670182",
        "name": "",
        "category": "local_market",
        "subcategory": "landuse=farmyard",
        "lat": 53.1225839,
        "lon": -8.9291972,
        "admin_division": "",
        "county": "galway"
      }
    },
    {
      "type": "Feature",
      "geometry": {
        "type": "Point",
        "coordinates": [
          -8.8983176,
          53.1323511
        ]
      },
      "properties": {
        "osm_id": "r10693663",
        "name": "",
        "category": "local_market",
        "subcategory": "landuse=farmyard",
        "lat": 53.1323511,
        "lon": -8.8983176,
        "admin_division": "",
        "county": "galway"
      }
    },
    {
      "type": "Feature",
      "geometry": {
        "type": "Point",
        "coordinates": [
          -8.8915034,
          53.1377996
        ]
      },
      "properties": {
        "osm_id": "r10696120",
        "name": "",
        "category": "local_market",
        "subcategory": "landuse=farmyard",
        "lat": 53.1377996,
        "lon": -8.8915034,
        "admin_division": "",
        "county": "galway"
      }
    },
    {
      "type": "Feature",
      "geometry": {
        "type": "Point",
        "coordinates": [
          -8.8878355,
          53.1249717
        ]
      },
      "properties": {
        "osm_id": "r10696244",
        "name": "",
        "category": "local_market",
        "subcategory": "landuse=farmyard",
        "lat": 53.1249717,
        "lon": -8.8878355,
        "admin_division": "",
        "county": "galway"
      }
    },
    {
      "type": "Feature",
      "geometry": {
        "type": "Point",
        "coordinates": [
          -8.8747685,
          53.148556
        ]
      },
      "properties": {
        "osm_id": "r10699258",
        "name": "",
        "category": "local_market",
        "subcategory": "landuse=farmyard",
        "lat": 53.148556,
        "lon": -8.8747685,
        "admin_division": "",
        "county": "galway"
      }
    },
    {
      "type": "Feature",
      "geometry": {
        "type": "Point",
        "coordinates": [
          -8.8845592,
          53.1468725
        ]
      },
      "properties": {
        "osm_id": "r10699261",
        "name": "",
        "category": "local_market",
        "subcategory": "landuse=farmyard",
        "lat": 53.1468725,
        "lon": -8.8845592,
        "admin_division": "",
        "county": "galway"
      }
    },
    {
      "type": "Feature",
      "geometry": {
        "type": "Point",
        "coordinates": [
          -8.8730183,
          53.148724
        ]
      },
      "properties": {
        "osm_id": "r10699283",
        "name": "",
        "category": "local_market",
        "subcategory": "landuse=farmyard",
        "lat": 53.148724,
        "lon": -8.8730183,
        "admin_division": "",
        "county": "galway"
      }
    },
    {
      "type": "Feature",
      "geometry": {
        "type": "Point",
        "coordinates": [
          -8.8913955,
          53.1414725
        ]
      },
      "properties": {
        "osm_id": "r10699390",
        "name": "",
        "category": "local_market",
        "subcategory": "landuse=farmyard",
        "lat": 53.1414725,
        "lon": -8.8913955,
        "admin_division": "",
        "county": "galway"
      }
    },
    {
      "type": "Feature",
      "geometry": {
        "type": "Point",
        "coordinates": [
          -8.8888957,
          53.1378906
        ]
      },
      "properties": {
        "osm_id": "r10699392",
        "name": "",
        "category": "local_market",
        "subcategory": "landuse=farmyard",
        "lat": 53.1378906,
        "lon": -8.8888957,
        "admin_division": "",
        "county": "galway"
      }
    },
    {
      "type": "Feature",
      "geometry": {
        "type": "Point",
        "coordinates": [
          -8.8878274,
          53.1362425
        ]
      },
      "properties": {
        "osm_id": "r10699394",
        "name": "",
        "category": "local_market",
        "subcategory": "landuse=farmyard",
        "lat": 53.1362425,
        "lon": -8.8878274,
        "admin_division": "",
        "county": "galway"
      }
    },
    {
      "type": "Feature",
      "geometry": {
        "type": "Point",
        "coordinates": [
          -8.8766796,
          53.1390169
        ]
      },
      "properties": {
        "osm_id": "r10699398",
        "name": "",
        "category": "local_market",
        "subcategory": "landuse=farmyard",
        "lat": 53.1390169,
        "lon": -8.8766796,
        "admin_division": "",
        "county": "galway"
      }
    },
    {
      "type": "Feature",
      "geometry": {
        "type": "Point",
        "coordinates": [
          -8.8461177,
          53.1471432
        ]
      },
      "properties": {
        "osm_id": "r10699403",
        "name": "",
        "category": "local_market",
        "subcategory": "landuse=farmyard",
        "lat": 53.1471432,
        "lon": -8.8461177,
        "admin_division": "",
        "county": "galway"
      }
    },
    {
      "type": "Feature",
      "geometry": {
        "type": "Point",
        "coordinates": [
          -8.880558,
          53.1457537
        ]
      },
      "properties": {
        "osm_id": "r10705942",
        "name": "",
        "category": "local_market",
        "subcategory": "landuse=farmyard",
        "lat": 53.1457537,
        "lon": -8.880558,
        "admin_division": "",
        "county": "galway"
      }
    },
    {
      "type": "Feature",
      "geometry": {
        "type": "Point",
        "coordinates": [
          -8.8378438,
          53.1317315
        ]
      },
      "properties": {
        "osm_id": "r10718678",
        "name": "",
        "category": "local_market",
        "subcategory": "landuse=farmyard",
        "lat": 53.1317315,
        "lon": -8.8378438,
        "admin_division": "",
        "county": "galway"
      }
    },
    {
      "type": "Feature",
      "geometry": {
        "type": "Point",
        "coordinates": [
          -8.8497314,
          53.1418579
        ]
      },
      "properties": {
        "osm_id": "r10718682",
        "name": "",
        "category": "local_market",
        "subcategory": "landuse=farmyard",
        "lat": 53.1418579,
        "lon": -8.8497314,
        "admin_division": "",
        "county": "galway"
      }
    },
    {
      "type": "Feature",
      "geometry": {
        "type": "Point",
        "coordinates": [
          -8.8522379,
          53.1397604
        ]
      },
      "properties": {
        "osm_id": "r10718684",
        "name": "",
        "category": "local_market",
        "subcategory": "landuse=farmyard",
        "lat": 53.1397604,
        "lon": -8.8522379,
        "admin_division": "",
        "county": "galway"
      }
    },
    {
      "type": "Feature",
      "geometry": {
        "type": "Point",
        "coordinates": [
          -8.8695864,
          53.141018
        ]
      },
      "properties": {
        "osm_id": "r10718686",
        "name": "",
        "category": "local_market",
        "subcategory": "landuse=farmyard",
        "lat": 53.141018,
        "lon": -8.8695864,
        "admin_division": "",
        "county": "galway"
      }
    },
    {
      "type": "Feature",
      "geometry": {
        "type": "Point",
        "coordinates": [
          -8.8848187,
          53.1243657
        ]
      },
      "properties": {
        "osm_id": "r10718692",
        "name": "",
        "category": "local_market",
        "subcategory": "landuse=farmyard",
        "lat": 53.1243657,
        "lon": -8.8848187,
        "admin_division": "",
        "county": "galway"
      }
    },
    {
      "type": "Feature",
      "geometry": {
        "type": "Point",
        "coordinates": [
          -8.8491655,
          53.1306875
        ]
      },
      "properties": {
        "osm_id": "r10718695",
        "name": "",
        "category": "local_market",
        "subcategory": "landuse=farmyard",
        "lat": 53.1306875,
        "lon": -8.8491655,
        "admin_division": "",
        "county": "galway"
      }
    },
    {
      "type": "Feature",
      "geometry": {
        "type": "Point",
        "coordinates": [
          -8.8518088,
          53.1248873
        ]
      },
      "properties": {
        "osm_id": "r10718701",
        "name": "",
        "category": "local_market",
        "subcategory": "landuse=farmyard",
        "lat": 53.1248873,
        "lon": -8.8518088,
        "admin_division": "",
        "county": "galway"
      }
    },
    {
      "type": "Feature",
      "geometry": {
        "type": "Point",
        "coordinates": [
          -8.8627214,
          53.1225349
        ]
      },
      "properties": {
        "osm_id": "r10718927",
        "name": "",
        "category": "local_market",
        "subcategory": "landuse=farmyard",
        "lat": 53.1225349,
        "lon": -8.8627214,
        "admin_division": "",
        "county": "galway"
      }
    },
    {
      "type": "Feature",
      "geometry": {
        "type": "Point",
        "coordinates": [
          -8.8410277,
          53.1294516
        ]
      },
      "properties": {
        "osm_id": "r10720775",
        "name": "",
        "category": "local_market",
        "subcategory": "landuse=farmyard",
        "lat": 53.1294516,
        "lon": -8.8410277,
        "admin_division": "",
        "county": "galway"
      }
    },
    {
      "type": "Feature",
      "geometry": {
        "type": "Point",
        "coordinates": [
          -8.8424948,
          53.129075
        ]
      },
      "properties": {
        "osm_id": "r10720777",
        "name": "",
        "category": "local_market",
        "subcategory": "landuse=farmyard",
        "lat": 53.129075,
        "lon": -8.8424948,
        "admin_division": "",
        "county": "galway"
      }
    },
    {
      "type": "Feature",
      "geometry": {
        "type": "Point",
        "coordinates": [
          -8.9129564,
          53.1313538
        ]
      },
      "properties": {
        "osm_id": "r10732988",
        "name": "",
        "category": "local_market",
        "subcategory": "landuse=farmyard",
        "lat": 53.1313538,
        "lon": -8.9129564,
        "admin_division": "",
        "county": "galway"
      }
    },
    {
      "type": "Feature",
      "geometry": {
        "type": "Point",
        "coordinates": [
          -8.8827025,
          53.1121364
        ]
      },
      "properties": {
        "osm_id": "r10743298",
        "name": "",
        "category": "local_market",
        "subcategory": "landuse=farmyard",
        "lat": 53.1121364,
        "lon": -8.8827025,
        "admin_division": "",
        "county": "galway"
      }
    },
    {
      "type": "Feature",
      "geometry": {
        "type": "Point",
        "coordinates": [
          -8.8751293,
          53.113434
        ]
      },
      "properties": {
        "osm_id": "r10743303",
        "name": "",
        "category": "local_market",
        "subcategory": "landuse=farmyard",
        "lat": 53.113434,
        "lon": -8.8751293,
        "admin_division": "",
        "county": "galway"
      }
    },
    {
      "type": "Feature",
      "geometry": {
        "type": "Point",
        "coordinates": [
          -8.8671792,
          53.1206837
        ]
      },
      "properties": {
        "osm_id": "r10743311",
        "name": "",
        "category": "local_market",
        "subcategory": "landuse=farmyard",
        "lat": 53.1206837,
        "lon": -8.8671792,
        "admin_division": "",
        "county": "galway"
      }
    },
    {
      "type": "Feature",
      "geometry": {
        "type": "Point",
        "coordinates": [
          -8.9259195,
          53.1251633
        ]
      },
      "properties": {
        "osm_id": "r10744240",
        "name": "",
        "category": "local_market",
        "subcategory": "landuse=farmyard",
        "lat": 53.1251633,
        "lon": -8.9259195,
        "admin_division": "",
        "county": "galway"
      }
    },
    {
      "type": "Feature",
      "geometry": {
        "type": "Point",
        "coordinates": [
          -8.9074579,
          53.1089549
        ]
      },
      "properties": {
        "osm_id": "r10744255",
        "name": "",
        "category": "local_market",
        "subcategory": "landuse=farmyard",
        "lat": 53.1089549,
        "lon": -8.9074579,
        "admin_division": "",
        "county": "galway"
      }
    },
    {
      "type": "Feature",
      "geometry": {
        "type": "Point",
        "coordinates": [
          -8.8847711,
          53.1135515
        ]
      },
      "properties": {
        "osm_id": "r10744257",
        "name": "",
        "category": "local_market",
        "subcategory": "landuse=farmyard",
        "lat": 53.1135515,
        "lon": -8.8847711,
        "admin_division": "",
        "county": "galway"
      }
    },
    {
      "type": "Feature",
      "geometry": {
        "type": "Point",
        "coordinates": [
          -8.9057942,
          53.1070522
        ]
      },
      "properties": {
        "osm_id": "r10758001",
        "name": "",
        "category": "local_market",
        "subcategory": "landuse=farmyard",
        "lat": 53.1070522,
        "lon": -8.9057942,
        "admin_division": "",
        "county": "galway"
      }
    },
    {
      "type": "Feature",
      "geometry": {
        "type": "Point",
        "coordinates": [
          -8.8872032,
          53.1094942
        ]
      },
      "properties": {
        "osm_id": "r10760436",
        "name": "",
        "category": "local_market",
        "subcategory": "landuse=farmyard",
        "lat": 53.1094942,
        "lon": -8.8872032,
        "admin_division": "",
        "county": "galway"
      }
    },
    {
      "type": "Feature",
      "geometry": {
        "type": "Point",
        "coordinates": [
          -8.8780367,
          53.1117894
        ]
      },
      "properties": {
        "osm_id": "r10760440",
        "name": "",
        "category": "local_market",
        "subcategory": "landuse=farmyard",
        "lat": 53.1117894,
        "lon": -8.8780367,
        "admin_division": "",
        "county": "galway"
      }
    },
    {
      "type": "Feature",
      "geometry": {
        "type": "Point",
        "coordinates": [
          -8.8688592,
          53.1118208
        ]
      },
      "properties": {
        "osm_id": "r10761735",
        "name": "",
        "category": "local_market",
        "subcategory": "landuse=farmyard",
        "lat": 53.1118208,
        "lon": -8.8688592,
        "admin_division": "",
        "county": "galway"
      }
    },
    {
      "type": "Feature",
      "geometry": {
        "type": "Point",
        "coordinates": [
          -8.869671,
          53.110902
        ]
      },
      "properties": {
        "osm_id": "r10761737",
        "name": "",
        "category": "local_market",
        "subcategory": "landuse=farmyard",
        "lat": 53.110902,
        "lon": -8.869671,
        "admin_division": "",
        "county": "galway"
      }
    },
    {
      "type": "Feature",
      "geometry": {
        "type": "Point",
        "coordinates": [
          -8.8741234,
          53.0964078
        ]
      },
      "properties": {
        "osm_id": "r10766947",
        "name": "",
        "category": "local_market",
        "subcategory": "landuse=farmyard",
        "lat": 53.0964078,
        "lon": -8.8741234,
        "admin_division": "",
        "county": "galway"
      }
    },
    {
      "type": "Feature",
      "geometry": {
        "type": "Point",
        "coordinates": [
          -8.881419,
          53.0970874
        ]
      },
      "properties": {
        "osm_id": "r10773844",
        "name": "",
        "category": "local_market",
        "subcategory": "landuse=farmyard",
        "lat": 53.0970874,
        "lon": -8.881419,
        "admin_division": "",
        "county": "galway"
      }
    },
    {
      "type": "Feature",
      "geometry": {
        "type": "Point",
        "coordinates": [
          -8.8820775,
          53.0980481
        ]
      },
      "properties": {
        "osm_id": "r10773846",
        "name": "",
        "category": "local_market",
        "subcategory": "landuse=farmyard",
        "lat": 53.0980481,
        "lon": -8.8820775,
        "admin_division": "",
        "county": "galway"
      }
    },
    {
      "type": "Feature",
      "geometry": {
        "type": "Point",
        "coordinates": [
          -8.8788334,
          53.0932284
        ]
      },
      "properties": {
        "osm_id": "r10773848",
        "name": "",
        "category": "local_market",
        "subcategory": "landuse=farmyard",
        "lat": 53.0932284,
        "lon": -8.8788334,
        "admin_division": "",
        "county": "galway"
      }
    },
    {
      "type": "Feature",
      "geometry": {
        "type": "Point",
        "coordinates": [
          -8.8817851,
          53.0854279
        ]
      },
      "properties": {
        "osm_id": "r10773866",
        "name": "",
        "category": "local_market",
        "subcategory": "landuse=farmyard",
        "lat": 53.0854279,
        "lon": -8.8817851,
        "admin_division": "",
        "county": "galway"
      }
    },
    {
      "type": "Feature",
      "geometry": {
        "type": "Point",
        "coordinates": [
          -8.8852653,
          53.0676742
        ]
      },
      "properties": {
        "osm_id": "r10774316",
        "name": "",
        "category": "local_market",
        "subcategory": "landuse=farmyard",
        "lat": 53.0676742,
        "lon": -8.8852653,
        "admin_division": "",
        "county": "galway"
      }
    },
    {
      "type": "Feature",
      "geometry": {
        "type": "Point",
        "coordinates": [
          -8.898264,
          53.0752967
        ]
      },
      "properties": {
        "osm_id": "r10774323",
        "name": "",
        "category": "local_market",
        "subcategory": "landuse=farmyard",
        "lat": 53.0752967,
        "lon": -8.898264,
        "admin_division": "",
        "county": "galway"
      }
    },
    {
      "type": "Feature",
      "geometry": {
        "type": "Point",
        "coordinates": [
          -8.8809698,
          53.0714767
        ]
      },
      "properties": {
        "osm_id": "r10774326",
        "name": "",
        "category": "local_market",
        "subcategory": "landuse=farmyard",
        "lat": 53.0714767,
        "lon": -8.8809698,
        "admin_division": "",
        "county": "galway"
      }
    },
    {
      "type": "Feature",
      "geometry": {
        "type": "Point",
        "coordinates": [
          -8.9094656,
          53.0970431
        ]
      },
      "properties": {
        "osm_id": "r10774641",
        "name": "",
        "category": "local_market",
        "subcategory": "landuse=farmyard",
        "lat": 53.0970431,
        "lon": -8.9094656,
        "admin_division": "",
        "county": "galway"
      }
    },
    {
      "type": "Feature",
      "geometry": {
        "type": "Point",
        "coordinates": [
          -8.8273537,
          53.1213139
        ]
      },
      "properties": {
        "osm_id": "r10783132",
        "name": "",
        "category": "local_market",
        "subcategory": "landuse=farmyard",
        "lat": 53.1213139,
        "lon": -8.8273537,
        "admin_division": "",
        "county": "galway"
      }
    },
    {
      "type": "Feature",
      "geometry": {
        "type": "Point",
        "coordinates": [
          -8.8316372,
          53.1311759
        ]
      },
      "properties": {
        "osm_id": "r10783134",
        "name": "",
        "category": "local_market",
        "subcategory": "landuse=farmyard",
        "lat": 53.1311759,
        "lon": -8.8316372,
        "admin_division": "",
        "county": "galway"
      }
    },
    {
      "type": "Feature",
      "geometry": {
        "type": "Point",
        "coordinates": [
          -8.8245548,
          53.1219932
        ]
      },
      "properties": {
        "osm_id": "r10783156",
        "name": "",
        "category": "local_market",
        "subcategory": "landuse=farmyard",
        "lat": 53.1219932,
        "lon": -8.8245548,
        "admin_division": "",
        "county": "galway"
      }
    },
    {
      "type": "Feature",
      "geometry": {
        "type": "Point",
        "coordinates": [
          -8.8229925,
          53.1129461
        ]
      },
      "properties": {
        "osm_id": "r10784209",
        "name": "",
        "category": "local_market",
        "subcategory": "landuse=farmyard",
        "lat": 53.1129461,
        "lon": -8.8229925,
        "admin_division": "",
        "county": "galway"
      }
    },
    {
      "type": "Feature",
      "geometry": {
        "type": "Point",
        "coordinates": [
          -8.8469828,
          53.1153413
        ]
      },
      "properties": {
        "osm_id": "r10786758",
        "name": "",
        "category": "local_market",
        "subcategory": "landuse=farmyard",
        "lat": 53.1153413,
        "lon": -8.8469828,
        "admin_division": "",
        "county": "galway"
      }
    },
    {
      "type": "Feature",
      "geometry": {
        "type": "Point",
        "coordinates": [
          -8.8469083,
          53.1161265
        ]
      },
      "properties": {
        "osm_id": "r10786760",
        "name": "",
        "category": "local_market",
        "subcategory": "landuse=farmyard",
        "lat": 53.1161265,
        "lon": -8.8469083,
        "admin_division": "",
        "county": "galway"
      }
    },
    {
      "type": "Feature",
      "geometry": {
        "type": "Point",
        "coordinates": [
          -8.8654069,
          53.0989967
        ]
      },
      "properties": {
        "osm_id": "r10795954",
        "name": "",
        "category": "local_market",
        "subcategory": "landuse=farmyard",
        "lat": 53.0989967,
        "lon": -8.8654069,
        "admin_division": "",
        "county": "galway"
      }
    },
    {
      "type": "Feature",
      "geometry": {
        "type": "Point",
        "coordinates": [
          -8.8657555,
          53.1012103
        ]
      },
      "properties": {
        "osm_id": "r10795956",
        "name": "",
        "category": "local_market",
        "subcategory": "landuse=farmyard",
        "lat": 53.1012103,
        "lon": -8.8657555,
        "admin_division": "",
        "county": "galway"
      }
    },
    {
      "type": "Feature",
      "geometry": {
        "type": "Point",
        "coordinates": [
          -8.8647046,
          53.1017381
        ]
      },
      "properties": {
        "osm_id": "r10810420",
        "name": "",
        "category": "local_market",
        "subcategory": "landuse=farmyard",
        "lat": 53.1017381,
        "lon": -8.8647046,
        "admin_division": "",
        "county": "galway"
      }
    },
    {
      "type": "Feature",
      "geometry": {
        "type": "Point",
        "coordinates": [
          -8.8691372,
          53.0937646
        ]
      },
      "properties": {
        "osm_id": "r10810422",
        "name": "",
        "category": "local_market",
        "subcategory": "landuse=farmyard",
        "lat": 53.0937646,
        "lon": -8.8691372,
        "admin_division": "",
        "county": "galway"
      }
    },
    {
      "type": "Feature",
      "geometry": {
        "type": "Point",
        "coordinates": [
          -8.8786006,
          53.0825656
        ]
      },
      "properties": {
        "osm_id": "r10810533",
        "name": "",
        "category": "local_market",
        "subcategory": "landuse=farmyard",
        "lat": 53.0825656,
        "lon": -8.8786006,
        "admin_division": "",
        "county": "galway"
      }
    },
    {
      "type": "Feature",
      "geometry": {
        "type": "Point",
        "coordinates": [
          -8.8775989,
          53.0832709
        ]
      },
      "properties": {
        "osm_id": "r10810534",
        "name": "",
        "category": "local_market",
        "subcategory": "landuse=farmyard",
        "lat": 53.0832709,
        "lon": -8.8775989,
        "admin_division": "",
        "county": "galway"
      }
    },
    {
      "type": "Feature",
      "geometry": {
        "type": "Point",
        "coordinates": [
          -8.868168,
          53.1052354
        ]
      },
      "properties": {
        "osm_id": "r10813553",
        "name": "",
        "category": "local_market",
        "subcategory": "landuse=farmyard",
        "lat": 53.1052354,
        "lon": -8.868168,
        "admin_division": "",
        "county": "galway"
      }
    },
    {
      "type": "Feature",
      "geometry": {
        "type": "Point",
        "coordinates": [
          -8.8785147,
          53.0713163
        ]
      },
      "properties": {
        "osm_id": "r10825047",
        "name": "",
        "category": "local_market",
        "subcategory": "landuse=farmyard",
        "lat": 53.0713163,
        "lon": -8.8785147,
        "admin_division": "",
        "county": "galway"
      }
    },
    {
      "type": "Feature",
      "geometry": {
        "type": "Point",
        "coordinates": [
          -8.876691,
          53.070627
        ]
      },
      "properties": {
        "osm_id": "r10825051",
        "name": "",
        "category": "local_market",
        "subcategory": "landuse=farmyard",
        "lat": 53.070627,
        "lon": -8.876691,
        "admin_division": "",
        "county": "galway"
      }
    },
    {
      "type": "Feature",
      "geometry": {
        "type": "Point",
        "coordinates": [
          -8.8590849,
          53.10818
        ]
      },
      "properties": {
        "osm_id": "r10832048",
        "name": "",
        "category": "local_market",
        "subcategory": "landuse=farmyard",
        "lat": 53.10818,
        "lon": -8.8590849,
        "admin_division": "",
        "county": "galway"
      }
    },
    {
      "type": "Feature",
      "geometry": {
        "type": "Point",
        "coordinates": [
          -8.859901,
          53.1099531
        ]
      },
      "properties": {
        "osm_id": "r10832049",
        "name": "",
        "category": "local_market",
        "subcategory": "landuse=farmyard",
        "lat": 53.1099531,
        "lon": -8.859901,
        "admin_division": "",
        "county": "galway"
      }
    },
    {
      "type": "Feature",
      "geometry": {
        "type": "Point",
        "coordinates": [
          -8.8571021,
          53.1081406
        ]
      },
      "properties": {
        "osm_id": "r10832055",
        "name": "",
        "category": "local_market",
        "subcategory": "landuse=farmyard",
        "lat": 53.1081406,
        "lon": -8.8571021,
        "admin_division": "",
        "county": "galway"
      }
    },
    {
      "type": "Feature",
      "geometry": {
        "type": "Point",
        "coordinates": [
          -8.8264297,
          53.1085049
        ]
      },
      "properties": {
        "osm_id": "r10832057",
        "name": "",
        "category": "local_market",
        "subcategory": "landuse=farmyard",
        "lat": 53.1085049,
        "lon": -8.8264297,
        "admin_division": "",
        "county": "galway"
      }
    },
    {
      "type": "Feature",
      "geometry": {
        "type": "Point",
        "coordinates": [
          -8.8315725,
          53.0904584
        ]
      },
      "properties": {
        "osm_id": "r10863972",
        "name": "",
        "category": "local_market",
        "subcategory": "landuse=farmyard",
        "lat": 53.0904584,
        "lon": -8.8315725,
        "admin_division": "",
        "county": "galway"
      }
    },
    {
      "type": "Feature",
      "geometry": {
        "type": "Point",
        "coordinates": [
          -8.8933233,
          53.0647151
        ]
      },
      "properties": {
        "osm_id": "r11572502",
        "name": "",
        "category": "local_market",
        "subcategory": "landuse=farmyard",
        "lat": 53.0647151,
        "lon": -8.8933233,
        "admin_division": "",
        "county": "galway"
      }
    },
    {
      "type": "Feature",
      "geometry": {
        "type": "Point",
        "coordinates": [
          -8.8876545,
          53.0581014
        ]
      },
      "properties": {
        "osm_id": "r11572513",
        "name": "",
        "category": "local_market",
        "subcategory": "landuse=farmyard",
        "lat": 53.0581014,
        "lon": -8.8876545,
        "admin_division": "",
        "county": "galway"
      }
    },
    {
      "type": "Feature",
      "geometry": {
        "type": "Point",
        "coordinates": [
          -8.8869792,
          52.9930961
        ]
      },
      "properties": {
        "osm_id": "r11580882",
        "name": "",
        "category": "local_market",
        "subcategory": "landuse=farmyard",
        "lat": 52.9930961,
        "lon": -8.8869792,
        "admin_division": "",
        "county": "galway"
      }
    },
    {
      "type": "Feature",
      "geometry": {
        "type": "Point",
        "coordinates": [
          -8.8830585,
          52.9948736
        ]
      },
      "properties": {
        "osm_id": "r11580931",
        "name": "",
        "category": "local_market",
        "subcategory": "landuse=farmyard",
        "lat": 52.9948736,
        "lon": -8.8830585,
        "admin_division": "",
        "county": "galway"
      }
    },
    {
      "type": "Feature",
      "geometry": {
        "type": "Point",
        "coordinates": [
          -8.8782191,
          52.997647
        ]
      },
      "properties": {
        "osm_id": "r11581567",
        "name": "",
        "category": "local_market",
        "subcategory": "landuse=farmyard",
        "lat": 52.997647,
        "lon": -8.8782191,
        "admin_division": "",
        "county": "galway"
      }
    },
    {
      "type": "Feature",
      "geometry": {
        "type": "Point",
        "coordinates": [
          -8.842076,
          53.0549087
        ]
      },
      "properties": {
        "osm_id": "r11592174",
        "name": "",
        "category": "local_market",
        "subcategory": "landuse=farmyard",
        "lat": 53.0549087,
        "lon": -8.842076,
        "admin_division": "",
        "county": "galway"
      }
    },
    {
      "type": "Feature",
      "geometry": {
        "type": "Point",
        "coordinates": [
          -8.8791955,
          53.0747805
        ]
      },
      "properties": {
        "osm_id": "r11592916",
        "name": "",
        "category": "local_market",
        "subcategory": "landuse=farmyard",
        "lat": 53.0747805,
        "lon": -8.8791955,
        "admin_division": "",
        "county": "galway"
      }
    },
    {
      "type": "Feature",
      "geometry": {
        "type": "Point",
        "coordinates": [
          -8.8789976,
          53.0735952
        ]
      },
      "properties": {
        "osm_id": "r11592918",
        "name": "",
        "category": "local_market",
        "subcategory": "landuse=farmyard",
        "lat": 53.0735952,
        "lon": -8.8789976,
        "admin_division": "",
        "county": "galway"
      }
    },
    {
      "type": "Feature",
      "geometry": {
        "type": "Point",
        "coordinates": [
          -8.8658206,
          53.1084806
        ]
      },
      "properties": {
        "osm_id": "r11593380",
        "name": "",
        "category": "local_market",
        "subcategory": "landuse=farmyard",
        "lat": 53.1084806,
        "lon": -8.8658206,
        "admin_division": "",
        "county": "galway"
      }
    },
    {
      "type": "Feature",
      "geometry": {
        "type": "Point",
        "coordinates": [
          -8.9010233,
          53.1656153
        ]
      },
      "properties": {
        "osm_id": "r11596101",
        "name": "",
        "category": "local_market",
        "subcategory": "landuse=farmyard",
        "lat": 53.1656153,
        "lon": -8.9010233,
        "admin_division": "",
        "county": "galway"
      }
    },
    {
      "type": "Feature",
      "geometry": {
        "type": "Point",
        "coordinates": [
          -8.8726535,
          53.1662633
        ]
      },
      "properties": {
        "osm_id": "r11596767",
        "name": "",
        "category": "local_market",
        "subcategory": "landuse=farmyard",
        "lat": 53.1662633,
        "lon": -8.8726535,
        "admin_division": "",
        "county": "galway"
      }
    },
    {
      "type": "Feature",
      "geometry": {
        "type": "Point",
        "coordinates": [
          -8.8516062,
          53.1708869
        ]
      },
      "properties": {
        "osm_id": "r11596780",
        "name": "",
        "category": "local_market",
        "subcategory": "landuse=farmyard",
        "lat": 53.1708869,
        "lon": -8.8516062,
        "admin_division": "",
        "county": "galway"
      }
    },
    {
      "type": "Feature",
      "geometry": {
        "type": "Point",
        "coordinates": [
          -8.8581093,
          53.1534942
        ]
      },
      "properties": {
        "osm_id": "r11596782",
        "name": "",
        "category": "local_market",
        "subcategory": "landuse=farmyard",
        "lat": 53.1534942,
        "lon": -8.8581093,
        "admin_division": "",
        "county": "galway"
      }
    },
    {
      "type": "Feature",
      "geometry": {
        "type": "Point",
        "coordinates": [
          -8.8500774,
          53.1741039
        ]
      },
      "properties": {
        "osm_id": "r11600185",
        "name": "",
        "category": "local_market",
        "subcategory": "landuse=farmyard",
        "lat": 53.1741039,
        "lon": -8.8500774,
        "admin_division": "",
        "county": "galway"
      }
    },
    {
      "type": "Feature",
      "geometry": {
        "type": "Point",
        "coordinates": [
          -8.8490153,
          53.2067538
        ]
      },
      "properties": {
        "osm_id": "r11603504",
        "name": "",
        "category": "local_market",
        "subcategory": "landuse=farmyard",
        "lat": 53.2067538,
        "lon": -8.8490153,
        "admin_division": "",
        "county": "galway"
      }
    },
    {
      "type": "Feature",
      "geometry": {
        "type": "Point",
        "coordinates": [
          -8.8666467,
          53.2109473
        ]
      },
      "properties": {
        "osm_id": "r11612827",
        "name": "",
        "category": "local_market",
        "subcategory": "landuse=farmyard",
        "lat": 53.2109473,
        "lon": -8.8666467,
        "admin_division": "",
        "county": "galway"
      }
    },
    {
      "type": "Feature",
      "geometry": {
        "type": "Point",
        "coordinates": [
          -8.8528106,
          53.2133932
        ]
      },
      "properties": {
        "osm_id": "r11612830",
        "name": "",
        "category": "local_market",
        "subcategory": "landuse=farmyard",
        "lat": 53.2133932,
        "lon": -8.8528106,
        "admin_division": "",
        "county": "galway"
      }
    },
    {
      "type": "Feature",
      "geometry": {
        "type": "Point",
        "coordinates": [
          -8.849262,
          53.2776104
        ]
      },
      "properties": {
        "osm_id": "r11629180",
        "name": "",
        "category": "local_market",
        "subcategory": "landuse=farmyard",
        "lat": 53.2776104,
        "lon": -8.849262,
        "admin_division": "",
        "county": "galway"
      }
    },
    {
      "type": "Feature",
      "geometry": {
        "type": "Point",
        "coordinates": [
          -8.8233506,
          53.2712068
        ]
      },
      "properties": {
        "osm_id": "r11629187",
        "name": "",
        "category": "local_market",
        "subcategory": "landuse=farmyard",
        "lat": 53.2712068,
        "lon": -8.8233506,
        "admin_division": "",
        "county": "galway"
      }
    },
    {
      "type": "Feature",
      "geometry": {
        "type": "Point",
        "coordinates": [
          -8.8129637,
          53.2735226
        ]
      },
      "properties": {
        "osm_id": "r11629190",
        "name": "",
        "category": "local_market",
        "subcategory": "landuse=farmyard",
        "lat": 53.2735226,
        "lon": -8.8129637,
        "admin_division": "",
        "county": "galway"
      }
    },
    {
      "type": "Feature",
      "geometry": {
        "type": "Point",
        "coordinates": [
          -8.8444421,
          53.2710729
        ]
      },
      "properties": {
        "osm_id": "r11632847",
        "name": "",
        "category": "local_market",
        "subcategory": "landuse=farmyard",
        "lat": 53.2710729,
        "lon": -8.8444421,
        "admin_division": "",
        "county": "galway"
      }
    },
    {
      "type": "Feature",
      "geometry": {
        "type": "Point",
        "coordinates": [
          -8.8668627,
          53.2753747
        ]
      },
      "properties": {
        "osm_id": "r11632853",
        "name": "",
        "category": "local_market",
        "subcategory": "landuse=farmyard",
        "lat": 53.2753747,
        "lon": -8.8668627,
        "admin_division": "",
        "county": "galway"
      }
    },
    {
      "type": "Feature",
      "geometry": {
        "type": "Point",
        "coordinates": [
          -8.9072647,
          53.2538974
        ]
      },
      "properties": {
        "osm_id": "r11635574",
        "name": "",
        "category": "local_market",
        "subcategory": "landuse=farmyard",
        "lat": 53.2538974,
        "lon": -8.9072647,
        "admin_division": "",
        "county": "galway"
      }
    },
    {
      "type": "Feature",
      "geometry": {
        "type": "Point",
        "coordinates": [
          -8.9013063,
          53.2575262
        ]
      },
      "properties": {
        "osm_id": "r11637129",
        "name": "",
        "category": "local_market",
        "subcategory": "landuse=farmyard",
        "lat": 53.2575262,
        "lon": -8.9013063,
        "admin_division": "",
        "county": "galway"
      }
    },
    {
      "type": "Feature",
      "geometry": {
        "type": "Point",
        "coordinates": [
          -8.9588195,
          53.315702
        ]
      },
      "properties": {
        "osm_id": "r11729044",
        "name": "",
        "category": "local_market",
        "subcategory": "landuse=farmyard",
        "lat": 53.315702,
        "lon": -8.9588195,
        "admin_division": "",
        "county": "galway"
      }
    },
    {
      "type": "Feature",
      "geometry": {
        "type": "Point",
        "coordinates": [
          -8.5026222,
          53.2138179
        ]
      },
      "properties": {
        "osm_id": "r13472309",
        "name": "",
        "category": "local_market",
        "subcategory": "landuse=farmyard",
        "lat": 53.2138179,
        "lon": -8.5026222,
        "admin_division": "",
        "county": "galway"
      }
    },
    {
      "type": "Feature",
      "geometry": {
        "type": "Point",
        "coordinates": [
          -9.1046505,
          53.2793008
        ]
      },
      "properties": {
        "osm_id": "r13537368",
        "name": "",
        "category": "local_market",
        "subcategory": "landuse=farmyard",
        "lat": 53.2793008,
        "lon": -9.1046505,
        "admin_division": "",
        "county": "galway"
      }
    },
    {
      "type": "Feature",
      "geometry": {
        "type": "Point",
        "coordinates": [
          -9.1082293,
          53.2807931
        ]
      },
      "properties": {
        "osm_id": "r13537383",
        "name": "",
        "category": "local_market",
        "subcategory": "landuse=farmyard",
        "lat": 53.2807931,
        "lon": -9.1082293,
        "admin_division": "",
        "county": "galway"
      }
    },
    {
      "type": "Feature",
      "geometry": {
        "type": "Point",
        "coordinates": [
          -9.1175497,
          53.278614
        ]
      },
      "properties": {
        "osm_id": "r13537452",
        "name": "",
        "category": "local_market",
        "subcategory": "landuse=farmyard",
        "lat": 53.278614,
        "lon": -9.1175497,
        "admin_division": "",
        "county": "galway"
      }
    },
    {
      "type": "Feature",
      "geometry": {
        "type": "Point",
        "coordinates": [
          -9.0857021,
          53.2823362
        ]
      },
      "properties": {
        "osm_id": "r13546102",
        "name": "",
        "category": "local_market",
        "subcategory": "landuse=farmyard",
        "lat": 53.2823362,
        "lon": -9.0857021,
        "admin_division": "",
        "county": "galway"
      }
    },
    {
      "type": "Feature",
      "geometry": {
        "type": "Point",
        "coordinates": [
          -9.1028024,
          53.285584
        ]
      },
      "properties": {
        "osm_id": "r13577962",
        "name": "",
        "category": "local_market",
        "subcategory": "landuse=farmyard",
        "lat": 53.285584,
        "lon": -9.1028024,
        "admin_division": "",
        "county": "galway"
      }
    },
    {
      "type": "Feature",
      "geometry": {
        "type": "Point",
        "coordinates": [
          -9.1064041,
          53.2853165
        ]
      },
      "properties": {
        "osm_id": "r13577964",
        "name": "",
        "category": "local_market",
        "subcategory": "landuse=farmyard",
        "lat": 53.2853165,
        "lon": -9.1064041,
        "admin_division": "",
        "county": "galway"
      }
    },
    {
      "type": "Feature",
      "geometry": {
        "type": "Point",
        "coordinates": [
          -9.1055153,
          53.2836199
        ]
      },
      "properties": {
        "osm_id": "r13577966",
        "name": "",
        "category": "local_market",
        "subcategory": "landuse=farmyard",
        "lat": 53.2836199,
        "lon": -9.1055153,
        "admin_division": "",
        "county": "galway"
      }
    },
    {
      "type": "Feature",
      "geometry": {
        "type": "Point",
        "coordinates": [
          -9.1013098,
          53.2791522
        ]
      },
      "properties": {
        "osm_id": "r13577969",
        "name": "",
        "category": "local_market",
        "subcategory": "landuse=farmyard",
        "lat": 53.2791522,
        "lon": -9.1013098,
        "admin_division": "",
        "county": "galway"
      }
    },
    {
      "type": "Feature",
      "geometry": {
        "type": "Point",
        "coordinates": [
          -9.1036639,
          53.2968872
        ]
      },
      "properties": {
        "osm_id": "r13646744",
        "name": "",
        "category": "local_market",
        "subcategory": "landuse=farmyard",
        "lat": 53.2968872,
        "lon": -9.1036639,
        "admin_division": "",
        "county": "galway"
      }
    },
    {
      "type": "Feature",
      "geometry": {
        "type": "Point",
        "coordinates": [
          -9.1041483,
          53.2936494
        ]
      },
      "properties": {
        "osm_id": "r13646748",
        "name": "",
        "category": "local_market",
        "subcategory": "landuse=farmyard",
        "lat": 53.2936494,
        "lon": -9.1041483,
        "admin_division": "",
        "county": "galway"
      }
    },
    {
      "type": "Feature",
      "geometry": {
        "type": "Point",
        "coordinates": [
          -8.5754709,
          53.4806699
        ]
      },
      "properties": {
        "osm_id": "r19527461",
        "name": "",
        "category": "local_market",
        "subcategory": "landuse=farmyard",
        "lat": 53.4806699,
        "lon": -8.5754709,
        "admin_division": "",
        "county": "galway"
      }
    },
    {
      "type": "Feature",
      "geometry": {
        "type": "Point",
        "coordinates": [
          -8.5867495,
          53.4839886
        ]
      },
      "properties": {
        "osm_id": "r19527462",
        "name": "",
        "category": "local_market",
        "subcategory": "landuse=farmyard",
        "lat": 53.4839886,
        "lon": -8.5867495,
        "admin_division": "",
        "county": "galway"
      }
    },
    {
      "type": "Feature",
      "geometry": {
        "type": "Point",
        "coordinates": [
          -8.5893788,
          53.4807924
        ]
      },
      "properties": {
        "osm_id": "r19530068",
        "name": "",
        "category": "local_market",
        "subcategory": "landuse=farmyard",
        "lat": 53.4807924,
        "lon": -8.5893788,
        "admin_division": "",
        "county": "galway"
      }
    },
    {
      "type": "Feature",
      "geometry": {
        "type": "Point",
        "coordinates": [
          -8.5897784,
          53.4845265
        ]
      },
      "properties": {
        "osm_id": "r19530071",
        "name": "",
        "category": "local_market",
        "subcategory": "landuse=farmyard",
        "lat": 53.4845265,
        "lon": -8.5897784,
        "admin_division": "",
        "county": "galway"
      }
    },
    {
      "type": "Feature",
      "geometry": {
        "type": "Point",
        "coordinates": [
          -8.6053017,
          53.4807932
        ]
      },
      "properties": {
        "osm_id": "r19530074",
        "name": "",
        "category": "local_market",
        "subcategory": "landuse=farmyard",
        "lat": 53.4807932,
        "lon": -8.6053017,
        "admin_division": "",
        "county": "galway"
      }
    },
    {
      "type": "Feature",
      "geometry": {
        "type": "Point",
        "coordinates": [
          -8.6109721,
          53.4838795
        ]
      },
      "properties": {
        "osm_id": "r19530076",
        "name": "",
        "category": "local_market",
        "subcategory": "landuse=farmyard",
        "lat": 53.4838795,
        "lon": -8.6109721,
        "admin_division": "",
        "county": "galway"
      }
    },
    {
      "type": "Feature",
      "geometry": {
        "type": "Point",
        "coordinates": [
          -8.6055367,
          53.4843102
        ]
      },
      "properties": {
        "osm_id": "r19530077",
        "name": "",
        "category": "local_market",
        "subcategory": "landuse=farmyard",
        "lat": 53.4843102,
        "lon": -8.6055367,
        "admin_division": "",
        "county": "galway"
      }
    }
  ]
}