osm_id,name,category,subcategory,lat,lon,admin_division
w23733605,,farm,building=greenhouse,53.4588431,-6.2647918,
w23733606,,farm,building=greenhouse,53.4587759,-6.2621046,
w23733608,,farm,building=greenhouse,53.4595651,-6.264717,
w23733610,,farm,building=greenhouse,53.4594977,-6.2620595,
w34234127,,farm,landuse=farmland,53.5691334,-6.1008141,
w38966756,,farm,landuse=farmland,53.3218531,-6.4812665,
w38966762,,farm,landuse=farmland,53.3219583,-6.4761654,
w38967000,,farm,landuse=farmland,53.3144063,-6.4926561,
w38967632,,farm,landuse=farmland,53.3135589,-6.4743174,
w44845545,Curvilinear Glasshouse Range,farm,building=greenhouse,53.3728201,-6.2705886,
w45118737,,farm,building=greenhouse,53.2874652,-6.2346362,
w48807857,,farm,landuse=farmland,53.368093,-6.4599173,
w49156827,,farm,building=greenhouse,53.4687005,-6.3170145,
w49156829,,farm,building=greenhouse,53.468751,-6.3188504,
w49156830,,farm,building=greenhouse,53.4692715,-6.3187767,
w49157283,,farm,building=greenhouse,53.4705437,-6.2569594,
w49157284,,farm,building=greenhouse,53.470494,-6.2560013,
w49157285,,farm,building=greenhouse,53.4704539,-6.2550327,
w49157287,,farm,building=greenhouse,53.4691138,-6.2551242,
w49157288,,farm,building=greenhouse,53.4718407,-6.2565312,
w49157289,,farm,building=greenhouse,53.4716485,-6.2554983,
w49157290,,farm,building=greenhouse,53.4714221,-6.254468,
w49157291,,farm,building=greenhouse,53.4711767,-6.2536097,
w50030653,,farm,building=greenhouse,53.5023358,-6.1902575,
w50030654,,farm,building=greenhouse,53.5020801,-6.1904038,
w50030655,,farm,building=greenhouse,53.5018178,-6.1905539,
w50030656,,farm,building=greenhouse,53.5015656,-6.1906983,
w50030657,,farm,building=greenhouse,53.5021687,-6.1914138,
w50030658,,farm,building=greenhouse,53.5021072,-6.1910897,
w50030659,,farm,building=greenhouse,53.5018535,-6.1919597,
w50212760,,farm,landuse=greenhouse_horticulture,53.5019297,-6.1914264,
w50213827,,farm,landuse=greenhouse_horticulture,53.4702952,-6.255147,
w50214061,,farm,landuse=greenhouse_horticulture,53.4598138,-6.2640424,
w50413827,Carroll Produce,farm,landuse=greenhouse_horticulture,53.5283557,-6.1719803,
w50640583,De Courcy Square,farm,landuse=allotments,53.3681613,-6.2723484,
w51334807,,farm,landuse=greenhouse_horticulture,53.5310853,-6.1201882,
w51963736,,farm,building=greenhouse,53.4467812,-6.1596053,
w51963738,,farm,building=greenhouse,53.4464861,-6.1596839,
w52252695,,farm,landuse=farmland,53.3669027,-6.0829686,
w52351111,,farm,building=greenhouse,53.4383295,-6.1685351,
w54107565,,farm,landuse=farmland,53.3050173,-6.3791296,
w54107566,,farm,landuse=farmland,53.3058383,-6.3768779,
w54107567,,farm,landuse=farmland,53.3128167,-6.3823945,
w54107569,,farm,landuse=farmland,53.3110912,-6.3844868,
w54107570,,farm,landuse=farmland,53.3091486,-6.3834171,
w54107573,,farm,landuse=farmland,53.3089594,-6.3861301,
w54107575,,farm,landuse=farmland,53.3096586,-6.3860911,
w54107582,,farm,landuse=farmland,53.3079047,-6.376333,
w54107585,,farm,landuse=farmland,53.3089802,-6.3781491,
w54107587,,farm,landuse=farmland,53.3093428,-6.3801871,
w54107588,,farm,landuse=farmland,53.3069704,-6.3803278,
w54107591,,farm,landuse=farmland,53.3142268,-6.380458,
w54107593,,farm,landuse=farmland,53.312837,-6.37989,
w54108561,,farm,landuse=farmland,53.3029147,-6.3841761,
w54108563,,farm,landuse=farmland,53.3038212,-6.3930308,
w54108564,,farm,landuse=farmland,53.3013583,-6.3884869,
w54108565,,farm,landuse=farmland,53.3023557,-6.3816306,
w57691537,Tymon Park Allotments,farm,landuse=allotments,53.2997771,-6.3408652,
w58557304,,farm,landuse=farmland,53.4594058,-6.1919746,
w58557306,,farm,landuse=farmland,53.4580262,-6.198268,
w58557308,,farm,landuse=farmland,53.4610627,-6.1960063,
w58557314,,farm,landuse=farmland,53.4542165,-6.1907385,
w58557315,,farm,landuse=farmland,53.4564193,-6.1933492,
w58557320,,farm,landuse=allotments,53.4538126,-6.1955725,
w58644778,,farm,landuse=farmland,53.3567622,-6.4840384,
w58644784,,farm,landuse=farmland,53.3563977,-6.4777559,
w58644785,,farm,landuse=farmland,53.3560454,-6.4800308,
w60889931,,farm,landuse=farmland,53.2120781,-6.1556489,
w60928443,,farm,landuse=farmland,53.2269,-6.1736167,
w60928839,,farm,landuse=farmland,53.2025748,-6.1374857,
w60928844,,farm,landuse=farmland,53.2031605,-6.1422032,
w60928846,,farm,landuse=farmland,53.2055883,-6.144341,
w60928849,,farm,landuse=farmland,53.2074766,-6.1482691,
w60928850,,farm,landuse=farmland,53.2060846,-6.1388195,
w60928854,,farm,landuse=farmland,53.2129607,-6.1502705,
w60928857,,farm,landuse=farmland,53.2077939,-6.143735,
w60929026,,farm,landuse=farmland,53.2459759,-6.1663763,
w60930441,,farm,landuse=farmland,53.2472223,-6.1679445,
w60930442,,farm,landuse=farmland,53.2487609,-6.1696323,
w60930443,,farm,landuse=farmland,53.2498082,-6.1688661,
w60930444,,farm,landuse=farmland,53.2481482,-6.1662418,
w60930448,,farm,landuse=farmland,53.2442834,-6.1647988,
w60930952,,farm,landuse=farmland,53.2348804,-6.1430567,
w60949247,,farm,landuse=farmland,53.221791,-6.1313004,
w60949576,,farm,landuse=farmland,53.2197555,-6.1299606,
w60949853,,farm,landuse=farmland,53.2199286,-6.1326852,
w60949854,,farm,landuse=farmland,53.218187,-6.1314161,
w60957784,,farm,landuse=farmland,53.2142135,-6.130638,
w60957786,,farm,landuse=farmland,53.2065347,-6.1364215,
w60957787,,farm,landuse=farmland,53.2119211,-6.1272184,
w60957788,,farm,landuse=farmland,53.212323,-6.1306325,
w60958811,,farm,landuse=farmland,53.2249867,-6.1704196,
w60958816,,farm,landuse=farmland,53.2147141,-6.1545697,
w60958823,,farm,landuse=farmland,53.2130185,-6.1535591,
w60961836,,farm,landuse=farmland,53.23588,-6.1519547,
w60961843,,farm,landuse=farmland,53.2344287,-6.1504681,
w60961845,,farm,landuse=farmland,53.2332209,-6.1503635,
w60968098,,farm,landuse=farmland,53.2202953,-6.1276654,
w60968099,,farm,landuse=farmland,53.2079829,-6.1412801,
w60968102,,farm,landuse=farmland,53.2094471,-6.1428762,
w61094202,,farm,landuse=farmland,53.2076839,-6.1311572,
w61109880,,farm,landuse=farmland,53.2532295,-6.2966863,
w61159136,,farm,landuse=farmland,53.2233497,-6.1764671,
w61159137,,farm,landuse=farmland,53.2242845,-6.1778361,
w61159152,,farm,landuse=farmland,53.2477899,-6.1633898,
w61163192,,farm,landuse=farmland,53.2514193,-6.2960787,
w61163200,,farm,landuse=farmland,53.2453421,-6.2699385,
w61163444,,farm,landuse=farmland,53.2624338,-6.2524708,
w61163445,,farm,landuse=farmland,53.2605451,-6.2506741,
w61163446,,farm,landuse=farmland,53.2626667,-6.2500362,
w61163983,,farm,landuse=farmland,53.2056603,-6.1501518,
w61163985,,farm,landuse=farmland,53.2039376,-6.1495073,
w61189079,Bush Field,farm,landuse=farmland,53.2591365,-6.3414952,
w61189081,,farm,landuse=farmland,53.229866,-6.3317089,
w61189082,,farm,landuse=farmland,53.2506962,-6.3656169,
w61189083,,farm,landuse=farmland,53.2506178,-6.3667261,
w61189085,,farm,landuse=farmland,53.2450769,-6.3583676,
w61189092,,farm,landuse=farmland,53.2501897,-6.3638385,
w61189093,Maurice's,farm,landuse=farmland,53.2434765,-6.3589606,
w61189095,,farm,landuse=farmland,53.2463355,-6.3639072,
w61189101,,farm,landuse=farmland,53.248495,-6.3651019,
w61189102,,farm,landuse=farmland,53.2600622,-6.3450296,
w61189104,Five Acres,farm,landuse=farmland,53.2443905,-6.3600813,
w61189107,,farm,landuse=farmland,53.2583114,-6.3614685,
w61189110,,farm,landuse=farmland,53.2643525,-6.3643985,
w61189111,,farm,landuse=farmland,53.2453256,-6.3623247,
w61189113,,farm,landuse=farmland,53.2382625,-6.3507301,
w61189115,,farm,landuse=farmland,53.2622348,-6.3654979,
w61189118,,farm,landuse=farmland,53.2472688,-6.3648413,
w61214515,Top Field,farm,landuse=farmland,53.2477836,-6.3357471,
w61214516,,farm,landuse=farmland,53.2466366,-6.3561159,
w61214517,,farm,landuse=farmland,53.2473402,-6.3528688,
w61214518,,farm,landuse=farmland,53.2668966,-6.3504795,
w61214520,,farm,landuse=farmland,53.2500312,-6.3119276,
w61214523,,farm,landuse=farmland,53.2665121,-6.3475756,
w61214525,,farm,landuse=farmland,53.246334,-6.3550645,
w61214526,,farm,landuse=farmland,53.259781,-6.3138745,
w61214528,,farm,landuse=farmland,53.2620747,-6.3458904,
w61214532,,farm,landuse=farmland,53.2482591,-6.3412256,
w61214536,,farm,landuse=farmland,53.266826,-6.3441053,
w61214541,Coughlan's Horse Field,farm,landuse=farmland,53.2575768,-6.3426716,
w61214542,,farm,landuse=farmland,53.2482385,-6.3398554,
w61214543,Park,farm,landuse=farmland,53.245874,-6.3481215,
w61214544,,farm,landuse=farmland,53.2475646,-6.3626305,
w61214545,,farm,landuse=farmland,53.2477884,-6.3140583,
w61214546,,farm,landuse=farmland,53.2628783,-6.3551223,
w61214548,,farm,landuse=farmland,53.2459565,-6.3538135,
w61214549,Welch Field,farm,landuse=farmland,53.2449463,-6.3499963,
w61214550,,farm,landuse=farmland,53.2518732,-6.3113482,
w61214552,,farm,landuse=farmland,53.2483834,-6.3382194,
w61214556,,farm,landuse=farmland,53.2447295,-6.3533918,
w61214560,,farm,landuse=farmland,53.2646728,-6.3525935,
w61214564,,farm,landuse=farmland,53.2456881,-6.3493613,
w61214567,,farm,landuse=farmland,53.2661516,-6.3492958,
w61214570,,farm,landuse=farmland,53.2657281,-6.3394909,
w61214571,,farm,landuse=farmland,53.2557425,-6.3132752,
w61214573,,farm,landuse=farmland,53.2619428,-6.3578074,
w61214574,,farm,landuse=farmland,53.2656463,-6.3504408,
w61214576,Brewer's Field,farm,landuse=farmland,53.2441551,-6.3549808,
w61214578,,farm,landuse=farmland,53.2451849,-6.3545583,
w61214582,,farm,landuse=farmland,53.2456805,-6.3531083,
w61214583,,farm,landuse=farmland,53.2678237,-6.3521849,
w61214584,,farm,landuse=farmland,53.2651875,-6.3529902,
w61214589,,farm,landuse=farmland,53.2465412,-6.350965,
w61214591,,farm,landuse=farmland,53.2577688,-6.3116543,
w61220017,,farm,landuse=farmland,53.2477315,-6.3125396,
w61220046,,farm,landuse=farmland,53.2402364,-6.3196296,
w61220056,,farm,landuse=farmland,53.2525595,-6.2934487,
w61220074,,farm,landuse=farmland,53.2405544,-6.3176108,
w61220075,,farm,landuse=farmland,53.2421988,-6.3188118,
w61220077,,farm,landuse=farmland,53.2460483,-6.3179729,
w64061979,Glasshouse,farm,building=greenhouse,53.3212441,-6.2473468,
w64194537,,farm,landuse=farmland,53.4864149,-6.1970076,
w64194540,,farm,landuse=farmland,53.4740087,-6.1859066,
w64194541,,farm,landuse=farmland,53.4747186,-6.1796071,
w64194543,,farm,landuse=farmland,53.4813355,-6.201626,
w64194545,,farm,landuse=farmland,53.4784086,-6.1662793,
w64194546,,farm,landuse=farmland,53.4800505,-6.1796628,
w64194549,,farm,landuse=farmland,53.4768067,-6.1696812,
w64194550,,farm,landuse=farmland,53.4794296,-6.1958295,
w64194552,,farm,landuse=farmland,53.4767022,-6.189164,
w64194555,,farm,landuse=farmland,53.4748766,-6.1708214,
w64194556,,farm,landuse=farmland,53.4812745,-6.1928919,
w64194557,,farm,landuse=farmland,53.4776202,-6.1860605,
w64194558,,farm,landuse=farmland,53.4762683,-6.1841915,
w64194559,,farm,landuse=farmland,53.4756057,-6.1877992,
w64194568,,farm,landuse=farmland,53.4817437,-6.1955079,
w64194570,,farm,landuse=farmland,53.4841585,-6.1836654,
w64194572,,farm,landuse=farmland,53.4743955,-6.1846005,
w64200015,,farm,landuse=farmland,53.4764665,-6.198519,
w64200016,,farm,landuse=farmland,53.4775806,-6.1943872,
w64200017,,farm,landuse=farmland,53.4757472,-6.1964894,
w64200019,,farm,landuse=farmland,53.4788181,-6.1900132,
w64200021,,farm,landuse=farmland,53.4736398,-6.1941231,
w64200022,,farm,landuse=farmland,53.4700857,-6.1852515,
w64200026,,farm,landuse=farmland,53.4735673,-6.1983453,
w64200027,,farm,landuse=farmland,53.4776582,-6.2022336,
w64200029,,farm,landuse=farmland,53.4753745,-6.1944767,
w64200031,,farm,landuse=farmland,53.4661678,-6.1972891,
w64200032,,farm,landuse=farmland,53.4753378,-6.1954263,
w64200035,,farm,landuse=farmland,53.4673112,-6.1826874,
w64200036,,farm,landuse=farmland,53.4753151,-6.176063,
w64200037,,farm,landuse=farmland,53.4697019,-6.1824711,
w64200038,,farm,landuse=farmland,53.4701254,-6.1797457,
w64200042,,farm,landuse=farmland,53.4793693,-6.1990817,
w64200045,,farm,landuse=farmland,53.470999,-6.1912348,
w64200046,,farm,landuse=farmland,53.4744966,-6.2007135,
w64200050,,farm,landuse=farmland,53.4728129,-6.1883471,
w64200051,,farm,landuse=farmland,53.4773187,-6.2007427,
w64201993,,farm,landuse=farmland,53.4696517,-6.1604388,
w64201994,,farm,landuse=farmland,53.4700362,-6.1650863,
w64201997,,farm,landuse=farmland,53.4729217,-6.1796514,
w64201998,,farm,landuse=farmland,53.4702061,-6.2052162,
w64202003,,farm,landuse=farmland,53.4782934,-6.1543025,
w64202005,,farm,landuse=farmland,53.4720907,-6.1594974,
w64202007,,farm,landuse=farmland,53.4705516,-6.1688585,
w64202015,,farm,landuse=farmland,53.4662653,-6.1928847,
w64202018,,farm,landuse=farmland,53.4733149,-6.1673208,
w64203944,,farm,landuse=farmland,53.4708726,-6.1559527,
w64203963,,farm,landuse=farmland,53.4823126,-6.2043292,
w64203965,,farm,landuse=farmland,53.4863817,-6.2046991,
w64203966,,farm,landuse=farmland,53.472906,-6.1721306,
w64203967,,farm,landuse=farmland,53.4806021,-6.2051042,
w64203969,,farm,landuse=farmland,53.4863732,-6.2011925,
w64203975,,farm,landuse=farmland,53.4879993,-6.1938584,
w64203976,,farm,landuse=farmland,53.4674904,-6.1968807,
w64203982,,farm,landuse=farmland,53.4844817,-6.2031935,
w64314303,,farm,landuse=farmland,53.4721343,-6.2136597,
w64314304,,farm,landuse=farmland,53.489202,-6.2313592,
w64314307,,farm,building=greenhouse,53.4841086,-6.2209101,
w64314309,,farm,landuse=farmland,53.4748439,-6.2204595,
w64314336,,farm,landuse=farmland,53.488344,-6.228441,
w64314361,,farm,landuse=farmland,53.4884028,-6.2306133,
w64314368,,farm,building=greenhouse,53.484565,-6.2208054,
w64320267,,farm,landuse=farmland,53.4782847,-6.2512258,
w64320268,,farm,landuse=farmland,53.4769179,-6.2527475,
w64320276,,farm,landuse=farmland,53.4748266,-6.2511939,
w64320293,,farm,landuse=farmland,53.4881399,-6.2423908,
w64320295,,farm,landuse=farmland,53.4866548,-6.2408896,
w64320296,,farm,landuse=farmland,53.4874578,-6.2463998,
w64320309,,farm,landuse=farmland,53.4866595,-6.2434034,
w64491482,,farm,landuse=farmland,53.4622693,-6.2569881,
w64491483,,farm,landuse=farmland,53.4691202,-6.2679359,
w64491487,,farm,landuse=farmland,53.4710823,-6.2706298,
w64491489,,farm,landuse=farmland,53.4677269,-6.2712756,
w64491490,,farm,landuse=farmland,53.4658494,-6.264332,
w64491492,,farm,landuse=farmland,53.4686984,-6.2637601,
w64491493,,farm,landuse=farmland,53.4677485,-6.2615326,
w64491502,,farm,landuse=farmland,53.4655417,-6.2692121,
w64491517,,farm,landuse=farmland,53.4650077,-6.2577414,
w64491518,,farm,landuse=farmland,53.4672078,-6.2665855,
w64491520,,farm,landuse=farmland,53.4674538,-6.2593793,
w64491521,,farm,landuse=farmland,53.4708165,-6.2631653,
w64491524,,farm,building=greenhouse,53.4723671,-6.2641749,
w64491527,,farm,landuse=farmland,53.4703564,-6.2588985,
w64491529,,farm,landuse=farmland,53.4704369,-6.2607563,
w64491532,,farm,landuse=farmland,53.4727089,-6.2609771,
w64491533,,farm,landuse=farmland,53.4642813,-6.2634023,
w64491541,,farm,landuse=farmland,53.4691806,-6.2590238,
w64491544,,farm,landuse=farmland,53.4645146,-6.2653872,
w64491546,,farm,landuse=greenhouse_horticulture,53.4621032,-6.2633368,
w64491548,,farm,landuse=farmland,53.462942,-6.2611821,
w64491549,,farm,landuse=farmland,53.4671479,-6.2564154,
w64491553,,farm,landuse=farmland,53.4652302,-6.2614606,
w64495190,,farm,landuse=farmland,53.4736212,-6.2642727,
w64495194,,farm,landuse=farmland,53.471634,-6.2582407,
w64501452,,farm,landuse=farmland,53.4895615,-6.2565823,
w64501455,,farm,landuse=farmland,53.477422,-6.2683793,
w64501460,,farm,landuse=farmland,53.4864173,-6.25115,
w64501475,,farm,landuse=farmland,53.4868867,-6.2537654,
w64501480,,farm,landuse=farmland,53.4876834,-6.2573441,
w64501482,,farm,landuse=farmland,53.4894484,-6.2518144,
w64501487,,farm,landuse=farmland,53.4879454,-6.2527853,
w64501496,,farm,landuse=farmland,53.4829977,-6.2569624,
w64501501,,farm,landuse=farmland,53.4824638,-6.2463964,
w64501510,,farm,landuse=farmland,53.484758,-6.2531876,
w64501513,,farm,landuse=farmland,53.4898169,-6.2540705,
w64501517,,farm,landuse=farmland,53.4877582,-6.2502126,
w64501519,,farm,landuse=farmland,53.4892912,-6.2475939,
w64501523,,farm,landuse=farmland,53.4844642,-6.2490853,
w64501526,,farm,landuse=farmland,53.4767683,-6.265599,
w64501531,,farm,landuse=farmland,53.4831025,-6.2441973,
w64501537,,farm,landuse=farmland,53.4828092,-6.2503085,
w64501539,,farm,landuse=farmland,53.4857365,-6.2457495,
w64501549,,farm,landuse=farmland,53.4840911,-6.2466496,
w64501551,,farm,landuse=farmland,53.4787657,-6.2646325,
w64501553,,farm,landuse=farmland,53.4810229,-6.2637215,
w64501558,,farm,landuse=farmland,53.4792594,-6.2674912,
w64501562,,farm,landuse=farmland,53.4747185,-6.2600994,
w64501564,,farm,landuse=farmland,53.486323,-6.2483361,
w64501567,,farm,landuse=farmland,53.4846529,-6.2513003,
w64501569,,farm,landuse=farmland,53.4883577,-6.2547108,
w64501571,,farm,landuse=farmland,53.4757268,-6.2562682,
w64501573,,farm,landuse=farmland,53.4798105,-6.2562773,
w65013341,,farm,building=greenhouse,53.5069489,-6.1679881,
w65013358,,farm,landuse=farmland,53.5052874,-6.1891166,
w65013365,,farm,landuse=farmland,53.5240316,-6.188264,
w65013371,,farm,landuse=farmland,53.5203066,-6.1896115,
w65013388,,farm,building=greenhouse,53.5063236,-6.1955494,
w65013391,,farm,building=greenhouse,53.5092918,-6.1834795,
w65013398,,farm,building=greenhouse,53.5082792,-6.1696625,
w65013399,,farm,landuse=farmland,53.5234681,-6.1853684,
w65013402,,farm,building=greenhouse,53.5162149,-6.1926199,
w65013409,,farm,building=greenhouse,53.5058933,-6.1761399,
w65013416,,farm,landuse=farmland,53.519417,-6.1789004,
w65013443,,farm,landuse=farmland,53.5125851,-6.1859075,
w65013445,,farm,landuse=farmland,53.5251586,-6.1855944,
w65013462,,farm,landuse=farmland,53.5135196,-6.1778844,
w65013466,,farm,landuse=farmland,53.5123807,-6.1788815,
w65013472,,farm,landuse=farmland,53.5188373,-6.1730388,
w65013480,,farm,landuse=farmland,53.5049396,-6.1916288,
w65013485,,farm,landuse=farmland,53.5117547,-6.1899027,
w65013488,,farm,landuse=farmland,53.5219587,-6.1873762,
w65013491,,farm,landuse=farmland,53.521592,-6.1830515,
w65013495,,farm,landuse=farmland,53.5211396,-6.1814596,
w65013496,,farm,building=greenhouse,53.5053449,-6.1963919,
w65013498,,farm,landuse=farmland,53.5208744,-6.1755978,
w65013519,,farm,landuse=farmland,53.5118171,-6.1805568,
w65013525,,farm,landuse=farmland,53.5139188,-6.1832756,
w65013534,,farm,landuse=farmland,53.5170428,-6.1794323,
w65013537,,farm,landuse=farmland,53.5214247,-6.1852989,
w65013541,,farm,building=greenhouse,53.5058367,-6.1959745,
w65013549,,farm,landuse=farmland,53.5134518,-6.1798708,
w65013557,,farm,landuse=farmland,53.5122018,-6.1778515,
w65013558,,farm,building=greenhouse,53.5098353,-6.1835949,
w65013559,,farm,landuse=farmland,53.5123014,-6.1754203,
w65013563,,farm,landuse=farmland,53.5071097,-6.1921615,
w65013569,,farm,landuse=farmland,53.5164537,-6.1760195,
w65013573,,farm,landuse=farmland,53.5156209,-6.185994,
w65013593,,farm,landuse=farmland,53.5058835,-6.1901368,
w65013599,,farm,landuse=farmland,53.5213991,-6.1896074,
w65013604,,farm,landuse=farmland,53.515277,-6.1775303,
w65013608,,farm,landuse=farmland,53.5157279,-6.1734437,
w65013611,,farm,landuse=farmland,53.5183746,-6.1715799,
w65013616,,farm,landuse=farmland,53.5137567,-6.1885755,
w65013624,,farm,landuse=farmland,53.5121447,-6.1828864,
w65013636,,farm,landuse=farmland,53.5249746,-6.1880847,
w65013641,,farm,building=greenhouse,53.5077068,-6.1683196,
w65013650,,farm,landuse=farmland,53.5100475,-6.1851167,
w65013664,,farm,landuse=farmland,53.5155525,-6.1810086,
w65013666,,farm,landuse=farmland,53.5194341,-6.1894849,
w65184798,,farm,landuse=farmland,53.248409,-6.218695,
w65184862,,farm,landuse=farmland,53.2637381,-6.2866397,
w65184902,,farm,landuse=farmland,53.2471892,-6.3510391,
w65195774,,farm,building=greenhouse,53.5130092,-6.1516782,
w65195776,,farm,building=greenhouse,53.5130518,-6.151025,
w65195778,,farm,building=greenhouse,53.5080945,-6.164006,
w65195782,,farm,landuse=farmland,53.5170967,-6.1544442,
w65195784,,farm,landuse=farmland,53.5174487,-6.1565135,
w65195785,,farm,landuse=farmland,53.5136794,-6.1492536,
w65195787,,farm,landuse=farmland,53.5149648,-6.1606084,
w65195789,,farm,landuse=farmland,53.5125446,-6.1645977,
w65195792,,farm,landuse=farmland,53.5074474,-6.184037,
w65195795,,farm,landuse=farmland,53.5122896,-6.1669502,
w65195800,,farm,building=greenhouse,53.5130077,-6.1524417,
w65195802,,farm,landuse=farmland,53.5096336,-6.1696727,
w65195805,,farm,building=greenhouse,53.5085079,-6.1652282,
w65195806,,farm,landuse=farmland,53.5152093,-6.1494394,
w65195808,,farm,building=greenhouse,53.5135137,-6.1514955,
w65195811,,farm,landuse=farmland,53.5148137,-6.1541755,
w65195816,,farm,landuse=farmland,53.5183214,-6.1651134,
w65195817,,farm,landuse=farmland,53.5218929,-6.1560864,
w65195818,,farm,landuse=farmland,53.5095819,-6.1647724,
w65195819,,farm,landuse=farmland,53.5166363,-6.152415,
w65195821,,farm,landuse=farmland,53.5084554,-6.1711628,
w65195825,,farm,landuse=farmland,53.5125094,-6.1604249,
w65195827,,farm,landuse=farmland,53.5062004,-6.1851152,
w65195828,,farm,building=greenhouse,53.5126457,-6.1515115,
w65195830,,farm,landuse=farmland,53.5115323,-6.1693121,
w65195831,,farm,landuse=farmland,53.5131625,-6.1542152,
w65195833,,farm,landuse=farmland,53.5164548,-6.1681639,
w65195837,,farm,landuse=farmland,53.5180756,-6.1597091,
w65195842,,farm,landuse=farmland,53.5064672,-6.1813113,
w65195847,,farm,landuse=farmland,53.5094354,-6.179231,
w65195849,,farm,landuse=farmland,53.5180187,-6.1477531,
w65195851,,farm,landuse=farmland,53.5116925,-6.1729908,
w65195853,,farm,building=greenhouse,53.5128116,-6.152019,
w65195854,,farm,landuse=farmland,53.5197582,-6.155899,
w65195855,,farm,landuse=farmland,53.5094786,-6.1676906,
w65195856,,farm,landuse=farmland,53.5090485,-6.1582618,
w65195859,,farm,landuse=farmland,53.5213415,-6.1468386,
w65195860,,farm,building=greenhouse,53.5077974,-6.1640861,
w65195863,,farm,landuse=farmland,53.5115993,-6.1551275,
w65195872,,farm,landuse=farmland,53.5205138,-6.1527555,
w65195877,,farm,landuse=farmland,53.516227,-6.1484444,
w65195880,,farm,landuse=farmland,53.5193675,-6.1527358,
w65195882,,farm,landuse=farmland,53.5082564,-6.1728391,
w65195884,,farm,landuse=greenhouse_horticulture,53.5130492,-6.1515886,
w65195890,,farm,landuse=farmland,53.5106311,-6.1584555,
w65195895,,farm,building=greenhouse,53.5132045,-6.1520893,
w65195896,,farm,building=greenhouse,53.5132758,-6.1512316,
w65195898,,farm,landuse=farmland,53.5135801,-6.1698467,
w65195902,,farm,building=greenhouse,53.5088064,-6.1651755,
w65195904,,farm,landuse=farmland,53.5186617,-6.1633753,
w65195905,,farm,landuse=farmland,53.5074308,-6.1798277,
w65195908,,farm,landuse=farmland,53.5157385,-6.1569985,
w65195910,,farm,building=greenhouse,53.5084739,-6.1640235,
w65195911,,farm,landuse=farmland,53.515506,-6.1667105,
w65195916,,farm,landuse=farmland,53.5142917,-6.1569396,
w65195923,,farm,landuse=farmland,53.5194582,-6.148782,
w65195926,,farm,landuse=farmland,53.5144013,-6.1643085,
w65195929,,farm,landuse=farmland,53.5084904,-6.1623828,
w65195933,,farm,landuse=farmland,53.5112735,-6.1531548,
w65195935,,farm,landuse=farmland,53.5142059,-6.1526082,
w65195937,,farm,landuse=farmland,53.5204441,-6.1479621,
w65195939,,farm,landuse=farmland,53.5098009,-6.1723912,
w65195940,,farm,landuse=farmland,53.5201119,-6.1508951,
w65195941,,farm,landuse=farmland,53.5057236,-6.1842407,
w65211027,,farm,landuse=farmland,53.2447114,-6.1930797,
w65465250,,farm,landuse=farmland,53.5287714,-6.1880574,
w65465254,,farm,landuse=farmland,53.5367061,-6.185745,
w65465260,,farm,landuse=farmland,53.5307671,-6.1753072,
w65465276,,farm,landuse=farmland,53.5364165,-6.1963278,
w65465304,,farm,landuse=farmland,53.5329958,-6.1831821,
w65465306,,farm,landuse=farmland,53.5268384,-6.1864259,
w65465325,,farm,landuse=farmland,53.5310211,-6.1821249,
w65465332,,farm,landuse=farmland,53.5350727,-6.1921618,
w65465340,,farm,landuse=farmland,53.5350011,-6.1872569,
w65465364,,farm,landuse=farmland,53.5292506,-6.1775199,
w65465368,,farm,landuse=farmland,53.5335819,-6.1877268,
w65465370,,farm,landuse=farmland,53.5351574,-6.1818874,
w65465373,,farm,landuse=farmland,53.5298037,-6.1808118,
w65465382,,farm,landuse=farmland,53.5319178,-6.1838827,
w65465398,,farm,landuse=farmland,53.533849,-6.1795191,
w65465406,,farm,landuse=farmland,53.5310008,-6.192038,
w65465425,,farm,landuse=farmland,53.5303629,-6.1877862,
w65465437,,farm,landuse=farmland,53.5316337,-6.1872814,
w65465448,,farm,landuse=farmland,53.5309363,-6.1836645,
w65465469,,farm,landuse=farmland,53.5297211,-6.1791586,
w65473809,B&V Nurseries,farm,landuse=greenhouse_horticulture,53.5563936,-6.1842043,
w65476910,,farm,landuse=greenhouse_horticulture,53.5451247,-6.1755765,
w65476913,,farm,building=greenhouse,53.5453883,-6.1756851,
w65476925,,farm,building=greenhouse,53.5446282,-6.1752937,
w65476927,,farm,building=greenhouse,53.5447929,-6.1758923,
w65476935,,farm,building=greenhouse,53.545139,-6.1746726,
w65476937,,farm,building=greenhouse,53.5452192,-6.1749955,
w65476943,,farm,building=greenhouse,53.5458024,-6.1754308,
w65476945,,farm,building=greenhouse,53.5457273,-6.1747029,
w65490465,,farm,landuse=farmland,53.527038,-6.1494901,
w65490472,,farm,building=greenhouse,53.5290949,-6.1505063,
w65490479,,farm,landuse=farmland,53.5241082,-6.1411561,
w65490483,Highlander Park,farm,landuse=farmland,53.5259342,-6.140681,
w65490486,,farm,building=greenhouse,53.5284709,-6.151521,
w65490487,,farm,landuse=farmland,53.5269281,-6.1443714,
w65490490,,farm,landuse=farmland,53.5231408,-6.1540948,
w65490495,,farm,building=greenhouse,53.5258348,-6.137061,
w65490500,,farm,landuse=farmland,53.525065,-6.1495441,
w65490507,,farm,landuse=farmland,53.5257538,-6.1497278,
w65490515,,farm,landuse=farmland,53.5259562,-6.144082,
w65490520,,farm,building=greenhouse,53.5259397,-6.1376882,
w65490525,,farm,landuse=farmland,53.5269245,-6.1515826,
w65490527,,farm,building=greenhouse,53.5257107,-6.1364384,
w65490529,,farm,landuse=farmland,53.5232321,-6.1505421,
w65490532,,farm,building=greenhouse,53.5291292,-6.1519566,
w65490533,,farm,landuse=farmland,53.5266524,-6.1545341,
w65490535,,farm,building=greenhouse,53.5250942,-6.137879,
w65490537,,farm,building=greenhouse,53.5287351,-6.1515239,
w65490538,,farm,building=greenhouse,53.5236288,-6.1387913,
w65490543,,farm,landuse=farmland,53.5226104,-6.1447168,
w65490546,,farm,landuse=farmland,53.5255437,-6.1463104,
w65490550,,farm,building=greenhouse,53.5254216,-6.1373555,
w65490551,,farm,landuse=farmland,53.5278534,-6.1447744,
w65490555,,farm,landuse=farmland,53.5249359,-6.143325,
w65490560,PlaneTree Park,farm,landuse=farmland,53.5282229,-6.1408888,
w65490567,,farm,building=greenhouse,53.5243275,-6.1382644,
w65490572,,farm,building=greenhouse,53.5285911,-6.1505026,
w65490573,,farm,building=greenhouse,53.5237108,-6.1384561,
w65490604,,farm,landuse=farmland,53.52651,-6.1527946,
w65490609,,farm,landuse=farmland,53.5246771,-6.1543507,
w65490618,,farm,landuse=farmland,53.5242654,-6.1451317,
w65544245,,farm,landuse=farmland,53.5338987,-6.1597513,
w65544246,,farm,landuse=farmland,53.5336894,-6.1639086,
w65544259,,farm,landuse=farmland,53.5344647,-6.1604959,
w65629600,,farm,landuse=farmland,53.5230674,-6.1987469,
w65629612,,farm,landuse=farmland,53.5141565,-6.2014063,
w65629618,,farm,landuse=farmland,53.5288886,-6.1967694,
w65629621,,farm,landuse=farmland,53.5260957,-6.2044989,
w65629629,,farm,landuse=farmland,53.516761,-6.1967339,
w65629631,,farm,landuse=farmland,53.5088052,-6.2000613,
w65629654,,farm,landuse=farmland,53.5215491,-6.2003014,
w65629657,,farm,landuse=farmland,53.526987,-6.1951054,
w65629660,,farm,landuse=farmland,53.529077,-6.2040383,
w65629673,,farm,landuse=farmland,53.5152564,-6.1974225,
w65629694,,farm,landuse=farmland,53.5226123,-6.1925231,
w65629703,,farm,landuse=farmland,53.5115534,-6.1936719,
w65629710,,farm,landuse=farmland,53.5260828,-6.2022709,
w65629712,,farm,landuse=farmland,53.5153602,-6.1991592,
w65629717,,farm,landuse=farmland,53.5128511,-6.2000219,
w65629728,,farm,landuse=farmland,53.5234834,-6.2022605,
w65629730,,farm,landuse=farmland,53.5246107,-6.2047,
w65629738,,farm,landuse=farmland,53.5078612,-6.1947078,
w65629742,,farm,landuse=farmland,53.5305326,-6.1936899,
w65629752,,farm,landuse=farmland,53.5145361,-6.20549,
w65629763,,farm,landuse=farmland,53.5258642,-6.196064,
w65629768,,farm,landuse=farmland,53.5249182,-6.2023234,
w65629778,,farm,landuse=farmland,53.5253262,-6.1935483,
w65629792,,farm,landuse=farmland,53.5172173,-6.2029279,
w65629799,,farm,landuse=farmland,53.5160127,-6.2046243,
w65629803,,farm,landuse=farmland,53.5203081,-6.2009606,
w65629815,,farm,landuse=farmland,53.5236652,-6.194755,
w65629828,,farm,landuse=farmland,53.518569,-6.1967481,
w65629831,,farm,landuse=farmland,53.5118371,-6.1978218,
w65629834,,farm,landuse=farmland,53.5286244,-6.2011311,
w65629839,,farm,landuse=farmland,53.5133173,-6.1937814,
w65629851,,farm,landuse=farmland,53.5179866,-6.1936125,
w65629857,,farm,landuse=farmland,53.5212341,-6.2050385,
w65629863,,farm,landuse=farmland,53.5244347,-6.1969587,
w65629871,,farm,landuse=farmland,53.5191844,-6.2068629,
w65629873,,farm,landuse=farmland,53.5221542,-6.1970433,
w65629875,,farm,landuse=farmland,53.5193235,-6.2035621,
w65629882,,farm,landuse=farmland,53.508204,-6.1933758,
w65629884,,farm,landuse=farmland,53.5260817,-6.1898943,
w65629888,,farm,landuse=farmland,53.5237152,-6.2046685,
w65629890,,farm,landuse=farmland,53.5275016,-6.1914527,
w65629891,,farm,landuse=farmland,53.5250896,-6.1994027,
w65629892,,farm,landuse=farmland,53.5200294,-6.1956569,
w65629895,,farm,landuse=farmland,53.5284444,-6.1944489,
w65629897,,farm,landuse=farmland,53.5211715,-6.1930422,
w65629900,,farm,landuse=farmland,53.5236951,-6.2057693,
w65629902,,farm,landuse=farmland,53.5188308,-6.2051586,
w65629904,,farm,landuse=farmland,53.5105402,-6.2030784,
w65629907,,farm,landuse=farmland,53.5195951,-6.1920858,
w65629909,,farm,landuse=farmland,53.5281803,-6.1928836,
w65629910,,farm,landuse=farmland,53.5233722,-6.1931722,
w65629914,,farm,landuse=farmland,53.5149459,-6.1952929,
w65629918,,farm,landuse=farmland,53.5175012,-6.2000682,
w65629920,,farm,landuse=farmland,53.5139683,-6.1970722,
w65629922,,farm,landuse=farmland,53.5203802,-6.2066733,
w65629925,,farm,landuse=farmland,53.5189911,-6.1995121,
w65629927,,farm,landuse=farmland,53.5213504,-6.1960312,
w65629931,,farm,landuse=farmland,53.5226112,-6.204923,
w65629937,,farm,landuse=farmland,53.5175466,-6.2061585,
w65629941,,farm,landuse=farmland,53.5129855,-6.2036493,
w65629944,,farm,landuse=farmland,53.5121904,-6.2034221,
w65629951,,farm,landuse=farmland,53.526592,-6.1930892,
w65629953,,farm,landuse=farmland,53.5103882,-6.1997902,
w65629956,,farm,landuse=farmland,53.5116388,-6.2002278,
w65629958,,farm,landuse=farmland,53.5101849,-6.1950604,
w65629961,,farm,landuse=farmland,53.5219075,-6.2026259,
w65629971,,farm,landuse=farmland,53.525833,-6.1911528,
w65629979,,farm,landuse=farmland,53.5086811,-6.1967754,
w65644307,,farm,landuse=farmland,53.4972975,-6.1667243,
w65644312,,farm,landuse=farmland,53.5026027,-6.18115,
w65644315,,farm,landuse=farmland,53.5049919,-6.1813432,
w65644323,,farm,landuse=farmland,53.5035551,-6.1860443,
w65644336,,farm,landuse=farmland,53.5032985,-6.1796581,
w65644342,,farm,landuse=farmland,53.5021507,-6.1754929,
w65644346,,farm,landuse=farmland,53.4926531,-6.180586,
w65644350,,farm,landuse=farmland,53.5051596,-6.1793136,
w65644361,,farm,landuse=farmland,53.5035375,-6.183117,
w65644364,,farm,landuse=farmland,53.4943825,-6.1821047,
w65644369,,farm,landuse=farmland,53.4985023,-6.1665169,
w65644374,,farm,landuse=farmland,53.5004627,-6.1914591,
w65644394,,farm,landuse=farmland,53.4968298,-6.1622914,
w66120121,,farm,landuse=farmland,53.4958337,-6.133106,
w66120132,,farm,landuse=farmland,53.4990687,-6.1431038,
w66120134,,farm,landuse=farmland,53.493855,-6.1271949,
w66120152,,farm,landuse=farmland,53.4949829,-6.1211354,
w66120156,,farm,landuse=farmland,53.4969754,-6.1224703,
w66120165,,farm,landuse=farmland,53.4963758,-6.1363879,
w66120175,,farm,landuse=farmland,53.4967657,-6.1419729,
w66120178,,farm,landuse=farmland,53.4978915,-6.1181722,
w66120193,,farm,landuse=farmland,53.4985646,-6.1406743,
w66120203,,farm,building=greenhouse,53.4990242,-6.1174521,
w66120207,,farm,landuse=farmland,53.4983683,-6.1329455,
w66120213,,farm,landuse=farmland,53.496063,-6.1170324,
w66120224,,farm,landuse=farmland,53.4949512,-6.1185079,
w66120228,,farm,landuse=farmland,53.497581,-6.1268841,
w66120232,,farm,landuse=farmland,53.5008903,-6.121127,
w66120237,,farm,landuse=farmland,53.4959001,-6.1270945,
w66120244,,farm,building=greenhouse,53.4986398,-6.1182536,
w66129741,,farm,landuse=farmland,53.5084422,-6.1224653,
w66129775,,farm,landuse=farmland,53.5043359,-6.1250938,
w66129806,,farm,landuse=farmland,53.5032957,-6.1237408,
w66129836,,farm,landuse=farmland,53.5022819,-6.1246956,
w66140130,,farm,landuse=farmland,53.5176338,-6.1296277,
w66140141,,farm,building=greenhouse,53.5182566,-6.1322233,
w66140159,,farm,building=greenhouse,53.5185662,-6.1332134,
w66140172,,farm,building=greenhouse,53.517665,-6.132391,
w66140180,,farm,landuse=farmland,53.5178133,-6.1359018,
w66140192,,farm,landuse=greenhouse_horticulture,53.5174138,-6.132397,
w66140204,,farm,landuse=farmland,53.51333,-6.1318154,
w66140251,,farm,landuse=farmland,53.5123846,-6.1428754,
w66140289,,farm,landuse=farmland,53.510988,-6.1448458,
w66140299,,farm,landuse=farmland,53.5192328,-6.137925,
w66140338,,farm,building=greenhouse,53.5175788,-6.131447,
w66140343,,farm,landuse=farmland,53.5143008,-6.1435952,
w66140372,,farm,landuse=farmland,53.5131683,-6.1447628,
w66140390,,farm,landuse=farmland,53.5172012,-6.144978,
w66140397,,farm,landuse=farmland,53.5164209,-6.1429541,
w66140430,,farm,landuse=farmland,53.5118697,-6.1376677,
w66140448,,farm,landuse=farmland,53.5183357,-6.1411127,
w66140479,,farm,building=greenhouse,53.517932,-6.1335293,
w66140510,,farm,landuse=farmland,53.5144189,-6.1462712,
w66140533,,farm,landuse=farmland,53.5168341,-6.1236603,
w66140565,,farm,building=greenhouse,53.5168203,-6.1329871,
w66140619,,farm,landuse=farmland,53.519819,-6.1405404,
w66140645,,farm,landuse=farmland,53.5149167,-6.13445,
w66140716,,farm,landuse=farmland,53.5144954,-6.1388643,
w66140808,,farm,landuse=farmland,53.5159914,-6.127639,
w66364003,,farm,landuse=farmland,53.524562,-6.117783,
w66364004,,farm,landuse=farmland,53.5221432,-6.1355572,
w66364005,,farm,landuse=farmland,53.5245443,-6.1289195,
w66364006,,farm,landuse=farmland,53.5194463,-6.1183853,
w66364009,,farm,landuse=farmland,53.5283879,-6.1349036,
w66364010,,farm,building=greenhouse,53.5319757,-6.1196136,
w66364014,,farm,landuse=farmland,53.5252343,-6.1210829,
w66364020,,farm,landuse=farmland,53.5258546,-6.1254407,
w66364025,,farm,landuse=farmland,53.5200252,-6.1212794,
w66364029,,farm,building=greenhouse,53.5314989,-6.118719,
w66364032,,farm,landuse=farmland,53.5235815,-6.1333249,
w66364037,,farm,landuse=farmland,53.5278239,-6.1157261,
w66364042,,farm,landuse=farmland,53.5266213,-6.1171097,
w66364046,,farm,landuse=farmland,53.5274455,-6.1250479,
w66364054,,farm,building=greenhouse,53.519427,-6.121736,
w66364056,,farm,landuse=farmland,53.5233518,-6.1233154,
w66364058,,farm,landuse=farmland,53.5250762,-6.135371,
w66364059,,farm,landuse=farmland,53.525529,-6.1173982,
w66364063,,farm,landuse=farmland,53.523979,-6.1303283,
w66364064,,farm,landuse=farmland,53.5272848,-6.1225278,
w66364065,,farm,landuse=farmland,53.527732,-6.1179934,
w66364067,,farm,landuse=farmland,53.5267627,-6.1206871,
w66364068,,farm,landuse=farmland,53.5198088,-6.1245259,
w66364069,,farm,landuse=farmland,53.5303957,-6.1329047,
w66364072,,farm,landuse=farmland,53.5279166,-6.1311356,
w66364074,,farm,landuse=farmland,53.5301985,-6.1238035,
w66364077,,farm,building=greenhouse,53.5182849,-6.1203579,
w66364080,,farm,landuse=farmland,53.5242746,-6.1148329,
w66364081,,farm,building=greenhouse,53.5187174,-6.1220226,
w66364082,,farm,landuse=farmland,53.5266052,-6.1353582,
w66364083,,farm,landuse=farmland,53.5261702,-6.1328242,
w66364085,,farm,landuse=farmland,53.5235084,-6.1400268,
w66364086,,farm,landuse=farmland,53.5304159,-6.1298902,
w66364089,,farm,landuse=farmland,53.5247367,-6.1266235,
w66364093,,farm,building=greenhouse,53.5317217,-6.1197514,
w66364095,,farm,landuse=farmland,53.5213504,-6.1364211,
w66364105,,farm,landuse=farmland,53.5320278,-6.1278596,
w66364106,,farm,building=greenhouse,53.5189904,-6.1201131,
w66364109,,farm,building=greenhouse,53.5191316,-6.1218515,
w66364115,,farm,landuse=farmland,53.5275563,-6.1284489,
w66364116,,farm,landuse=farmland,53.5253493,-6.1306493,
w66364117,,farm,building=greenhouse,53.5317648,-6.1185692,
w66364124,,farm,landuse=farmland,53.5288615,-6.120653,
w66364125,,farm,landuse=greenhouse_horticulture,53.5187946,-6.1215766,
w66364128,,farm,landuse=farmland,53.5214136,-6.1213869,
w66364129,,farm,landuse=farmland,53.5214335,-6.1318759,
w66364132,,farm,landuse=farmland,53.5284789,-6.1183994,
w66364135,,farm,landuse=farmland,53.533254,-6.1276611,
w66364141,,farm,building=greenhouse,53.5280168,-6.1192785,
w66364143,,farm,building=greenhouse,53.5277763,-6.1168731,
w66364146,,farm,building=greenhouse,53.5284522,-6.1166386,
w66364149,,farm,building=greenhouse,53.5269414,-6.118894,
w66364153,,farm,building=greenhouse,53.5277605,-6.1193833,
w66364155,,farm,landuse=farmland,53.5226651,-6.1160128,
w66364158,,farm,building=greenhouse,53.5275008,-6.1170085,
w66364161,,farm,landuse=farmland,53.52165,-6.1400897,
w66364163,,farm,building=greenhouse,53.5282127,-6.1167454,
w66364164,,farm,landuse=farmland,53.5296933,-6.1268901,
w66364167,,farm,landuse=farmland,53.5207515,-6.1161646,
w66364170,,farm,landuse=farmland,53.5260816,-6.1147425,
w66364175,,farm,landuse=farmland,53.5207381,-6.1269822,
w66364177,,farm,landuse=farmland,53.5229027,-6.128514,
w66540689,,farm,landuse=farmland,53.4757861,-6.1402174,
w66540694,,farm,landuse=farmland,53.4725355,-6.1378894,
w66540698,,farm,landuse=farmland,53.4755698,-6.1388644,
w66540700,,farm,landuse=farmland,53.477711,-6.1428071,
w66540702,,farm,landuse=farmland,53.4720649,-6.1358086,
w66540703,,farm,landuse=farmland,53.4750796,-6.1404808,
w66540710,,farm,landuse=farmland,53.4749005,-6.1391038,
w66540730,,farm,landuse=farmland,53.4797857,-6.1341792,
w66540734,,farm,landuse=farmland,53.4769341,-6.1378521,
w66540750,,farm,landuse=farmland,53.4743744,-6.1392947,
w66540758,,farm,landuse=farmland,53.4733549,-6.1395814,
w66540798,,farm,landuse=farmland,53.4720856,-6.1339216,
w66540802,,farm,landuse=farmland,53.4744471,-6.1408069,
w66609028,,farm,landuse=farmland,53.3908723,-6.3507012,
w66609038,,farm,landuse=farmland,53.3929699,-6.3475931,
w66609042,,farm,landuse=farmland,53.3918604,-6.3504761,
w66609047,,farm,landuse=farmland,53.3945424,-6.347999,
w66609063,,farm,landuse=farmland,53.3927997,-6.3518132,
w67194133,,farm,landuse=farmland,53.4287027,-6.2968766,
w67194136,,farm,landuse=farmland,53.424275,-6.2697113,
w67194148,,farm,landuse=farmland,53.4274002,-6.2761506,
w67194150,,farm,landuse=farmland,53.4249603,-6.2766552,
w67194152,,farm,landuse=farmland,53.4291183,-6.2999891,
w67194163,,farm,landuse=farmland,53.4286439,-6.270746,
w67194165,,farm,landuse=farmland,53.4247101,-6.2726771,
w67194172,,farm,landuse=farmland,53.4327936,-6.2686146,
w67194175,,farm,landuse=farmland,53.4258178,-6.2980161,
w67194180,,farm,landuse=farmland,53.4298484,-6.2919398,
w67194186,,farm,landuse=farmland,53.4261054,-6.2702661,
w67194190,,farm,landuse=farmland,53.4311647,-6.2943656,
w67194197,,farm,landuse=farmland,53.42737,-6.2802812,
w67194205,,farm,landuse=farmland,53.427094,-6.2979009,
w67194209,,farm,landuse=farmland,53.429082,-6.2764178,
w67194210,,farm,landuse=farmland,53.4275437,-6.2947202,
w67194239,,farm,landuse=farmland,53.429411,-6.2823193,
w67194246,,farm,landuse=farmland,53.4291976,-6.2983735,
w67194252,,farm,landuse=farmland,53.4269089,-6.2932495,
w67194259,,farm,landuse=farmland,53.4304593,-6.2711645,
w67194261,,farm,landuse=farmland,53.4285201,-6.2847985,
w67194269,,farm,landuse=farmland,53.4270973,-6.287217,
w67194270,,farm,landuse=farmland,53.4337933,-6.2938152,
w67194271,,farm,landuse=farmland,53.4274318,-6.3027188,
w67194273,,farm,landuse=farmland,53.4325869,-6.2952983,
w67194279,,farm,landuse=farmland,53.4257595,-6.2892804,
w67194283,,farm,landuse=farmland,53.4255029,-6.2819505,
w67261154,Glencullen Allotments,farm,landuse=allotments,53.217768,-6.2203603,
w67398073,,farm,landuse=farmland,53.4188609,-6.2102704,
w67398074,,farm,landuse=farmland,53.4139753,-6.1885954,
w67398075,,farm,landuse=farmland,53.4221651,-6.1997943,
w67398076,,farm,landuse=farmland,53.4103227,-6.2051028,
w67398081,,farm,landuse=farmland,53.4078415,-6.1958288,
w67398084,,farm,landuse=farmland,53.4146494,-6.1983174,
w67398098,,farm,landuse=farmland,53.4165333,-6.1990125,
w67398099,,farm,landuse=farmland,53.4202166,-6.1954727,
w67398100,,farm,landuse=farmland,53.4219605,-6.1929749,
w67398103,,farm,landuse=farmland,53.4235534,-6.2086651,
w67398104,,farm,landuse=farmland,53.4117073,-6.2114077,
w67398108,,farm,landuse=farmland,53.4206667,-6.2110291,
w67398109,,farm,landuse=farmland,53.4143905,-6.201944,
w67398122,,farm,landuse=farmland,53.4270114,-6.2095647,
w67398124,,farm,landuse=farmland,53.4237807,-6.2062753,
w67398125,,farm,landuse=farmland,53.4167518,-6.2063716,
w67398131,,farm,landuse=farmland,53.4193138,-6.2124064,
w67398132,,farm,landuse=farmland,53.4079852,-6.192253,
w67398133,,farm,landuse=farmland,53.4237694,-6.2104474,
w67398134,,farm,landuse=farmland,53.4209652,-6.1998157,
w67398135,,farm,landuse=farmland,53.4263361,-6.2048367,
w67398146,,farm,landuse=farmland,53.4125295,-6.2072379,
w67398148,,farm,landuse=farmland,53.4092349,-6.1905021,
w67398151,,farm,landuse=farmland,53.4146786,-6.206025,
w67398155,,farm,landuse=farmland,53.4257252,-6.2081478,
w68110026,,farm,landuse=farmland,53.42239,-6.1969555,
w68110056,,farm,landuse=farmland,53.4259134,-6.1974408,
w68110057,,farm,landuse=farmland,53.411544,-6.1994476,
w68110058,,farm,landuse=farmland,53.4155306,-6.1959625,
w68110060,,farm,landuse=farmland,53.4116023,-6.1932211,
w68110069,,farm,landuse=farmland,53.4183403,-6.1886645,
w68110073,,farm,landuse=farmland,53.4194712,-6.2060133,
w68110076,,farm,landuse=farmland,53.4194246,-6.200897,
w68110077,,farm,landuse=farmland,53.418196,-6.1971304,
w68110086,,farm,landuse=farmland,53.416717,-6.1894931,
w68110089,,farm,landuse=farmland,53.4092595,-6.1957411,
w68110094,,farm,landuse=farmland,53.4174771,-6.2011312,
w68110099,,farm,landuse=farmland,53.4234988,-6.1961383,
w68110100,,farm,landuse=farmland,53.4151206,-6.2103775,
w68110105,,farm,landuse=farmland,53.4224559,-6.1801802,
w68110110,,farm,landuse=farmland,53.4129453,-6.1915119,
w68110116,,farm,landuse=farmland,53.4152239,-6.1929545,
w68110119,,farm,landuse=farmland,53.409295,-6.1935223,
w68110129,,farm,landuse=farmland,53.4212711,-6.208857,
w68110133,,farm,landuse=farmland,53.4142265,-6.1955494,
w68233555,,farm,landuse=farmland,53.4195612,-6.1673515,
w68233557,,farm,landuse=farmland,53.4176353,-6.1587023,
w68233568,,farm,building=greenhouse,53.4230971,-6.1734248,
w68233579,,farm,building=greenhouse,53.4230645,-6.1729711,
w68233581,,farm,building=greenhouse,53.4231723,-6.1745618,
w68233601,,farm,building=greenhouse,53.4230824,-6.1732012,
w68233612,,farm,building=greenhouse,53.4230366,-6.1725121,
w68233614,,farm,landuse=farmland,53.4222926,-6.164347,
w68233623,,farm,landuse=farmland,53.4184564,-6.1638087,
w68233634,,farm,landuse=farmland,53.4179282,-6.1606815,
w68233641,,farm,landuse=farmland,53.4182361,-6.1744261,
w68233643,,farm,building=greenhouse,53.4231282,-6.1738776,
w68233664,,farm,building=greenhouse,53.4231616,-6.1743397,
w68233676,,farm,building=greenhouse,53.4165427,-6.1771576,
w68233682,,farm,landuse=farmland,53.4127251,-6.1649371,
w68233697,,farm,building=greenhouse,53.4231466,-6.1741077,
w68233702,,farm,landuse=farmland,53.4131855,-6.1721047,
w68233707,,farm,landuse=farmland,53.4202894,-6.1594959,
w68233712,,farm,landuse=farmland,53.4101662,-6.1707475,
w68233726,,farm,landuse=farmland,53.41148,-6.1727774,
w68233727,,farm,landuse=farmland,53.4163615,-6.1637807,
w68233736,,farm,landuse=farmland,53.4172491,-6.1685676,
w68233742,,farm,landuse=farmland,53.4163006,-6.1737116,
w68233749,,farm,landuse=farmland,53.4156566,-6.1689336,
w68233753,,farm,landuse=farmland,53.4222625,-6.1587884,
w68233757,,farm,building=greenhouse,53.4231108,-6.173656,
w68293950,,farm,landuse=farmland,53.4301612,-6.165505,
w68293951,,farm,landuse=farmland,53.4313899,-6.158552,
w68293966,,farm,landuse=farmland,53.4289457,-6.1708625,
w68293973,,farm,building=greenhouse,53.4295547,-6.1546199,
w68293975,,farm,landuse=farmland,53.431644,-6.1701588,
w68293977,,farm,building=greenhouse,53.4290595,-6.1555157,
w68293980,,farm,landuse=farmland,53.4338185,-6.1593127,
w68293981,,farm,landuse=farmland,53.4321514,-6.1637473,
w68293983,,farm,landuse=farmland,53.432728,-6.1696893,
w68293987,,farm,landuse=farmland,53.429985,-6.1561256,
w68293989,,farm,building=greenhouse,53.43805,-6.1703297,
w68293994,,farm,landuse=farmland,53.4362009,-6.1586981,
w68293998,,farm,building=greenhouse,53.4377905,-6.1713255,
w68293999,,farm,landuse=farmland,53.4340385,-6.1629468,
w68294000,,farm,landuse=farmland,53.427303,-6.1574726,
w68294001,,farm,landuse=farmland,53.4304305,-6.1738928,
w68294009,,farm,landuse=farmland,53.4264071,-6.1607729,
w68294010,,farm,landuse=farmland,53.4385322,-6.1577664,
w68294011,,farm,landuse=farmland,53.4369978,-6.1703351,
w68294013,,farm,landuse=farmland,53.4313284,-6.1612934,
w68294018,,farm,landuse=farmland,53.4293963,-6.1741702,
w68294020,,farm,building=greenhouse,53.4295112,-6.1559785,
w68294022,,farm,landuse=farmland,53.434583,-6.1708601,
w68294024,,farm,landuse=farmland,53.4277249,-6.175631,
w68294030,,farm,landuse=farmland,53.426434,-6.1665387,
w68294035,,farm,landuse=greenhouse_horticulture,53.4292662,-6.1552967,
w68294045,,farm,landuse=farmland,53.4326946,-6.1617088,
w68294049,,farm,landuse=farmland,53.4301392,-6.1612477,
w68294053,,farm,landuse=farmland,53.4315919,-6.1559479,
w68294062,,farm,building=greenhouse,53.4293854,-6.1551348,
w68294064,,farm,landuse=farmland,53.4299754,-6.1706322,
w68294066,,farm,landuse=farmland,53.4330264,-6.1720967,
w68294067,,farm,landuse=farmland,53.4338802,-6.1558228,
w68294068,,farm,landuse=farmland,53.4282309,-6.1637962,
w68326438,,farm,landuse=farmland,53.4154949,-6.2198189,
w68326442,,farm,landuse=farmland,53.415762,-6.2152228,
w68326454,,farm,landuse=farmland,53.4163793,-6.2176583,
w68326458,,farm,landuse=farmland,53.4169479,-6.2202697,
w68326463,,farm,landuse=farmland,53.4243817,-6.2151512,
w68326474,,farm,landuse=farmland,53.414377,-6.219907,
w68326478,,farm,landuse=farmland,53.4153223,-6.2225062,
w68326480,,farm,landuse=farmland,53.4141024,-6.2160724,
w68326485,,farm,landuse=farmland,53.4168968,-6.2218813,
w68348645,,farm,landuse=farmland,53.4318726,-6.2012335,
w68348647,,farm,landuse=farmland,53.4364461,-6.1993158,
w68348648,,farm,landuse=farmland,53.4327029,-6.2122833,
w68348653,,farm,landuse=farmland,53.4289507,-6.2072373,
w68348658,,farm,landuse=farmland,53.4288259,-6.1985841,
w68348660,,farm,landuse=farmland,53.4348182,-6.2032969,
w68348704,,farm,landuse=farmland,53.4361959,-6.2073593,
w68348723,,farm,landuse=farmland,53.4290596,-6.2031427,
w68348741,,farm,landuse=farmland,53.4295549,-6.1916012,
w68348760,,farm,landuse=farmland,53.4305059,-6.2032599,
w68348770,,farm,landuse=farmland,53.4369595,-6.2032318,
w68348780,,farm,landuse=farmland,53.4312022,-6.1957362,
w68348782,,farm,landuse=farmland,53.4351148,-6.1953413,
w68348785,,farm,landuse=farmland,53.4325727,-6.2094717,
w68348795,,farm,landuse=farmland,53.4316206,-6.1879421,
w68348801,,farm,landuse=farmland,53.4311638,-6.1847042,
w68348816,,farm,landuse=farmland,53.4310892,-6.1803169,
w68348832,,farm,landuse=farmland,53.4280971,-6.2074973,
w68348833,,farm,landuse=farmland,53.4320087,-6.1934245,
w68348842,,farm,landuse=farmland,53.4345735,-6.2099319,
w68348867,,farm,landuse=farmland,53.431582,-6.1897569,
w68348884,,farm,landuse=farmland,53.4311753,-6.2083179,
w68348889,,farm,landuse=farmland,53.4331362,-6.19885,
w68348895,,farm,landuse=farmland,53.4285412,-6.1954378,
w68348898,,farm,landuse=farmland,53.4295571,-6.194343,
w68348900,,farm,landuse=farmland,53.4328676,-6.2057885,
w68348912,,farm,landuse=farmland,53.4328143,-6.1831158,
w68348939,,farm,landuse=farmland,53.4310131,-6.2112495,
w68348947,,farm,landuse=farmland,53.4304282,-6.2079503,
w68348957,,farm,landuse=farmland,53.4399957,-6.1970325,
w68451800,,farm,landuse=farmland,53.4496607,-6.1904332,
w68451813,,farm,landuse=farmland,53.4408366,-6.1909114,
w68451830,,farm,landuse=farmland,53.4423699,-6.1862343,
w68451831,,farm,landuse=farmland,53.4479771,-6.1912492,
w68451842,,farm,landuse=farmland,53.4435084,-6.1866937,
w68451843,,farm,landuse=farmland,53.4497446,-6.1968395,
w68451853,,farm,landuse=farmland,53.4497736,-6.1936236,
w68451854,,farm,landuse=farmland,53.4488481,-6.1986438,
w68451855,,farm,landuse=farmland,53.4416399,-6.1837674,
w68451864,,farm,landuse=farmland,53.4439087,-6.1851601,
w68451868,,farm,landuse=farmland,53.4481315,-6.1879773,
w69443307,,farm,landuse=farmland,53.579887,-6.137648,
w69443309,,farm,landuse=farmland,53.5677853,-6.122835,
w69443311,,farm,landuse=farmland,53.5716735,-6.1282199,
w69443325,,farm,landuse=farmland,53.5780477,-6.1358317,
w69443326,,farm,landuse=farmland,53.5691693,-6.1192473,
w69443335,,farm,landuse=farmland,53.5734419,-6.1194485,
w69443339,,farm,landuse=farmland,53.5762357,-6.1386683,
w69443341,,farm,landuse=farmland,53.5709399,-6.1199888,
w69443363,,farm,landuse=farmland,53.5803234,-6.1406026,
w69443364,,farm,landuse=farmland,53.572502,-6.11965,
w69443379,,farm,landuse=farmland,53.5763388,-6.1397158,
w69443385,,farm,landuse=farmland,53.5787671,-6.1340408,
w69443389,,farm,landuse=farmland,53.5811629,-6.1403023,
w69443419,,farm,landuse=farmland,53.5736157,-6.1281147,
w69443426,,farm,landuse=farmland,53.5793619,-6.1361945,
w69443430,,farm,landuse=farmland,53.5760939,-6.1371273,
w69443436,,farm,landuse=farmland,53.5786844,-6.1284624,
w69443439,,farm,landuse=farmland,53.5771304,-6.1298134,
w69443451,,farm,landuse=farmland,53.5800051,-6.1340668,
w69443460,,farm,landuse=farmland,53.5791809,-6.1393363,
w69443464,,farm,landuse=farmland,53.5703892,-6.1256091,
w69484507,,farm,landuse=farmland,53.5603962,-6.1410984,
w69484512,,farm,landuse=farmland,53.5605338,-6.1341142,
w69484513,,farm,landuse=farmland,53.5647118,-6.1161193,
w69484514,,farm,landuse=farmland,53.5606502,-6.1308928,
w69484521,,farm,landuse=farmland,53.559342,-6.1225423,
w69484529,,farm,landuse=farmland,53.5630068,-6.1254523,
w69484542,,farm,landuse=farmland,53.5658552,-6.1314621,
w69484556,,farm,landuse=farmland,53.5574216,-6.1232323,
w69484560,,farm,landuse=farmland,53.5606935,-6.1384157,
w69484565,,farm,landuse=farmland,53.558874,-6.1193286,
w69484568,,farm,landuse=farmland,53.5645761,-6.139833,
w69484583,,farm,landuse=farmland,53.5625248,-6.1233424,
w69484586,,farm,building=greenhouse,53.5578493,-6.1353446,
w69484590,,farm,landuse=farmland,53.5657355,-6.1217131,
w69484593,,farm,landuse=farmland,53.5623303,-6.138162,
w69484598,,farm,landuse=farmland,53.5647111,-6.1272026,
w69484600,,farm,landuse=farmland,53.563774,-6.1425677,
w69484610,,farm,landuse=farmland,53.5637902,-6.1225512,
w69484616,,farm,landuse=farmland,53.5615621,-6.1437728,
w69484626,,farm,landuse=farmland,53.5636164,-6.1327222,
w69484631,,farm,landuse=farmland,53.5639283,-6.1191388,
w69484638,,farm,landuse=farmland,53.5617948,-6.1274141,
w69484643,,farm,landuse=farmland,53.5607277,-6.1366017,
w69484649,,farm,landuse=farmland,53.560404,-6.1243032,
w69484657,,farm,landuse=farmland,53.5573528,-6.1309689,
w69484661,,farm,landuse=farmland,53.5575517,-6.1328069,
w69484673,,farm,landuse=farmland,53.5574082,-6.1270687,
w69484679,,farm,landuse=farmland,53.5593414,-6.1271107,
w69484683,,farm,landuse=farmland,53.5583007,-6.1254307,
w69484686,,farm,landuse=farmland,53.5673668,-6.1162223,
w69484690,,farm,landuse=farmland,53.5645631,-6.1374272,
w69484691,,farm,landuse=farmland,53.562376,-6.1404372,
w69585387,,farm,landuse=farmland,53.542223,-6.1368333,
w69585388,,farm,landuse=farmland,53.5563616,-6.1285763,
w69585392,,farm,landuse=farmland,53.5497382,-6.1428939,
w69585393,,farm,landuse=farmland,53.5505665,-6.1352797,
w69585396,,farm,landuse=farmland,53.5322657,-6.1439943,
w69585397,,farm,landuse=farmland,53.5293341,-6.1366641,
w69585400,,farm,landuse=farmland,53.5457258,-6.1238657,
w69585404,,farm,landuse=farmland,53.548631,-6.1296089,
w69585405,,farm,landuse=farmland,53.5504441,-6.1253811,
w69585406,,farm,landuse=farmland,53.5533126,-6.1313366,
w69585407,,farm,landuse=farmland,53.5349617,-6.1414894,
w69585411,,farm,landuse=farmland,53.5363185,-6.129269,
w69585413,,farm,landuse=farmland,53.5382748,-6.1405054,
w69585416,,farm,landuse=farmland,53.5358095,-6.1446765,
w69585418,,farm,landuse=farmland,53.5430206,-6.1417084,
w69585420,,farm,landuse=farmland,53.5498847,-6.1385328,
w69585421,,farm,landuse=farmland,53.5414337,-6.1375169,
w69585424,,farm,landuse=farmland,53.5494496,-6.1521113,
w69585425,,farm,landuse=farmland,53.5486043,-6.1211262,
w69585426,,farm,landuse=farmland,53.5429175,-6.1241832,
w69585430,,farm,landuse=farmland,53.5378832,-6.1380709,
w69585431,,farm,landuse=farmland,53.5435573,-6.1519062,
w69585432,,farm,landuse=farmland,53.5489419,-6.1346198,
w69585433,,farm,landuse=farmland,53.5359232,-6.1472469,
w69585438,,farm,landuse=farmland,53.5449573,-6.1549777,
w69585439,,farm,landuse=farmland,53.5422614,-6.1464161,
w69585442,,farm,landuse=farmland,53.538588,-6.144255,
w69585443,,farm,landuse=farmland,53.5335381,-6.1523148,
w69585446,,farm,landuse=farmland,53.5512561,-6.1326363,
w69585447,,farm,landuse=farmland,53.5324461,-6.1524818,
w69585449,,farm,landuse=farmland,53.5461604,-6.1528265,
w69585450,,farm,landuse=farmland,53.5522294,-6.117541,
w69585451,,farm,landuse=farmland,53.5367272,-6.1498766,
w69585453,,farm,landuse=farmland,53.5445963,-6.1514709,
w69585455,,farm,landuse=farmland,53.5315159,-6.1474849,
w69585457,,farm,landuse=farmland,53.5479444,-6.1421296,
w69585459,Bells,farm,landuse=farmland,53.5283331,-6.1375092,
w69585461,,farm,landuse=farmland,53.5425473,-6.147156,
w69585462,,farm,landuse=farmland,53.5289075,-6.1550895,
w69585463,,farm,landuse=farmland,53.5428357,-6.1267521,
w69585464,,farm,landuse=farmland,53.5363841,-6.1386478,
w69585469,,farm,landuse=farmland,53.5464202,-6.1364895,
w69585470,,farm,landuse=farmland,53.5438236,-6.1308753,
w69585471,,farm,landuse=farmland,53.5311971,-6.1446109,
w69585474,,farm,landuse=farmland,53.5489636,-6.1447921,
w69585477,,farm,landuse=farmland,53.5475669,-6.1519459,
w69585478,,farm,landuse=farmland,53.5493379,-6.1540372,
w69585480,,farm,landuse=farmland,53.5399314,-6.1437153,
w69585482,,farm,landuse=farmland,53.5509141,-6.1149334,
w69585483,,farm,landuse=farmland,53.534356,-6.1372128,
w69585484,,farm,landuse=farmland,53.5426105,-6.1443401,
w69585486,,farm,landuse=farmland,53.5490339,-6.1396086,
w69585487,,farm,landuse=farmland,53.5496444,-6.1483586,
w69585489,,farm,landuse=farmland,53.5383179,-6.134565,
w69585492,,farm,landuse=farmland,53.5536726,-6.1494191,
w69585493,,farm,landuse=farmland,53.5364371,-6.148369,
w69585494,,farm,building=greenhouse,53.5421135,-6.1457296,
w69585499,,farm,landuse=farmland,53.5538451,-6.1227666,
w69585501,,farm,landuse=farmland,53.5340965,-6.1445886,
w69585503,,farm,landuse=farmland,53.5475342,-6.1397249,
w69585504,,farm,landuse=farmland,53.5450243,-6.1425972,
w69585505,,farm,landuse=farmland,53.5485184,-6.146601,
w69585506,,farm,landuse=farmland,53.5365728,-6.1354131,
w69585508,,farm,landuse=farmland,53.5277571,-6.1550087,
w69585509,,farm,landuse=farmland,53.5307885,-6.1528212,
w69585510,,farm,landuse=farmland,53.5322589,-6.1382623,
w69585511,,farm,landuse=farmland,53.5433821,-6.144236,
w69585512,,farm,landuse=farmland,53.5346696,-6.1390228,
w69585513,,farm,landuse=farmland,53.5438205,-6.1368699,
w69585519,,farm,landuse=farmland,53.5431425,-6.1396018,
w69585520,,farm,landuse=farmland,53.5507048,-6.142904,
w69585521,,farm,landuse=farmland,53.5416303,-6.1241794,
w69585523,,farm,landuse=farmland,53.5408608,-6.1294581,
w69585524,,farm,landuse=farmland,53.5395506,-6.147827,
w69585528,,farm,landuse=farmland,53.5422389,-6.1473378,
w69585529,,farm,landuse=farmland,53.5505473,-6.1410167,
w69585530,,farm,landuse=farmland,53.5372964,-6.1447174,
w69585531,,farm,landuse=farmland,53.5293014,-6.1450253,
w69585535,,farm,landuse=farmland,53.5399481,-6.1396013,
w69585540,,farm,landuse=farmland,53.5438482,-6.1483527,
w69585541,,farm,landuse=farmland,53.5339532,-6.1350793,
w69585550,,farm,landuse=farmland,53.5367053,-6.1411187,
w69585555,,farm,landuse=farmland,53.5548457,-6.1271233,
w69585557,,farm,landuse=farmland,53.5447444,-6.1262241,
w69585559,,farm,landuse=farmland,53.5395503,-6.13339,
w69585560,,farm,landuse=farmland,53.5413103,-6.1431721,
w69585562,,farm,landuse=farmland,53.5478064,-6.1354672,
w69585564,,farm,landuse=farmland,53.5492679,-6.1510895,
w69585565,,farm,landuse=farmland,53.5420846,-6.1491627,
w69585567,,farm,landuse=farmland,53.5467591,-6.1483131,
w69585569,,farm,landuse=farmland,53.547962,-6.1451638,
w69585571,,farm,landuse=farmland,53.5469135,-6.1538523,
w69585573,,farm,landuse=farmland,53.5512638,-6.1486347,
w69585574,,farm,landuse=farmland,53.5469312,-6.1294762,
w69585577,,farm,landuse=farmland,53.5340796,-6.1482257,
w69585581,,farm,landuse=farmland,53.5456822,-6.156834,
w69585582,,farm,landuse=farmland,53.5506843,-6.1462535,
w69585585,,farm,landuse=farmland,53.5396616,-6.137253,
w69585586,,farm,landuse=farmland,53.5419964,-6.1405262,
w69585588,,farm,landuse=greenhouse_horticulture,53.5310158,-6.1352465,
w69585593,,farm,landuse=farmland,53.5424321,-6.1506201,
w69597412,,farm,landuse=farmland,53.4361136,-6.151986,
w69597417,,farm,landuse=farmland,53.43546,-6.1450068,
w69597426,,farm,landuse=farmland,53.434875,-6.15074,
w69685762,,farm,landuse=farmland,53.5532617,-6.1367315,
w69685768,,farm,landuse=farmland,53.5546198,-6.1352775,
w69685770,,farm,landuse=farmland,53.5548943,-6.1507284,
w69685774,,farm,landuse=farmland,53.5567937,-6.1488007,
w69685778,,farm,building=greenhouse,53.5548856,-6.1514946,
w69685784,,farm,landuse=farmland,53.5595237,-6.1465284,
w69685787,,farm,landuse=farmland,53.5557764,-6.1338673,
w69685792,,farm,building=greenhouse,53.5551634,-6.1514978,
w69685793,,farm,landuse=farmland,53.5570977,-6.1437655,
w69685805,,farm,landuse=farmland,53.5549924,-6.138961,
w69685811,,farm,landuse=farmland,53.5528237,-6.1433788,
w69687027,,farm,landuse=farmland,53.5578104,-6.1043196,
w69687030,,farm,landuse=farmland,53.5660201,-6.1099173,
w69687031,,farm,landuse=allotments,53.5676277,-6.107187,
w69687032,,farm,landuse=farmland,53.5600176,-6.106588,
w69687034,,farm,landuse=farmland,53.5673153,-6.1038333,
w69687036,,farm,landuse=farmland,53.5688002,-6.1072035,
w69687038,,farm,landuse=farmland,53.5559971,-6.1104636,
w69687039,,farm,landuse=farmland,53.5641847,-6.1068128,
w69687040,,farm,landuse=farmland,53.5590037,-6.1114039,
w69687041,,farm,landuse=farmland,53.5565897,-6.1040506,
w69687042,,farm,landuse=farmland,53.5594937,-6.1082386,
w69687043,,farm,landuse=farmland,53.5627122,-6.1125283,
w69687045,,farm,landuse=farmland,53.5635995,-6.1101307,
w69687048,,farm,landuse=farmland,53.5558329,-6.1071269,
w69687050,,farm,landuse=farmland,53.561728,-6.1092927,
w69687051,,farm,landuse=farmland,53.5674998,-6.1006503,
w69687059,,farm,landuse=farmland,53.5570089,-6.1079929,
w69687068,,farm,landuse=farmland,53.5628565,-6.1107702,
w69687069,,farm,landuse=farmland,53.5553229,-6.1107993,
w69755160,,farm,building=greenhouse,53.5326788,-6.1099989,
w69755161,,farm,building=greenhouse,53.5295466,-6.1036674,
w69755162,,farm,building=greenhouse,53.5405082,-6.0926985,
w69755164,,farm,building=greenhouse,53.5289619,-6.1111104,
w69755165,,farm,building=greenhouse,53.5291878,-6.1130421,
w69755166,,farm,building=greenhouse,53.5288113,-6.1121033,
w69755167,,farm,building=greenhouse,53.5361202,-6.1034885,
w69755168,,farm,building=greenhouse,53.5392053,-6.1057099,
w69755169,,farm,building=greenhouse,53.5373431,-6.1012823,
w69755172,,farm,building=greenhouse,53.5392631,-6.1108844,
w69755173,,farm,building=greenhouse,53.5269773,-6.1142904,
w69755174,,farm,building=greenhouse,53.5323695,-6.1097963,
w69755175,,farm,building=greenhouse,53.5358288,-6.1034982,
w69755177,,farm,building=greenhouse,53.5313771,-6.1018312,
w69755180,,farm,building=greenhouse,53.5290792,-6.1045391,
w69755181,,farm,building=greenhouse,53.5390475,-6.1069206,
w69755183,,farm,building=greenhouse,53.5285077,-6.1122258,
w69755185,,farm,building=greenhouse,53.5277504,-6.1139852,
w69755187,,farm,building=greenhouse,53.5261944,-6.1104909,
w69755188,,farm,building=greenhouse,53.5312531,-6.1023927,
w69755190,,farm,building=greenhouse,53.5258856,-6.1112609,
w69755191,,farm,building=greenhouse,53.5398738,-6.1105972,
w69755192,,farm,building=greenhouse,53.5396696,-6.1086395,
w69755194,,farm,building=greenhouse,53.528071,-6.1114701,
w69755195,,farm,building=greenhouse,53.5276786,-6.1116367,
w69755196,,farm,building=greenhouse,53.5275874,-6.1126265,
w69755197,,farm,building=greenhouse,53.5342387,-6.1008062,
w69755198,,farm,building=greenhouse,53.533977,-6.1111706,
w69755199,,farm,building=greenhouse,53.5294263,-6.1046629,
w69755200,,farm,building=greenhouse,53.5290877,-6.1119917,
w69755201,,farm,building=greenhouse,53.5375457,-6.1016306,
w69755202,,farm,building=greenhouse,53.5403525,-6.1064376,
w69755204,,farm,building=greenhouse,53.5271745,-6.1118349,
w69755205,,farm,building=greenhouse,53.5329561,-6.1099272,
w69755206,,farm,building=greenhouse,53.5360823,-6.1002909,
w69755207,,farm,building=greenhouse,53.539592,-6.1080958,
w69755208,,farm,building=greenhouse,53.5286856,-6.111222,
w69755209,,farm,building=greenhouse,53.532511,-6.1105504,
w69755210,,farm,building=greenhouse,53.5281966,-6.1123514,
w69755211,,farm,building=greenhouse,53.5285939,-6.1140992,
w69755212,,farm,building=greenhouse,53.5291518,-6.1138758,
w69755213,,farm,building=greenhouse,53.5305494,-6.113039,
w69755214,,farm,building=greenhouse,53.5272427,-6.1141842,
w69755217,,farm,building=greenhouse,53.5362767,-6.1034054,
w69755218,,farm,building=greenhouse,53.5332258,-6.1098682,
w69755219,,farm,building=greenhouse,53.5262384,-6.1112997,
w69755220,,farm,building=greenhouse,53.5395597,-6.1055781,
w69755221,,farm,building=greenhouse,53.5274953,-6.1140858,
w69755222,,farm,building=greenhouse,53.5289084,-6.1131607,
w69755223,,farm,building=greenhouse,53.5378784,-6.1002548,
w69755224,,farm,building=greenhouse,53.5409052,-6.0928776,
w69755225,,farm,building=greenhouse,53.5375995,-6.1011719,
w69755226,,farm,building=greenhouse,53.5269708,-6.1128689,
w69755227,,farm,building=greenhouse,53.528623,-6.1132818,
w69755228,,farm,building=greenhouse,53.5408755,-6.0925322,
w69755229,,farm,building=greenhouse,53.5399257,-6.106594,
w69755230,,farm,building=greenhouse,53.5319086,-6.1010134,
w69755231,,farm,building=greenhouse,53.5283819,-6.1113446,
w69755232,,farm,building=greenhouse,53.539475,-6.10676,
w69755233,,farm,building=greenhouse,53.5258199,-6.1104446,
w69755234,,farm,building=greenhouse,53.5292189,-6.1035821,
w69755235,,farm,building=greenhouse,53.5311898,-6.1018272,
w69755236,,farm,building=greenhouse,53.5274102,-6.1117422,
w69755238,,farm,building=greenhouse,53.5315772,-6.101129,
w69755239,,farm,building=greenhouse,53.5299022,-6.1135232,
w69755240,,farm,building=greenhouse,53.5272839,-6.1127458,
w69755241,,farm,building=greenhouse,53.5407146,-6.1101715,
w69755242,,farm,building=greenhouse,53.5347794,-6.1008256,
w69755243,,farm,building=greenhouse,53.5269174,-6.1119359,
w69755244,,farm,building=greenhouse,53.5354205,-6.1036503,
w69755245,,farm,building=greenhouse,53.5422873,-6.1173423,
w69755247,,farm,building=greenhouse,53.5342608,-6.1110895,
w69755248,,farm,building=greenhouse,53.5288125,-6.1024062,
w69774811,,farm,landuse=farmland,53.5309865,-6.1114319,
w69774815,,farm,landuse=farmland,53.5459214,-6.111899,
w69774816,,farm,landuse=farmland,53.5396538,-6.0954115,
w69774818,,farm,landuse=farmland,53.535081,-6.1063982,
w69774819,,farm,landuse=farmland,53.5307271,-6.1079041,
w69774820,,farm,landuse=farmland,53.5442983,-6.1151902,
w69774825,,farm,landuse=farmland,53.5295088,-6.1011283,
w69774827,,farm,landuse=farmland,53.5414208,-6.1096066,
w69774828,,farm,landuse=farmland,53.5269786,-6.1087046,
w69774830,,farm,landuse=farmland,53.5258735,-6.109066,
w69774832,,farm,landuse=farmland,53.5357575,-6.1275208,
w69774839,,farm,landuse=farmland,53.5441182,-6.1001391,
w69774841,,farm,landuse=farmland,53.5252352,-6.1072678,
w69774843,,farm,landuse=farmland,53.5283498,-6.1089628,
w69774845,,farm,landuse=farmland,53.539742,-6.0969482,
w69774847,,farm,landuse=farmland,53.5419285,-6.0942093,
w69774851,,farm,landuse=farmland,53.5258932,-6.0989624,
w69774853,,farm,landuse=farmland,53.5424806,-6.1057958,
w69774854,,farm,landuse=farmland,53.5277844,-6.1068206,
w69774857,,farm,landuse=farmland,53.5406674,-6.1023288,
w69774858,,farm,landuse=farmland,53.5333465,-6.1188002,
w69774864,,farm,landuse=farmland,53.5283325,-6.1060814,
w69774878,,farm,landuse=farmland,53.5344448,-6.1232365,
w69774879,,farm,landuse=farmland,53.52945,-6.1094583,
w69774882,,farm,landuse=farmland,53.5311807,-6.1088733,
w69774884,,farm,landuse=farmland,53.5410417,-6.104895,
w69774886,,farm,landuse=farmland,53.5283596,-6.1042471,
w69774894,,farm,landuse=farmland,53.5430623,-6.1102848,
w69774895,,farm,landuse=farmland,53.5362078,-6.112273,
w69774897,,farm,landuse=farmland,53.5405986,-6.1137553,
w69774901,,farm,building=greenhouse,53.5336022,-6.1120468,
w69774903,,farm,landuse=farmland,53.5330913,-6.1155168,
w69774905,,farm,landuse=farmland,53.5454274,-6.109089,
w69774908,,farm,landuse=farmland,53.535912,-6.1107959,
w69774914,,farm,landuse=farmland,53.5336992,-6.1130375,
w69774917,,farm,landuse=farmland,53.5454938,-6.1168175,
w69774918,,farm,landuse=farmland,53.5366387,-6.1146474,
w69774920,,farm,landuse=farmland,53.5416758,-6.1080677,
w69774923,,farm,landuse=farmland,53.5349064,-6.1149243,
w69774925,,farm,landuse=farmland,53.5390578,-6.1208221,
w69774931,,farm,landuse=farmland,53.5377104,-6.117624,
w69774933,,farm,landuse=farmland,53.5372287,-6.106922,
w69774935,,farm,landuse=farmland,53.5277249,-6.1062044,
w69774943,,farm,landuse=farmland,53.5302263,-6.109321,
w69774945,,farm,landuse=farmland,53.5411096,-6.1196603,
w69774947,,farm,landuse=farmland,53.5244823,-6.1029939,
w69774949,,farm,landuse=farmland,53.5452064,-6.1063885,
w69774953,,farm,landuse=farmland,53.5271786,-6.1078337,
w69774954,,farm,landuse=farmland,53.5266019,-6.1062482,
w69774955,,farm,landuse=farmland,53.5435882,-6.1129932,
w69774958,,farm,landuse=farmland,53.5408374,-6.0967578,
w69774959,,farm,landuse=farmland,53.5421131,-6.1158693,
w69774962,,farm,landuse=farmland,53.5295553,-6.1117274,
w69774963,,farm,landuse=farmland,53.5412679,-6.0995455,
w69774968,,farm,landuse=farmland,53.5356575,-6.1091335,
w69774975,,farm,landuse=farmland,53.5303938,-6.1054907,
w69774984,,farm,landuse=farmland,53.5376289,-6.1092083,
w69774986,,farm,landuse=farmland,53.5443179,-6.102417,
w69774987,,farm,landuse=farmland,53.5375503,-6.1213558,
w69774989,,farm,landuse=farmland,53.5305885,-6.1176455,
w69774991,,farm,landuse=farmland,53.5302186,-6.111633,
w69774992,,farm,landuse=farmland,53.5381936,-6.112994,
w69774993,,farm,landuse=farmland,53.538988,-6.103916,
w69774998,,farm,landuse=farmland,53.5288256,-6.1061121,
w69775005,,farm,landuse=farmland,53.5428712,-6.1192445,
w69775011,,farm,landuse=farmland,53.5293066,-6.107994,
w69775015,,farm,landuse=farmland,53.5304325,-6.1165897,
w69775016,,farm,landuse=farmland,53.5278385,-6.105016,
w69775020,,farm,landuse=farmland,53.5419849,-6.1019292,
w69775026,,farm,landuse=farmland,53.5463588,-6.1163906,
w69775027,,farm,landuse=farmland,53.5314503,-6.1145039,
w69775036,,farm,landuse=farmland,53.5389088,-6.1017548,
w69775038,,farm,landuse=farmland,53.5354979,-6.1183134,
w69775042,,farm,landuse=farmland,53.5283792,-6.1031761,
w70191479,,farm,landuse=farmland,53.5490274,-6.1042244,
w70191480,,farm,landuse=farmland,53.5518998,-6.104074,
w70191481,,farm,landuse=farmland,53.5528189,-6.1109845,
w70191484,,farm,landuse=farmland,53.5540422,-6.1072912,
w70191485,,farm,landuse=farmland,53.5530385,-6.106706,
w70191486,,farm,landuse=farmland,53.5496057,-6.1097159,
w70191487,,farm,landuse=farmland,53.5510167,-6.1044314,
w70191488,,farm,landuse=farmland,53.5547804,-6.1040329,
w70191490,,farm,landuse=farmland,53.5480693,-6.1023055,
w70191491,,farm,landuse=farmland,53.5483052,-6.1146057,
w70191495,,farm,landuse=farmland,53.5528812,-6.1041432,
w70191496,,farm,landuse=farmland,53.5494216,-6.1117947,
w70191497,,farm,landuse=farmland,53.5495503,-6.1026573,
w70191498,,farm,landuse=farmland,53.5493435,-6.1135457,
w70191499,,farm,landuse=farmland,53.5516347,-6.1074572,
w70191502,,farm,landuse=farmland,53.5487711,-6.1106705,
w70191503,,farm,landuse=farmland,53.5489558,-6.1064093,
w70191504,,farm,landuse=farmland,53.548017,-6.1117932,
w70287795,,farm,landuse=farmland,53.5562342,-6.0959136,
w70287796,,farm,landuse=farmland,53.5496553,-6.0870711,
w70287797,,farm,landuse=farmland,53.5548361,-6.0903004,
w70287799,,farm,landuse=farmland,53.5561017,-6.084243,
w70287800,,farm,landuse=farmland,53.5492467,-6.0971912,
w70287801,,farm,landuse=farmland,53.5571824,-6.0958327,
w70287802,,farm,landuse=farmland,53.5533599,-6.0951005,
w70287806,,farm,landuse=farmland,53.5490138,-6.0814924,
w70287807,,farm,landuse=farmland,53.5517002,-6.0907478,
w70287808,,farm,landuse=farmland,53.552546,-6.0825981,
w70287810,,farm,landuse=farmland,53.5498131,-6.093921,
w70287813,,farm,landuse=farmland,53.5488304,-6.0844857,
w70287815,,farm,landuse=farmland,53.5483974,-6.090455,
w70287818,,farm,landuse=farmland,53.5503947,-6.0903587,
w70287819,,farm,landuse=farmland,53.5528783,-6.0869833,
w70287820,,farm,landuse=farmland,53.5555983,-6.0872082,
w70287826,,farm,landuse=farmland,53.552555,-6.0904979,
w70287830,,farm,landuse=farmland,53.5529968,-6.084937,
w70287831,,farm,landuse=farmland,53.552635,-6.0994587,
w70287832,,farm,landuse=farmland,53.5528165,-6.0933502,
w70287833,,farm,landuse=farmland,53.5570951,-6.0909814,
w70287834,,farm,landuse=farmland,53.5544036,-6.0831477,
w70287836,,farm,landuse=farmland,53.5481866,-6.0935248,
w70287837,,farm,landuse=farmland,53.5555719,-6.1001597,
w70287838,,farm,landuse=farmland,53.548773,-6.0998381,
w70287839,,farm,landuse=farmland,53.5512776,-6.0940917,
w70287841,,farm,landuse=farmland,53.555892,-6.0907668,
w70287843,,farm,landuse=farmland,53.5560588,-6.0980408,
w70287846,,farm,landuse=farmland,53.5507881,-6.0818695,
w70287849,,farm,landuse=farmland,53.5569323,-6.0938606,
w70288299,,farm,landuse=farmland,53.5594824,-6.1017122,
w70288300,,farm,landuse=farmland,53.5634244,-6.0938919,
w70288306,,farm,landuse=farmland,53.5630698,-6.0998174,
w70288307,,farm,landuse=farmland,53.5593327,-6.0869982,
w70288308,,farm,landuse=farmland,53.5628027,-6.1017892,
w70288309,,farm,landuse=farmland,53.5603304,-6.1016902,
w70288310,,farm,landuse=farmland,53.557432,-6.0999644,
w70288314,,farm,landuse=farmland,53.5623975,-6.0941395,
w70288316,,farm,landuse=farmland,53.5595138,-6.0893357,
w70288322,,farm,landuse=farmland,53.5579448,-6.0852087,
w70288325,,farm,landuse=farmland,53.5614094,-6.0992337,
w70288331,,farm,landuse=farmland,53.5629153,-6.096891,
w70288334,,farm,landuse=farmland,53.5625076,-6.0981675,
w70288335,,farm,landuse=farmland,53.5622822,-6.0909728,
w70288336,,farm,landuse=farmland,53.5583059,-6.0966404,
w70288338,,farm,landuse=farmland,53.5584682,-6.100803,
w70288340,,farm,landuse=farmland,53.5608474,-6.08885,
w70288341,,farm,landuse=farmland,53.558332,-6.0914122,
w70288346,,farm,landuse=farmland,53.5573905,-6.0882079,
w70288347,,farm,landuse=farmland,53.5600828,-6.0931231,
w70288349,,farm,landuse=farmland,53.559719,-6.0986705,
w70291097,,farm,landuse=farmland,53.4883799,-6.0218731,
w70321785,,farm,landuse=farmland,53.4926345,-6.2002299,
w70321786,,farm,landuse=farmland,53.4945001,-6.199303,
w70321787,,farm,landuse=farmland,53.4956073,-6.1952606,
w70321789,,farm,landuse=farmland,53.4960506,-6.1978399,
w70321790,,farm,landuse=farmland,53.5012373,-6.1951977,
w70321791,,farm,landuse=farmland,53.493711,-6.1998392,
w70321793,,farm,landuse=farmland,53.4979758,-6.1955115,
w70321796,,farm,landuse=farmland,53.49136,-6.1992375,
w70321798,,farm,landuse=farmland,53.4984757,-6.1982574,
w70321799,,farm,landuse=farmland,53.501873,-6.1967722,
w70321802,,farm,landuse=farmland,53.5030155,-6.1984712,
w70321803,,farm,landuse=farmland,53.4968784,-6.1979073,
w70321804,,farm,landuse=farmland,53.4960607,-6.2000643,
w70321805,,farm,landuse=farmland,53.4916863,-6.2013413,
w70321807,,farm,landuse=farmland,53.5074624,-6.2000203,
w70321808,,farm,landuse=farmland,53.4954615,-6.1984538,
w70321810,,farm,landuse=farmland,53.5027318,-6.1950412,
w70321811,,farm,landuse=farmland,53.4964413,-6.1953361,
w70390509,,farm,landuse=farmland,53.5492636,-6.1877188,
w70390511,,farm,landuse=farmland,53.5370338,-6.1623452,
w70390512,,farm,landuse=farmland,53.5376199,-6.1755899,
w70390518,,farm,landuse=farmland,53.5452666,-6.1803379,
w70390521,,farm,landuse=farmland,53.5390574,-6.1627842,
w70390523,,farm,landuse=farmland,53.5423779,-6.1816008,
w70390525,,farm,landuse=farmland,53.5396631,-6.1883052,
w70390527,,farm,landuse=farmland,53.5503575,-6.1637734,
w70390533,,farm,landuse=farmland,53.5535842,-6.1861252,
w70390534,,farm,landuse=farmland,53.5396274,-6.1765138,
w70390538,,farm,landuse=farmland,53.5504638,-6.1571104,
w70390540,,farm,landuse=farmland,53.5439964,-6.1711531,
w70390541,,farm,landuse=farmland,53.5472476,-6.180992,
w70390543,,farm,landuse=farmland,53.5416261,-6.1862732,
w70390545,,farm,landuse=farmland,53.5502195,-6.1841664,
w70390548,,farm,landuse=farmland,53.5370783,-6.1639726,
w70390554,,farm,landuse=farmland,53.5534143,-6.1593935,
w70390556,,farm,landuse=farmland,53.5354565,-6.1645183,
w70390557,,farm,landuse=farmland,53.5438446,-6.1624409,
w70390559,,farm,landuse=farmland,53.555518,-6.1627352,
w70390561,,farm,landuse=farmland,53.551796,-6.1599176,
w70390563,,farm,landuse=farmland,53.5448523,-6.1614373,
w70390564,,farm,landuse=farmland,53.5426986,-6.174528,
w70390570,,farm,landuse=farmland,53.5511959,-6.1835125,
w70390573,,farm,landuse=farmland,53.5375184,-6.1654358,
w70390575,,farm,landuse=farmland,53.5453579,-6.1632288,
w70390576,,farm,landuse=farmland,53.5547358,-6.1692248,
w70390580,,farm,landuse=farmland,53.5552348,-6.1832807,
w70390583,,farm,landuse=farmland,53.5459427,-6.1845682,
w70390585,,farm,landuse=farmland,53.5495316,-6.1566202,
w70390586,,farm,landuse=farmland,53.5543431,-6.1837136,
w70390588,,farm,landuse=farmland,53.533259,-6.1659529,
w70390590,,farm,landuse=farmland,53.5349748,-6.1782197,
w70390596,,farm,landuse=farmland,53.5421125,-6.1647551,
w70390598,,farm,landuse=farmland,53.5429213,-6.168838,
w70390601,,farm,landuse=farmland,53.5440007,-6.1886474,
w70390605,,farm,landuse=farmland,53.5495369,-6.1841968,
w70390608,,farm,landuse=farmland,53.5406101,-6.1822158,
w70390610,,farm,landuse=farmland,53.5347536,-6.1630698,
w70390611,,farm,landuse=farmland,53.5521644,-6.1620082,
w70390613,,farm,landuse=farmland,53.5593307,-6.1813174,
w70390615,,farm,landuse=farmland,53.5455838,-6.1676275,
w70390617,,farm,landuse=farmland,53.5355831,-6.166009,
w70390618,,farm,landuse=farmland,53.5566148,-6.1678632,
w70390621,,farm,landuse=farmland,53.5337316,-6.171014,
w70390622,,farm,landuse=farmland,53.5406054,-6.161981,
w70390623,,farm,landuse=farmland,53.5503463,-6.1550308,
w70390629,,farm,landuse=farmland,53.5463635,-6.1724819,
w70390630,,farm,landuse=farmland,53.5443461,-6.1774378,
w70390634,,farm,landuse=farmland,53.5407495,-6.1876313,
w70390640,,farm,landuse=farmland,53.5397732,-6.1874463,
w70390641,,farm,landuse=farmland,53.5400528,-6.1903857,
w70390643,,farm,landuse=farmland,53.5535081,-6.1842819,
w70390646,,farm,landuse=farmland,53.543014,-6.1666323,
w70390648,,farm,landuse=farmland,53.5401795,-6.1918999,
w70390653,,farm,landuse=farmland,53.5346607,-6.1703409,
w70390657,,farm,landuse=farmland,53.5484436,-6.1569885,
w70390664,,farm,landuse=farmland,53.538913,-6.1718516,
w70390667,,farm,landuse=farmland,53.5386193,-6.188629,
w70390668,,farm,landuse=farmland,53.540819,-6.1652471,
w70390677,,farm,landuse=farmland,53.5393871,-6.1848778,
w70390679,,farm,landuse=farmland,53.5508342,-6.1725174,
w70390683,,farm,landuse=farmland,53.5369685,-6.1721528,
w70390686,,farm,landuse=farmland,53.5324662,-6.1711659,
w70390689,,farm,landuse=farmland,53.5462236,-6.1881321,
w70390690,,farm,landuse=farmland,53.5411804,-6.1845719,
w70390693,,farm,landuse=farmland,53.5456789,-6.1816918,
w70390695,,farm,landuse=farmland,53.5393974,-6.1639849,
w70390698,,farm,landuse=farmland,53.5403444,-6.179891,
w70390699,,farm,landuse=farmland,53.5520057,-6.1781983,
w70390700,,farm,landuse=farmland,53.5480227,-6.1781993,
w70390704,,farm,landuse=farmland,53.5448099,-6.1819108,
w70390706,,farm,landuse=farmland,53.5527636,-6.1555767,
w70390711,,farm,landuse=farmland,53.551482,-6.1754247,
w70390712,,farm,landuse=farmland,53.5401714,-6.1672713,
w70390713,,farm,landuse=farmland,53.5499887,-6.1775274,
w70390716,,farm,landuse=farmland,53.539716,-6.1612389,
w70390723,,farm,landuse=farmland,53.5473398,-6.1678212,
w70390724,,farm,landuse=farmland,53.541142,-6.1706601,
w70390727,,farm,landuse=farmland,53.5538256,-6.1750018,
w70390730,,farm,landuse=farmland,53.5471267,-6.1642905,
w70390735,,farm,landuse=farmland,53.5442208,-6.1735677,
w70390740,,farm,landuse=farmland,53.539105,-6.190848,
w70390747,,farm,landuse=farmland,53.5361009,-6.1684035,
w70390749,,farm,landuse=farmland,53.5472156,-6.1843838,
w70390752,,farm,landuse=farmland,53.5436359,-6.1851299,
w70390756,,farm,landuse=farmland,53.5318301,-6.1678846,
w70390760,,farm,landuse=farmland,53.5338029,-6.1766397,
w70390761,,farm,landuse=farmland,53.5515356,-6.1570709,
w70390764,,farm,landuse=farmland,53.5408022,-6.1747084,
w70390765,,farm,landuse=farmland,53.5420526,-6.1898213,
w70390768,,farm,landuse=farmland,53.5611839,-6.1827653,
w70390769,,farm,landuse=farmland,53.5460907,-6.1779996,
w70390775,,farm,landuse=farmland,53.5426868,-6.178535,
w70390777,,farm,landuse=farmland,53.5522093,-6.1842233,
w70390778,,farm,landuse=farmland,53.5574001,-6.1720842,
w70390782,,farm,landuse=farmland,53.5514554,-6.1811345,
w70390785,,farm,landuse=farmland,53.5447731,-6.1848152,
w70390789,,farm,landuse=farmland,53.5417029,-6.1778305,
w70390790,,farm,landuse=farmland,53.5495601,-6.1600162,
w70390793,,farm,landuse=farmland,53.5437669,-6.181479,
w70390796,,farm,landuse=farmland,53.5568927,-6.1817263,
w70390799,,farm,landuse=farmland,53.5420413,-6.1615987,
w70390800,,farm,landuse=farmland,53.5546921,-6.1800036,
w70390801,,farm,landuse=farmland,53.5426241,-6.1856941,
w70390804,,farm,landuse=farmland,53.5485153,-6.1841332,
w70390806,,farm,landuse=farmland,53.5444461,-6.1665941,
w70390809,,farm,landuse=farmland,53.5489611,-6.1586333,
w70390810,,farm,landuse=farmland,53.5478742,-6.1656764,
w70390813,,farm,landuse=farmland,53.5391357,-6.1684409,
w70390814,,farm,landuse=farmland,53.5414487,-6.1669787,
w70390816,,farm,landuse=farmland,53.5381498,-6.1810377,
w70390819,,farm,landuse=farmland,53.5492267,-6.1690291,
w70390822,,farm,landuse=farmland,53.5379168,-6.1782855,
w70390824,,farm,landuse=farmland,53.5419207,-6.1880877,
w70390826,,farm,landuse=farmland,53.5393612,-6.1655423,
w70395839,,farm,landuse=farmland,53.5390056,-6.151022,
w70395844,,farm,landuse=farmland,53.5400451,-6.1569359,
w70395851,,farm,landuse=farmland,53.5342733,-6.1519039,
w70395852,,farm,landuse=farmland,53.5360181,-6.1528471,
w70395854,,farm,landuse=farmland,53.5365444,-6.1569369,
w70395861,,farm,landuse=farmland,53.5373761,-6.1521429,
w70395871,,farm,landuse=farmland,53.5438521,-6.1532615,
w70395875,,farm,landuse=farmland,53.5361795,-6.1585618,
w70708603,,farm,landuse=farmland,53.4379443,-6.2106921,
w70708617,,farm,landuse=farmland,53.4416946,-6.2220935,
w70708644,,farm,landuse=farmland,53.4423081,-6.2258891,
w70708645,,farm,landuse=farmland,53.4300252,-6.2191602,
w70708648,,farm,landuse=farmland,53.4381494,-6.2357524,
w70708650,,farm,landuse=farmland,53.4423421,-6.2309497,
w70708670,,farm,landuse=farmland,53.4406668,-6.234597,
w70708671,,farm,landuse=farmland,53.4387467,-6.2232192,
w70708672,,farm,landuse=farmland,53.4345635,-6.2175974,
w70708679,,farm,landuse=farmland,53.4360956,-6.2148111,
w70708680,,farm,landuse=farmland,53.4403527,-6.2116843,
w70708695,,farm,landuse=farmland,53.4384575,-6.214116,
w70726556,,farm,landuse=farmland,53.4999765,-6.2342745,
w70726557,,farm,landuse=farmland,53.5062166,-6.2418391,
w70726558,,farm,landuse=farmland,53.4954365,-6.2194917,
w70726565,,farm,landuse=farmland,53.4971531,-6.2485031,
w70726566,,farm,landuse=farmland,53.4936922,-6.254208,
w70726567,,farm,landuse=farmland,53.5031503,-6.2471288,
w70726568,,farm,landuse=farmland,53.5101824,-6.226315,
w70726575,,farm,landuse=farmland,53.4924538,-6.2545525,
w70726576,,farm,building=greenhouse,53.512204,-6.2129266,
w70726579,,farm,landuse=farmland,53.4956329,-6.217258,
w70726582,,farm,landuse=farmland,53.511556,-6.2648609,
w70726586,,farm,landuse=farmland,53.4998749,-6.2054178,
w70726588,,farm,landuse=farmland,53.4936093,-6.2351069,
w70726589,,farm,landuse=farmland,53.4952345,-6.2313568,
w70726592,,farm,landuse=farmland,53.500467,-6.2077611,
w70726601,,farm,landuse=farmland,53.503396,-6.2019053,
w70726605,,farm,landuse=farmland,53.5032071,-6.2057781,
w70726606,,farm,landuse=farmland,53.4978763,-6.2342361,
w70726607,,farm,landuse=farmland,53.4944541,-6.2483073,
w70726608,,farm,landuse=farmland,53.4939358,-6.2044709,
w70726610,,farm,landuse=farmland,53.4909339,-6.2671526,
w70726614,,farm,landuse=farmland,53.5072068,-6.2082696,
w70726618,,farm,landuse=farmland,53.5044453,-6.2117296,
w70726625,,farm,landuse=farmland,53.4906613,-6.2183892,
w70726630,,farm,landuse=farmland,53.5077631,-6.2115819,
w70726631,,farm,landuse=farmland,53.5018847,-6.239891,
w70726632,,farm,landuse=farmland,53.5014038,-6.2127717,
w70726634,,farm,landuse=farmland,53.4948519,-6.2105224,
w70726635,,farm,landuse=farmland,53.509273,-6.2429798,
w70726638,,farm,landuse=farmland,53.4953132,-6.2330118,
w70726641,,farm,landuse=farmland,53.5032341,-6.21687,
w70726642,,farm,landuse=farmland,53.50601,-6.2469415,
w70726645,,farm,landuse=farmland,53.5056081,-6.2231614,
w70726647,,farm,landuse=farmland,53.4926355,-6.2155303,
w70726649,,farm,landuse=farmland,53.5123795,-6.237367,
w70726659,,farm,landuse=farmland,53.4902202,-6.2359052,
w70726665,,farm,landuse=farmland,53.5058241,-6.2448518,
w70726666,,farm,building=greenhouse,53.4915113,-6.2255282,
w70726669,,farm,landuse=farmland,53.5152843,-6.2520618,
w70726680,,farm,landuse=farmland,53.4945116,-6.2085625,
w70726682,,farm,landuse=farmland,53.5129683,-6.2291554,
w70726686,,farm,landuse=farmland,53.4926993,-6.2408617,
w70726693,,farm,landuse=farmland,53.4891652,-6.2265077,
w70726702,,farm,building=greenhouse,53.5114077,-6.222826,
w70726707,,farm,landuse=farmland,53.5107719,-6.2507723,
w70726712,,farm,landuse=farmland,53.4975723,-6.2182404,
w70726729,,farm,landuse=farmland,53.494132,-6.2372203,
w70726730,,farm,landuse=farmland,53.4984099,-6.2176799,
w70726736,,farm,landuse=farmland,53.5041182,-6.2211861,
w70726737,,farm,landuse=farmland,53.4981665,-6.2397723,
w70726738,,farm,building=greenhouse,53.4995723,-6.2273808,
w70726739,,farm,landuse=farmland,53.501363,-6.2291444,
w70726740,,farm,landuse=farmland,53.4975595,-6.2665566,
w70726743,,farm,landuse=farmland,53.5028954,-6.2435456,
w70726744,,farm,landuse=farmland,53.4969797,-6.2156826,
w70726746,,farm,landuse=farmland,53.5116086,-6.2341914,
w70726748,,farm,landuse=farmland,53.4960389,-6.2039074,
w70726749,,farm,landuse=farmland,53.5020109,-6.2236676,
w70726751,,farm,landuse=farmland,53.4967166,-6.2072204,
w70726755,,farm,building=greenhouse,53.4922612,-6.2522772,
w70726758,,farm,landuse=farmland,53.4915339,-6.2455881,
w70726759,,farm,landuse=farmland,53.5121919,-6.2630109,
w70726760,,farm,landuse=farmland,53.4977794,-6.2123608,
w70726761,,farm,landuse=farmland,53.5096526,-6.2389782,
w70726762,,farm,landuse=farmland,53.5103333,-6.2204238,
w70726769,,farm,landuse=farmland,53.5155052,-6.257714,
w70726770,,farm,landuse=farmland,53.4878964,-6.2371878,
w70726772,,farm,landuse=farmland,53.5146652,-6.2468263,
w70726773,,farm,landuse=farmland,53.4943184,-6.2070328,
w70726774,,farm,landuse=farmland,53.496372,-6.2730108,
w70726775,,farm,landuse=farmland,53.4930848,-6.2325682,
w70726777,,farm,landuse=farmland,53.4980716,-6.2033428,
w70726778,,farm,landuse=farmland,53.5001661,-6.2247243,
w70726779,,farm,landuse=farmland,53.5131552,-6.2614138,
w70726781,,farm,landuse=farmland,53.498209,-6.2144958,
w70726783,,farm,landuse=farmland,53.4985647,-6.2078561,
w70726784,,farm,landuse=farmland,53.4976401,-6.2247324,
w70726788,,farm,landuse=farmland,53.5179316,-6.2566961,
w70726790,,farm,landuse=farmland,53.5049624,-6.204662,
w70726793,,farm,landuse=farmland,53.4958039,-6.2154225,
w70726796,,farm,landuse=farmland,53.4999833,-6.2159708,
w70726800,,farm,landuse=farmland,53.507917,-6.2142881,
w70726801,,farm,landuse=farmland,53.5121523,-6.2588656,
w70726804,,farm,landuse=farmland,53.4973574,-6.2357335,
w70726807,,farm,landuse=farmland,53.491342,-6.2555589,
w70726815,,farm,landuse=farmland,53.4900424,-6.2585984,
w70726818,,farm,landuse=farmland,53.5148257,-6.2483004,
w70726822,,farm,landuse=farmland,53.5125829,-6.2313059,
w70726824,,farm,landuse=farmland,53.4942661,-6.2679915,
w70726829,,farm,landuse=farmland,53.4917603,-6.2356758,
w70726832,,farm,landuse=farmland,53.5107192,-6.2629326,
w70726834,,farm,landuse=farmland,53.4962132,-6.2373017,
w70726835,,farm,landuse=farmland,53.4991842,-6.2453257,
w70726836,,farm,landuse=farmland,53.5132494,-6.2574514,
w70726837,,farm,landuse=farmland,53.4959017,-6.2217965,
w70726838,,farm,landuse=farmland,53.5116671,-6.2267109,
w70726840,,farm,landuse=farmland,53.5058037,-6.2095714,
w70726843,,farm,landuse=farmland,53.5108897,-6.2312872,
w70726845,,farm,landuse=farmland,53.5062968,-6.2486284,
w70726848,,farm,landuse=farmland,53.49346,-6.2607002,
w70726849,,farm,landuse=farmland,53.4931038,-6.2561451,
w70726850,,farm,landuse=farmland,53.5056062,-6.2278676,
w70726851,,farm,building=greenhouse,53.48959,-6.2155819,
w70726852,,farm,landuse=farmland,53.5058039,-6.2640316,
w70726856,,farm,landuse=farmland,53.5020978,-6.2344846,
w70726859,,farm,landuse=farmland,53.4906462,-6.2297414,
w70726861,,farm,landuse=farmland,53.5101192,-6.2339707,
w70726863,,farm,landuse=farmland,53.4968046,-6.2286018,
w70726865,,farm,landuse=farmland,53.5061388,-6.2340083,
w70726870,,farm,landuse=farmland,53.4921892,-6.2383176,
w70726872,,farm,landuse=farmland,53.4958355,-6.2466415,
w70726873,,farm,landuse=farmland,53.4931182,-6.2433752,
w70726875,,farm,landuse=farmland,53.4911883,-6.2512276,
w70726879,,farm,landuse=farmland,53.5085512,-6.247631,
w70726880,,farm,landuse=farmland,53.4978239,-6.2642289,
w70726881,,farm,landuse=farmland,53.4896193,-6.2195133,
w70726882,,farm,landuse=farmland,53.4969564,-6.2099383,
w70726884,,farm,landuse=farmland,53.4933167,-6.2506827,
w70726886,,farm,landuse=farmland,53.5130034,-6.2339431,
w70726888,,farm,landuse=farmland,53.5172927,-6.2585821,
w70726889,,farm,landuse=farmland,53.4912863,-6.2325186,
w70726890,,farm,landuse=farmland,53.4947459,-6.2429999,
w70726893,,farm,landuse=farmland,53.4928028,-6.217768,
w70726894,,farm,landuse=farmland,53.4945721,-6.2395714,
w70726897,,farm,landuse=farmland,53.4928258,-6.2211063,
w70726899,,farm,landuse=farmland,53.5085926,-6.2642361,
w70726900,,farm,landuse=farmland,53.504192,-6.2636014,
w70726910,,farm,landuse=farmland,53.4908242,-6.2102838,
w70726914,,farm,landuse=farmland,53.487575,-6.2115267,
w70726915,,farm,landuse=farmland,53.5051376,-6.2593014,
w70726916,,farm,landuse=farmland,53.5013104,-6.2097125,
w70726921,,farm,building=greenhouse,53.5110488,-6.2231174,
w70738385,,farm,landuse=farmland,53.564127,-6.2904908,
w70738388,,farm,landuse=farmland,53.5814376,-6.2961317,
w70738395,,farm,landuse=farmland,53.5848637,-6.2927116,
w70738396,,farm,landuse=farmland,53.5658191,-6.2941642,
w70738400,,farm,landuse=farmland,53.5575606,-6.2870019,
w70738418,,farm,landuse=farmland,53.5672147,-6.2797249,
w70738422,,farm,landuse=farmland,53.5674267,-6.3099973,
w70738432,,farm,landuse=farmland,53.5578248,-6.30997,
w70738434,,farm,landuse=farmland,53.5663323,-6.3044651,
w70738436,,farm,landuse=farmland,53.5698041,-6.3016855,
w70738438,,farm,landuse=farmland,53.5631973,-6.2885853,
w70738440,,farm,landuse=farmland,53.5601967,-6.311611,
w70738446,,farm,landuse=farmland,53.5657545,-6.2893837,
w70738448,,farm,landuse=farmland,53.5763577,-6.3002705,
w70738450,,farm,landuse=allotments,53.5688285,-6.3131149,
w70738453,,farm,landuse=farmland,53.5579237,-6.27913,
w70738455,,farm,landuse=farmland,53.5577675,-6.2914508,
w70738458,,farm,landuse=farmland,53.5711587,-6.2892269,
w70738459,,farm,landuse=farmland,53.5822015,-6.2956671,
w70738468,,farm,landuse=farmland,53.5742302,-6.2921023,
w70738469,,farm,landuse=farmland,53.5623226,-6.308053,
w70738474,,farm,landuse=farmland,53.5596569,-6.3090546,
w70738477,,farm,landuse=farmland,53.5696559,-6.2947389,
w70738481,,farm,landuse=farmland,53.5596034,-6.2734523,
w70738483,,farm,landuse=farmland,53.5639986,-6.301203,
w70738486,,farm,landuse=farmland,53.5583426,-6.3141453,
w70738489,,farm,landuse=farmland,53.5747074,-6.3038546,
w70738496,,farm,landuse=farmland,53.5717253,-6.2842883,
w70738500,,farm,landuse=farmland,53.5718602,-6.2921641,
w70738501,,farm,landuse=farmland,53.5781995,-6.2940983,
w70738509,,farm,landuse=farmland,53.5822227,-6.2935472,
w70738512,,farm,landuse=farmland,53.5689481,-6.2905553,
w70738516,,farm,landuse=farmland,53.5641377,-6.298013,
w70738520,,farm,landuse=farmland,53.5786394,-6.2890099,
w70738523,,farm,landuse=farmland,53.564352,-6.3146997,
w70738525,,farm,landuse=farmland,53.5657868,-6.2914771,
w70738528,,farm,landuse=farmland,53.5719122,-6.3092698,
w70738533,,farm,landuse=farmland,53.5580516,-6.3041213,
w70738537,,farm,landuse=farmland,53.5614975,-6.2869984,
w70738542,,farm,landuse=farmland,53.5740308,-6.2992405,
w70738550,,farm,landuse=farmland,53.5758098,-6.3073906,
w70738554,,farm,landuse=farmland,53.566424,-6.2852995,
w70738557,,farm,landuse=farmland,53.5588694,-6.2791136,
w70738560,,farm,landuse=farmland,53.5809309,-6.3041203,
w70738563,,farm,landuse=farmland,53.5676763,-6.2919789,
w70738564,,farm,landuse=farmland,53.5760805,-6.2967925,
w70738575,,farm,landuse=farmland,53.5791815,-6.302865,
w70738581,,farm,landuse=farmland,53.5804635,-6.3002868,
w70738584,,farm,landuse=farmland,53.5689648,-6.3071692,
w70738587,,farm,landuse=farmland,53.5676488,-6.2952699,
w70738589,,farm,landuse=farmland,53.5595945,-6.2878985,
w70738598,,farm,landuse=farmland,53.5711711,-6.2929299,
w70738599,,farm,landuse=farmland,53.5802922,-6.2865912,
w70738602,,farm,landuse=farmland,53.583225,-6.2939643,
w70738604,,farm,landuse=farmland,53.5608686,-6.3046591,
w70738607,,farm,landuse=farmland,53.5641951,-6.2920061,
w70738609,,farm,landuse=farmland,53.5750351,-6.2996685,
w70738612,,farm,landuse=farmland,53.5788823,-6.2967001,
w70738614,,farm,landuse=farmland,53.5677005,-6.2974832,
w70738615,,farm,landuse=farmland,53.5580944,-6.2951986,
w70738620,,farm,landuse=farmland,53.5658501,-6.3102453,
w70738623,,farm,landuse=farmland,53.5607837,-6.2913219,
w70738624,,farm,landuse=farmland,53.5738995,-6.2856192,
w70738628,,farm,landuse=farmland,53.5695325,-6.2889049,
w70738629,,farm,landuse=farmland,53.5655883,-6.2796066,
w70738631,,farm,landuse=farmland,53.561849,-6.2978982,
w70738632,,farm,landuse=farmland,53.5805113,-6.2960962,
w70738633,,farm,landuse=farmland,53.5759604,-6.3019008,
w70738636,,farm,landuse=farmland,53.5769549,-6.3101663,
w70738637,,farm,landuse=farmland,53.573852,-6.3103545,
w70738638,,farm,landuse=farmland,53.569906,-6.2972709,
w70738639,,farm,landuse=farmland,53.5656669,-6.3149339,
w70738642,,farm,landuse=farmland,53.5822455,-6.3015345,
w70738646,,farm,landuse=farmland,53.5657766,-6.2976403,
w70738647,,farm,landuse=farmland,53.5723484,-6.2885892,
w70738648,,farm,landuse=farmland,53.5736605,-6.3071919,
w70738649,,farm,landuse=farmland,53.5731105,-6.2892397,
w70738651,,farm,landuse=farmland,53.5674607,-6.2890059,
w70738653,,farm,landuse=farmland,53.5808331,-6.2888,
w70738658,,farm,landuse=farmland,53.5826291,-6.3005499,
w70738661,,farm,landuse=farmland,53.5613843,-6.2771549,
w70738663,,farm,landuse=farmland,53.5674574,-6.2867885,
w70738666,,farm,landuse=farmland,53.5776852,-6.3085569,
w70738670,,farm,landuse=farmland,53.5750024,-6.2875378,
w70738671,,farm,landuse=farmland,53.5648045,-6.3057944,
w70738672,,farm,landuse=farmland,53.56294,-6.3127841,
w70738676,,farm,landuse=farmland,53.5658502,-6.3008084,
w70738680,,farm,landuse=farmland,53.5806347,-6.2912314,
w70738681,,farm,landuse=farmland,53.5631676,-6.2941145,
w70738684,,farm,landuse=farmland,53.5614819,-6.2817553,
w70738685,,farm,landuse=farmland,53.5631621,-6.2827043,
w70738687,,farm,landuse=farmland,53.561296,-6.2940975,
w70738692,,farm,landuse=farmland,53.5805163,-6.3065752,
w70738695,,farm,landuse=farmland,53.5601093,-6.2855945,
w70738696,,farm,landuse=farmland,53.5764671,-6.2989833,
w70738698,,farm,landuse=farmland,53.5817112,-6.3025937,
w70738699,,farm,landuse=farmland,53.5685254,-6.2810599,
w70738702,,farm,landuse=farmland,53.5788817,-6.2992269,
w70738706,,farm,landuse=farmland,53.5834002,-6.2959118,
w70738711,,farm,landuse=farmland,53.5796494,-6.3085069,
w70738713,,farm,landuse=farmland,53.567922,-6.3020015,
w70738714,,farm,landuse=farmland,53.5716266,-6.3074321,
w70738717,,farm,landuse=farmland,53.5725985,-6.2879233,
w70738719,,farm,landuse=farmland,53.5629668,-6.3034352,
w70738721,,farm,landuse=farmland,53.5711201,-6.3119714,
w70738722,,farm,landuse=farmland,53.5643669,-6.2945469,
w70738728,,farm,landuse=farmland,53.5658231,-6.2830573,
w70738729,,farm,landuse=farmland,53.5694759,-6.2840166,
w70738730,,farm,landuse=farmland,53.5834586,-6.2976693,
w70738732,,farm,landuse=farmland,53.5609318,-6.3015228,
w70738733,,farm,landuse=farmland,53.5814888,-6.2936264,
w70738734,,farm,landuse=farmland,53.5656009,-6.2882858,
w70738735,,farm,landuse=farmland,53.5587568,-6.2828074,
w70738736,,farm,landuse=farmland,53.5697757,-6.2866343,
w70755955,,farm,landuse=farmland,53.4095206,-6.1555539,
w70755960,,farm,landuse=farmland,53.411445,-6.1551298,
w70755974,,farm,landuse=farmland,53.4096951,-6.1412708,
w70783505,,farm,landuse=farmland,53.5345413,-6.0893723,
w70783507,,farm,landuse=farmland,53.5443379,-6.0952893,
w70783517,,farm,landuse=farmland,53.5349746,-6.0869749,
w70783522,,farm,landuse=farmland,53.5378228,-6.0883043,
w70783543,,farm,building=greenhouse,53.539051,-6.0893535,
w70783545,,farm,landuse=farmland,53.5397075,-6.0864544,
w70783548,,farm,landuse=farmland,53.5327453,-6.0868588,
w70783555,,farm,landuse=farmland,53.5394216,-6.0906828,
w70783556,,farm,landuse=farmland,53.5400111,-6.0924243,
w70783565,,farm,landuse=farmland,53.5430319,-6.0932526,
w70783578,,farm,landuse=farmland,53.537606,-6.0863924,
w70783582,,farm,landuse=farmland,53.5442494,-6.0927461,
w70783596,,farm,landuse=farmland,53.533961,-6.089117,
w70783597,,farm,landuse=farmland,53.5373984,-6.0847478,
w70783603,,farm,landuse=farmland,53.5408675,-6.0856529,
w70783608,,farm,landuse=farmland,53.534501,-6.0879863,
w70783610,,farm,landuse=farmland,53.5449555,-6.0898248,
w70783612,,farm,landuse=farmland,53.5359963,-6.0847918,
w70783613,,farm,landuse=farmland,53.5362777,-6.0870364,
w70783616,,farm,landuse=farmland,53.5389596,-6.0871374,
w70783619,,farm,landuse=farmland,53.5403784,-6.0906243,
w70783621,,farm,landuse=farmland,53.5456324,-6.093227,
w70783624,,farm,landuse=farmland,53.5325744,-6.0889998,
w70783625,,farm,landuse=farmland,53.53261,-6.0906579,
w70783628,,farm,landuse=farmland,53.5410768,-6.0896339,
w70783630,,farm,building=greenhouse,53.5395051,-6.0890832,
w70783632,,farm,building=greenhouse,53.5315201,-6.0908701,
w70783633,,farm,landuse=farmland,53.5381601,-6.0911164,
w70783638,,farm,landuse=farmland,53.5365866,-6.0896124,
w70783639,,farm,landuse=farmland,53.5314092,-6.0988664,
w70783644,,farm,landuse=farmland,53.5446719,-6.0864875,
w70783645,,farm,landuse=farmland,53.5442192,-6.0979146,
w70783657,,farm,landuse=farmland,53.5331679,-6.0875663,
w70783658,,farm,building=greenhouse,53.5311403,-6.0908674,
w70783670,,farm,landuse=farmland,53.5429717,-6.0887922,
w70783675,,farm,landuse=farmland,53.5475927,-6.0967493,
w70783677,,farm,landuse=farmland,53.5379626,-6.0896161,
w71317901,,farm,landuse=farmland,53.5384251,-6.3049752,
w71317902,,farm,landuse=farmland,53.5345597,-6.2745689,
w71317908,,farm,landuse=farmland,53.5458161,-6.3231573,
w71317909,,farm,landuse=farmland,53.5278246,-6.2887914,
w71317910,,farm,building=greenhouse,53.5381284,-6.2923737,
w71317912,,farm,landuse=farmland,53.5520126,-6.3193247,
w71317919,,farm,landuse=farmland,53.5501923,-6.2758591,
w71317924,,farm,landuse=farmland,53.5515176,-6.3006024,
w71317925,,farm,building=greenhouse,53.5277836,-6.3004664,
w71317928,,farm,landuse=farmland,53.535902,-6.3071153,
w71317930,,farm,landuse=farmland,53.5331737,-6.3060103,
w71317933,,farm,landuse=farmland,53.5444186,-6.3032697,
w71317934,,farm,landuse=farmland,53.552435,-6.2919545,
w71317935,,farm,landuse=farmland,53.5363947,-6.2895748,
w71317937,,farm,landuse=farmland,53.5359993,-6.2798953,
w71317938,,farm,landuse=farmland,53.5383846,-6.2991643,
w71317939,,farm,landuse=farmland,53.5308271,-6.2931605,
w71317943,,farm,landuse=farmland,53.5454433,-6.3063415,
w71317945,,farm,landuse=farmland,53.5386657,-6.3217044,
w71317950,,farm,landuse=farmland,53.5433419,-6.3210968,
w71317951,,farm,landuse=farmland,53.5348099,-6.2843032,
w71317954,,farm,landuse=farmland,53.5416861,-6.3184943,
w71317956,,farm,landuse=farmland,53.5472248,-6.2763881,
w71317963,,farm,landuse=farmland,53.535169,-6.2803921,
w71317964,,farm,landuse=farmland,53.5299533,-6.3054294,
w71317965,,farm,landuse=farmland,53.5326033,-6.3041818,
w71317966,,farm,landuse=farmland,53.5459755,-6.3119428,
w71317969,,farm,landuse=farmland,53.5444365,-6.2832954,
w71317970,,farm,landuse=farmland,53.5402272,-6.284892,
w71317973,,farm,landuse=farmland,53.5386575,-6.290629,
w71317975,,farm,landuse=farmland,53.5559856,-6.2991681,
w71317976,,farm,landuse=farmland,53.5363248,-6.2764479,
w71317977,,farm,landuse=farmland,53.5335534,-6.275652,
w71317979,,farm,landuse=farmland,53.5462718,-6.2888888,
w71317980,,farm,landuse=farmland,53.5548117,-6.2764739,
w71317987,,farm,landuse=farmland,53.5358351,-6.2728301,
w71317989,,farm,landuse=farmland,53.5547988,-6.2841206,
w71317992,,farm,landuse=farmland,53.5470254,-6.3138248,
w71317994,,farm,landuse=farmland,53.5460724,-6.3190696,
w71317995,,farm,landuse=farmland,53.5553209,-6.2924244,
w71317996,,farm,landuse=farmland,53.5561849,-6.3149725,
w71317997,,farm,landuse=farmland,53.5488796,-6.2863501,
w71317998,,farm,landuse=farmland,53.5215827,-6.2717319,
w71317999,,farm,landuse=farmland,53.5558365,-6.3195881,
w71318000,,farm,building=greenhouse,53.5281873,-6.3002178,
w71318001,,farm,landuse=farmland,53.5389558,-6.3210431,
w71318003,,farm,landuse=farmland,53.5464725,-6.2786307,
w71318005,,farm,landuse=farmland,53.5383806,-6.2970321,
w71318006,,farm,landuse=farmland,53.5363309,-6.30018,
w71318008,,farm,landuse=farmland,53.5408356,-6.2989346,
w71318009,,farm,landuse=farmland,53.5342713,-6.3083947,
w71318010,,farm,landuse=farmland,53.5499048,-6.2814167,
w71318015,,farm,landuse=farmland,53.5463634,-6.3087075,
w71318016,,farm,landuse=farmland,53.5348819,-6.2940258,
w71318019,,farm,landuse=farmland,53.5395445,-6.3089694,
w71318022,,farm,landuse=farmland,53.5417462,-6.2752513,
w71318024,,farm,landuse=farmland,53.5486927,-6.2763653,
w71318025,,farm,landuse=farmland,53.5508247,-6.3167237,
w71318032,,farm,landuse=farmland,53.5537031,-6.3154335,
w71318033,,farm,landuse=farmland,53.5444903,-6.3134561,
w71318035,,farm,landuse=farmland,53.5415306,-6.3064777,
w71318036,,farm,landuse=farmland,53.5557785,-6.3139704,
w71318037,,farm,landuse=farmland,53.5516415,-6.3044851,
w71318038,,farm,landuse=farmland,53.5489245,-6.3107612,
w71318039,,farm,landuse=farmland,53.5414472,-6.295695,
w71318041,,farm,landuse=farmland,53.5543692,-6.2964952,
w71318043,,farm,landuse=farmland,53.5543348,-6.2881335,
w71318044,,farm,landuse=farmland,53.5359763,-6.3129458,
w71318045,,farm,landuse=farmland,53.5398567,-6.2778513,
w71318046,,farm,landuse=farmland,53.5314719,-6.3047955,
w71318047,,farm,landuse=farmland,53.5531965,-6.299176,
w71318048,,farm,landuse=farmland,53.5340382,-6.2885739,
w71318049,,farm,landuse=farmland,53.5542535,-6.3195814,
w71318051,,farm,landuse=farmland,53.5451244,-6.3155343,
w71318053,,farm,landuse=farmland,53.5508606,-6.2891424,
w71318055,,farm,landuse=farmland,53.5434729,-6.2759022,
w71318056,,farm,landuse=farmland,53.5557211,-6.296614,
w71318057,,farm,landuse=farmland,53.5532048,-6.2739518,
w71318058,,farm,landuse=farmland,53.5399395,-6.3148916,
w71318060,,farm,landuse=farmland,53.5491759,-6.2903043,
w71318063,,farm,landuse=farmland,53.5426145,-6.3051556,
w71318064,,farm,building=greenhouse,53.5396891,-6.2929588,
w71318065,,farm,landuse=farmland,53.5532049,-6.2851013,
w71318067,,farm,landuse=farmland,53.5439035,-6.3110589,
w71318069,,farm,landuse=farmland,53.5519171,-6.2860376,
w71318070,,farm,landuse=farmland,53.5395578,-6.2739105,
w71318073,,farm,landuse=farmland,53.553935,-6.2928733,
w71318074,,farm,landuse=farmland,53.5481695,-6.2790098,
w71318075,,farm,landuse=farmland,53.5242272,-6.2903242,
w71318076,,farm,landuse=farmland,53.5327668,-6.2898276,
w71318079,,farm,landuse=farmland,53.5501622,-6.2849339,
w71318080,,farm,landuse=farmland,53.5349005,-6.2913312,
w71318082,,farm,landuse=farmland,53.5424759,-6.2835552,
w71318083,,farm,landuse=farmland,53.5429365,-6.2914603,
w71318084,,farm,landuse=farmland,53.5494068,-6.3207429,
w71318085,,farm,building=greenhouse,53.5382475,-6.2928176,
w71318087,,farm,landuse=farmland,53.5526957,-6.2955232,
w71318088,,farm,landuse=farmland,53.5316887,-6.2949568,
w71318089,,farm,landuse=farmland,53.5545992,-6.3023976,
w71318090,,farm,landuse=farmland,53.5400783,-6.28166,
w71318093,,farm,landuse=farmland,53.54874,-6.3156894,
w71318096,,farm,landuse=farmland,53.5265055,-6.2959935,
w71318097,,farm,landuse=farmland,53.5481968,-6.274173,
w71318098,,farm,landuse=farmland,53.5481884,-6.2833092,
w71318099,,farm,landuse=farmland,53.5325343,-6.2847574,
w71318103,,farm,landuse=farmland,53.538519,-6.284048,
w71318105,,farm,landuse=farmland,53.5544529,-6.2808782,
w71318108,,farm,landuse=farmland,53.5526447,-6.2886833,
w71318110,,farm,landuse=farmland,53.5413999,-6.286911,
w71318113,,farm,landuse=farmland,53.5457605,-6.2977346,
w71318114,,farm,landuse=farmland,53.5401157,-6.3200783,
w71318115,,farm,landuse=farmland,53.5312745,-6.2892833,
w71318116,,farm,landuse=farmland,53.5527041,-6.3208515,
w71318117,,farm,landuse=farmland,53.5368876,-6.3023582,
w71318118,,farm,landuse=farmland,53.542729,-6.3155823,
w71318119,,farm,landuse=farmland,53.5320913,-6.2921636,
w71318124,,farm,landuse=farmland,53.555738,-6.3215096,
w71318125,,farm,landuse=farmland,53.5567475,-6.2791244,
w71318129,,farm,landuse=farmland,53.535357,-6.2967263,
w71318130,,farm,landuse=farmland,53.5347801,-6.3036948,
w71318132,,farm,landuse=farmland,53.552488,-6.2763479,
w71318134,,farm,landuse=farmland,53.5439783,-6.2995017,
w71318135,,farm,landuse=farmland,53.5534086,-6.2767485,
w71318136,,farm,landuse=farmland,53.5418364,-6.2798811,
w71318138,,farm,landuse=farmland,53.552004,-6.2782168,
w71318139,,farm,landuse=farmland,53.5428958,-6.2967699,
w71318141,,farm,landuse=farmland,53.5382211,-6.2805169,
w71318143,,farm,landuse=farmland,53.5510982,-6.2964211,
w71318145,,farm,landuse=farmland,53.5330758,-6.2739503,
w71318147,,farm,landuse=farmland,53.5370353,-6.3222146,
w71318148,,farm,landuse=farmland,53.5455983,-6.2816535,
w71318152,,farm,landuse=farmland,53.5338478,-6.2982948,
w71318160,,farm,landuse=farmland,53.5562997,-6.3172145,
w71318161,,farm,landuse=farmland,53.534161,-6.2718688,
w71318165,,farm,landuse=farmland,53.5372242,-6.2919233,
w71318167,,farm,landuse=farmland,53.5447371,-6.2747339,
w71318172,,farm,landuse=farmland,53.5490781,-6.301056,
w71318177,,farm,landuse=farmland,53.5552669,-6.3157135,
w71318180,,farm,landuse=farmland,53.5353562,-6.2774341,
w71318181,,farm,landuse=farmland,53.5465601,-6.3014199,
w71318188,,farm,landuse=farmland,53.5356202,-6.2984124,
w71318189,,farm,landuse=farmland,53.5343983,-6.3005027,
w71318191,,farm,landuse=farmland,53.5437395,-6.2792353,
w71318192,,farm,landuse=farmland,53.5378963,-6.2741438,
w71318193,,farm,landuse=farmland,53.5503721,-6.2784056,
w71318194,,farm,landuse=farmland,53.5336716,-6.280874,
w71318196,,farm,landuse=farmland,53.5415945,-6.3014181,
w71318197,,farm,landuse=farmland,53.5483256,-6.2937181,
w71318198,,farm,landuse=farmland,53.5515087,-6.31795,
w71318204,,farm,landuse=farmland,53.5515338,-6.2758358,
w71318205,,farm,landuse=farmland,53.5329947,-6.3100107,
w71318207,,farm,landuse=farmland,53.541786,-6.2927871,
w71318208,,farm,landuse=farmland,53.5488615,-6.3060307,
w71318209,,farm,landuse=farmland,53.5554926,-6.2802337,
w71318210,,farm,landuse=farmland,53.5317387,-6.2810984,
w71318211,,farm,landuse=farmland,53.5363707,-6.283581,
w71318212,,farm,landuse=farmland,53.5507432,-6.2926316,
w71318213,,farm,landuse=farmland,53.55524,-6.3174671,
w71318214,,farm,landuse=farmland,53.5526092,-6.3081055,
w71318218,,farm,landuse=farmland,53.5321363,-6.3099439,
w71318221,,farm,building=greenhouse,53.5376889,-6.2927589,
w71318222,,farm,landuse=farmland,53.5393488,-6.2868514,
w71318225,,farm,landuse=farmland,53.5428815,-6.3084304,
w71318226,,farm,landuse=farmland,53.5523673,-6.2836863,
w71318227,,farm,landuse=farmland,53.5452975,-6.2940797,
w71318229,,farm,landuse=farmland,53.5337077,-6.278132,
w71318231,,farm,landuse=farmland,53.5485826,-6.2968464,
w71318233,,farm,landuse=farmland,53.5554842,-6.3109072,
w71318234,,farm,landuse=farmland,53.5336972,-6.2936405,
w71318239,,farm,landuse=farmland,53.5552051,-6.2739266,
w71318241,,farm,landuse=farmland,53.5368206,-6.2968016,
w71318243,,farm,landuse=farmland,53.5412671,-6.2839123,
w71318245,,farm,landuse=farmland,53.5373377,-6.3113276,
w71318248,,farm,landuse=farmland,53.5523698,-6.2813815,
w71318249,,farm,landuse=farmland,53.5531903,-6.3129361,
w71318250,,farm,landuse=farmland,53.550164,-6.3143598,
w71318251,,farm,landuse=farmland,53.5476403,-6.3105918,
w71318256,,farm,landuse=farmland,53.5312522,-6.2999501,
w71318257,,farm,landuse=farmland,53.5528581,-6.3108448,
w71318259,,farm,landuse=farmland,53.5440272,-6.2896941,
w71318260,,farm,landuse=farmland,53.5366272,-6.2873966,
w71318262,,farm,building=greenhouse,53.5393475,-6.2939378,
w71318263,,farm,landuse=farmland,53.5387038,-6.3010737,
w71318265,,farm,landuse=farmland,53.5403673,-6.2899847,
w71318266,,farm,landuse=farmland,53.5552816,-6.2989432,
w71391306,,farm,landuse=farmland,53.5192207,-6.2438119,
w71391312,,farm,landuse=farmland,53.5280923,-6.2456796,
w71391313,,farm,landuse=farmland,53.520637,-6.2380204,
w71391315,,farm,landuse=farmland,53.5372811,-6.2412422,
w71391317,,farm,landuse=farmland,53.5174934,-6.2497158,
w71391319,,farm,landuse=farmland,53.5386881,-6.2378133,
w71391321,,farm,landuse=farmland,53.5215253,-6.2377686,
w71391324,,farm,landuse=farmland,53.5375571,-6.242922,
w71391327,,farm,landuse=farmland,53.5229536,-6.2588256,
w71391330,,farm,landuse=farmland,53.5297899,-6.2413631,
w71391332,,farm,landuse=farmland,53.5329041,-6.2455966,
w71391334,,farm,landuse=farmland,53.535733,-6.2431354,
w71391341,,farm,landuse=farmland,53.5262123,-6.2412129,
w71391344,,farm,landuse=farmland,53.5363415,-6.2471056,
w71391357,,farm,landuse=farmland,53.5182767,-6.2374505,
w71391363,,farm,landuse=farmland,53.5226154,-6.2379182,
w71391368,,farm,landuse=farmland,53.5321653,-6.2482079,
w71391373,,farm,landuse=farmland,53.519959,-6.2380576,
w71391379,,farm,landuse=farmland,53.5238869,-6.2397397,
w71391403,,farm,landuse=farmland,53.5350162,-6.2390576,
w71391405,,farm,landuse=farmland,53.5367574,-6.2386621,
w71391406,,farm,landuse=farmland,53.5200011,-6.2503892,
w71391415,,farm,landuse=farmland,53.5318021,-6.2449564,
w71391424,,farm,landuse=farmland,53.5384265,-6.2440288,
w71391430,,farm,landuse=farmland,53.5381116,-6.2387436,
w71391436,,farm,landuse=farmland,53.5227406,-6.2485194,
w71391443,,farm,landuse=farmland,53.5236328,-6.2364936,
w71391455,,farm,landuse=farmland,53.5197598,-6.2465608,
w71391463,,farm,landuse=farmland,53.5218182,-6.2540164,
w71391471,,farm,landuse=farmland,53.5236915,-6.2514095,
w71391474,,farm,landuse=farmland,53.5253831,-6.2459046,
w71391479,,farm,landuse=farmland,53.5251349,-6.2550508,
w71391481,,farm,landuse=farmland,53.5274136,-6.2384753,
w71391484,,farm,landuse=farmland,53.5390713,-6.2425983,
w71391487,,farm,landuse=farmland,53.5320203,-6.2377689,
w71391491,,farm,landuse=farmland,53.5382238,-6.2394677,
w71391494,,farm,landuse=farmland,53.538571,-6.2457381,
w71391497,,farm,landuse=farmland,53.5297389,-6.2452486,
w71391500,,farm,landuse=farmland,53.5330179,-6.237922,
w71391511,,farm,landuse=farmland,53.5219291,-6.2452743,
w71391524,,farm,landuse=farmland,53.5235981,-6.2564603,
w71391542,,farm,landuse=farmland,53.5254401,-6.2373557,
w71391550,,farm,landuse=farmland,53.5380084,-6.2380444,
w71391554,,farm,landuse=farmland,53.5196131,-6.2589255,
w71391563,,farm,landuse=farmland,53.5237398,-6.2376883,
w71391578,,farm,landuse=farmland,53.5267398,-6.2365667,
w71391585,,farm,landuse=farmland,53.5361673,-6.2445202,
w71391596,,farm,landuse=farmland,53.5281712,-6.2414932,
w71391609,,farm,landuse=farmland,53.5193918,-6.2409405,
w71391619,,farm,landuse=farmland,53.5268832,-6.2495486,
w71391622,,farm,landuse=farmland,53.5257654,-6.2511225,
w71391625,,farm,landuse=farmland,53.5219426,-6.2408238,
w71391636,,farm,landuse=farmland,53.5158638,-6.237502,
w71391643,,farm,landuse=farmland,53.5305247,-6.2491391,
w71391652,,farm,landuse=farmland,53.5286957,-6.2497993,
w71391666,,farm,landuse=farmland,53.5277725,-6.2418953,
w71391672,,farm,landuse=farmland,53.5386395,-6.2369331,
w71391679,,farm,landuse=farmland,53.521242,-6.2587556,
w71391692,,farm,landuse=farmland,53.5259114,-6.2392,
w71391698,,farm,landuse=farmland,53.5284724,-6.2375995,
w71391700,,farm,landuse=farmland,53.5352534,-6.2415412,
w71391709,,farm,landuse=farmland,53.5319055,-6.2408144,
w71396726,,farm,landuse=farmland,53.4928303,-6.2485964,
w75861858,,farm,landuse=farmland,53.5291555,-6.320734,
w75861860,,farm,landuse=farmland,53.5253326,-6.3181693,
w75861861,,farm,landuse=farmland,53.5334603,-6.3203322,
w75861863,,farm,landuse=farmland,53.531695,-6.3138236,
w75861868,,farm,landuse=farmland,53.5296564,-6.315215,
w75861873,,farm,landuse=farmland,53.5307168,-6.3188971,
w75861877,,farm,landuse=farmland,53.5357118,-6.321692,
w75861883,,farm,landuse=farmland,53.5317508,-6.3200044,
w75861885,,farm,landuse=farmland,53.5303151,-6.3198456,
w75861887,,farm,landuse=farmland,53.5349777,-6.3222292,
w75861888,,farm,landuse=farmland,53.5320225,-6.3150268,
w75861891,,farm,landuse=orchard,53.5289458,-6.313766,
w75861901,,farm,landuse=farmland,53.5283554,-6.3251286,
w75861902,,farm,landuse=farmland,53.5278773,-6.3168219,
w75861904,,farm,landuse=orchard,53.531358,-6.3136036,
w77632087,Goatstown Allotments,farm,landuse=allotments,53.2943122,-6.227695,
w81012447,Alpine House,farm,building=greenhouse,53.3715483,-6.2709839,
w81012451,Conservatory,farm,building=greenhouse,53.3713081,-6.2706093,
w82204796,,farm,landuse=farmland,53.2319988,-6.1623196,
w83614056,,farm,landuse=farmland,53.2428396,-6.2228375,
w86328677,,farm,landuse=farmland,53.275849,-6.4566495,
w86328679,,farm,landuse=farmland,53.2747347,-6.4559789,
w86392613,,farm,landuse=farmland,53.2468072,-6.3923002,
w86402401,,farm,landuse=farmland,53.2367441,-6.4337878,
w86402403,,farm,landuse=farmland,53.2377355,-6.4278383,
w86402404,,farm,landuse=farmland,53.2338886,-6.4299413,
w86402410,,farm,landuse=farmland,53.237556,-6.4313035,
w86402413,,farm,landuse=farmland,53.2387645,-6.4281156,
w86402414,,farm,landuse=farmland,53.2364496,-6.4285824,
w86402416,,farm,landuse=farmland,53.2351348,-6.4315038,
w86402419,,farm,landuse=farmland,53.2371397,-6.4270879,
w86402423,,farm,landuse=farmland,53.2340925,-6.4338532,
w86402429,,farm,landuse=farmland,53.2378516,-6.4295716,
w86402430,,farm,landuse=farmland,53.2341043,-6.4267091,
w86402432,,farm,landuse=farmland,53.2353556,-6.4271253,
w86402434,,farm,landuse=farmland,53.2364349,-6.4453483,
w86402436,,farm,landuse=farmland,53.2360803,-6.4324732,
w86402442,,farm,landuse=farmland,53.2354208,-6.434373,
w86402446,,farm,landuse=farmland,53.2340097,-6.4357154,
w87029134,,farm,landuse=farmland,53.2232583,-6.1252671,
w87029191,,farm,landuse=farmland,53.2158287,-6.1247275,
w89435431,,farm,landuse=farmland,53.2490041,-6.2197029,
w104475988,,farm,landuse=farmland,53.2658436,-6.2516592,
w104475989,,farm,landuse=farmland,53.2634091,-6.2482093,
w104475991,,farm,landuse=farmland,53.2568882,-6.2476052,
w104476000,,farm,landuse=farmland,53.2622207,-6.2332299,
w104476001,,farm,landuse=farmland,53.2659814,-6.2483998,
w104476008,,farm,landuse=farmland,53.2580319,-6.2472418,
w104478967,,farm,landuse=farmland,53.2597221,-6.239721,
w104478969,,farm,landuse=farmland,53.2607876,-6.23938,
w104478974,,farm,landuse=farmland,53.2580662,-6.239154,
w104478976,,farm,landuse=farmland,53.25863,-6.2391412,
w104682358,,farm,landuse=farmland,53.2452512,-6.2207193,
w110684209,,farm,landuse=farmland,53.4083712,-6.1552308,
w112571374,,farm,landuse=farmland,53.2476698,-6.1760604,
w118422525,,farm,landuse=farmland,53.2435567,-6.2164812,
w129237495,,farm,landuse=farmland,53.5337972,-6.0996662,
w160105404,Beech Park Allotments,farm,landuse=allotments,53.3832407,-6.4273639,
w226406660,Grattan Crescent Allotments,farm,landuse=allotments,53.3412128,-6.318019,
w228095831,Turvey Allotments,farm,landuse=allotments,53.4938683,-6.1863605,
w228095832,Turvey Allotments,farm,landuse=allotments,53.4933411,-6.1833908,
w228694849,Pearse College Allotments,farm,landuse=allotments,53.3281482,-6.2948315,
w229442476,Howth Allotments,farm,landuse=allotments,53.3832234,-6.0581115,
w229532041,,farm,landuse=farmland,53.266851,-6.2598065,
w229532053,,farm,landuse=farmland,53.2664698,-6.2570534,
w229654442,,farm,landuse=farmland,53.2546172,-6.2544354,
w229654443,,farm,landuse=farmland,53.2537536,-6.2528651,
w229654446,,farm,landuse=farmland,53.2553224,-6.2527073,
w229654830,,farm,landuse=farmland,53.2561488,-6.2557792,
w230515580,,farm,landuse=farmland,53.2501413,-6.2531122,
w230516231,,farm,landuse=farmland,53.2610968,-6.3054561,
w230516232,,farm,landuse=farmland,53.2592064,-6.3062704,
w230516237,,farm,landuse=farmland,53.2581119,-6.3084763,
w230550712,,farm,landuse=farmland,53.2567078,-6.2768974,
w230550715,,farm,landuse=farmland,53.2503243,-6.2761875,
w230550718,,farm,landuse=farmland,53.2499227,-6.2752272,
w230551627,,farm,landuse=farmland,53.2511062,-6.2773276,
w239252396,,farm,landuse=farmland,53.2431535,-6.3136817,
w240033067,,farm,landuse=farmland,53.3834933,-6.3392818,
w240323631,,farm,landuse=farmland,53.3059233,-6.2326523,
w240323641,,farm,landuse=farmland,53.3040352,-6.2328834,
w243323390,,farm,landuse=farmland,53.2698998,-6.3148756,
w244860210,,farm,landuse=farmland,53.2460418,-6.3145597,
w244860213,,farm,landuse=farmland,53.2475972,-6.3101119,
w244860215,,farm,landuse=farmland,53.251159,-6.3053558,
w244860216,,farm,landuse=farmland,53.2532364,-6.3074421,
w244860217,,farm,landuse=farmland,53.2451324,-6.311033,
w244860218,,farm,landuse=farmland,53.2504237,-6.3089657,
w245081869,,farm,landuse=farmland,53.2482914,-6.3060696,
w245081871,,farm,landuse=farmland,53.2431271,-6.3080834,
w245081878,,farm,landuse=farmland,53.2539585,-6.3047523,
w245081880,,farm,landuse=farmland,53.2549013,-6.3054942,
w245081882,,farm,landuse=farmland,53.2480584,-6.3040562,
w245081889,,farm,landuse=farmland,53.2547069,-6.3079484,
w245081890,,farm,landuse=farmland,53.247686,-6.3072514,
w245081892,,farm,landuse=farmland,53.2534224,-6.3109635,
w253388904,,farm,landuse=farmland,53.5305764,-6.3016704,
w253458354,,farm,landuse=farmland,53.5122361,-6.2529,
w253458355,,farm,landuse=farmland,53.4951641,-6.2511987,
w253458359,,farm,landuse=farmland,53.5097234,-6.2592633,
w256115432,,farm,landuse=farmland,53.607994,-6.17192,
w256183878,,farm,landuse=farmland,53.3353522,-6.4138548,
w259389413,,farm,landuse=farmland,53.3324136,-6.4834299,
w259390739,,farm,landuse=farmland,53.334294,-6.4636369,
w259390746,,farm,landuse=farmland,53.3310091,-6.4721544,
w259402148,,farm,landuse=farmland,53.3784837,-6.4143044,
w259432643,,farm,landuse=farmland,53.3066038,-6.5372788,
w259432644,,farm,landuse=farmland,53.3133037,-6.5200211,
w259435073,,farm,landuse=farmland,53.294483,-6.5368222,
w259441750,,farm,landuse=farmland,53.3217901,-6.5028284,
w260319429,,farm,landuse=farmland,53.341865,-6.4939569,
w260320057,,farm,landuse=farmland,53.3472947,-6.4925096,
w260320062,,farm,landuse=farmland,53.3473343,-6.4966732,
w260320965,,farm,landuse=farmland,53.3184445,-6.5187246,
w261877942,Bohernabreena Allotments,farm,landuse=allotments,53.255221,-6.3588247,
w264526225,,farm,landuse=farmland,53.2520282,-6.519227,
w264528557,,farm,landuse=farmland,53.2351705,-6.469742,
w274210703,,farm,landuse=farmland,53.2537983,-6.2927919,
w275473718,,farm,landuse=farmland,53.3096493,-6.4600929,
w275477980,,farm,landuse=farmland,53.2662667,-6.5186719,
w275477983,,farm,landuse=farmland,53.2835453,-6.5368502,
w275503310,,farm,landuse=farmland,53.2892972,-6.5199093,
w275503315,,farm,landuse=farmland,53.29218,-6.5175002,
w275503319,,farm,landuse=farmland,53.2739749,-6.5110759,
w275503327,,farm,landuse=farmland,53.2727938,-6.5146793,
w275512909,,farm,landuse=farmland,53.3237064,-6.4613852,
w275969982,,farm,building=greenhouse,53.5194578,-6.1231072,
w275969984,,farm,building=greenhouse,53.5188126,-6.123329,
w277548916,,farm,landuse=farmland,53.3617036,-6.3974426,
w277548922,,farm,landuse=farmland,53.361325,-6.3907994,
w277557661,Mill Lane allotments,farm,landuse=allotments,53.3571917,-6.3641568,
w277584174,,farm,landuse=farmland,53.3778881,-6.4488499,
w277584206,,farm,landuse=farmland,53.3831147,-6.4530419,
w277707903,,farm,landuse=farmland,53.3790973,-6.4635106,
w277711110,,farm,landuse=farmland,53.3865345,-6.4422108,
w277711114,,farm,landuse=farmland,53.3848498,-6.4469277,
w281165064,,farm,landuse=farmland,53.4373931,-6.2984437,
w281165066,,farm,landuse=farmland,53.4369854,-6.3009256,
w281165067,,farm,landuse=farmland,53.4371614,-6.2978628,
w281165068,,farm,landuse=farmland,53.4357684,-6.3001876,
w281165069,,farm,landuse=farmland,53.4348291,-6.2990449,
w281184955,,farm,landuse=farmland,53.434169,-6.297147,
w281184956,,farm,landuse=farmland,53.4375352,-6.3024648,
w281184958,,farm,landuse=farmland,53.4235879,-6.3074203,
w281184960,,farm,landuse=farmland,53.4388458,-6.2995075,
w281184961,,farm,landuse=farmland,53.4382202,-6.3029909,
w281184962,,farm,landuse=farmland,53.4395403,-6.3027043,
w281184964,,farm,landuse=farmland,53.4382857,-6.3047157,
w281184965,,farm,landuse=farmland,53.4380155,-6.3054806,
w281184966,,farm,landuse=farmland,53.4375539,-6.3046889,
w281184967,,farm,landuse=farmland,53.4379052,-6.2916834,
w281184968,,farm,landuse=farmland,53.4389951,-6.2908587,
w281184970,,farm,landuse=farmland,53.440266,-6.2908103,
w281695633,,farm,landuse=farmland,53.4188097,-6.3024411,
w281695635,,farm,landuse=farmland,53.4187193,-6.2971436,
w285648361,,farm,landuse=farmland,53.4150547,-6.2622961,
w285648362,,farm,landuse=farmland,53.4148102,-6.2572655,
w286814556,,farm,landuse=farmland,53.4118246,-6.251746,
w286814557,,farm,landuse=farmland,53.4157005,-6.2502338,
w286814558,,farm,landuse=farmland,53.4144313,-6.2541512,
w286814564,,farm,landuse=farmland,53.4115868,-6.2632047,
w286814565,,farm,landuse=farmland,53.4115088,-6.2873121,
w286814568,,farm,landuse=farmland,53.4122392,-6.2919675,
w286814569,,farm,landuse=farmland,53.4101658,-6.2898761,
w286814570,,farm,landuse=farmland,53.4096131,-6.2901947,
w286814571,,farm,landuse=farmland,53.409101,-6.2904465,
w286814572,,farm,landuse=farmland,53.4085883,-6.2916359,
w286814573,,farm,landuse=farmland,53.4105495,-6.2917575,
w286814574,,farm,landuse=farmland,53.4100164,-6.2920644,
w286814575,,farm,landuse=farmland,53.4096799,-6.2842915,
w286814579,,farm,landuse=farmland,53.4132747,-6.2956074,
w286814581,,farm,landuse=farmland,53.417161,-6.2969875,
w286814582,,farm,landuse=farmland,53.4100243,-6.2944388,
w286814583,,farm,landuse=farmland,53.4090837,-6.2946286,
w286814584,,farm,landuse=farmland,53.4085321,-6.2949291,
w286814585,,farm,landuse=farmland,53.4085594,-6.2971698,
w286814586,,farm,landuse=farmland,53.4096426,-6.2966971,
w286863216,,farm,landuse=farmland,53.4102814,-6.3020503,
w286863217,,farm,landuse=farmland,53.4127322,-6.3013133,
w286863219,,farm,landuse=farmland,53.4105932,-6.3045488,
w286863221,,farm,landuse=farmland,53.4109901,-6.3060941,
w286863222,,farm,landuse=farmland,53.4124599,-6.3050884,
w286863225,,farm,landuse=farmland,53.4145013,-6.3049275,
w286863227,,farm,landuse=farmland,53.4146767,-6.3018517,
w286863229,,farm,landuse=farmland,53.4145917,-6.3002378,
w286863230,,farm,landuse=farmland,53.4171724,-6.3025963,
w287315375,,farm,landuse=farmland,53.423884,-6.311672,
w287315387,,farm,landuse=farmland,53.4252341,-6.3078426,
w291765944,,farm,building=greenhouse,53.3640915,-6.322495,
w292184643,,farm,building=greenhouse,53.3730516,-6.2719079,
w294033890,,farm,landuse=farmland,53.3829333,-6.3281955,
w295282340,,farm,landuse=farmland,53.3786512,-6.2590142,
w296752284,,farm,building=greenhouse,53.3872016,-6.2899915,
w303327402,,farm,landuse=farmland,53.3013689,-6.4240649,
w303327404,,farm,landuse=farmland,53.3014928,-6.4285711,
w303327413,,farm,landuse=farmland,53.3043832,-6.4241482,
w303327415,,farm,landuse=farmland,53.3016037,-6.4327285,
w303374015,,farm,landuse=farmland,53.3087281,-6.5025876,
w303985925,,farm,landuse=farmland,53.2471671,-6.2681349,
w304079417,,farm,landuse=farmland,53.2497279,-6.2765074,
w304095570,,farm,landuse=farmland,53.2507057,-6.2922837,
w304095571,,farm,landuse=farmland,53.2511444,-6.290947,
w304201658,,farm,landuse=farmland,53.2449274,-6.2641567,
w304201665,,farm,landuse=farmland,53.2457822,-6.26665,
w304202069,,farm,landuse=farmland,53.2494823,-6.2890553,
w304267591,,farm,building=greenhouse,53.2884229,-6.2340788,
w304429166,,farm,landuse=farmland,53.2348944,-6.3701446,
w304728887,,farm,landuse=farmland,53.3015843,-6.4364049,
w304961835,,farm,landuse=farmland,53.252741,-6.2534428,
w304961846,,farm,landuse=farmland,53.2576132,-6.2575167,
w304965638,,farm,landuse=farmland,53.2582395,-6.2505662,
w304965640,,farm,landuse=farmland,53.2595036,-6.2493781,
w304965641,,farm,landuse=farmland,53.2602453,-6.2474991,
w305047462,,farm,landuse=farmland,53.2645755,-6.2642939,
w305471395,,farm,landuse=farmland,53.2486998,-6.4927832,
w305479654,,farm,landuse=farmland,53.2498031,-6.4814904,
w305481971,,farm,landuse=farmland,53.2534268,-6.5023292,
w305481974,,farm,landuse=farmland,53.2544893,-6.5039532,
w305481978,,farm,landuse=farmland,53.2569872,-6.5087102,
w305682670,,farm,landuse=farmland,53.2558383,-6.2858029,
w305962093,,farm,landuse=farmland,53.2333809,-6.4490132,
w305962101,,farm,landuse=farmland,53.2359493,-6.4541988,
w305963083,,farm,landuse=farmland,53.2514128,-6.5033547,
w306026162,,farm,landuse=farmland,53.2323306,-6.4442567,
w306181040,,farm,landuse=farmland,53.2125389,-6.4004467,
w306183280,,farm,landuse=farmland,53.2299682,-6.4071007,
w306183286,,farm,landuse=farmland,53.2325579,-6.4026042,
w306185056,,farm,landuse=farmland,53.2254329,-6.4147094,
w306185057,,farm,landuse=farmland,53.2253941,-6.4069551,
w306185058,,farm,landuse=farmland,53.2250052,-6.4122552,
w306185059,,farm,landuse=farmland,53.2272103,-6.4134889,
w306449167,,farm,landuse=farmland,53.25053,-6.3017039,
w306449168,,farm,landuse=farmland,53.2474297,-6.2998276,
w306812902,,farm,landuse=farmland,53.2435332,-6.3077519,
w306813639,,farm,landuse=farmland,53.2442765,-6.31215,
w306823010,,farm,landuse=farmland,53.255328,-6.3240026,
w306823011,,farm,landuse=farmland,53.254469,-6.3266897,
w306839231,,farm,landuse=farmland,53.2417197,-6.3213368,
w307043812,,farm,landuse=farmland,53.2410914,-6.3154163,
w307043814,,farm,landuse=farmland,53.2409259,-6.3153276,
w307501628,,farm,landuse=farmland,53.2679043,-6.3142285,
w307501637,,farm,landuse=farmland,53.2641425,-6.3199938,
w307503793,,farm,landuse=farmland,53.270082,-6.3079902,
w307503795,,farm,landuse=farmland,53.2681489,-6.310371,
w307503798,,farm,landuse=farmland,53.2698469,-6.3098249,
w307506361,,farm,landuse=farmland,53.2556729,-6.3054809,
w307506363,,farm,landuse=farmland,53.2565467,-6.3093587,
w307506364,,farm,landuse=farmland,53.2572446,-6.3163897,
w307506365,,farm,landuse=farmland,53.2553391,-6.3134554,
w307508409,,farm,landuse=farmland,53.2576479,-6.3059433,
w307639207,,farm,landuse=farmland,53.2586609,-6.3026951,
w307921398,,farm,landuse=farmland,53.2685498,-6.2976526,
w307923605,,farm,landuse=farmland,53.259479,-6.3084023,
w307923606,,farm,landuse=farmland,53.2629913,-6.3046771,
w307924295,,farm,landuse=farmland,53.2628539,-6.309432,
w307924296,,farm,landuse=farmland,53.2636515,-6.3074249,
w307927176,,farm,landuse=farmland,53.2472741,-6.3021407,
w307928614,,farm,landuse=farmland,53.2460224,-6.3001763,
w307928618,,farm,landuse=farmland,53.246853,-6.3038594,
w307950363,,farm,landuse=farmland,53.2476339,-6.3311806,
w307950369,,farm,landuse=farmland,53.2474097,-6.3248831,
w307951176,,farm,landuse=farmland,53.254388,-6.3092526,
w307952334,,farm,landuse=farmland,53.2480527,-6.3068244,
w308289352,,farm,landuse=allotments,53.2057929,-6.1261284,
w312586141,,farm,landuse=farmland,53.5572354,-6.2717432,
w312586143,,farm,landuse=farmland,53.5596351,-6.2702779,
w312586145,,farm,landuse=farmland,53.5570536,-6.2700973,
w312587057,,farm,landuse=farmland,53.5574129,-6.2672304,
w312587058,,farm,landuse=farmland,53.5571717,-6.2647625,
w312588054,,farm,landuse=farmland,53.5555856,-6.2663949,
w312588057,,farm,landuse=farmland,53.5569684,-6.2622383,
w312588058,,farm,landuse=farmland,53.5538981,-6.2638365,
w312589655,,farm,landuse=farmland,53.555241,-6.2758838,
w312593375,,farm,landuse=farmland,53.5534073,-6.2715379,
w318233617,Friarstown Allotments,farm,landuse=allotments,53.2603838,-6.3598336,
w318873419,,farm,landuse=greenhouse_horticulture,53.2855017,-6.3360938,
w321417020,,farm,landuse=farmland,53.3183353,-6.4902095,
w322562248,,farm,landuse=farmland,53.5200684,-6.0950219,
w324366517,,farm,landuse=farmland,53.3877622,-6.3613428,
w324481067,,farm,landuse=farmland,53.3949385,-6.3506998,
w324481068,,farm,landuse=farmland,53.3966307,-6.3490136,
w324481071,,farm,landuse=farmland,53.3961765,-6.3461858,
w325709498,,farm,landuse=farmland,53.3231448,-6.4650861,
w326385628,,farm,landuse=greenhouse_horticulture,53.4465558,-6.1596696,
w326531595,,farm,building=greenhouse,53.4383115,-6.1691127,
w328315734,,farm,landuse=farmland,53.441275,-6.2506866,
w328315735,,farm,landuse=farmland,53.4419125,-6.2549025,
w328315736,,farm,landuse=farmland,53.4403688,-6.2547708,
w328315739,,farm,landuse=farmland,53.4429262,-6.2549641,
w328315741,,farm,landuse=farmland,53.4433485,-6.249966,
w328315745,,farm,landuse=farmland,53.445064,-6.2505387,
w328315746,,farm,landuse=farmland,53.445521,-6.2543347,
w328524720,,farm,landuse=greenhouse_horticulture,53.4458033,-6.2590079,
w328524721,,farm,building=greenhouse,53.4445468,-6.2589521,
w328525542,,farm,building=greenhouse,53.4469696,-6.2619426,
w328525543,,farm,building=greenhouse,53.4469553,-6.2617012,
w329660928,The Old Farm,farm,landuse=farmland,53.2904914,-6.2219229,
w333535344,,farm,landuse=farmland,53.4397,-6.264816,
w333535345,,farm,landuse=farmland,53.4397543,-6.2655947,
w333535346,,farm,landuse=farmland,53.4399717,-6.2677325,
w333535350,,farm,landuse=farmland,53.4403928,-6.269607,
w333535355,,farm,landuse=farmland,53.4420816,-6.2700354,
w333535362,,farm,landuse=farmland,53.4427239,-6.2655188,
w335159445,,farm,landuse=greenhouse_horticulture,53.4460794,-6.276711,
w335159450,,farm,building=greenhouse,53.4450294,-6.2779444,
w335159451,,farm,building=greenhouse,53.4469343,-6.2785189,
w335159456,,farm,landuse=greenhouse_horticulture,53.4462012,-6.2720277,
w335159458,,farm,landuse=farmland,53.4450304,-6.2687695,
w335159555,,farm,landuse=farmland,53.4494538,-6.2797039,
w340404556,St Anne's Park Allotments,farm,landuse=allotments,53.3735816,-6.1764403,
w340609180,,farm,building=greenhouse,53.3721953,-6.1761808,
w340609181,,farm,building=greenhouse,53.3724196,-6.1768382,
w340609183,,farm,building=greenhouse,53.3726111,-6.1767185,
w340687338,,farm,building=greenhouse,53.3723329,-6.1761115,
w340687339,,farm,building=greenhouse,53.3722643,-6.1761461,
w340687340,,farm,building=greenhouse,53.3721901,-6.1757345,
w343010887,,farm,landuse=farmland,53.5776135,-6.2891436,
w361285419,Great Palm House,farm,building=greenhouse,53.3724242,-6.2715729,
w364742833,,farm,landuse=farmland,53.505681,-6.2537781,
w367621760,,farm,landuse=farmland,53.5608084,-6.3137823,
w367626205,,farm,landuse=farmland,53.5607799,-6.2602822,
w367626206,,farm,landuse=farmland,53.5606154,-6.2585985,
w367626207,,farm,landuse=farmland,53.5584463,-6.2615792,
w367626208,,farm,landuse=farmland,53.5581205,-6.260255,
w367626209,,farm,landuse=farmland,53.5633135,-6.2614943,
w367626210,,farm,landuse=farmland,53.5629846,-6.2578019,
w367626211,,farm,landuse=farmland,53.5645866,-6.2617144,
w367626212,,farm,landuse=farmland,53.5645864,-6.2598747,
w367626213,,farm,landuse=farmland,53.5643328,-6.2573464,
w367628013,,farm,landuse=farmland,53.5567083,-6.2557655,
w367628014,,farm,landuse=farmland,53.5561708,-6.2527254,
w367628015,,farm,landuse=farmland,53.5549357,-6.2542784,
w367628016,,farm,landuse=farmland,53.555428,-6.2494663,
w367628017,,farm,landuse=farmland,53.5541693,-6.2569218,
w367628018,,farm,landuse=farmland,53.5558187,-6.2613057,
w367628019,,farm,landuse=farmland,53.5536711,-6.2622514,
w367628020,,farm,landuse=farmland,53.5531237,-6.2602703,
w367641041,,farm,landuse=farmland,53.56271,-6.2546481,
w368767235,Victorian Conservatory,farm,building=greenhouse,53.586835,-6.1618765,
w370586413,,farm,landuse=farmland,53.5186093,-6.2730435,
w370719315,,farm,landuse=allotments,53.342697,-6.2172853,
w373969360,,farm,landuse=farmland,53.3842458,-6.0787923,
w375106882,,farm,building=greenhouse,53.4874069,-6.1697279,
w375106883,,farm,building=greenhouse,53.4872893,-6.1695154,
w377853540,,farm,building=greenhouse,53.42906,-6.1558681,
w377853541,,farm,building=greenhouse,53.4290833,-6.1560371,
w381610117,,farm,building=greenhouse,53.3028554,-6.1803808,
w388910896,,farm,building=greenhouse,53.3663704,-6.3590241,
w422256746,Cabinteely Orchard,farm,landuse=orchard,53.2622312,-6.1547659,
w422277394,Heritage Orchard,farm,landuse=orchard,53.403123,-6.2510474,
w424981418,,farm,building=greenhouse,53.5257555,-6.1684249,
w434297031,,farm,landuse=farmland,53.27351,-6.2977809,
w434297032,,farm,landuse=farmland,53.2731801,-6.2935091,
w434297033,,farm,landuse=farmland,53.2732752,-6.2955463,
w434297034,,farm,landuse=farmland,53.2748751,-6.2944901,
w434297035,,farm,landuse=farmland,53.2751062,-6.2973542,
w439910416,,farm,landuse=allotments,53.3314061,-6.2882026,
w442803532,,farm,landuse=farmland,53.2315545,-6.333389,
w442803544,,farm,landuse=farmland,53.2400912,-6.3559098,
w442803558,,farm,landuse=farmland,53.2371419,-6.3522155,
w442814057,Monk's Field,farm,landuse=farmland,53.2463901,-6.3598737,
w447195698,,farm,landuse=farmland,53.5164862,-6.3607914,
w447195731,,farm,landuse=farmland,53.5197299,-6.3579215,
w447195849,,farm,landuse=farmland,53.5187284,-6.3621326,
w447195964,,farm,landuse=farmland,53.5175642,-6.357428,
w447196700,,farm,landuse=farmland,53.5251658,-6.2973662,
w447196705,,farm,landuse=farmland,53.5218299,-6.2606058,
w447196707,,farm,landuse=farmland,53.5288592,-6.235566,
w447196708,,farm,landuse=farmland,53.5277141,-6.2335949,
w447198922,,farm,landuse=farmland,53.5767333,-6.1500147,
w448485980,,farm,landuse=farmland,53.5644541,-6.1460435,
w448485983,,farm,landuse=farmland,53.5640241,-6.1466583,
w448489980,,farm,landuse=farmland,53.5812714,-6.1624938,
w448489982,,farm,landuse=farmland,53.5813812,-6.16471,
w448489983,,farm,landuse=farmland,53.5810925,-6.1665388,
w448489985,,farm,landuse=farmland,53.5806398,-6.1698277,
w448489986,,farm,landuse=farmland,53.5792062,-6.1701031,
w448489988,,farm,landuse=farmland,53.579132,-6.1688881,
w448489991,,farm,landuse=farmland,53.578991,-6.1675821,
w448489992,,farm,landuse=farmland,53.5800189,-6.1653815,
w448489994,,farm,landuse=farmland,53.5789245,-6.1663092,
w448489995,,farm,landuse=farmland,53.5792474,-6.1646236,
w448489997,,farm,landuse=farmland,53.5796123,-6.1636432,
w448489999,,farm,landuse=farmland,53.5797563,-6.1628569,
w448490000,,farm,landuse=farmland,53.5796745,-6.1621459,
w448490054,,farm,landuse=farmland,53.579992,-6.1614838,
w448490055,,farm,landuse=farmland,53.580181,-6.1608987,
w448490056,,farm,landuse=farmland,53.5802653,-6.1605595,
w449340640,,farm,landuse=farmland,53.2485242,-6.1873949,
w449434818,,farm,landuse=farmland,53.2352422,-6.1487603,
w449522335,,farm,landuse=farmland,53.5014962,-6.2739475,
w449522338,,farm,landuse=farmland,53.5042618,-6.2752033,
w449522339,,farm,landuse=farmland,53.5090851,-6.2778043,
w449522341,,farm,landuse=farmland,53.5071555,-6.2779269,
w449522344,,farm,landuse=farmland,53.5119426,-6.2740965,
w449522345,,farm,landuse=farmland,53.5150327,-6.2728153,
w449522347,,farm,landuse=farmland,53.514934,-6.2749198,
w449522348,,farm,landuse=farmland,53.5164522,-6.2738648,
w449522350,,farm,landuse=farmland,53.5159063,-6.2694778,
w449522352,,farm,landuse=farmland,53.514749,-6.2706691,
w449522354,,farm,landuse=farmland,53.5131491,-6.2739441,
w449522355,,farm,landuse=farmland,53.5130737,-6.2716376,
w449522357,,farm,landuse=farmland,53.5135004,-6.2689191,
w449523325,,farm,landuse=farmland,53.5167081,-6.2780165,
w449523327,,farm,landuse=farmland,53.5185565,-6.2776709,
w449523328,,farm,landuse=farmland,53.5175541,-6.2808699,
w449523493,,farm,landuse=farmland,53.5201669,-6.277089,
w452304747,,farm,building=greenhouse,53.4724163,-6.2644274,
w458267633,,farm,landuse=farmland,53.5316598,-6.2290592,
w458267634,,farm,landuse=farmland,53.5294415,-6.2300439,
w458267635,,farm,landuse=farmland,53.5279741,-6.2254172,
w458267636,,farm,landuse=farmland,53.5303117,-6.2266015,
w458267637,,farm,landuse=farmland,53.5297276,-6.2236793,
w458267638,,farm,landuse=farmland,53.5265773,-6.2164085,
w458267790,,farm,landuse=farmland,53.4316227,-6.4102132,
w458267860,,farm,landuse=farmland,53.5240986,-6.2229774,
w458267861,,farm,landuse=farmland,53.5223188,-6.2210865,
w458267862,,farm,landuse=farmland,53.5240197,-6.2204025,
w458267863,,farm,landuse=farmland,53.5252799,-6.2197858,
w458267864,,farm,landuse=farmland,53.5250583,-6.217892,
w458267865,,farm,landuse=farmland,53.5246804,-6.2162033,
w458267866,,farm,landuse=farmland,53.5236503,-6.2178541,
w458267867,,farm,landuse=farmland,53.5233301,-6.2155958,
w458267868,,farm,landuse=farmland,53.5221897,-6.2178458,
w458267869,,farm,landuse=farmland,53.5217915,-6.2151561,
w458267870,,farm,landuse=farmland,53.5207769,-6.2171423,
w458268390,,farm,landuse=farmland,53.5198922,-6.2237941,
w458268391,,farm,landuse=farmland,53.5196081,-6.2212168,
w458268392,,farm,landuse=farmland,53.5191908,-6.2189731,
w458268393,,farm,landuse=farmland,53.520347,-6.2192792,
w458268394,,farm,landuse=farmland,53.5182066,-6.2224766,
w458268395,,farm,landuse=farmland,53.5176287,-6.2203105,
w458268396,,farm,landuse=farmland,53.5187387,-6.2167332,
w458268397,,farm,landuse=farmland,53.5177505,-6.2175863,
w458268398,,farm,landuse=farmland,53.5167746,-6.2188257,
w458268495,,farm,landuse=farmland,53.5315319,-6.2323195,
w458269322,,farm,landuse=farmland,53.5299732,-6.2329046,
w458269323,,farm,landuse=farmland,53.5311497,-6.2348935,
w458269324,,farm,landuse=farmland,53.5326354,-6.2332709,
w458269325,,farm,landuse=farmland,53.5342849,-6.2349138,
w458269326,,farm,landuse=farmland,53.5348838,-6.2307557,
w458269327,,farm,landuse=farmland,53.5339834,-6.2276446,
w458269370,,farm,landuse=farmland,53.5371341,-6.2329519,
w458269835,,farm,landuse=farmland,53.5432136,-6.2528111,
w458269836,,farm,landuse=farmland,53.5431276,-6.2496505,
w458269837,,farm,landuse=farmland,53.5412747,-6.2545914,
w458269838,,farm,landuse=farmland,53.5410574,-6.2518693,
w458269839,,farm,landuse=farmland,53.541625,-6.2499625,
w458269909,,farm,landuse=farmland,53.5396934,-6.2519599,
w458269910,,farm,landuse=farmland,53.5396439,-6.2482495,
w458269911,,farm,landuse=farmland,53.542559,-6.2467923,
w460918372,,farm,landuse=farmland,53.5305396,-6.2657794,
w460918373,,farm,landuse=farmland,53.5288041,-6.2639221,
w460918374,,farm,landuse=farmland,53.5298871,-6.2636003,
w460918375,,farm,landuse=farmland,53.5298678,-6.261535,
w460918376,,farm,landuse=farmland,53.5273142,-6.2634837,
w460918377,,farm,landuse=farmland,53.5276846,-6.2661985,
w460918378,,farm,landuse=farmland,53.5291651,-6.2665637,
w460918820,,farm,landuse=farmland,53.5251322,-6.2656365,
w460918821,,farm,landuse=farmland,53.5254633,-6.2621863,
w460918822,,farm,landuse=farmland,53.5269492,-6.2619824,
w460918823,,farm,landuse=farmland,53.5284138,-6.2618275,
w460918824,,farm,landuse=farmland,53.5271079,-6.2600283,
w460918825,,farm,landuse=farmland,53.5256485,-6.2601584,
w460920331,,farm,landuse=farmland,53.4871426,-6.2791165,
w460920995,,farm,landuse=farmland,53.5057436,-6.2716722,
w460920996,,farm,landuse=farmland,53.5068547,-6.2714747,
w460920997,,farm,landuse=farmland,53.5077208,-6.2706349,
w460921000,,farm,landuse=farmland,53.4849814,-6.2803199,
w460921001,,farm,landuse=farmland,53.4851877,-6.2825453,
w460921002,,farm,landuse=farmland,53.4837695,-6.2789522,
w460921003,,farm,landuse=farmland,53.4839937,-6.2824905,
w460921004,,farm,landuse=farmland,53.4848135,-6.2778092,
w460921005,,farm,landuse=farmland,53.4819163,-6.2810669,
w460921006,,farm,landuse=farmland,53.4823766,-6.2781395,
w460921007,,farm,landuse=farmland,53.4807968,-6.2795601,
w460921008,,farm,landuse=farmland,53.480504,-6.2777893,
w460921157,,farm,landuse=farmland,53.482308,-6.2834739,
w460921431,,farm,landuse=farmland,53.5080905,-6.2731423,
w460921432,,farm,landuse=farmland,53.5083039,-6.269638,
w460921433,,farm,landuse=farmland,53.5099818,-6.2725969,
w460921434,,farm,landuse=farmland,53.5089028,-6.2693518,
w460921435,,farm,landuse=farmland,53.5106988,-6.269956,
w465168776,,farm,landuse=orchard,53.5177745,-6.3104725,
w465168777,,farm,landuse=farmland,53.5199339,-6.312966,
w465199254,,farm,building=greenhouse,53.5166065,-6.3165017,
w465199257,,farm,building=greenhouse,53.5178775,-6.3161654,
w476056989,,farm,landuse=farmland,53.2639556,-6.2511275,
w476268766,,farm,landuse=farmland,53.2319879,-6.4316624,
w476329284,,farm,landuse=farmland,53.4201114,-6.297394,
w479259710,,farm,landuse=farmland,53.4916002,-6.2729177,
w479259714,,farm,landuse=farmland,53.4912953,-6.2811084,
w479259715,,farm,landuse=farmland,53.4913688,-6.2832351,
w479259716,,farm,landuse=farmland,53.494055,-6.2808015,
w479259718,,farm,landuse=farmland,53.4947584,-6.2845287,
w479259724,,farm,landuse=farmland,53.4992614,-6.2889457,
w479261392,,farm,landuse=farmland,53.492948,-6.2919771,
w479261393,,farm,landuse=farmland,53.493022,-6.2935254,
w479266068,,farm,landuse=farmland,53.4946064,-6.2924724,
w479266069,,farm,landuse=farmland,53.4963721,-6.2914046,
w479266070,,farm,landuse=farmland,53.4964867,-6.2877265,
w479266071,,farm,landuse=farmland,53.4953273,-6.3043281,
w479266072,,farm,landuse=farmland,53.4966501,-6.3041291,
w479266073,,farm,landuse=farmland,53.4981923,-6.3036569,
w479266074,,farm,landuse=farmland,53.4999651,-6.3031047,
w479266075,,farm,landuse=farmland,53.4995176,-6.300777,
w479266076,,farm,landuse=farmland,53.4989727,-6.2997188,
w479266077,,farm,landuse=farmland,53.5009805,-6.3026951,
w479266078,,farm,landuse=farmland,53.5024102,-6.3023991,
w479266079,,farm,landuse=farmland,53.4965608,-6.2964937,
w479268021,,farm,landuse=farmland,53.5013225,-6.2927008,
w479268022,,farm,landuse=farmland,53.5090294,-6.2924186,
w479268023,,farm,landuse=farmland,53.5078907,-6.2899928,
w479268024,,farm,landuse=farmland,53.5066496,-6.2841513,
w479268025,,farm,landuse=farmland,53.5088632,-6.2822502,
w479268026,,farm,landuse=farmland,53.5103857,-6.2832515,
w479268027,,farm,landuse=farmland,53.5102923,-6.2812766,
w479268028,,farm,landuse=farmland,53.5099204,-6.2850756,
w479268029,,farm,landuse=farmland,53.5121263,-6.2837322,
w480625260,,farm,landuse=farmland,53.5123789,-6.2188116,
w480625262,,farm,landuse=farmland,53.5111092,-6.2195726,
w480631206,,farm,landuse=farmland,53.4874561,-6.136582,
w489080359,,farm,landuse=farmland,53.4263097,-6.3306113,
w489080365,,farm,landuse=farmland,53.4247247,-6.3293485,
w492788006,,farm,landuse=farmland,53.4772247,-6.2792108,
w492798737,,farm,landuse=farmland,53.5220642,-6.2690282,
w492798738,,farm,landuse=farmland,53.5211393,-6.2691378,
w492798739,,farm,landuse=farmland,53.5206329,-6.2682344,
w493035598,,farm,landuse=farmland,53.5266355,-6.2743128,
w493975344,,farm,landuse=farmland,53.5095565,-6.2647359,
w493975346,,farm,landuse=farmland,53.5109684,-6.256613,
w504844050,Cactus and Succulent House,farm,building=greenhouse,53.3723279,-6.2719242,
w507618763,,farm,building=greenhouse,53.3486796,-6.3004477,
w509453954,,farm,landuse=farmland,53.5801832,-6.3074823,
w511292188,,farm,building=greenhouse,53.5088997,-6.2198906,
w512037778,,farm,landuse=farmland,53.4519427,-6.2556594,
w512366368,,farm,building=greenhouse,53.4695239,-6.2561595,
w516654223,,farm,building=greenhouse,53.4444333,-6.2568839,
w516654225,,farm,building=greenhouse,53.4456461,-6.2573358,
w516654228,,farm,building=greenhouse,53.4469516,-6.2569131,
w516654229,,farm,building=greenhouse,53.447491,-6.2573848,
w516654231,,farm,building=greenhouse,53.4479496,-6.2581247,
w516654233,,farm,building=greenhouse,53.4479952,-6.2578688,
w516654234,,farm,building=greenhouse,53.4480341,-6.2576393,
w516654236,,farm,building=greenhouse,53.4480799,-6.2574021,
w518373377,,farm,landuse=farmland,53.4168507,-6.3989837,
w518373378,,farm,landuse=farmland,53.4178603,-6.3974445,
w518373379,,farm,landuse=farmland,53.4168189,-6.3918668,
w521379421,,farm,landuse=farmland,53.3653039,-6.4322842,
w521749039,,farm,landuse=allotments,53.3138314,-6.4637753,
w527508390,,farm,landuse=farmland,53.3262919,-6.4424053,
w527510478,,farm,landuse=farmland,53.3317438,-6.4369701,
w528964025,,farm,landuse=allotments,53.3952598,-6.2595691,
w529647747,,farm,landuse=farmland,53.472744,-6.2509974,
w529648493,,farm,landuse=farmland,53.473422,-6.2565328,
w529648494,,farm,landuse=farmland,53.4737899,-6.2570134,
w529790936,,farm,landuse=farmland,53.2437702,-6.3208008,
w530519025,,farm,landuse=farmland,53.4034942,-6.3245294,
w530521657,,farm,landuse=farmland,53.394585,-6.3332874,
w530524880,,farm,landuse=farmland,53.4100661,-6.3075413,
w530524881,,farm,landuse=farmland,53.4100334,-6.3150796,
w530524882,,farm,landuse=farmland,53.4076331,-6.3138395,
w541031080,,farm,landuse=farmland,53.4071511,-6.4394149,
w541046581,,farm,landuse=farmland,53.4067872,-6.4361858,
w545022006,,farm,landuse=farmland,53.5342528,-6.249787,
w545022008,,farm,landuse=farmland,53.5275552,-6.2542667,
w546602002,,farm,landuse=farmland,53.495508,-6.3007212,
w546602003,,farm,landuse=farmland,53.4983142,-6.2960674,
w546602004,,farm,landuse=farmland,53.503763,-6.2996994,
w546602005,,farm,landuse=farmland,53.5383585,-6.3265293,
w546602006,,farm,landuse=farmland,53.5544335,-6.3338216,
w546602007,,farm,landuse=farmland,53.5569357,-6.3346541,
w546602008,,farm,landuse=farmland,53.5565047,-6.3271707,
w546602009,,farm,landuse=farmland,53.5614105,-6.3238598,
w546602011,,farm,landuse=farmland,53.5633022,-6.3205001,
w546602014,,farm,landuse=farmland,53.5686626,-6.3277215,
w546602016,,farm,landuse=farmland,53.5677503,-6.3288293,
w546602018,,farm,landuse=farmland,53.5671438,-6.3265602,
w546602020,,farm,landuse=farmland,53.5670534,-6.3291538,
w546602022,,farm,landuse=farmland,53.5664449,-6.3292189,
w546602026,,farm,landuse=farmland,53.4460808,-6.2855538,
w546602027,,farm,landuse=farmland,53.447755,-6.2850175,
w546602028,,farm,landuse=farmland,53.449124,-6.2831539,
w546602030,,farm,landuse=farmland,53.4473574,-6.2876741,
w546602031,,farm,landuse=farmland,53.4518145,-6.2880741,
w546602032,,farm,landuse=farmland,53.4574929,-6.2942268,
w546602033,,farm,landuse=farmland,53.4632192,-6.2838272,
w546602034,,farm,landuse=farmland,53.4686094,-6.2985911,
w546602035,,farm,landuse=farmland,53.4708096,-6.2977443,
w546602036,,farm,landuse=farmland,53.4721357,-6.2961056,
w546602037,,farm,landuse=farmland,53.4722527,-6.2970744,
w546602038,,farm,landuse=farmland,53.4706893,-6.2965464,
w546602039,,farm,landuse=farmland,53.4684415,-6.2974301,
w546602040,,farm,landuse=farmland,53.4733133,-6.2968107,
w546602041,,farm,landuse=farmland,53.4732523,-6.295888,
w546602640,,farm,landuse=farmland,53.4456846,-6.2883929,
w546603309,,farm,landuse=farmland,53.4498217,-6.2934186,
w546603310,,farm,landuse=farmland,53.4588949,-6.295057,
w546603311,,farm,landuse=farmland,53.458569,-6.2921577,
w546603312,,farm,landuse=farmland,53.4608367,-6.2914337,
w546603313,,farm,landuse=farmland,53.4632394,-6.297216,
w546605250,,farm,landuse=farmland,53.4677049,-6.2957177,
w546605253,,farm,landuse=farmland,53.4709551,-6.2944346,
w546605256,,farm,landuse=farmland,53.4722201,-6.2919074,
w546605258,,farm,landuse=farmland,53.4748405,-6.29526,
w546605862,,farm,landuse=farmland,53.4972582,-6.3001356,
w546605863,,farm,landuse=farmland,53.501932,-6.2953136,
w546606393,,farm,landuse=farmland,53.5040793,-6.292358,
w546606395,,farm,landuse=farmland,53.5071389,-6.2927826,
w546607066,,farm,landuse=farmland,53.511696,-6.3081082,
w546607067,,farm,landuse=farmland,53.513035,-6.3115538,
w548203770,,farm,landuse=allotments,53.3308746,-6.2846078,
w548691827,,farm,landuse=farmland,53.2487103,-6.3703219,
w548718444,,farm,landuse=farmland,53.2361114,-6.3507502,
w548718445,,farm,landuse=farmland,53.2344928,-6.353896,
w548718446,,farm,landuse=farmland,53.2313819,-6.3471095,
w548718447,,farm,landuse=farmland,53.22977,-6.348593,
w548718449,,farm,landuse=farmland,53.2313922,-6.3496539,
w548718450,,farm,landuse=farmland,53.2337335,-6.3496747,
w548720616,Anuloucx,farm,landuse=farmland,53.2430737,-6.3607041,
w548720617,,farm,landuse=farmland,53.2392923,-6.3567162,
w548727905,,farm,landuse=farmland,53.2271961,-6.3454284,
w548727909,,farm,landuse=farmland,53.2288474,-6.334734,
w548727912,,farm,landuse=farmland,53.2259085,-6.3479059,
w548733601,,farm,landuse=farmland,53.2240162,-6.3464674,
w548733607,,farm,landuse=farmland,53.2220419,-6.3422893,
w548733609,,farm,landuse=farmland,53.2227806,-6.3412529,
w548733613,,farm,landuse=farmland,53.2252086,-6.3382675,
w548733620,,farm,landuse=farmland,53.2236679,-6.3477839,
w548844423,,farm,landuse=farmland,53.229229,-6.3568871,
w548844424,,farm,landuse=farmland,53.2271548,-6.3545019,
w548844431,,farm,landuse=farmland,53.2260539,-6.3575264,
w548844437,,farm,landuse=farmland,53.2252367,-6.3461606,
w548845801,,farm,landuse=farmland,53.2305651,-6.3564901,
w548856552,,farm,landuse=farmland,53.2433718,-6.3511918,
w548856564,,farm,landuse=farmland,53.2450255,-6.3520782,
w548856565,,farm,landuse=farmland,53.2447091,-6.3563268,
w549157247,,farm,landuse=farmland,53.2371389,-6.3474144,
w549157248,,farm,landuse=farmland,53.2354507,-6.347893,
w549157260,,farm,landuse=farmland,53.2326109,-6.3440617,
w549160333,,farm,landuse=farmland,53.2302642,-6.3378576,
w549160336,,farm,landuse=farmland,53.2315031,-6.3389538,
w550515055,,farm,landuse=farmland,53.2633103,-6.3487012,
w550515551,,farm,landuse=farmland,53.268291,-6.3551376,
w550516235,,farm,landuse=farmland,53.2623999,-6.3279826,
w550516238,,farm,landuse=farmland,53.2637103,-6.3249129,
w550679109,,farm,landuse=farmland,53.2647033,-6.3576887,
w550682332,,farm,landuse=farmland,53.2653245,-6.3378273,
w550682335,,farm,landuse=farmland,53.2670889,-6.3377437,
w550731012,,farm,landuse=farmland,53.2571659,-6.3453473,
w550731021,,farm,landuse=farmland,53.2596894,-6.3470711,
w550731027,,farm,landuse=farmland,53.2552815,-6.3530613,
w550731030,,farm,landuse=farmland,53.2537825,-6.3505006,
w550731032,,farm,landuse=farmland,53.2599468,-6.3498167,
w550731037,,farm,landuse=farmland,53.2603161,-6.3498614,
w550825906,,farm,landuse=farmland,53.2658964,-6.3283038,
w550856577,,farm,landuse=farmland,53.2663387,-6.3628873,
w550856580,,farm,landuse=farmland,53.2698855,-6.3619635,
w550856581,,farm,landuse=farmland,53.264956,-6.3620455,
w550856585,,farm,landuse=farmland,53.2608704,-6.3634138,
w550856588,,farm,landuse=farmland,53.2624275,-6.3609545,
w550856598,,farm,landuse=farmland,53.2587198,-6.358777,
w550858756,,farm,landuse=farmland,53.2570578,-6.3523219,
w550858758,,farm,landuse=farmland,53.2573177,-6.354591,
w550858764,Top Field,farm,landuse=farmland,53.2576306,-6.3496558,
w550883327,,farm,landuse=farmland,53.272205,-6.3593974,
w550920120,,farm,landuse=farmland,53.2621813,-6.3781603,
w550920122,,farm,landuse=farmland,53.2500126,-6.3873986,
w550920136,,farm,landuse=farmland,53.2503515,-6.3831557,
w550922067,,farm,landuse=farmland,53.2478565,-6.3812224,
w550922072,,farm,landuse=farmland,53.2489492,-6.3854921,
w550925265,,farm,landuse=farmland,53.2397444,-6.372865,
w550946169,,farm,landuse=farmland,53.2579499,-6.3230525,
w550946171,,farm,landuse=farmland,53.2598573,-6.3234388,
w550946174,,farm,landuse=farmland,53.2563707,-6.3258346,
w550949495,,farm,landuse=farmland,53.2659798,-6.3363451,
w550953983,,farm,landuse=farmland,53.2468322,-6.339377,
w550953984,,farm,landuse=farmland,53.2474061,-6.3387369,
w550953997,,farm,landuse=farmland,53.2473211,-6.33406,
w550954000,,farm,landuse=farmland,53.2447762,-6.3408224,
w550954005,Grant's,farm,landuse=farmland,53.2496726,-6.3445435,
w550954011,,farm,landuse=farmland,53.2457661,-6.3382081,
w550954016,,farm,landuse=farmland,53.2449015,-6.3362706,
w550955262,,farm,landuse=farmland,53.2496103,-6.3521542,
w553290206,,farm,landuse=farmland,53.2960636,-6.3947272,
w553290207,,farm,landuse=farmland,53.2964138,-6.3917476,
w553290208,,farm,landuse=farmland,53.2996206,-6.3924046,
w557543730,,farm,landuse=farmland,53.4313545,-6.2669748,
w562053720,,farm,building=greenhouse,53.4470116,-6.2637763,
w562054005,,farm,building=greenhouse,53.4499297,-6.2632962,
w562054010,,farm,building=greenhouse,53.4508232,-6.2635694,
w562054011,,farm,building=greenhouse,53.4520011,-6.2640252,
w562054279,,farm,building=greenhouse,53.4540242,-6.2678136,
w562054661,,farm,building=greenhouse,53.4469281,-6.2579623,
w562054662,,farm,building=greenhouse,53.4473397,-6.25836,
w568254811,,farm,landuse=farmland,53.4938284,-6.308033,
w568254812,,farm,landuse=farmland,53.4911903,-6.3082538,
w568254813,,farm,landuse=farmland,53.4960131,-6.3083169,
w578835282,,farm,landuse=greenhouse_horticulture,53.5261627,-6.1636477,
w579606880,,farm,landuse=farmland,53.5855949,-6.1349634,
w579606881,,farm,landuse=farmland,53.5850834,-6.1344302,
w579608658,,farm,landuse=farmland,53.5861314,-6.1387341,
w579608659,,farm,landuse=farmland,53.5857085,-6.1423774,
w586389920,,farm,landuse=farmland,53.5870565,-6.1679283,
w586586731,,farm,landuse=farmland,53.4711877,-6.1518502,
w586586732,,farm,landuse=farmland,53.4701164,-6.1522204,
w586586779,,farm,landuse=farmland,53.4767404,-6.154415,
w586587665,,farm,landuse=farmland,53.4754937,-6.1545633,
w591845356,,farm,building=greenhouse,53.2672185,-6.1992953,
w596082408,,farm,building=greenhouse,53.2868688,-6.2313184,
w596082410,,farm,building=greenhouse,53.2868358,-6.2311761,
w596082412,,farm,building=greenhouse,53.286698,-6.2314112,
w599210344,,farm,landuse=farmland,53.5006519,-6.2611396,
w599216166,,farm,landuse=farmland,53.5282967,-6.2962026,
w599216168,,farm,landuse=farmland,53.5327856,-6.3005499,
w606821352,,farm,building=greenhouse,53.3501119,-6.3355715,
w606821353,,farm,building=greenhouse,53.3499913,-6.335685,
w610561031,,farm,landuse=allotments,53.354867,-6.2531206,
w617409518,,farm,building=greenhouse,53.3662843,-6.3581537,
w625303152,,farm,building=greenhouse,53.3597648,-6.3328727,
w641211425,,farm,landuse=farmland,53.52269,-6.3174483,
w641212729,,farm,landuse=farmland,53.5208931,-6.3187649,
w641212731,,farm,landuse=farmland,53.5193712,-6.3189623,
w641212734,,farm,landuse=farmland,53.518131,-6.3215865,
w641212736,,farm,landuse=farmland,53.5161095,-6.3209887,
w646144397,Belmayne Allotments,farm,landuse=allotments,53.4027744,-6.1719072,
w651687481,,farm,landuse=farmland,53.4009545,-6.3569584,
w651687483,,farm,landuse=farmland,53.4026786,-6.3590104,
w651687484,,farm,landuse=farmland,53.4008899,-6.3612037,
w653631509,,farm,landuse=farmland,53.3609809,-6.4311898,
w653631510,,farm,landuse=farmland,53.3622877,-6.431901,
w653631511,,farm,landuse=farmland,53.3613732,-6.4278969,
w653631512,,farm,landuse=farmland,53.3603981,-6.422588,
w653631513,,farm,landuse=farmland,53.3621866,-6.4236809,
w653940515,,farm,landuse=farmland,53.4898224,-6.1803796,
w653940516,,farm,landuse=farmland,53.491078,-6.1973521,
w654075499,,farm,building=greenhouse,53.2785687,-6.1284828,
w654075500,,farm,building=greenhouse,53.278593,-6.1285836,
w661506884,,farm,landuse=farmland,53.5515775,-6.2736595,
w671582873,,farm,building=greenhouse,53.3030366,-6.4792216,
w675058704,,farm,landuse=farmland,53.4503526,-6.2915648,
w675058710,,farm,building=greenhouse,53.443619,-6.2740288,
w675058711,,farm,building=greenhouse,53.4444999,-6.2743299,
w675058712,,farm,building=greenhouse,53.445159,-6.2742626,
w675060820,,farm,building=greenhouse,53.444519,-6.2606609,
w675060821,,farm,building=greenhouse,53.4438806,-6.260683,
w675060824,,farm,building=greenhouse,53.4456408,-6.2617809,
w675060830,,farm,building=greenhouse,53.4466634,-6.260727,
w675060831,,farm,building=greenhouse,53.4466197,-6.2601822,
w675060832,,farm,building=greenhouse,53.4465761,-6.259374,
w675060833,,farm,building=greenhouse,53.4473567,-6.2592414,
w675060834,,farm,building=greenhouse,53.447406,-6.260035,
w675060835,,farm,building=greenhouse,53.4474489,-6.2605859,
w675060836,,farm,building=greenhouse,53.4474714,-6.261318,
w675060837,,farm,building=greenhouse,53.4486672,-6.2634563,
w675061151,,farm,building=greenhouse,53.2845108,-6.2906519,
w675062095,,farm,landuse=greenhouse_horticulture,53.4493342,-6.263474,
w675079973,,farm,building=greenhouse,53.4629004,-6.2633097,
w675079974,,farm,building=greenhouse,53.4630425,-6.2651585,
w675079975,,farm,building=greenhouse,53.4619358,-6.2652915,
w675079976,,farm,building=greenhouse,53.4615857,-6.2622507,
w675079977,,farm,building=greenhouse,53.4617839,-6.2626825,
w675735977,,farm,building=greenhouse,53.4464245,-6.2661661,
w675735978,,farm,building=greenhouse,53.4476389,-6.2682496,
w675735979,,farm,building=greenhouse,53.4483271,-6.2668954,
w675735980,,farm,building=greenhouse,53.4492698,-6.2687593,
w675735981,,farm,building=greenhouse,53.4491644,-6.2667247,
w675735982,,farm,building=greenhouse,53.4499008,-6.2665732,
w675735983,,farm,building=greenhouse,53.4508599,-6.2688706,
w675735984,,farm,building=greenhouse,53.451712,-6.2687644,
w675735985,,farm,building=greenhouse,53.452787,-6.2686032,
w675735986,,farm,building=greenhouse,53.452894,-6.2667449,
w675735987,,farm,building=greenhouse,53.4521257,-6.2667158,
w675735988,,farm,building=greenhouse,53.4513745,-6.2666917,
w675735989,,farm,building=greenhouse,53.4506566,-6.2666522,
w675737983,,farm,landuse=greenhouse_horticulture,53.4503931,-6.2681859,
w675799020,,farm,landuse=farmland,53.2984539,-6.4410318,
w676662935,,farm,building=greenhouse,53.4854201,-6.2837266,
w676662936,,farm,building=greenhouse,53.485484,-6.283917,
w676662937,,farm,building=greenhouse,53.4854946,-6.2840493,
w676662938,,farm,building=greenhouse,53.485529,-6.2842175,
w676963133,,farm,building=greenhouse,53.4778088,-6.3004654,
w682624263,,farm,landuse=allotments,53.3141711,-6.3309447,
w685010107,,farm,landuse=farmland,53.5788916,-6.3946949,
w685010108,,farm,landuse=farmland,53.578969,-6.3933796,
w685010109,,farm,landuse=farmland,53.5784479,-6.3920352,
w685010110,,farm,landuse=farmland,53.5777852,-6.389038,
w685010111,,farm,landuse=farmland,53.5783717,-6.3915876,
w685010119,,farm,landuse=farmland,53.5828429,-6.3871595,
w685010127,,farm,landuse=farmland,53.5787586,-6.3857116,
w685010128,,farm,landuse=farmland,53.5856979,-6.3873241,
w685010129,,farm,landuse=farmland,53.5852442,-6.3864764,
w685102672,,farm,landuse=farmland,53.5748691,-6.394965,
w685102673,,farm,landuse=farmland,53.5760321,-6.3957825,
w685102674,,farm,landuse=farmland,53.5750845,-6.3969733,
w685102675,,farm,landuse=farmland,53.57597,-6.3968754,
w685620617,,farm,landuse=allotments,53.2860057,-6.4056535,
w694768024,,farm,building=greenhouse,53.5757102,-6.3802822,
w694770903,,farm,landuse=farmland,53.3901222,-6.4516135,
w694770904,,farm,landuse=farmland,53.3896376,-6.4502719,
w701315035,,farm,building=greenhouse,53.5804941,-6.2597574,
w704430241,,farm,landuse=farmland,53.3735161,-6.088288,
w710559068,Baldoyle Racecourse Community Garden,farm,landuse=allotments,53.4008532,-6.1363335,
w722313341,,farm,building=greenhouse,53.3506366,-6.3451168,
w727077484,,farm,landuse=farmland,53.2590945,-6.3838213,
w727077485,,farm,landuse=farmland,53.2659507,-6.3939982,
w745678176,,farm,landuse=farmland,53.2677238,-6.3240884,
w749184653,,farm,landuse=farmland,53.5145215,-6.2615905,
w750425812,,farm,landuse=farmland,53.5617885,-6.2614425,
w750620691,,farm,landuse=farmland,53.435623,-6.1712814,
w752158840,Castle Allotments,farm,landuse=allotments,53.2310096,-6.1136495,
w754369683,,farm,building=greenhouse,53.2287249,-6.1826169,
w754369686,,farm,building=greenhouse,53.2292654,-6.1835283,
w754369687,,farm,building=greenhouse,53.2289176,-6.1837744,
w755064834,,farm,building=greenhouse,53.4798548,-6.2047526,
w781943178,,farm,landuse=farmland,53.2925941,-6.4604548,
w791802744,,farm,landuse=farmland,53.5708417,-6.2458406,
w793653508,,farm,building=greenhouse,53.5926233,-6.2736518,
w801993697,,farm,landuse=allotments,53.3392858,-6.3795236,
w802892243,,farm,building=greenhouse,53.5401912,-6.1053629,
w802907563,,farm,building=greenhouse,53.5132266,-6.2126623,
w802911154,,farm,building=greenhouse,53.4916519,-6.225903,
w807231645,,farm,building=greenhouse,53.291279,-6.1574956,
w808107719,,farm,building=greenhouse,53.3664522,-6.3585219,
w808107726,,farm,building=greenhouse,53.3661065,-6.3579102,
w813244599,,farm,building=greenhouse,53.5219544,-6.0970895,
w813244600,,farm,building=greenhouse,53.5213343,-6.0968232,
w813244602,,farm,building=greenhouse,53.5204961,-6.097846,
w813244603,,farm,building=greenhouse,53.5201161,-6.0973892,
w813244605,,farm,landuse=greenhouse_horticulture,53.5204079,-6.1002539,
w813244606,,farm,landuse=greenhouse_horticulture,53.5194164,-6.1008952,
w813244607,,farm,landuse=greenhouse_horticulture,53.5195058,-6.0990355,
w813244608,,farm,landuse=greenhouse_horticulture,53.5183864,-6.101565,
w813244609,,farm,landuse=greenhouse_horticulture,53.5176532,-6.0998492,
w813244610,,farm,landuse=greenhouse_horticulture,53.5183315,-6.0983595,
w813244611,,farm,building=greenhouse,53.5204368,-6.0885244,
w813244612,,farm,building=greenhouse,53.5209071,-6.0863376,
w813244613,,farm,building=greenhouse,53.5209637,-6.0856318,
w813244614,,farm,building=greenhouse,53.5195674,-6.0853207,
w813244615,,farm,landuse=greenhouse_horticulture,53.5157866,-6.100705,
w813244625,,farm,landuse=greenhouse_horticulture,53.5166007,-6.1056354,
w813244626,,farm,landuse=greenhouse_horticulture,53.5176017,-6.1064564,
w813244628,,farm,landuse=greenhouse_horticulture,53.5182109,-6.1084792,
w813244630,,farm,building=greenhouse,53.5193221,-6.1095549,
w813244631,,farm,building=greenhouse,53.5196532,-6.1091972,
w813244632,,farm,building=greenhouse,53.5199656,-6.1097457,
w813244633,,farm,building=greenhouse,53.5203767,-6.109327,
w813244634,,farm,building=greenhouse,53.5205272,-6.1086432,
w813244635,,farm,landuse=greenhouse_horticulture,53.5218009,-6.112995,
w814264184,,farm,building=greenhouse,53.2468435,-6.1332303,
w814264185,,farm,building=greenhouse,53.2467877,-6.1336161,
w814264186,,farm,building=greenhouse,53.246773,-6.1334732,
w820334179,,farm,landuse=allotments,53.3316451,-6.3390248,
w826223764,,farm,building=greenhouse,53.2783149,-6.1287568,
w837848001,,farm,landuse=orchard,53.3080812,-6.4374483,
w837848002,,farm,landuse=orchard,53.3099197,-6.435645,
w840188655,,farm,landuse=farmland,53.2651204,-6.3002349,
w843176092,,farm,landuse=farmland,53.361306,-6.4606126,
w843176094,,farm,landuse=farmland,53.3688231,-6.447318,
w843190511,,farm,landuse=allotments,53.2737604,-6.441358,
w845530449,,farm,building=greenhouse,53.3035893,-6.194949,
w849925748,,farm,building=greenhouse,53.2182393,-6.2184766,
w853498864,,farm,building=greenhouse,53.2242191,-6.1798303,
w853498865,,farm,building=greenhouse,53.2242704,-6.180102,
w853512073,,farm,building=greenhouse,53.2455847,-6.1881106,
w854348499,,farm,building=greenhouse,53.2382826,-6.1510368,
w854348500,,farm,building=greenhouse,53.2382558,-6.1511571,
w858444732,Powerstown Allotments,farm,landuse=allotments,53.4153311,-6.4004091,Tyrrelstown
w858472909,,farm,landuse=farmland,53.4886098,-6.1057389,
w858472910,,farm,landuse=farmland,53.484955,-6.1059294,
w858762167,,farm,building=greenhouse,53.275164,-6.1810557,
w860107800,,farm,building=greenhouse,53.4983451,-6.1180324,
w860872749,,farm,landuse=allotments,53.3396539,-6.2821863,
w861099159,,farm,building=greenhouse,53.3704593,-6.245288,
w861123038,,farm,building=greenhouse,53.4604986,-6.2703798,
w861123039,,farm,building=greenhouse,53.4597417,-6.2702027,
w861123042,,farm,building=greenhouse,53.459078,-6.2703722,
w861123043,,farm,building=greenhouse,53.4584936,-6.270271,
w861123044,,farm,building=greenhouse,53.4578531,-6.2705516,
w862515558,,farm,building=greenhouse,53.3698998,-6.2708373,
w862515559,,farm,building=greenhouse,53.3696154,-6.2703488,
w862515563,,farm,building=greenhouse,53.3729646,-6.2746681,
w863859987,,farm,building=greenhouse,53.3938089,-6.3201167,
w863859988,,farm,building=greenhouse,53.3938373,-6.3203273,
w867835313,,farm,building=greenhouse,53.3011192,-6.2269917,
w870427697,,farm,building=greenhouse,53.4450651,-6.2417008,
w870497745,,farm,landuse=farmland,53.5624479,-6.1922086,
w870497746,,farm,landuse=farmland,53.5608146,-6.1899043,
w870497747,,farm,landuse=farmland,53.5596743,-6.1898157,
w870497748,,farm,landuse=farmland,53.5601212,-6.1880479,
w870497749,,farm,landuse=farmland,53.5612137,-6.192723,
w870497750,,farm,landuse=farmland,53.5598133,-6.1925206,
w870497751,,farm,landuse=farmland,53.5618592,-6.1875826,
w870499766,,farm,landuse=farmland,53.5640295,-6.1937354,
w870499767,,farm,landuse=farmland,53.5638516,-6.1922895,
w870499768,,farm,landuse=farmland,53.5633789,-6.1910139,
w870499769,,farm,landuse=farmland,53.5633663,-6.1879381,
w870499770,,farm,landuse=farmland,53.5602175,-6.1862649,
w870507242,,farm,landuse=farmland,53.562919,-6.1954963,
w870507243,,farm,landuse=farmland,53.5615506,-6.195428,
w870507244,,farm,landuse=farmland,53.559427,-6.1952149,
w870507249,,farm,landuse=farmland,53.5622259,-6.1848393,
w870512196,,farm,building=greenhouse,53.5397707,-6.3445368,
w870512219,,farm,building=greenhouse,53.5349611,-6.3486547,
w870514532,,farm,building=greenhouse,53.5958449,-6.2626137,
w870538624,,farm,landuse=farmland,53.5649329,-6.1874614,
w870538625,,farm,landuse=farmland,53.5657765,-6.1863941,
w870538626,,farm,landuse=farmland,53.5652582,-6.1913127,
w870538630,,farm,landuse=farmland,53.5649309,-6.1931364,
w870538633,,farm,landuse=farmland,53.5655673,-6.193999,
w870538634,,farm,landuse=farmland,53.5653782,-6.1950011,
w870538644,,farm,landuse=farmland,53.5671396,-6.1963741,
w870539443,,farm,landuse=farmland,53.5676391,-6.1893282,
w870539444,,farm,landuse=farmland,53.5666065,-6.1856401,
w870539966,,farm,landuse=farmland,53.5639974,-6.1850854,
w870548858,,farm,building=greenhouse,53.542973,-6.3456936,
w870548877,,farm,building=greenhouse,53.5434505,-6.3486801,
w870548878,,farm,building=greenhouse,53.5431647,-6.3472566,
w870557885,,farm,landuse=farmland,53.5605156,-6.1848233,
w870558182,,farm,building=greenhouse,53.5581989,-6.3367336,
w870558183,,farm,building=greenhouse,53.5583512,-6.3367759,
w870558214,,farm,building=greenhouse,53.5554852,-6.330845,
w870560805,,farm,landuse=farmland,53.5602638,-6.1830018,
w870560806,,farm,landuse=farmland,53.5594808,-6.1833143,
w870563695,,farm,building=greenhouse,53.5726806,-6.3481093,
w870563696,,farm,building=greenhouse,53.5726243,-6.3481774,
w870566979,,farm,building=greenhouse,53.5106641,-6.347784,
w870575340,,farm,building=greenhouse,53.4379405,-6.2230877,
w870576737,,farm,landuse=farmland,53.5642834,-6.1983254,
w870576738,,farm,landuse=farmland,53.5621818,-6.1975004,
w870576739,,farm,landuse=farmland,53.561571,-6.1972865,
w870576740,,farm,landuse=farmland,53.5608524,-6.2006113,
w870576741,,farm,landuse=farmland,53.5590191,-6.1971175,
w870581661,,farm,building=greenhouse,53.5533057,-6.3236155,
w870582907,,farm,building=greenhouse,53.5412175,-6.3226485,
w870613560,,farm,landuse=farmland,53.4592466,-6.1853027,
w875160388,,farm,building=greenhouse,53.2385677,-6.1540014,
w875160390,,farm,building=greenhouse,53.2372199,-6.1549433,
w876281640,,farm,building=greenhouse,53.5541546,-6.396059,
w876281641,,farm,building=greenhouse,53.5541974,-6.3964196,
w876294285,,farm,building=greenhouse,53.5375428,-6.3583355,
w876315927,,farm,building=greenhouse,53.5648255,-6.3605832,
w876324570,,farm,landuse=farmland,53.5788866,-6.3547459,
w876324571,,farm,landuse=farmland,53.5776716,-6.3571813,
w876324572,,farm,landuse=farmland,53.5781493,-6.3553897,
w876324573,,farm,landuse=farmland,53.5776505,-6.355961,
w876324574,,farm,landuse=farmland,53.5773212,-6.3548801,
w876324575,,farm,landuse=farmland,53.5770218,-6.3558161,
w879033213,,farm,building=greenhouse,53.6191525,-6.1995015,
w879975423,,farm,building=greenhouse,53.604325,-6.1668252,
w882070337,,farm,building=greenhouse,53.3136686,-6.482851,
w882070338,,farm,building=greenhouse,53.3135915,-6.4826326,
w882070346,,farm,building=greenhouse,53.2988505,-6.4228729,
w883454989,,farm,building=greenhouse,53.6032752,-6.1731343,
w888000093,,farm,landuse=farmland,53.3238442,-6.4872314,
w888000094,,farm,landuse=farmland,53.3262093,-6.4888504,
w888000095,,farm,landuse=farmland,53.3266232,-6.4810331,
w888000097,,farm,landuse=farmland,53.3317928,-6.4660952,
w888000098,,farm,landuse=farmland,53.3319475,-6.4621412,
w906179376,,farm,landuse=farmland,53.3195358,-6.5085349,
w906179377,,farm,landuse=farmland,53.3181962,-6.5097296,
w906179378,,farm,landuse=farmland,53.3179847,-6.5079955,
w906909270,,farm,landuse=farmland,53.344624,-6.4963858,
w908858148,,farm,landuse=farmland,53.4143385,-6.1585425,
w909148385,,farm,building=greenhouse,53.2958039,-6.1962496,
w914250370,,farm,building=greenhouse,53.3182567,-6.2275012,
w914680027,,farm,building=greenhouse,53.3796391,-6.2601927,
w914680028,,farm,building=greenhouse,53.3795577,-6.2603661,
w917520769,,farm,building=greenhouse,53.2087158,-6.1320641,
w925369600,,farm,building=greenhouse,53.3271443,-6.2391581,
w925369641,,farm,building=greenhouse,53.3260305,-6.2397746,
w925373255,,farm,building=greenhouse,53.3255907,-6.2379036,
w925753754,,farm,building=greenhouse,53.3153106,-6.2447501,
w925881390,,farm,building=greenhouse,53.3182209,-6.2497786,
w925881432,,farm,building=greenhouse,53.3205344,-6.2495235,
w925881440,,farm,building=greenhouse,53.3209549,-6.2504473,
w926024073,,farm,building=greenhouse,53.3221295,-6.2560386,
w926407544,,farm,building=greenhouse,53.3209616,-6.2525648,
w927370336,,farm,building=greenhouse,53.3145328,-6.2569158,
w927374873,,farm,building=greenhouse,53.3166052,-6.2598794,
w927892374,,farm,building=greenhouse,53.3108176,-6.2585021,
w928216209,,farm,building=greenhouse,53.3111941,-6.2654251,
w928216212,,farm,landuse=greenhouse_horticulture,53.3110621,-6.2655747,
w928361920,,farm,building=greenhouse,53.3135481,-6.2667869,
w928437819,,farm,building=greenhouse,53.3124183,-6.2600314,
w928437820,,farm,building=greenhouse,53.3123477,-6.2600218,
w928437821,,farm,building=greenhouse,53.3122578,-6.2600116,
w928437822,,farm,building=greenhouse,53.3121865,-6.2599559,
w928653381,,farm,building=greenhouse,53.3096822,-6.2513302,
w929913843,,farm,building=greenhouse,53.3130135,-6.2718462,
w929927062,,farm,building=greenhouse,53.3195365,-6.260705,
w930816000,,farm,building=greenhouse,53.3187408,-6.2606134,
w932651553,,farm,building=greenhouse,53.3235142,-6.2573995,
w933599649,,farm,building=greenhouse,53.3174023,-6.235438,
w936884651,,farm,landuse=farmland,53.4886063,-6.1013655,
w936884653,,farm,landuse=farmland,53.4921155,-6.1028597,
w938232624,,farm,landuse=farmland,53.2550213,-6.370791,
w938232642,,farm,landuse=farmland,53.2498277,-6.3718859,
w938593652,,farm,landuse=farmland,53.2319609,-6.364754,
w938593653,,farm,landuse=farmland,53.2320137,-6.363368,
w938593655,,farm,landuse=farmland,53.2331496,-6.3631202,
w938593656,,farm,landuse=farmland,53.2289834,-6.3606045,
w938593662,,farm,landuse=farmland,53.2353845,-6.3625555,
w938593665,,farm,landuse=farmland,53.237708,-6.3676604,
w938593666,,farm,landuse=farmland,53.2368505,-6.3656306,
w938593668,,farm,landuse=farmland,53.2338841,-6.365851,
w939084297,,farm,landuse=farmland,53.2776733,-6.4303499,
w939084304,,farm,landuse=farmland,53.2777787,-6.4280834,
w939084313,,farm,landuse=farmland,53.2722878,-6.4342184,
w939101490,,farm,building=greenhouse,53.3155558,-6.2551953,
w939546326,,farm,building=greenhouse,53.3129179,-6.2547039,
w953840695,,farm,building=greenhouse,53.3225172,-6.2505599,
w954301081,,farm,building=greenhouse,53.5100071,-6.1642281,
w954301082,,farm,building=greenhouse,53.5089107,-6.1644952,
w954301086,,farm,building=greenhouse,53.5091331,-6.1649271,
w954528051,,farm,landuse=farmland,53.5111011,-6.1498792,
w954528052,,farm,landuse=farmland,53.5098498,-6.1519098,
w954528053,,farm,landuse=farmland,53.5090579,-6.1535126,
w962408772,,farm,building=greenhouse,53.3050835,-6.2877406,
w962408799,,farm,building=greenhouse,53.3077341,-6.2871799,
w962749165,,farm,building=greenhouse,53.3279931,-6.219193,
w962905411,,farm,building=greenhouse,53.3232746,-6.2723509,
w963298234,,farm,building=greenhouse,53.3234844,-6.274657,
w963482069,,farm,building=greenhouse,53.3242518,-6.2781019,
w963966050,,farm,building=greenhouse,53.3109309,-6.2974122,
w964092305,,farm,building=greenhouse,53.3099342,-6.2899863,
w964266970,,farm,landuse=farmland,53.5352254,-6.2179252,
w964266971,,farm,landuse=farmland,53.5353063,-6.2164198,
w964266973,,farm,landuse=farmland,53.5346103,-6.2152166,
w964266974,,farm,landuse=farmland,53.536264,-6.2140509,
w964266975,,farm,landuse=farmland,53.5355385,-6.2116447,
w964266976,,farm,landuse=farmland,53.533987,-6.2120242,
w964419395,,farm,building=greenhouse,53.386513,-6.4451758,
w964419401,,farm,building=greenhouse,53.3866699,-6.4454648,
w968472697,,farm,building=greenhouse,53.370239,-6.2707378,
w968472698,,farm,building=greenhouse,53.3702142,-6.2705326,
w968472699,,farm,building=greenhouse,53.3701341,-6.2705487,
w968472700,,farm,building=greenhouse,53.3701549,-6.270766,
w968472701,,farm,building=greenhouse,53.3700486,-6.2705621,
w968472702,,farm,building=greenhouse,53.3700693,-6.2707901,
w968472703,,farm,building=greenhouse,53.3699821,-6.2708089,
w968472704,,farm,building=greenhouse,53.3699621,-6.2705903,
w968472705,,farm,building=greenhouse,53.3698845,-6.2706184,
w968472709,,farm,building=greenhouse,53.3697793,-6.2703321,
w972107882,,farm,building=greenhouse,53.3100802,-6.2847025,
w972221618,,farm,building=greenhouse,53.3084627,-6.2876527,
w972231378,,farm,building=greenhouse,53.3091803,-6.2862573,
w973159183,,farm,building=greenhouse,53.3118277,-6.2887011,
w973335813,,farm,building=greenhouse,53.3121016,-6.2894664,
w973335817,,farm,building=greenhouse,53.3118135,-6.2894699,
w974808609,,farm,building=greenhouse,53.3146522,-6.2894412,
w975312583,,farm,building=greenhouse,53.3149712,-6.2853014,
w975490637,,farm,building=greenhouse,53.3164345,-6.2868062,
w978182654,,farm,building=greenhouse,53.3101046,-6.2084514,
w981483605,,farm,building=greenhouse,53.3641095,-6.22182,
w983601683,Parkvour,farm,landuse=farmland,53.2396151,-6.3695832,
w983601684,The Rock Field,farm,landuse=farmland,53.239708,-6.3682185,
w986822415,,farm,building=greenhouse,53.4226281,-6.173669,
w986822416,,farm,building=greenhouse,53.4231358,-6.1749132,
w989223988,,farm,landuse=orchard,53.36086,-6.4192043,
w993624845,Chapelizod Community Allotments,farm,landuse=allotments,53.3463157,-6.3372907,
w1000939252,,farm,landuse=farmland,53.4813535,-6.156739,
w1004171334,,farm,landuse=farmland,53.2872433,-6.4923467,
w1005567281,,farm,landuse=farmland,53.2662606,-6.4177319,
w1005620133,,farm,landuse=farmland,53.2605773,-6.4199478,
w1005620134,,farm,landuse=farmland,53.2455712,-6.4338623,
w1005708318,,farm,landuse=farmland,53.2498933,-6.4426534,
w1005986898,,farm,landuse=farmland,53.2432369,-6.4037865,
w1005988929,,farm,building=greenhouse,53.3386411,-6.3791428,
w1005988930,,farm,building=greenhouse,53.3388199,-6.3791432,
w1005988931,,farm,building=greenhouse,53.338706,-6.3791208,
w1005988932,,farm,building=greenhouse,53.3391228,-6.3798143,
w1005988933,,farm,building=greenhouse,53.3390649,-6.3797951,
w1005988934,,farm,building=greenhouse,53.3390081,-6.3797803,
w1005988935,,farm,building=greenhouse,53.3389409,-6.3797602,
w1005990086,,farm,landuse=farmland,53.2655163,-6.4003063,
w1008223815,,farm,landuse=farmland,53.2642635,-6.3936061,
w1008223816,,farm,landuse=farmland,53.2637263,-6.3933311,
w1008223817,,farm,landuse=farmland,53.2656638,-6.392596,
w1008223818,,farm,landuse=farmland,53.2650173,-6.3910227,
w1008223819,,farm,landuse=farmland,53.2625185,-6.3921532,
w1008223820,,farm,landuse=farmland,53.2632605,-6.3903071,
w1008223821,,farm,landuse=farmland,53.2633926,-6.3982035,
w1008223822,,farm,landuse=farmland,53.2647459,-6.3962246,
w1008223823,,farm,landuse=farmland,53.2662049,-6.3957511,
w1017116790,,farm,landuse=farmland,53.2740062,-6.4292496,
w1017116794,,farm,landuse=farmland,53.2707114,-6.4393541,
w1017116796,,farm,landuse=farmland,53.2678695,-6.4360095,
w1017116799,,farm,landuse=farmland,53.2647474,-6.4305497,
w1017116800,,farm,landuse=farmland,53.2592019,-6.4257745,
w1017170396,,farm,landuse=farmland,53.2396832,-6.3942795,
w1017170397,,farm,landuse=farmland,53.2419523,-6.3875867,
w1017170398,,farm,landuse=farmland,53.2341772,-6.3865004,
w1017170399,,farm,landuse=farmland,53.2345655,-6.4143649,
w1017170400,,farm,landuse=farmland,53.2324796,-6.4122882,
w1017452946,,farm,building=greenhouse,53.3350152,-6.217849,
w1017687406,,farm,building=greenhouse,53.3207269,-6.336219,
w1018384160,,farm,landuse=farmland,53.241113,-6.4585681,
w1018389890,,farm,landuse=farmland,53.246158,-6.463648,
w1018389891,,farm,landuse=farmland,53.243568,-6.4572706,
w1018389893,,farm,landuse=farmland,53.2533424,-6.459601,
w1018389894,,farm,landuse=farmland,53.2558095,-6.4506841,
w1018389895,,farm,landuse=farmland,53.2522709,-6.4514521,
w1018864194,,farm,building=greenhouse,53.2854102,-6.1968882,
w1018919414,,farm,building=greenhouse,53.284996,-6.1893262,
w1019570045,,farm,building=greenhouse,53.2889033,-6.1829687,
w1019570046,,farm,building=greenhouse,53.2889514,-6.1829624,
w1019807567,,farm,building=greenhouse,53.2952492,-6.1723637,
w1020418239,,farm,landuse=farmland,53.2641971,-6.5140357,
w1020418241,,farm,landuse=farmland,53.2622283,-6.5074535,
w1020418242,,farm,landuse=farmland,53.2693194,-6.5120838,
w1020418244,,farm,landuse=farmland,53.2642786,-6.5376316,
w1020418245,,farm,landuse=farmland,53.2703077,-6.5193015,
w1030476992,,farm,landuse=farmland,53.4084805,-6.2895392,
w1031329101,,farm,building=greenhouse,53.5342926,-6.101456,
w1033586703,,farm,landuse=farmland,53.4771553,-6.1532102,
w1033587919,,farm,landuse=farmland,53.4800711,-6.1211461,
w1033587920,,farm,landuse=farmland,53.4795373,-6.1197388,
w1034940385,,farm,landuse=farmland,53.291869,-6.4288783,
w1037075420,,farm,landuse=allotments,53.3807477,-6.2927012,
w1039904204,,farm,building=greenhouse,53.417219,-6.1769804,
w1039905370,,farm,building=greenhouse,53.4233322,-6.1733535,
w1039905371,,farm,building=greenhouse,53.4232912,-6.1726797,
w1047598885,,farm,landuse=farmland,53.420753,-6.3318728,
w1053042323,,farm,building=greenhouse,53.3794769,-6.2601361,
w1053654734,,farm,landuse=farmland,53.2681994,-6.4763461,
w1053654735,,farm,landuse=farmland,53.2725949,-6.4810878,
w1056727610,,farm,landuse=farmland,53.4934443,-6.2254765,
w1058662418,,farm,building=greenhouse,53.5175867,-6.0996246,
w1058662419,,farm,building=greenhouse,53.5176173,-6.0999492,
w1058662423,,farm,building=greenhouse,53.5165999,-6.1175447,
w1058662428,,farm,landuse=greenhouse_horticulture,53.5136528,-6.1201345,
w1058662452,,farm,building=greenhouse,53.5134555,-6.1200073,
w1058662453,,farm,building=greenhouse,53.5137971,-6.1206229,
w1058662465,,farm,building=greenhouse,53.5209543,-6.106071,
w1058662468,,farm,building=greenhouse,53.5182964,-6.0983665,
w1058662472,,farm,building=greenhouse,53.5181724,-6.1015803,
w1058662473,,farm,building=greenhouse,53.5186765,-6.1015244,
w1058662508,,farm,building=greenhouse,53.5158715,-6.1001728,
w1058662509,,farm,building=greenhouse,53.515566,-6.1009842,
w1058662510,,farm,building=greenhouse,53.5161307,-6.1011993,
w1058662511,,farm,building=greenhouse,53.514072,-6.1172742,
w1058662512,,farm,building=greenhouse,53.5142603,-6.1162938,
w1058662513,,farm,building=greenhouse,53.515691,-6.1135168,
w1058662514,,farm,building=greenhouse,53.5148713,-6.109236,
w1058662515,,farm,building=greenhouse,53.5108946,-6.111463,
w1058662516,,farm,building=greenhouse,53.5135425,-6.109955,
w1058662517,,farm,building=greenhouse,53.5132387,-6.1122376,
w1058662518,,farm,building=greenhouse,53.5136248,-6.1121408,
w1058662525,,farm,building=greenhouse,53.5181901,-6.1084431,
w1058662527,,farm,landuse=farmland,53.5151471,-6.1058991,
w1058662531,,farm,building=greenhouse,53.516649,-6.1050543,
w1058662532,,farm,building=greenhouse,53.5163886,-6.1054319,
w1058662537,,farm,building=greenhouse,53.5167261,-6.1061009,
w1058662538,,farm,building=greenhouse,53.5161373,-6.1064991,
w1058662539,,farm,building=greenhouse,53.5163438,-6.1060213,
w1058662543,,farm,building=greenhouse,53.5181681,-6.1058461,
w1058662544,,farm,building=greenhouse,53.5180376,-6.1063117,
w1058662545,,farm,building=greenhouse,53.5179555,-6.106604,
w1058662546,,farm,building=greenhouse,53.5178633,-6.1069212,
w1058662547,,farm,building=greenhouse,53.5177688,-6.1072923,
w1058662551,,farm,building=greenhouse,53.5176688,-6.1053987,
w1058662552,,farm,building=greenhouse,53.5177504,-6.1054705,
w1058662553,,farm,building=greenhouse,53.5175553,-6.1066916,
w1058662554,,farm,building=greenhouse,53.5173329,-6.1063719,
w1058662555,,farm,building=greenhouse,53.5169896,-6.1062306,
w1058662556,,farm,building=greenhouse,53.517438,-6.1074732,
w1058688312,,farm,building=greenhouse,53.5169433,-6.1148903,
w1058688313,,farm,landuse=farmland,53.5174873,-6.11587,
w1058688314,,farm,landuse=farmland,53.5172293,-6.1154466,
w1058688317,,farm,landuse=farmland,53.5174675,-6.1175045,
w1058688318,,farm,landuse=farmland,53.5171886,-6.1182594,
w1058688319,,farm,landuse=farmland,53.515975,-6.1191259,
w1058688320,,farm,landuse=farmland,53.5158137,-6.1178298,
w1058688342,,farm,landuse=farmland,53.5165135,-6.121073,
w1058688402,,farm,building=greenhouse,53.5146874,-6.1132713,
w1058688427,,farm,landuse=farmland,53.5161151,-6.1126806,
w1058688428,,farm,landuse=farmland,53.515185,-6.11212,
w1058688519,,farm,building=greenhouse,53.5152567,-6.1317531,
w1059036569,,farm,landuse=greenhouse_horticulture,53.5108545,-6.1114299,
w1059036672,,farm,landuse=greenhouse_horticulture,53.5135362,-6.1121302,
w1059036673,,farm,landuse=farmland,53.5129905,-6.1118987,
w1059036674,,farm,landuse=farmland,53.5134325,-6.1112019,
w1059082597,,farm,building=greenhouse,53.5184319,-6.1040593,
w1059082654,,farm,building=greenhouse,53.5163719,-6.1102009,
w1059399652,,farm,landuse=farmland,53.5187664,-6.1157712,
w1059399653,,farm,landuse=farmland,53.5195818,-6.114269,
w1059399655,,farm,landuse=farmland,53.5180757,-6.1128577,
w1059399656,,farm,landuse=farmland,53.5183569,-6.1128384,
w1059399657,,farm,landuse=farmland,53.5185345,-6.1125643,
w1059399658,,farm,landuse=farmland,53.5186342,-6.11194,
w1059399659,,farm,landuse=farmland,53.5188934,-6.1115527,
w1059399663,,farm,landuse=farmland,53.519618,-6.111886,
w1059399665,,farm,landuse=greenhouse_horticulture,53.5193272,-6.1116287,
w1059399666,,farm,landuse=farmland,53.5187778,-6.1139559,
w1059399667,,farm,landuse=farmland,53.517831,-6.1134974,
w1059399668,,farm,building=greenhouse,53.518112,-6.1133652,
w1059399670,,farm,landuse=farmland,53.5202132,-6.1109801,
w1059399671,,farm,landuse=farmland,53.519612,-6.1103502,
w1059399672,,farm,landuse=farmland,53.5206781,-6.1083495,
w1059399673,,farm,landuse=farmland,53.5202017,-6.1076448,
w1059399676,,farm,landuse=greenhouse_horticulture,53.5199365,-6.1091079,
w1059399677,,farm,building=greenhouse,53.5196964,-6.1123126,
w1059399678,,farm,building=greenhouse,53.5189732,-6.110995,
w1059403326,,farm,landuse=greenhouse_horticulture,53.5181238,-6.1133853,
w1059403334,,farm,building=greenhouse,53.5163357,-6.1171718,
w1059403339,,farm,landuse=greenhouse_horticulture,53.5169612,-6.1148988,
w1059403363,,farm,landuse=greenhouse_horticulture,53.5166296,-6.1175341,
w1059403364,,farm,landuse=farmland,53.5167984,-6.1162009,
w1059403370,,farm,building=greenhouse,53.5176347,-6.1163703,
w1059403403,,farm,landuse=farmland,53.5159463,-6.1202381,
w1059403404,,farm,landuse=greenhouse_horticulture,53.5154102,-6.120174,
w1059881364,,farm,landuse=greenhouse_horticulture,53.5206812,-6.1031536,
w1059881368,,farm,building=greenhouse,53.5206785,-6.103112,
w1060871068,,farm,building=greenhouse,53.4054722,-6.1689077,
w1064841434,,farm,building=greenhouse,53.5186863,-6.1027936,
w1064956221,,farm,building=greenhouse,53.5202792,-6.1021402,
w1064956266,,farm,landuse=farmland,53.5203802,-6.1025097,
w1064956267,,farm,landuse=farmland,53.5209872,-6.1025998,
w1064956314,,farm,landuse=farmland,53.5201626,-6.101412,
w1064956317,,farm,building=greenhouse,53.5205232,-6.1005775,
w1064956318,,farm,building=greenhouse,53.5206577,-6.0996839,
w1064956320,,farm,building=greenhouse,53.5201775,-6.100029,
w1064956321,,farm,building=greenhouse,53.5199687,-6.1009474,
w1064956322,,farm,building=greenhouse,53.5194112,-6.1008807,
w1064956330,,farm,building=greenhouse,53.5194212,-6.0995289,
w1064956331,,farm,building=greenhouse,53.5194539,-6.0991723,
w1064956332,,farm,building=greenhouse,53.5194953,-6.0986932,
w1070434235,Oldcourt Hill Allotments,farm,landuse=allotments,53.2664099,-6.3389177,
w1073647781,,farm,landuse=farmland,53.2880743,-6.5273019,
w1073647783,,farm,landuse=farmland,53.2895508,-6.5268897,
w1073647785,,farm,landuse=farmland,53.2925143,-6.5264833,
w1073647787,,farm,landuse=farmland,53.2930001,-6.5239472,
w1073647788,,farm,landuse=farmland,53.291886,-6.5219631,
w1073647789,,farm,landuse=farmland,53.2918596,-6.5231661,
w1073647790,,farm,landuse=farmland,53.294178,-6.5211665,
w1073647791,,farm,landuse=farmland,53.2960605,-6.5268407,
w1073647792,,farm,landuse=farmland,53.2966808,-6.5233798,
w1073647793,,farm,landuse=farmland,53.2965191,-6.5182778,
w1073647794,,farm,landuse=farmland,53.2956573,-6.5151791,
w1073647795,,farm,landuse=farmland,53.2935366,-6.518122,
w1073647796,,farm,landuse=farmland,53.3024226,-6.5137445,
w1075907578,,farm,landuse=farmland,53.2848268,-6.2065122,
w1077150579,,farm,building=greenhouse,53.2915701,-6.3222352,
w1081644157,,farm,landuse=farmland,53.2227512,-6.1315047,
w1081954960,,farm,landuse=farmland,53.2098062,-6.1409647,
w1081954963,,farm,landuse=farmland,53.2133894,-6.1561391,
w1081954964,,farm,landuse=farmland,53.2144653,-6.1565339,
w1082512662,,farm,landuse=allotments,53.3418244,-6.2806236,
w1090327535,,farm,landuse=farmland,53.2337658,-6.1472074,
w1090944788,,farm,landuse=farmland,53.2233119,-6.1747016,
w1091536379,,farm,building=greenhouse,53.5797336,-6.1578206,
w1093932335,Orchid House,farm,building=greenhouse,53.3724712,-6.2711617,
w1098946130,,farm,landuse=farmland,53.2662848,-6.3405381,
w1106699834,,farm,landuse=farmland,53.2857985,-6.4774419,
w1111979043,,farm,building=greenhouse,53.4232834,-6.3358424,
w1115620313,,farm,landuse=farmland,53.250614,-6.1717613,
w1115620319,,farm,landuse=farmland,53.2493764,-6.1743618,
w1121048435,,farm,building=greenhouse,53.3384166,-6.2835244,
w1121048436,,farm,building=greenhouse,53.3384448,-6.2837045,
w1121200771,,farm,landuse=farmland,53.2425026,-6.2245245,
w1122083187,,farm,building=greenhouse,53.414389,-6.3909344,
w1123385123,,farm,landuse=allotments,53.4083153,-6.292371,
w1123386367,,farm,building=greenhouse,53.3802048,-6.3397938,
w1123386368,,farm,building=greenhouse,53.380387,-6.3393802,
w1123386369,,farm,building=greenhouse,53.3802568,-6.3392627,
w1123386370,,farm,building=greenhouse,53.3802267,-6.3391054,
w1123656456,,farm,landuse=farmland,53.3164366,-6.3812791,
w1123751869,,farm,landuse=farmland,53.4246498,-6.1759397,
w1123864494,,farm,landuse=allotments,53.6276529,-6.2115146,
w1123876063,,farm,building=greenhouse,53.5375193,-6.2277819,
w1124220912,,farm,landuse=greenhouse_horticulture,53.5379377,-6.2371472,
w1124427980,,farm,building=greenhouse,53.4229386,-6.380833,
w1126918893,,farm,building=greenhouse,53.478726,-6.3000725,
w1128049448,,farm,landuse=farmland,53.289936,-6.448023,
w1134063164,,farm,building=greenhouse,53.5194125,-6.0933521,
w1134064981,,farm,landuse=farmland,53.5205298,-6.0967335,
w1134064983,,farm,landuse=greenhouse_horticulture,53.5216356,-6.0970238,
w1134064984,,farm,building=greenhouse,53.5214521,-6.09788,
w1134064985,,farm,landuse=farmland,53.5197109,-6.0972646,
w1134259166,,farm,landuse=farmland,53.3450934,-6.4871852,
w1134259170,,farm,landuse=farmland,53.3487376,-6.4773514,
w1134522723,,farm,building=greenhouse,53.5402315,-6.2698633,
w1135367100,,farm,landuse=farmland,53.3134039,-6.4545046,
w1135367101,,farm,landuse=farmland,53.3112691,-6.4509336,
w1135371366,,farm,landuse=farmland,53.5186963,-6.1893958,
w1135765097,,farm,building=greenhouse,53.5287753,-6.172893,
w1135765098,,farm,building=greenhouse,53.5284433,-6.1722238,
w1135765099,,farm,building=greenhouse,53.5278946,-6.172406,
w1135765100,,farm,building=greenhouse,53.5269199,-6.1634733,
w1135765101,,farm,building=greenhouse,53.5204184,-6.1705393,
w1136154031,,farm,building=greenhouse,53.5363887,-6.1875552,
w1136154032,,farm,building=greenhouse,53.5360141,-6.1882793,
w1136154033,,farm,building=greenhouse,53.535787,-6.1883906,
w1136265956,,farm,building=greenhouse,53.5230538,-6.1889502,
w1136265958,,farm,building=greenhouse,53.5232005,-6.188043,
w1136518569,,farm,building=greenhouse,53.5207008,-6.1698803,
w1136518570,,farm,building=greenhouse,53.5318348,-6.1662418,
w1136518574,,farm,building=greenhouse,53.5361587,-6.1545555,
w1136518576,,farm,building=greenhouse,53.5176243,-6.1522625,
w1137050605,,farm,landuse=farmland,53.5139827,-6.1622169,
w1137050606,,farm,landuse=greenhouse_horticulture,53.5288595,-6.151428,
w1137053542,,farm,landuse=greenhouse_horticulture,53.5230708,-6.1884171,
w1137059855,,farm,landuse=farmland,53.5401113,-6.1939918,
w1137059856,,farm,landuse=farmland,53.5388997,-6.1963032,
w1137059857,,farm,landuse=farmland,53.5377031,-6.1964426,
w1137092370,,farm,landuse=orchard,53.5358424,-6.1877131,
w1137092371,,farm,landuse=orchard,53.5360331,-6.1886816,
w1137092372,,farm,landuse=greenhouse_horticulture,53.536386,-6.1875493,
w1137092373,,farm,landuse=greenhouse_horticulture,53.5358778,-6.1883278,
w1137092374,,farm,landuse=orchard,53.5370111,-6.1874937,
w1137103375,,farm,landuse=greenhouse_horticulture,53.5392118,-6.0892903,
w1137246488,,farm,landuse=greenhouse_horticulture,53.5153457,-6.1317838,
w1137246491,Whitepark Nurseries,farm,landuse=greenhouse_horticulture,53.5251836,-6.1372408,Rush
w1137246492,,farm,landuse=greenhouse_horticulture,53.528158,-6.1128558,
w1137246493,,farm,landuse=greenhouse_horticulture,53.530118,-6.1135393,
w1137246494,,farm,landuse=greenhouse_horticulture,53.5260782,-6.1108939,
w1137248554,,farm,landuse=greenhouse_horticulture,53.5157258,-6.1134213,
w1137248555,,farm,landuse=greenhouse_horticulture,53.5148707,-6.1092161,
w1137248556,,farm,landuse=farmland,53.5203364,-6.0864709,
w1137248557,,farm,landuse=farmland,53.5199746,-6.0864189,
w1137248558,,farm,landuse=farmland,53.5209991,-6.0870515,
w1137248559,,farm,landuse=greenhouse_horticulture,53.5210077,-6.0862448,
w1137248560,,farm,landuse=greenhouse_horticulture,53.5209608,-6.0856182,
w1137248561,,farm,landuse=farmland,53.5209707,-6.0852349,
w1137248562,,farm,building=greenhouse,53.5203142,-6.0839571,
w1137248563,,farm,landuse=farmland,53.5193499,-6.0872579,
w1137248566,,farm,landuse=farmland,53.5193776,-6.0859536,
w1137248567,,farm,landuse=farmland,53.519145,-6.0845157,
w1137248569,,farm,landuse=greenhouse_horticulture,53.5193345,-6.0852886,
w1137251446,,farm,landuse=greenhouse_horticulture,53.5423836,-6.1172493,
w1137251449,,farm,landuse=greenhouse_horticulture,53.5419888,-6.1216693,
w1137251455,,farm,landuse=greenhouse_horticulture,53.5397562,-6.1060636,
w1137251457,,farm,landuse=farmland,53.5399711,-6.1083939,
w1137251458,,farm,landuse=greenhouse_horticulture,53.5392794,-6.1085315,
w1137251459,,farm,landuse=greenhouse_horticulture,53.5400422,-6.110391,
w1137251460,,farm,landuse=greenhouse_horticulture,53.5402638,-6.1114129,
w1137252423,,farm,landuse=greenhouse_horticulture,53.5313253,-6.0908635,
w1137252424,,farm,landuse=greenhouse_horticulture,53.5315841,-6.1016983,
w1137252425,,farm,landuse=greenhouse_horticulture,53.529217,-6.1034681,
w1137616118,,farm,landuse=farmland,53.5194815,-6.0782969,
w1137616119,,farm,landuse=farmland,53.518876,-6.0794249,
w1137616122,,farm,landuse=farmland,53.5183982,-6.0815551,
w1137616123,,farm,landuse=farmland,53.5183374,-6.082028,
w1137616124,,farm,landuse=farmland,53.5181319,-6.0830496,
w1137616128,,farm,landuse=farmland,53.5178969,-6.0844458,
w1137616129,,farm,landuse=farmland,53.5178899,-6.0850687,
w1137616130,,farm,landuse=farmland,53.5179047,-6.0856568,
w1137616131,,farm,landuse=farmland,53.5179813,-6.0868095,
w1137616135,,farm,landuse=farmland,53.5180923,-6.0881403,
w1137616136,,farm,landuse=farmland,53.5227323,-6.0843589,
w1137616138,,farm,building=greenhouse,53.5231969,-6.0829128,
w1137616140,,farm,landuse=farmland,53.5230134,-6.0832836,
w1137616155,,farm,landuse=farmland,53.5206039,-6.0892592,
w1147195439,,farm,landuse=farmland,53.3671459,-6.4297917,
w1147201472,,farm,landuse=farmland,53.4889041,-6.1994859,
w1147201473,,farm,landuse=farmland,53.4891215,-6.2030476,
w1148992034,,farm,building=greenhouse,53.5129041,-6.1766321,
w1149011643,,farm,building=greenhouse,53.5306786,-6.1674454,
w1149237467,,farm,landuse=farmland,53.5178693,-6.1688662,
w1149237468,,farm,landuse=farmland,53.5163959,-6.1706995,
w1149259614,,farm,building=greenhouse,53.5506285,-6.1380387,
w1149259615,,farm,building=greenhouse,53.5508424,-6.1384793,
w1149259616,,farm,building=greenhouse,53.5491658,-6.1434362,
w1149259617,,farm,building=greenhouse,53.5494453,-6.1444558,
w1149477458,,farm,building=greenhouse,53.5253687,-6.1661702,
w1150827177,,farm,building=greenhouse,53.5233302,-6.1593646,
w1152548373,,farm,landuse=farmland,53.2617827,-6.2323671,
w1155245564,,farm,building=greenhouse,53.5213629,-6.1580287,
w1155245575,,farm,building=greenhouse,53.5254886,-6.1837329,
w1155245587,,farm,building=greenhouse,53.5186805,-6.1671048,
w1160745034,,farm,landuse=farmland,53.3147916,-6.5058038,
w1161522754,,farm,building=greenhouse,53.3570701,-6.253371,
w1163343521,,farm,building=greenhouse,53.3458095,-6.4945444,
w1163885287,,farm,landuse=farmland,53.3296075,-6.4963521,
w1163887218,,farm,landuse=farmland,53.3242971,-6.4964391,
w1163887219,,farm,landuse=farmland,53.3256203,-6.4959992,
w1163887220,,farm,landuse=farmland,53.3257253,-6.4977998,
w1163887221,,farm,landuse=farmland,53.3239454,-6.5018597,
w1167203920,,farm,building=greenhouse,53.3548258,-6.3692788,
w1167552113,,farm,landuse=farmland,53.3175793,-6.5291634,
w1167552114,,farm,landuse=farmland,53.3196121,-6.5260839,
w1167552115,,farm,landuse=farmland,53.3179533,-6.5248579,
w1167552117,,farm,landuse=farmland,53.3164031,-6.527946,
w1167552122,,farm,landuse=farmland,53.3165123,-6.5303395,
w1167552123,,farm,landuse=farmland,53.3150793,-6.5283385,
w1168356774,,farm,landuse=farmland,53.316165,-6.5146328,
w1168356775,,farm,landuse=farmland,53.3168216,-6.5155644,
w1168356776,,farm,landuse=farmland,53.3176478,-6.5166109,
w1168467830,,farm,landuse=farmland,53.3202546,-6.5190085,
w1168467831,,farm,landuse=farmland,53.3206726,-6.516996,
w1168467832,,farm,landuse=farmland,53.3220237,-6.5192265,
w1168467833,,farm,landuse=farmland,53.3217662,-6.5162696,
w1168467835,,farm,landuse=farmland,53.3217318,-6.5143531,
w1168467837,,farm,landuse=farmland,53.3236328,-6.5176679,
w1168471538,,farm,building=greenhouse,53.3201756,-6.5229647,
w1168473014,,farm,building=greenhouse,53.3189548,-6.5208762,
w1168473015,,farm,building=greenhouse,53.3188952,-6.5209538,
w1174740424,,farm,landuse=farmland,53.3224767,-6.522088,
w1174945343,,farm,landuse=farmland,53.6049768,-6.2009261,
w1174945344,,farm,landuse=farmland,53.6058338,-6.2036606,
w1174947417,,farm,landuse=farmland,53.6054304,-6.1996247,
w1174948250,,farm,landuse=farmland,53.6066918,-6.200119,
w1175310283,,farm,building=greenhouse,53.6068499,-6.1767796,
w1182705800,,farm,landuse=allotments,53.3117291,-6.4647923,
w1189754816,,farm,landuse=farmland,53.2619665,-6.3847814,
w1189754818,,farm,landuse=farmland,53.2613183,-6.3869238,
w1189754825,,farm,landuse=farmland,53.2674498,-6.3804688,
w1192136443,The Butterfly House,farm,building=greenhouse,53.4449774,-6.1618234,
w1196022944,,farm,building=greenhouse,53.5133571,-6.3525923,
w1202378913,,farm,landuse=greenhouse_horticulture,53.4379112,-6.170823,
w1202378914,,farm,landuse=farmland,53.4374525,-6.1708343,
w1202378915,,farm,landuse=farmland,53.4372117,-6.1709246,
w1202378916,,farm,landuse=farmland,53.4372611,-6.1704308,
w1205649012,,farm,landuse=farmland,53.3644462,-6.4228899,
w1205649013,,farm,landuse=farmland,53.3629627,-6.4214508,
w1205649015,,farm,landuse=farmland,53.3645556,-6.4176946,
w1205911676,,farm,building=greenhouse,53.4725473,-6.2652838,
w1205911677,,farm,building=greenhouse,53.4726196,-6.2652264,
w1205911678,,farm,building=greenhouse,53.4726878,-6.2651721,
w1208896028,,farm,building=greenhouse,53.5810381,-6.3067911,
w1209191887,,farm,building=greenhouse,53.4397772,-6.3947893,
w1209191888,,farm,building=greenhouse,53.4397236,-6.3948463,
w1209191892,,farm,building=greenhouse,53.438164,-6.3959675,
w1213017492,,farm,landuse=farmland,53.3862966,-6.451277,
w1213017493,,farm,landuse=farmland,53.3878497,-6.4497435,
w1213245620,,farm,landuse=farmland,53.3724313,-6.4263997,
w1214516623,,farm,landuse=farmland,53.3889398,-6.4490096,
w1216650530,,farm,landuse=farmland,53.3244735,-6.4749635,
w1222309937,,farm,building=greenhouse,53.4610414,-6.3037909,
w1222309940,,farm,building=greenhouse,53.4607486,-6.3036029,
w1222309941,,farm,building=greenhouse,53.4608203,-6.3035243,
w1222314107,,farm,building=greenhouse,53.4548682,-6.2783893,
w1222314117,,farm,landuse=farmland,53.4484674,-6.2765329,
w1222314118,,farm,building=greenhouse,53.4485538,-6.2775526,
w1222314119,,farm,building=greenhouse,53.4488987,-6.2786892,
w1222366308,,farm,building=greenhouse,53.581377,-6.1066128,
w1222995771,,farm,building=greenhouse,53.4467475,-6.2713282,
w1222995772,,farm,building=greenhouse,53.446766,-6.2731211,
w1222996792,,farm,landuse=farmland,53.4449571,-6.2856604,
w1223089366,,farm,building=greenhouse,53.4921312,-6.2516639,
w1223089367,,farm,building=greenhouse,53.4919082,-6.2520944,
w1223089370,,farm,building=greenhouse,53.4912147,-6.2533426,
w1223212272,,farm,building=greenhouse,53.4854054,-6.283552,
w1223212275,,farm,landuse=farmland,53.4840796,-6.2842005,
w1223214748,,farm,landuse=farmland,53.4875498,-6.2552421,
w1223218576,,farm,building=greenhouse,53.4847684,-6.2223207,
w1223218578,,farm,building=greenhouse,53.4834847,-6.2217247,
w1223270018,,farm,building=greenhouse,53.47683,-6.288889,
w1223279391,,farm,building=greenhouse,53.4708251,-6.2665001,
w1223290964,,farm,building=greenhouse,53.4774893,-6.1949695,
w1224649132,,farm,building=greenhouse,53.495917,-6.2430199,
w1225285887,,farm,building=greenhouse,53.444113,-6.2078676,
w1225295406,,farm,building=greenhouse,53.4530534,-6.1914153,
w1225295407,,farm,building=greenhouse,53.4530714,-6.1915844,
w1225298187,,farm,landuse=farmland,53.4513123,-6.1938192,
w1225318942,,farm,building=greenhouse,53.4741811,-6.1875945,
w1225318944,,farm,building=greenhouse,53.4736865,-6.1875199,
w1225485418,,farm,building=greenhouse,53.4925058,-6.2822308,
w1225485419,,farm,building=greenhouse,53.4924544,-6.2827291,
w1225485420,,farm,building=greenhouse,53.4925947,-6.2832855,
w1225495522,,farm,building=greenhouse,53.5769905,-6.3682127,
w1225499784,,farm,building=greenhouse,53.5701798,-6.3810323,
w1225519935,,farm,landuse=farmland,53.5311796,-6.3729984,
w1225522165,,farm,building=greenhouse,53.5605056,-6.3878414,
w1225524159,,farm,building=greenhouse,53.56605,-6.3820083,
w1225526953,,farm,building=greenhouse,53.5535999,-6.3831756,
w1225529540,,farm,building=greenhouse,53.5541644,-6.3772776,
w1225529541,,farm,building=greenhouse,53.553756,-6.3777732,
w1225530378,,farm,building=greenhouse,53.5571045,-6.3676313,
w1225533490,,farm,building=greenhouse,53.5382751,-6.365347,
w1225533491,,farm,building=greenhouse,53.5382192,-6.3652644,
w1225533492,,farm,building=greenhouse,53.5381588,-6.3652019,
w1225534955,,farm,building=greenhouse,53.542349,-6.3709409,
w1225535392,,farm,building=greenhouse,53.3626552,-6.079384,
w1225659853,,farm,landuse=farmland,53.5631979,-6.2465094,
w1225659854,,farm,landuse=farmland,53.5646062,-6.2462211,
w1225667722,,farm,building=greenhouse,53.5601361,-6.1732017,
w1225667723,,farm,building=greenhouse,53.5601038,-6.1730712,
w1225682858,,farm,building=greenhouse,53.42706,-6.330425,
w1225682859,,farm,building=greenhouse,53.427042,-6.3298984,
w1225712018,,farm,building=greenhouse,53.4855046,-6.2849537,
w1225712032,,farm,building=greenhouse,53.4832079,-6.2932108,
w1225718771,,farm,building=greenhouse,53.3615411,-6.3882803,
w1225727422,,farm,building=greenhouse,53.3829059,-6.4510436,
w1225728378,,farm,building=greenhouse,53.372516,-6.4340005,
w1225745805,,farm,building=greenhouse,53.4253119,-6.3282334,
w1226326191,,farm,building=greenhouse,53.3799307,-6.3366025,
w1226351376,,farm,building=greenhouse,53.4045096,-6.3822197,
w1226351377,,farm,building=greenhouse,53.4045639,-6.382301,
w1226351378,,farm,building=greenhouse,53.4045108,-6.382358,
w1226351379,,farm,building=greenhouse,53.4044602,-6.3822928,
w1226351382,,farm,building=greenhouse,53.4046502,-6.382731,
w1226351383,,farm,building=greenhouse,53.4045488,-6.3826454,
w1227234494,,farm,landuse=farmland,53.5003173,-6.2555816,
w1230103624,,farm,building=greenhouse,53.5443533,-6.1959528,
w1230103625,,farm,building=greenhouse,53.5444458,-6.1952792,
w1230107196,,farm,landuse=allotments,53.5177394,-6.1927284,
w1230110905,,farm,landuse=farmland,53.5119827,-6.1953315,
w1230110923,,farm,building=greenhouse,53.5086828,-6.191425,
w1230113789,,farm,building=greenhouse,53.505332,-6.1933918,
w1230113790,,farm,building=greenhouse,53.5053271,-6.1931522,
w1230113791,,farm,building=greenhouse,53.5050758,-6.1929311,
w1230118870,,farm,building=greenhouse,53.6267872,-6.2107848,
w1230119901,,farm,building=greenhouse,53.622462,-6.2050144,
w1230122214,,farm,landuse=farmland,53.6209784,-6.2427664,
w1230125229,,farm,building=greenhouse,53.6182133,-6.2299374,
w1230128553,,farm,building=greenhouse,53.6105857,-6.2495652,
w1230168005,,farm,building=greenhouse,53.5762203,-6.3102753,
w1230206840,,farm,building=greenhouse,53.5762539,-6.2703831,
w1230206841,,farm,building=greenhouse,53.5763044,-6.2702368,
w1230206842,,farm,building=greenhouse,53.5763475,-6.2700719,
w1230211962,,farm,building=greenhouse,53.5726283,-6.2274481,
w1230211963,,farm,building=greenhouse,53.5726241,-6.227557,
w1230211964,,farm,building=greenhouse,53.5726348,-6.2276703,
w1230211965,,farm,building=greenhouse,53.5726593,-6.2277816,
w1230211966,,farm,building=greenhouse,53.5726838,-6.2278928,
w1230211967,,farm,building=greenhouse,53.5727083,-6.2280041,
w1230211968,,farm,building=greenhouse,53.5725327,-6.2273205,
w1230211969,,farm,building=greenhouse,53.5725594,-6.2271811,
w1230211970,,farm,building=greenhouse,53.5725127,-6.2270741,
w1230211971,,farm,building=greenhouse,53.5728592,-6.2270882,
w1230211972,,farm,building=greenhouse,53.5728335,-6.2269719,
w1230211973,,farm,building=greenhouse,53.5728105,-6.2268672,
w1230212698,,farm,building=greenhouse,53.5813312,-6.2250458,
w1230221444,,farm,building=greenhouse,53.5690044,-6.16391,
w1230222792,,farm,building=greenhouse,53.5700162,-6.1538357,
w1230223294,,farm,building=greenhouse,53.575875,-6.1574541,
w1230223295,,farm,building=greenhouse,53.5757531,-6.1579577,
w1230223516,,farm,building=greenhouse,53.5810838,-6.1531791,
w1230223517,,farm,building=greenhouse,53.5810328,-6.1532712,
w1230223518,,farm,building=greenhouse,53.5808949,-6.1539556,
w1230225147,,farm,landuse=farmland,53.5821862,-6.1443763,
w1230315569,,farm,building=greenhouse,53.5854937,-6.1336044,
w1230384092,,farm,building=greenhouse,53.4312897,-6.3332601,
w1230384093,,farm,building=greenhouse,53.4312731,-6.3337975,
w1230384106,,farm,building=greenhouse,53.4322741,-6.3339694,
w1230384107,,farm,building=greenhouse,53.431986,-6.3333263,
w1230384108,,farm,building=greenhouse,53.4320088,-6.3330403,
w1230586703,,farm,building=greenhouse,53.5584061,-6.2734808,
w1230711309,Kite Green,farm,landuse=farmland,53.4511666,-6.3105676,
w1230731383,,farm,building=greenhouse,53.4699923,-6.3358589,
w1230731384,,farm,building=greenhouse,53.4700165,-6.3360455,
w1230732097,,farm,landuse=orchard,53.4706056,-6.322622,
w1230732098,,farm,landuse=orchard,53.4710193,-6.3215048,
w1230732332,,farm,landuse=orchard,53.4692197,-6.3132382,
w1230733605,,farm,building=greenhouse,53.4767992,-6.3204915,
w1230735235,,farm,building=greenhouse,53.4265218,-6.2347388,
w1230735236,,farm,building=greenhouse,53.4263707,-6.2345301,
w1230735237,,farm,building=greenhouse,53.4264275,-6.2350519,
w1230736663,,farm,building=greenhouse,53.4113438,-6.2147609,
w1230736664,,farm,building=greenhouse,53.4116307,-6.2146078,
w1230736665,,farm,building=greenhouse,53.4117612,-6.21408,
w1230908074,,farm,building=greenhouse,53.4155889,-6.1888728,
w1230909720,,farm,building=greenhouse,53.4130035,-6.1760965,
w1231711255,,farm,building=greenhouse,53.5336312,-6.2951313,
w1231711256,,farm,building=greenhouse,53.5325859,-6.2929524,
w1231738921,,farm,building=greenhouse,53.5154595,-6.2797258,
w1231738922,,farm,building=greenhouse,53.5155206,-6.2806645,
w1231738923,,farm,building=greenhouse,53.5151147,-6.2800383,
w1231738931,,farm,building=greenhouse,53.5147284,-6.2803482,
w1231738932,,farm,building=greenhouse,53.5146859,-6.2798572,
w1231738934,,farm,building=greenhouse,53.5146123,-6.2790764,
w1231780439,,farm,building=greenhouse,53.54467,-6.196739,
w1231780441,,farm,building=greenhouse,53.5448224,-6.1981162,
w1231780442,,farm,building=greenhouse,53.5445095,-6.1987959,
w1231894456,,farm,building=greenhouse,53.5107625,-6.2231295,
w1231894457,,farm,building=greenhouse,53.5106873,-6.2231938,
w1231898173,,farm,landuse=farmland,53.5279015,-6.2195288,
w1231898174,,farm,landuse=farmland,53.5297055,-6.2189039,
w1231898183,,farm,landuse=farmland,53.5308449,-6.2231102,
w1231903764,,farm,building=greenhouse,53.5568843,-6.1852829,
w1231903765,,farm,building=greenhouse,53.5568648,-6.1851738,
w1231903766,,farm,building=greenhouse,53.5568265,-6.1849124,
w1231903767,,farm,building=greenhouse,53.5568453,-6.1850212,
w1231903768,,farm,building=greenhouse,53.5562225,-6.1829873,
w1231903769,,farm,building=greenhouse,53.5562726,-6.1832556,
w1231903770,,farm,building=greenhouse,53.5562978,-6.1833871,
w1231903771,,farm,building=greenhouse,53.5563229,-6.1835187,
w1231903772,,farm,building=greenhouse,53.5563481,-6.1836503,
w1231903773,,farm,building=greenhouse,53.5563732,-6.1837818,
w1231903774,,farm,building=greenhouse,53.5564222,-6.1840647,
w1231906181,,farm,building=greenhouse,53.5416244,-6.1480363,
w1231906182,,farm,building=greenhouse,53.5414631,-6.1483922,
w1231906821,,farm,building=greenhouse,53.5274563,-6.152909,
w1231915515,,farm,building=greenhouse,53.5433791,-6.1589766,
w1231921336,,farm,building=greenhouse,53.5584987,-6.1015628,
w1231931094,,farm,building=greenhouse,53.5530204,-6.1060165,
w1231966901,,farm,building=greenhouse,53.5376271,-6.1018882,
w1231972570,,farm,building=greenhouse,53.5354887,-6.1002491,
w1231979896,,farm,building=greenhouse,53.5419501,-6.1216425,
w1232057105,,farm,building=greenhouse,53.5061247,-6.1762235,
w1232057465,,farm,building=greenhouse,53.5102288,-6.1834597,
w1232057491,,farm,building=greenhouse,53.5080411,-6.1628197,
w1232057492,,farm,building=greenhouse,53.5080375,-6.1629268,
w1232057493,,farm,building=greenhouse,53.5080339,-6.1630338,
w1232057494,,farm,building=greenhouse,53.5080303,-6.163141,
w1232057495,,farm,building=greenhouse,53.5080268,-6.163248,
w1232160889,,farm,landuse=farmland,53.5208722,-6.0867382,
w1232160905,,farm,building=greenhouse,53.5220295,-6.0891852,
w1232162802,,farm,building=greenhouse,53.526218,-6.0907365,
w1232169039,,farm,landuse=farmland,53.5273715,-6.0923738,
w1232199142,,farm,building=greenhouse,53.5265527,-6.1046951,
w1232204945,,farm,building=greenhouse,53.5307416,-6.0986453,
w1232211140,,farm,building=greenhouse,53.5313729,-6.1350396,
w1232211141,,farm,building=greenhouse,53.531956,-6.1365571,
w1232211142,,farm,building=greenhouse,53.5311222,-6.1370941,
w1232211143,,farm,building=greenhouse,53.5304031,-6.1374995,
w1232211985,,farm,building=greenhouse,53.5302363,-6.1190795,
w1232211986,,farm,building=greenhouse,53.5304336,-6.1201643,
w1232212460,,farm,building=greenhouse,53.5309153,-6.1186146,
w1232212474,,farm,building=greenhouse,53.5276372,-6.1106037,
w1232213933,,farm,building=greenhouse,53.5430537,-6.1160641,
w1232233547,,farm,building=greenhouse,53.4816208,-6.157401,
w1232233548,,farm,building=greenhouse,53.4815552,-6.1571548,
w1232277024,,farm,landuse=allotments,53.4730907,-6.1391269,
w1238704243,,farm,building=greenhouse,53.5077193,-6.124323,
w1239618450,,farm,landuse=greenhouse_horticulture,53.5058114,-6.1956069,
w1241854499,,farm,building=greenhouse,53.4928799,-6.1442257,
w1242094684,,farm,landuse=farmland,53.5096588,-6.3660139,
w1242094685,,farm,landuse=farmland,53.5093884,-6.3644662,
w1243810321,,farm,building=greenhouse,53.5731014,-6.2266997,
w1243810322,,farm,building=greenhouse,53.5731241,-6.226819,
w1243810323,,farm,building=greenhouse,53.5731393,-6.2269385,
w1243810324,,farm,building=greenhouse,53.5729654,-6.2282174,
w1243810325,,farm,building=greenhouse,53.5729817,-6.2283502,
w1243810326,,farm,building=greenhouse,53.5731234,-6.2272109,
w1243810327,,farm,building=greenhouse,53.5731461,-6.2273289,
w1243810328,,farm,building=greenhouse,53.5731704,-6.2274456,
w1243810329,,farm,building=greenhouse,53.5731964,-6.2275676,
w1243810330,,farm,building=greenhouse,53.5732127,-6.2277064,
w1243810331,,farm,building=greenhouse,53.5732266,-6.2278379,
w1243810332,,farm,building=greenhouse,53.5732477,-6.2279592,
w1243810333,,farm,building=greenhouse,53.5732688,-6.2280913,
w1243810334,,farm,building=greenhouse,53.5732767,-6.2282107,
w1243810335,,farm,building=greenhouse,53.5733087,-6.2283475,
w1243810336,,farm,building=greenhouse,53.5733241,-6.2284675,
w1243810337,,farm,building=greenhouse,53.5733528,-6.2285715,
w1243810338,,farm,building=greenhouse,53.5733745,-6.2286857,
w1243810339,,farm,building=greenhouse,53.5739539,-6.226777,
w1243810340,,farm,building=greenhouse,53.5736057,-6.2270058,
w1243810341,,farm,building=greenhouse,53.5736184,-6.227099,
w1243810342,,farm,building=greenhouse,53.5738032,-6.2282554,
w1243810343,,farm,building=greenhouse,53.5737825,-6.2281408,
w1243810344,,farm,building=greenhouse,53.5737585,-6.2280113,
w1243810345,,farm,building=greenhouse,53.5737379,-6.2278968,
w1243810346,,farm,building=greenhouse,53.5741297,-6.2278141,
w1243810347,,farm,building=greenhouse,53.5741089,-6.2276996,
w1243810348,,farm,building=greenhouse,53.5741543,-6.2279518,
w1243810349,,farm,building=greenhouse,53.574175,-6.2280664,
w1243981748,,farm,building=greenhouse,53.5412429,-6.3048171,
w1245111850,,farm,landuse=farmland,53.3841699,-6.4681873,
w1245111874,,farm,landuse=farmland,53.3896826,-6.458767,
w1245111876,,farm,landuse=farmland,53.3918303,-6.449962,
w1246009383,,farm,landuse=farmland,53.441178,-6.2769658,
w1246966516,,farm,building=greenhouse,53.572846,-6.2273236,
w1246966517,,farm,building=greenhouse,53.5728704,-6.2274281,
w1246966518,,farm,building=greenhouse,53.5728913,-6.2275374,
w1246966519,,farm,building=greenhouse,53.5729122,-6.2276465,
w1246966520,,farm,building=greenhouse,53.5729331,-6.2277557,
w1246966521,,farm,building=greenhouse,53.5729539,-6.2278648,
w1248836259,,farm,landuse=farmland,53.4436508,-6.352188,
w1248836261,,farm,landuse=farmland,53.4415674,-6.3633102,
w1248852258,,farm,landuse=farmland,53.4638536,-6.3181378,
w1248852259,,farm,landuse=farmland,53.4658675,-6.3262406,
w1248852260,,farm,landuse=farmland,53.4651602,-6.3260924,
w1248852261,,farm,landuse=farmland,53.4634192,-6.3261912,
w1248852262,,farm,landuse=farmland,53.463722,-6.3350285,
w1248852263,,farm,landuse=farmland,53.4632206,-6.3319458,
w1248852264,,farm,landuse=farmland,53.466391,-6.3307358,
w1248852265,,farm,landuse=farmland,53.4653723,-6.3318291,
w1248852266,,farm,landuse=farmland,53.4655676,-6.336634,
w1248852268,,farm,landuse=farmland,53.4718656,-6.3140917,
w1248852272,,farm,landuse=farmland,53.466346,-6.3205055,
w1248852273,,farm,landuse=farmland,53.4676252,-6.3178422,
w1248852274,,farm,landuse=farmland,53.4678258,-6.3126884,
w1248852276,,farm,landuse=farmland,53.4775178,-6.3296163,
w1248852277,,farm,landuse=farmland,53.4745404,-6.3284332,
w1248852278,,farm,landuse=farmland,53.4751631,-6.3354287,
w1248852279,,farm,landuse=farmland,53.4749251,-6.3312739,
w1248852280,,farm,landuse=farmland,53.4725792,-6.3321569,
w1248852281,,farm,landuse=farmland,53.471022,-6.3347742,
w1248852282,,farm,landuse=farmland,53.470855,-6.3327487,
w1248852283,,farm,landuse=farmland,53.4669289,-6.3230337,
w1248852284,,farm,landuse=orchard,53.4668997,-6.32763,
w1248852285,,farm,landuse=orchard,53.4682886,-6.3204632,
w1248852286,,farm,landuse=orchard,53.4685308,-6.3243155,
w1248852287,,farm,landuse=orchard,53.4701915,-6.3247959,
w1251291285,,farm,landuse=farmland,53.4357901,-6.4142642,
w1251291286,,farm,landuse=farmland,53.4370454,-6.412579,
w1251291287,,farm,landuse=farmland,53.4362575,-6.4093343,
w1251291292,,farm,landuse=farmland,53.4359771,-6.4055896,
w1251736808,,farm,landuse=farmland,53.5317954,-6.3271633,
w1252276223,,farm,building=greenhouse,53.2612465,-6.2118771,
w1252342661,,farm,building=greenhouse,53.2630951,-6.1781736,
w1252911712,,farm,building=greenhouse,53.2725296,-6.2074345,
w1252911718,,farm,building=greenhouse,53.2792253,-6.2714716,
w1253781598,,farm,building=greenhouse,53.2990173,-6.5061829,
w1255251494,,farm,landuse=farmland,53.441394,-6.4034243,
w1257520407,,farm,landuse=greenhouse_horticulture,53.3793139,-6.3371103,
w1258725202,,farm,landuse=farmland,53.44877,-6.3346428,
w1258725203,,farm,landuse=farmland,53.4492071,-6.3367484,
w1258725204,,farm,landuse=farmland,53.4600392,-6.3436885,
w1258725205,,farm,landuse=farmland,53.4611314,-6.3428442,
w1258886676,,farm,building=greenhouse,53.3232352,-6.2423831,
w1259033694,,farm,building=greenhouse,53.3220599,-6.2458774,
w1262537471,,farm,building=greenhouse,53.345544,-6.408162,
w1263796171,,farm,building=greenhouse,53.3702636,-6.2713732,
w1264150943,,farm,building=greenhouse,53.5383484,-6.2463603,
w1264152695,,farm,building=greenhouse,53.5780511,-6.1644554,
w1264166601,,farm,building=greenhouse,53.5814162,-6.1569505,
w1264166602,,farm,building=greenhouse,53.581327,-6.1568981,
w1264166603,,farm,building=greenhouse,53.5812458,-6.1568273,
w1264166604,,farm,building=greenhouse,53.5810828,-6.1549901,
w1266924221,,farm,landuse=farmland,53.3010748,-6.4920652,
w1266924222,,farm,landuse=farmland,53.3022553,-6.4918735,
w1266924223,,farm,landuse=farmland,53.3031895,-6.4902413,
w1266924224,,farm,landuse=farmland,53.303661,-6.4913302,
w1266924225,,farm,landuse=farmland,53.3002916,-6.4893585,
w1266924226,,farm,landuse=farmland,53.300876,-6.4885918,
w1266924227,,farm,landuse=farmland,53.3025218,-6.4882741,
w1266924229,,farm,landuse=farmland,53.3028977,-6.4874846,
w1266924231,,farm,landuse=farmland,53.2990171,-6.4856643,
w1270713529,,farm,landuse=farmland,53.2738867,-6.4913441,
w1270901727,,farm,building=greenhouse,53.3724539,-6.2698091,
w1272104013,,farm,building=greenhouse,53.2983762,-6.4225702,
w1273163177,,farm,building=greenhouse,53.331858,-6.3396402,
w1273163193,,farm,building=greenhouse,53.3314243,-6.3444538,
w1273367883,,farm,building=greenhouse,53.4455275,-6.1602471,
w1275577304,,farm,building=greenhouse,53.3705844,-6.2613592,
w1277683752,,farm,building=greenhouse,53.5050498,-6.1186236,
w1279345431,,farm,building=greenhouse,53.2922846,-6.4784047,
w1279357374,,farm,building=greenhouse,53.2932515,-6.4782349,
w1279784694,,farm,building=greenhouse,53.3059516,-6.4763501,
w1280419017,,farm,building=greenhouse,53.3005921,-6.4838005,
w1280419035,,farm,building=greenhouse,53.3005881,-6.4844296,
w1280419036,,farm,building=greenhouse,53.3006696,-6.4842056,
w1280423887,,farm,building=greenhouse,53.3030728,-6.4793885,
w1280492828,,farm,building=greenhouse,53.306041,-6.4764297,
w1280580088,,farm,building=greenhouse,53.4265884,-6.2351697,
w1282030464,,farm,landuse=farmland,53.2961128,-6.5169822,
w1282030465,,farm,landuse=farmland,53.2971742,-6.5159391,
w1282056077,,farm,building=greenhouse,53.2990794,-6.5062472,
w1282131327,,farm,building=greenhouse,53.2994054,-6.4953058,
w1282431287,,farm,landuse=allotments,53.2433984,-6.1159112,
w1282726443,,farm,building=greenhouse,53.5308907,-6.1575438,
w1282815513,,farm,building=greenhouse,53.2960039,-6.4938662,
w1282902895,,farm,building=greenhouse,53.3249679,-6.2945345,
w1282980095,,farm,building=greenhouse,53.2919366,-6.5099269,
w1282980120,,farm,building=greenhouse,53.2962842,-6.5106491,
w1282980143,,farm,building=greenhouse,53.3027323,-6.5097375,
w1282997731,,farm,building=greenhouse,53.2895603,-6.5076248,
w1283199628,,farm,building=greenhouse,53.2910935,-6.5068399,
w1283258722,,farm,building=greenhouse,53.3002617,-6.5017343,
w1283293473,,farm,building=greenhouse,53.3024696,-6.4993547,
w1283494761,,farm,building=greenhouse,53.3002514,-6.4979959,
w1283494762,,farm,building=greenhouse,53.2902196,-6.4984966,
w1283494783,,farm,building=greenhouse,53.3049586,-6.4984138,
w1283523516,,farm,building=greenhouse,53.3002989,-6.4876898,
w1283534900,,farm,building=greenhouse,53.301182,-6.5002461,
w1283534906,,farm,building=greenhouse,53.3008303,-6.5004149,
w1283534917,,farm,building=greenhouse,53.3006125,-6.5005282,
w1283534921,,farm,building=greenhouse,53.3002246,-6.5008986,
w1283534938,,farm,building=greenhouse,53.2980361,-6.4986484,
w1283536419,,farm,building=greenhouse,53.2971133,-6.497046,
w1283544309,,farm,building=greenhouse,53.2942326,-6.4884283,
w1283544310,,farm,building=greenhouse,53.2943736,-6.488478,
w1283544316,,farm,building=greenhouse,53.2942726,-6.4886306,
w1283544322,,farm,building=greenhouse,53.2939278,-6.48812,
w1283544362,,farm,building=greenhouse,53.2929769,-6.4909922,
w1283640568,,farm,building=greenhouse,53.2999922,-6.489255,
w1284363543,,farm,building=greenhouse,53.2949349,-6.4900461,
w1284374489,,farm,building=greenhouse,53.2973659,-6.494591,
w1284374497,,farm,building=greenhouse,53.2977055,-6.4940305,
w1284374515,,farm,building=greenhouse,53.3013261,-6.4962612,
w1284374517,,farm,building=greenhouse,53.3013047,-6.4961476,
w1284378113,,farm,building=greenhouse,53.3000612,-6.495444,
w1284388415,,farm,building=greenhouse,53.2989654,-6.4937976,
w1284393729,,farm,building=greenhouse,53.2992585,-6.492014,
w1284410208,,farm,building=greenhouse,53.2964595,-6.4909395,
w1284452038,,farm,landuse=farmland,53.29311,-6.5095145,
w1284626704,,farm,building=greenhouse,53.2887287,-6.513663,
w1284878878,,farm,landuse=farmland,53.2907707,-6.4948015,
w1284905286,,farm,landuse=farmland,53.2897199,-6.5136742,
w1284905287,,farm,landuse=farmland,53.2905049,-6.5133711,
w1284905288,,farm,landuse=farmland,53.2913565,-6.512838,
w1284907292,,farm,landuse=farmland,53.293172,-6.5153991,
w1284907294,,farm,landuse=farmland,53.2946305,-6.5140994,
w1284907295,,farm,landuse=farmland,53.2879113,-6.4913786,
w1284907299,,farm,landuse=farmland,53.3047476,-6.4863601,
w1284907300,,farm,landuse=farmland,53.304925,-6.4891655,
w1284907301,,farm,landuse=farmland,53.3060985,-6.493877,
w1284909300,,farm,landuse=farmland,53.2922695,-6.512351,
w1284909301,,farm,landuse=farmland,53.2926895,-6.511922,
w1285141600,,farm,building=greenhouse,53.2891523,-6.498057,
w1285141601,,farm,building=greenhouse,53.2892423,-6.4981021,
w1286208239,,farm,building=greenhouse,53.3007771,-6.5021836,
w1286277409,,farm,building=greenhouse,53.3016862,-6.5087918,
w1286417013,,farm,building=greenhouse,53.3204428,-6.2095797,
w1286922960,,farm,building=greenhouse,53.2887277,-6.5158455,
w1286922962,,farm,building=greenhouse,53.2886146,-6.5163817,
w1288483881,,farm,building=greenhouse,53.2947906,-6.4894479,
w1289017239,,farm,building=greenhouse,53.2738711,-6.4409585,
w1289017240,,farm,building=greenhouse,53.2740425,-6.4409248,
w1289409684,,farm,building=greenhouse,53.2877507,-6.4355488,
w1289409685,,farm,building=greenhouse,53.2877798,-6.4355847,
w1289409688,,farm,building=greenhouse,53.2877717,-6.4358247,
w1289409692,,farm,building=greenhouse,53.2882152,-6.4352268,
w1289409703,,farm,building=greenhouse,53.2882792,-6.4356909,
w1289409707,,farm,building=greenhouse,53.2889106,-6.4355865,
w1289766331,,farm,landuse=farmland,53.3009969,-6.4356281,
w1292478687,,farm,landuse=farmland,53.2703415,-6.4581065,
w1292478696,,farm,landuse=farmland,53.2602744,-6.4757834,
w1292967602,,farm,building=greenhouse,53.317698,-6.4728823,
w1292974511,,farm,building=greenhouse,53.3099799,-6.4696685,
w1292974512,,farm,building=greenhouse,53.3099884,-6.4695276,
w1292974513,,farm,building=greenhouse,53.3099737,-6.4695775,
w1292991223,,farm,building=greenhouse,53.3119423,-6.4656147,
w1292991243,,farm,building=greenhouse,53.312007,-6.4651758,
w1292999758,,farm,building=greenhouse,53.3196731,-6.4623547,
w1293002356,,farm,building=greenhouse,53.3136675,-6.4633822,
w1293002357,,farm,building=greenhouse,53.3134399,-6.4632829,
w1293002358,,farm,building=greenhouse,53.3127053,-6.4639249,
w1293002367,,farm,building=greenhouse,53.3120943,-6.4641656,
w1293002368,,farm,building=greenhouse,53.3120902,-6.4641017,
w1293002369,,farm,building=greenhouse,53.3120738,-6.4640166,
w1293002370,,farm,building=greenhouse,53.3113576,-6.4647734,
w1293002371,,farm,building=greenhouse,53.3114534,-6.4648616,
w1293006084,,farm,building=greenhouse,53.3167117,-6.4604326,
w1293006096,,farm,building=greenhouse,53.311687,-6.4575518,
w1293010758,,farm,building=greenhouse,53.3122353,-6.4574027,
w1293062950,,farm,landuse=farmland,53.3803057,-6.2572354,
w1293062951,,farm,landuse=farmland,53.3807568,-6.2512004,
w1293062952,,farm,landuse=farmland,53.380272,-6.2544929,
w1293062953,,farm,landuse=farmland,53.3825391,-6.2571161,
w1293062954,,farm,landuse=farmland,53.3829992,-6.2547986,
w1293062955,,farm,landuse=farmland,53.3817791,-6.2535689,
w1293096165,,farm,landuse=greenhouse_horticulture,53.3794368,-6.3369918,
w1293096166,,farm,landuse=greenhouse_horticulture,53.3793741,-6.3370337,
w1293096167,,farm,landuse=greenhouse_horticulture,53.3793237,-6.3368232,
w1293096168,,farm,landuse=greenhouse_horticulture,53.3793893,-6.3367762,
w1293096169,,farm,landuse=greenhouse_horticulture,53.3793405,-6.3365684,
w1293096170,,farm,landuse=greenhouse_horticulture,53.3792021,-6.3366622,
w1293096171,,farm,landuse=greenhouse_horticulture,53.3790709,-6.3367589,
w1293096172,,farm,landuse=greenhouse_horticulture,53.3791909,-6.3369224,
w1293096173,,farm,landuse=greenhouse_horticulture,53.3792421,-6.3371249,
w1293096174,,farm,landuse=greenhouse_horticulture,53.3792237,-6.3373785,
w1293096175,,farm,landuse=greenhouse_horticulture,53.3792957,-6.3373275,
w1293096176,,farm,landuse=greenhouse_horticulture,53.3793573,-6.3372859,
w1293096177,,farm,landuse=greenhouse_horticulture,53.3794045,-6.3374964,
w1293096178,,farm,landuse=greenhouse_horticulture,53.3794717,-6.3374588,
w1293096179,,farm,landuse=greenhouse_horticulture,53.3795349,-6.3374065,
w1293378734,,farm,building=greenhouse,53.4956586,-6.1492128,
w1293392846,,farm,building=greenhouse,53.3171838,-6.4828512,
w1293409275,,farm,building=greenhouse,53.3134778,-6.4493747,
w1293742905,,farm,building=greenhouse,53.3224227,-6.437902,
w1294583407,,farm,building=greenhouse,53.315635,-6.4322966,
w1294596127,,farm,building=greenhouse,53.31847,-6.4265244,
w1294612998,,farm,building=greenhouse,53.3194556,-6.4222779,
w1294613006,,farm,building=greenhouse,53.3192874,-6.4221704,
w1295419823,,farm,building=greenhouse,53.3230223,-6.4293197,
w1295419824,,farm,building=greenhouse,53.323036,-6.4292285,
w1295419825,,farm,building=greenhouse,53.3230844,-6.4293343,
w1295423469,,farm,building=greenhouse,53.3230514,-6.4286084,
w1295423470,,farm,building=greenhouse,53.3230451,-6.4285021,
w1295426608,,farm,building=greenhouse,53.323471,-6.4272944,
w1295457701,,farm,building=greenhouse,53.3234935,-6.4292514,
w1295457707,,farm,building=greenhouse,53.3244713,-6.4282258,
w1298899407,,farm,landuse=farmland,53.4201872,-6.3356837,
w1298899408,,farm,landuse=farmland,53.4182969,-6.336762,
w1298899409,,farm,landuse=farmland,53.4176206,-6.3358543,
w1298899410,,farm,landuse=farmland,53.4201028,-6.3396975,
w1298899411,,farm,landuse=farmland,53.4166627,-6.3451429,
w1298899412,,farm,landuse=farmland,53.4183805,-6.3457356,
w1298899413,,farm,landuse=farmland,53.4167598,-6.3481986,
w1298899414,,farm,landuse=farmland,53.4176856,-6.3406708,
w1298899422,,farm,landuse=farmland,53.4237969,-6.3378548,
w1298899423,,farm,landuse=farmland,53.4239429,-6.3356547,
w1298899424,,farm,landuse=farmland,53.4251564,-6.3361668,
w1298899425,,farm,landuse=farmland,53.426757,-6.3357529,
w1298899430,,farm,landuse=farmland,53.4253391,-6.3424055,
w1298899431,,farm,landuse=farmland,53.4269434,-6.344601,
w1298899433,,farm,landuse=farmland,53.4243118,-6.3516725,
w1298899434,,farm,landuse=farmland,53.4234298,-6.3580362,
w1300616371,,farm,landuse=greenhouse_horticulture,53.5208796,-6.2126301,
w1300616377,,farm,landuse=farmland,53.5538525,-6.2007062,
w1300616378,,farm,landuse=farmland,53.553206,-6.2008998,
w1300616379,,farm,landuse=farmland,53.5519759,-6.20113,
w1300616380,,farm,landuse=farmland,53.5518862,-6.1988394,
w1300616381,,farm,landuse=farmland,53.5513736,-6.1963891,
w1300616382,,farm,landuse=farmland,53.5495317,-6.1963435,
w1300616383,,farm,landuse=farmland,53.5500537,-6.1996594,
w1300616384,,farm,landuse=farmland,53.5502384,-6.1938022,
w1300616386,,farm,landuse=farmland,53.5534818,-6.1961967,
w1300616387,,farm,landuse=farmland,53.5555818,-6.1969471,
w1300616388,,farm,landuse=farmland,53.5510362,-6.2030679,
w1300616389,,farm,landuse=farmland,53.5494561,-6.203032,
w1300616390,,farm,landuse=farmland,53.548502,-6.1997548,
w1300616391,,farm,landuse=farmland,53.5482612,-6.1964881,
w1300616393,,farm,landuse=farmland,53.5570095,-6.1985242,
w1300616394,,farm,landuse=farmland,53.5570015,-6.1954372,
w1300616395,,farm,landuse=farmland,53.5632804,-6.2041639,
w1300616396,,farm,landuse=farmland,53.5684987,-6.2031282,
w1300616397,,farm,landuse=farmland,53.5684318,-6.2061752,
w1300616398,,farm,landuse=farmland,53.5709134,-6.2037742,
w1302943171,,farm,building=greenhouse,53.2983378,-6.2000164,
w1303768180,,farm,building=greenhouse,53.3260235,-6.2808967,
w1303768181,,farm,building=greenhouse,53.325942,-6.2810048,
w1303793728,,farm,landuse=farmland,53.4326459,-6.3406396,
w1303793729,,farm,landuse=farmland,53.4305418,-6.3391938,
w1303793730,,farm,landuse=farmland,53.4326186,-6.3390614,
w1303793731,,farm,landuse=farmland,53.4321062,-6.3372466,
w1303793739,,farm,landuse=farmland,53.4289029,-6.332776,
w1303793753,,farm,landuse=farmland,53.4338487,-6.3368265,
w1303793754,,farm,landuse=farmland,53.4342048,-6.3390795,
w1303793755,,farm,landuse=farmland,53.4335109,-6.3422818,
w1304155299,,farm,landuse=farmland,53.4302224,-6.3296905,
w1304155300,,farm,landuse=farmland,53.429572,-6.3225805,
w1304155301,,farm,landuse=farmland,53.4319998,-6.3282462,
w1304155312,,farm,landuse=farmland,53.4271403,-6.313008,
w1304809171,,farm,landuse=farmland,53.3782428,-6.4369144,
w1305111526,,farm,landuse=farmland,53.4290654,-6.3094457,
w1305111527,,farm,landuse=farmland,53.4318366,-6.3096591,
w1305111528,,farm,landuse=farmland,53.4294662,-6.3124116,
w1305111530,,farm,landuse=farmland,53.4322699,-6.3151775,
w1305111533,,farm,landuse=farmland,53.4320031,-6.3197084,
w1305318685,,farm,building=greenhouse,53.3009775,-6.21701,
w1305636725,,farm,landuse=farmland,53.4361802,-6.2960376,
w1305636726,,farm,landuse=farmland,53.4372404,-6.2952347,
w1305636727,,farm,landuse=farmland,53.4349311,-6.2946518,
w1305636730,,farm,landuse=farmland,53.4431271,-6.2904678,
w1305636732,,farm,landuse=farmland,53.4360308,-6.3106947,
w1305636733,,farm,landuse=farmland,53.4343478,-6.3141993,
w1305636744,,farm,landuse=farmland,53.4341389,-6.3243748,
w1305636745,,farm,landuse=farmland,53.4335636,-6.3220775,
w1305636746,,farm,landuse=farmland,53.4339136,-6.3195719,
w1305636747,,farm,landuse=farmland,53.4357888,-6.31824,
w1305636748,,farm,landuse=farmland,53.4363018,-6.3215758,
w1305636749,,farm,landuse=farmland,53.4389613,-6.320433,
w1305636759,,farm,landuse=farmland,53.4344454,-6.3289771,
w1306190189,,farm,landuse=farmland,53.3806608,-6.2605179,
w1306941219,,farm,landuse=farmland,53.4435139,-6.2955862,
w1306941229,,farm,landuse=farmland,53.4475046,-6.2926408,
w1306941230,,farm,landuse=farmland,53.4473009,-6.2903795,
w1306941240,,farm,landuse=farmland,53.453197,-6.2863561,
w1306941244,,farm,landuse=farmland,53.4521104,-6.283193,
w1306941245,,farm,landuse=farmland,53.453063,-6.2809362,
w1309125701,,farm,landuse=farmland,53.4395445,-6.3096001,
w1309125706,,farm,landuse=farmland,53.4428316,-6.3066382,
w1309125707,,farm,landuse=farmland,53.442743,-6.303242,
w1309125709,,farm,landuse=farmland,53.4397972,-6.3123075,
w1309125710,,farm,landuse=farmland,53.4415618,-6.3119323,
w1309125711,,farm,landuse=farmland,53.4408889,-6.3157759,
w1309125712,,farm,landuse=farmland,53.4421059,-6.3162823,
w1309125713,,farm,landuse=farmland,53.4419124,-6.3145299,
w1309125714,,farm,landuse=farmland,53.4433091,-6.3140259,
w1309125715,,farm,landuse=farmland,53.4435148,-6.3125624,
w1309125718,,farm,landuse=farmland,53.443152,-6.316446,
w1309125721,,farm,landuse=farmland,53.4395526,-6.3218106,
w1309125723,,farm,landuse=farmland,53.4442933,-6.3191392,
w1309125724,,farm,landuse=farmland,53.4419529,-6.3219424,
w1309125725,,farm,landuse=farmland,53.4407541,-6.3230443,
w1309125726,,farm,landuse=farmland,53.4389007,-6.3267845,
w1309125727,,farm,landuse=farmland,53.4372592,-6.3257413,
w1309125729,,farm,landuse=farmland,53.4370377,-6.3311092,
w1309139536,,farm,landuse=farmland,53.4438059,-6.3104361,
w1309139545,,farm,landuse=farmland,53.4496477,-6.3122132,
w1309139546,,farm,landuse=farmland,53.4474218,-6.3118163,
w1309139548,,farm,landuse=farmland,53.4457025,-6.3139943,
w1309139551,,farm,landuse=farmland,53.4476889,-6.3163143,
w1309474072,,farm,landuse=farmland,53.4453278,-6.322775,
w1309474073,,farm,landuse=farmland,53.444379,-6.3262548,
w1309474074,,farm,landuse=farmland,53.443107,-6.3314803,
w1309474075,,farm,landuse=farmland,53.44116,-6.3324749,
w1309474076,,farm,landuse=farmland,53.443841,-6.3341529,
w1309474077,,farm,landuse=farmland,53.4462034,-6.3350333,
w1309474095,,farm,landuse=farmland,53.4358505,-6.3355846,
w1309474097,,farm,landuse=farmland,53.4356403,-6.3378583,
w1309474099,,farm,landuse=farmland,53.4352987,-6.3418757,
w1309474100,,farm,landuse=farmland,53.4370028,-6.3419012,
w1309474102,,farm,landuse=farmland,53.4379325,-6.3459835,
w1309474103,,farm,landuse=farmland,53.4370395,-6.349064,
w1309474104,,farm,landuse=farmland,53.4349017,-6.34663,
w1309474105,,farm,landuse=farmland,53.4395939,-6.3485698,
w1309474106,,farm,landuse=farmland,53.441715,-6.3427983,
w1309474113,,farm,landuse=farmland,53.438396,-6.3397376,
w1309484123,,farm,landuse=farmland,53.436089,-6.3542245,
w1309484124,,farm,landuse=farmland,53.4345374,-6.3555899,
w1309484125,,farm,landuse=farmland,53.4338419,-6.3511043,
w1309484143,,farm,landuse=farmland,53.4358118,-6.3605503,
w1309484146,,farm,landuse=farmland,53.4365772,-6.3645482,
w1309484147,,farm,landuse=farmland,53.4371527,-6.3665227,
w1309493070,,farm,landuse=farmland,53.4526741,-6.2770088,
w1309493075,,farm,landuse=farmland,53.451967,-6.2715575,
w1309493091,,farm,landuse=greenhouse_horticulture,53.4591306,-6.2699887,
w1309494487,,farm,landuse=farmland,53.4547526,-6.2836627,
w1309494488,,farm,landuse=farmland,53.4546945,-6.2816953,
w1309494489,,farm,landuse=farmland,53.4547921,-6.2799202,
w1310403808,,farm,landuse=allotments,53.3396539,-6.2821863,
w1311631967,,farm,landuse=farmland,53.5759628,-6.3881314,
w1311631971,,farm,building=greenhouse,53.5726929,-6.3979523,
w1311631974,,farm,landuse=farmland,53.5712747,-6.3930935,
w1311631975,,farm,landuse=farmland,53.5712476,-6.3908203,
w1311631976,,farm,landuse=farmland,53.5738429,-6.3905547,
w1311631977,,farm,landuse=farmland,53.5751473,-6.3823692,
w1311631978,,farm,landuse=farmland,53.5740134,-6.3825296,
w1311631979,,farm,landuse=farmland,53.573268,-6.3808053,
w1311631980,,farm,landuse=farmland,53.5731517,-6.3823163,
w1311631981,,farm,landuse=farmland,53.574464,-6.386447,
w1311631984,,farm,landuse=farmland,53.5708932,-6.383809,
w1311631986,,farm,landuse=farmland,53.5711293,-6.38686,
w1311631987,,farm,landuse=farmland,53.5712042,-6.3888308,
w1311634223,,farm,landuse=farmland,53.5731127,-6.401128,
w1311634228,,farm,landuse=farmland,53.5692372,-6.4059171,
w1311634229,,farm,landuse=farmland,53.5692584,-6.4078226,
w1311634231,,farm,landuse=farmland,53.5691355,-6.4125261,
w1311634235,,farm,landuse=farmland,53.5689237,-6.4145002,
w1311636870,,farm,landuse=farmland,53.6299493,-6.205617,
w1311636871,,farm,landuse=farmland,53.6309285,-6.2065262,
w1311636873,,farm,landuse=farmland,53.6285611,-6.2030632,
w1311636874,,farm,landuse=farmland,53.6270253,-6.1990617,
w1311636875,,farm,landuse=farmland,53.6275998,-6.195902,
w1311636876,,farm,landuse=farmland,53.6293742,-6.1989404,
w1311636877,,farm,landuse=farmland,53.62902,-6.1946861,
w1311636881,,farm,landuse=farmland,53.6262042,-6.1934446,
w1311636882,,farm,landuse=farmland,53.6251299,-6.1926368,
w1311636883,,farm,landuse=farmland,53.6238362,-6.192054,
w1311636884,,farm,landuse=farmland,53.621924,-6.1910725,
w1311637970,,farm,building=greenhouse,53.3548667,-6.2531174,
w1312514130,,farm,landuse=farmland,53.4705895,-6.2494863,
w1312854383,,farm,building=greenhouse,53.4524482,-6.2258802,
w1314332321,,farm,building=greenhouse,53.2655711,-6.510623,
w1314958459,,farm,landuse=farmland,53.5622242,-6.3906029,
w1314958460,,farm,landuse=farmland,53.5621048,-6.3922834,
w1314958466,,farm,landuse=farmland,53.560664,-6.4074468,
w1314958467,,farm,landuse=farmland,53.5618695,-6.404472,
w1314958468,,farm,landuse=farmland,53.5638784,-6.4047933,
w1314958469,,farm,landuse=farmland,53.5601973,-6.3999452,
w1314958470,,farm,landuse=farmland,53.5626822,-6.3997105,
w1314958471,,farm,landuse=farmland,53.5651569,-6.4017758,
w1314958472,,farm,landuse=farmland,53.5681099,-6.4008008,
w1314958473,,farm,landuse=farmland,53.5688153,-6.3973327,
w1314958494,,farm,landuse=farmland,53.5682167,-6.3886967,
w1315499167,,farm,building=greenhouse,53.4220533,-6.1873088,
w1316445595,,farm,landuse=farmland,53.3984884,-6.330001,
w1316534835,,farm,landuse=farmland,53.3720641,-6.4602085,
w1317983455,,farm,building=greenhouse,53.324779,-6.2721845,
w1318110653,,farm,landuse=farmland,53.3696909,-6.4283148,
w1319357950,,farm,building=greenhouse,53.3198876,-6.2861867,
w1319590144,,farm,landuse=farmland,53.2502712,-6.2506906,
w1319592199,,farm,landuse=farmland,53.2513165,-6.2511782,
w1319612834,,farm,building=greenhouse,53.3181406,-6.2911792,
w1319978569,,farm,building=greenhouse,53.3121582,-6.2972583,
w1320131404,,farm,building=greenhouse,53.3269875,-6.3073486,
w1320131405,,farm,building=greenhouse,53.3270013,-6.3072536,
w1320139740,,farm,building=greenhouse,53.3275919,-6.298833,
w1321659689,,farm,building=greenhouse,53.4768574,-6.2996636,
w1321659692,,farm,building=greenhouse,53.4770056,-6.3000728,
w1322334913,,farm,landuse=farmland,53.2590545,-6.5101373,
w1322334914,,farm,landuse=farmland,53.2561767,-6.513294,
w1322334915,,farm,landuse=farmland,53.2570626,-6.5218964,
w1322334916,,farm,landuse=farmland,53.2583021,-6.5197837,
w1322334917,,farm,landuse=farmland,53.2597857,-6.518292,
w1322334918,,farm,landuse=farmland,53.2578368,-6.5156772,
w1322334919,,farm,landuse=farmland,53.2592735,-6.512705,
w1322334920,,farm,landuse=farmland,53.2604463,-6.5158721,
w1322334928,,farm,landuse=farmland,53.26289,-6.5179644,
w1322334932,,farm,landuse=farmland,53.2582404,-6.5238109,
w1322335672,,farm,landuse=farmland,53.2404454,-6.4950833,
w1322335675,,farm,landuse=farmland,53.2404611,-6.4915974,
w1322335677,,farm,landuse=farmland,53.2391694,-6.488693,
w1322335678,,farm,landuse=farmland,53.2425595,-6.4901843,
w1322335679,,farm,landuse=farmland,53.2410058,-6.4977902,
w1322337759,,farm,landuse=farmland,53.2644399,-6.5238834,
w1322337801,,farm,landuse=farmland,53.2531087,-6.5284056,
w1322337802,,farm,landuse=farmland,53.2555783,-6.5281133,
w1322337803,,farm,landuse=farmland,53.2545361,-6.528942,
w1322340633,,farm,landuse=farmland,53.2464469,-6.5150054,
w1323904341,,farm,landuse=farmland,53.2758944,-6.5448595,
w1323904342,,farm,landuse=farmland,53.2768398,-6.5390833,
w1323904343,,farm,landuse=farmland,53.2790873,-6.5391955,
w1323904347,,farm,landuse=farmland,53.2802031,-6.538627,
w1323904348,,farm,landuse=farmland,53.2781698,-6.5421128,
w1323904362,,farm,landuse=farmland,53.2808388,-6.5371093,
w1323904378,,farm,landuse=farmland,53.2857329,-6.5335308,
w1323904379,,farm,landuse=farmland,53.2853083,-6.5278236,
w1323904380,,farm,landuse=farmland,53.2842272,-6.5296949,
w1324230402,,farm,landuse=farmland,53.2774157,-6.5431871,
w1324247927,,farm,landuse=farmland,53.3088492,-6.4740298,
w1324247928,,farm,landuse=farmland,53.3088534,-6.4773161,
w1324247929,,farm,landuse=farmland,53.3098658,-6.479316,
w1324247930,,farm,landuse=farmland,53.3121684,-6.4778657,
w1324247931,,farm,landuse=farmland,53.3108486,-6.4767057,
w1324247932,,farm,landuse=farmland,53.313304,-6.4805442,
w1324247935,,farm,landuse=farmland,53.3098046,-6.4869391,
w1324247943,,farm,landuse=farmland,53.3101025,-6.4881455,
w1324247944,,farm,landuse=farmland,53.3095627,-6.4907758,
w1324247948,,farm,landuse=farmland,53.3017483,-6.4680716,
w1324247951,,farm,landuse=farmland,53.3152881,-6.4641399,
w1324247953,,farm,landuse=farmland,53.3127604,-6.4697396,
w1324247954,,farm,landuse=farmland,53.3166203,-6.4651159,
w1324249673,,farm,landuse=farmland,53.3006703,-6.4632491,
w1324249674,,farm,landuse=farmland,53.2999195,-6.4590756,
w1324446401,,farm,building=greenhouse,53.5241587,-6.0885299,
w1324446402,,farm,building=greenhouse,53.5242877,-6.0885257,
w1324501275,,farm,building=greenhouse,53.3017434,-6.5264131,
w1326352169,,farm,landuse=farmland,53.3444054,-6.492857,
w1327078363,,farm,building=greenhouse,53.4104054,-6.4286627,
w1327080640,,farm,building=greenhouse,53.3830607,-6.3211403,
w1327094984,,farm,building=greenhouse,53.4747347,-6.1245302,
w1327115102,,farm,landuse=farmland,53.3713703,-6.4401887,
w1327115112,,farm,landuse=farmland,53.3712071,-6.4361655,
w1327115113,,farm,landuse=farmland,53.3738427,-6.4356479,
w1327115136,,farm,landuse=farmland,53.3806802,-6.4350878,
w1327434384,,farm,building=greenhouse,53.3887922,-6.3507704,
w1327434385,,farm,building=greenhouse,53.3879212,-6.3520312,
w1328310563,,farm,building=greenhouse,53.4814965,-6.1172686,
w1328310831,,farm,building=greenhouse,53.4797043,-6.115008,
w1328546136,,farm,building=greenhouse,53.5000567,-6.1208083,
w1328700898,,farm,building=greenhouse,53.4823223,-6.1192047,
w1328700899,,farm,building=greenhouse,53.482055,-6.1175704,
w1328700900,,farm,building=greenhouse,53.4821261,-6.1180879,
w1328701340,,farm,building=greenhouse,53.4740118,-6.1415418,
w1328701343,,farm,building=greenhouse,53.4738631,-6.1416343,
w1328702932,,farm,building=greenhouse,53.4829893,-6.1203028,
w1328705909,,farm,building=greenhouse,53.4902367,-6.2913816,
w1328765753,,farm,building=greenhouse,53.4984195,-6.1177989,
w1330119708,,farm,building=greenhouse,53.3837227,-6.4286708,
w1330119710,,farm,building=greenhouse,53.3836,-6.4282906,
w1330464181,,farm,building=greenhouse,53.4706522,-6.126903,
w1330732532,,farm,building=greenhouse,53.3796116,-6.3391952,
w1331254862,,farm,building=greenhouse,53.4902383,-6.1179806,
w1331254863,,farm,building=greenhouse,53.49025,-6.1180948,
w1331541761,,farm,building=greenhouse,53.4723647,-6.1741697,
w1331696349,,farm,building=greenhouse,53.4772359,-6.1992314,
w1331882166,,farm,building=greenhouse,53.4457272,-6.3042637,
w1331882175,,farm,building=greenhouse,53.4477491,-6.3048856,
w1331882179,,farm,building=greenhouse,53.4482195,-6.3059024,
w1332139633,,farm,building=greenhouse,53.5209267,-6.076591,
w1332651479,,farm,landuse=farmland,53.4228176,-6.1992974,
w1333593830,,farm,building=greenhouse,53.4710282,-6.1831872,
w1333593835,,farm,building=greenhouse,53.4722069,-6.1821738,
w1334163091,,farm,building=greenhouse,53.4936123,-6.1841063,
w1334163093,,farm,building=greenhouse,53.4939131,-6.1843219,
w1334163096,,farm,building=greenhouse,53.4937713,-6.184524,
w1334163097,,farm,building=greenhouse,53.4937264,-6.1845416,
w1334163098,,farm,building=greenhouse,53.4937029,-6.1846628,
w1334163099,,farm,building=greenhouse,53.4937412,-6.1843781,
w1334163104,,farm,building=greenhouse,53.4938284,-6.1838319,
w1334163105,,farm,building=greenhouse,53.4938037,-6.1836988,
w1334163106,,farm,building=greenhouse,53.4937566,-6.1833728,
w1334163108,,farm,building=greenhouse,53.4937823,-6.1835162,
w1334163110,,farm,building=greenhouse,53.4936795,-6.1837781,
w1334163112,,farm,building=greenhouse,53.4936819,-6.1836245,
w1334163117,,farm,building=greenhouse,53.4935264,-6.1837158,
w1334163118,,farm,building=greenhouse,53.4935079,-6.1833304,
w1334163119,,farm,building=greenhouse,53.493565,-6.1834392,
w1334163125,,farm,building=greenhouse,53.4933667,-6.1835151,
w1334163130,,farm,building=greenhouse,53.4933262,-6.1839497,
w1334163132,,farm,building=greenhouse,53.493419,-6.1840665,
w1334163133,,farm,building=greenhouse,53.4933819,-6.184103,
w1334163134,,farm,building=greenhouse,53.4932352,-6.1845425,
w1334163137,,farm,building=greenhouse,53.4932834,-6.1844233,
w1334163139,,farm,building=greenhouse,53.493162,-6.184571,
w1334163141,,farm,building=greenhouse,53.4935212,-6.1843438,
w1334163142,,farm,building=greenhouse,53.4935039,-6.1844751,
w1334163145,,farm,building=greenhouse,53.4935794,-6.1846816,
w1334163146,,farm,building=greenhouse,53.4935897,-6.1847389,
w1334163147,,farm,building=greenhouse,53.4936036,-6.1847831,
w1334163148,,farm,building=greenhouse,53.4934085,-6.1847904,
w1334163149,,farm,building=greenhouse,53.4933702,-6.1847994,
w1334163150,,farm,building=greenhouse,53.4933394,-6.1848729,
w1334163152,,farm,building=greenhouse,53.4932181,-6.1849121,
w1334163157,,farm,building=greenhouse,53.4931246,-6.183678,
w1334163158,,farm,building=greenhouse,53.4931305,-6.1838312,
w1334163159,,farm,building=greenhouse,53.4931506,-6.1837852,
w1334163160,,farm,building=greenhouse,53.4932372,-6.184064,
w1334163161,,farm,building=greenhouse,53.4932423,-6.1843122,
w1334163163,,farm,building=greenhouse,53.4931292,-6.1842648,
w1334163164,,farm,building=greenhouse,53.4930718,-6.184232,
w1334163165,,farm,building=greenhouse,53.4929334,-6.1822005,
w1334163167,,farm,building=greenhouse,53.4932359,-6.1820765,
w1334163169,,farm,building=greenhouse,53.4932702,-6.1820905,
w1334163170,,farm,building=greenhouse,53.4933045,-6.1820078,
w1334163171,,farm,building=greenhouse,53.4933265,-6.1820977,
w1334163175,,farm,building=greenhouse,53.4935098,-6.1822212,
w1334163176,,farm,building=greenhouse,53.4935675,-6.1823903,
w1334163185,,farm,building=greenhouse,53.4935034,-6.1831007,
w1334163187,,farm,building=greenhouse,53.4934932,-6.1829483,
w1334163188,,farm,building=greenhouse,53.4934424,-6.1829314,
w1334163192,,farm,building=greenhouse,53.4932133,-6.1831273,
w1334163194,,farm,building=greenhouse,53.49309,-6.1832399,
w1334163196,,farm,building=greenhouse,53.4929918,-6.1832544,
w1334163197,,farm,building=greenhouse,53.493005,-6.1833263,
w1334163198,,farm,building=greenhouse,53.4933284,-6.1823041,
w1334163199,,farm,building=greenhouse,53.4933301,-6.1824341,
w1334163201,,farm,building=greenhouse,53.4933918,-6.1826444,
w1334163209,,farm,building=greenhouse,53.4929927,-6.1827941,
w1334163210,,farm,building=greenhouse,53.4929457,-6.1825579,
w1334163211,,farm,building=greenhouse,53.4929334,-6.1826346,
w1334163212,,farm,building=greenhouse,53.492974,-6.1826595,
w1334163213,,farm,building=greenhouse,53.4929809,-6.1824777,
w1334163215,,farm,building=greenhouse,53.493116,-6.1824316,
w1334163221,,farm,building=greenhouse,53.4929784,-6.1822339,
w1334163228,,farm,building=greenhouse,53.492823,-6.1823813,
w1334163229,,farm,building=greenhouse,53.4927487,-6.1822747,
w1334163230,,farm,building=greenhouse,53.4927328,-6.1823467,
w1334165171,,farm,building=greenhouse,53.4488948,-6.2951544,
w1334385444,,farm,building=greenhouse,53.4937043,-6.1869126,
w1334596762,,farm,building=greenhouse,53.45485,-6.1949727,
w1334596763,,farm,building=greenhouse,53.4548489,-6.1950446,
w1334596764,,farm,building=greenhouse,53.4548469,-6.1951224,
w1334596765,,farm,building=greenhouse,53.4548441,-6.1952048,
w1334596766,,farm,building=greenhouse,53.4548465,-6.1952805,
w1334596767,,farm,building=greenhouse,53.4548357,-6.1953791,
w1334596768,,farm,building=greenhouse,53.4548365,-6.1954596,
w1334596769,,farm,building=greenhouse,53.4548357,-6.1955408,
w1334596770,,farm,building=greenhouse,53.4548317,-6.1956152,
w1334596771,,farm,building=greenhouse,53.4548294,-6.1956998,
w1334596772,,farm,building=greenhouse,53.4547325,-6.1950646,
w1334596773,,farm,building=greenhouse,53.4546176,-6.1948413,
w1334596774,,farm,building=greenhouse,53.4546281,-6.194734,
w1334596775,,farm,building=greenhouse,53.4546979,-6.1948243,
w1334596776,,farm,building=greenhouse,53.4546802,-6.1942046,
w1334596777,,farm,building=greenhouse,53.4547,-6.1943882,
w1334596778,,farm,building=greenhouse,53.4546201,-6.1945449,
w1334596779,,farm,building=greenhouse,53.4545747,-6.1942993,
w1334596780,,farm,building=greenhouse,53.454544,-6.19423,
w1334596781,,farm,building=greenhouse,53.4544239,-6.1941708,
w1334596782,,farm,building=greenhouse,53.4542567,-6.1941946,
w1334596783,,farm,building=greenhouse,53.4541696,-6.1941976,
w1334596784,,farm,building=greenhouse,53.4541974,-6.1944139,
w1334596785,,farm,building=greenhouse,53.4541885,-6.194526,
w1334596786,,farm,building=greenhouse,53.4541033,-6.1943947,
w1334596787,,farm,building=greenhouse,53.4540605,-6.1943592,
w1334596788,,farm,building=greenhouse,53.4540107,-6.1945249,
w1334596789,,farm,building=greenhouse,53.4539123,-6.1944822,
w1334596790,,farm,building=greenhouse,53.4538132,-6.1945603,
w1334596791,,farm,building=greenhouse,53.4536894,-6.1945664,
w1334596792,,farm,building=greenhouse,53.4536932,-6.1944087,
w1334596794,,farm,building=greenhouse,53.4534393,-6.1945878,
w1334596795,,farm,building=greenhouse,53.4534258,-6.1943968,
w1334596796,,farm,building=greenhouse,53.45343,-6.1940965,
w1334596797,,farm,building=greenhouse,53.4531987,-6.1940534,
w1334596798,,farm,building=greenhouse,53.4533057,-6.1939918,
w1334596799,,farm,building=greenhouse,53.4534241,-6.1941979,
w1334596800,,farm,building=greenhouse,53.4533594,-6.1943554,
w1334596801,,farm,building=greenhouse,53.453356,-6.1942505,
w1334596802,,farm,building=greenhouse,53.45323,-6.1942608,
w1334596803,,farm,building=greenhouse,53.4532383,-6.1944109,
w1334596804,,farm,building=greenhouse,53.453125,-6.1944047,
w1334596805,,farm,building=greenhouse,53.453033,-6.1944544,
w1334596806,,farm,building=greenhouse,53.4529573,-6.1941964,
w1334596807,,farm,building=greenhouse,53.4529393,-6.1944013,
w1334596808,,farm,building=greenhouse,53.4529322,-6.1944664,
w1334596809,,farm,building=greenhouse,53.452916,-6.1945428,
w1334596810,,farm,building=greenhouse,53.4528096,-6.1944935,
w1334596811,,farm,building=greenhouse,53.452813,-6.1941336,
w1334598042,,farm,building=greenhouse,53.4761058,-6.1531253,
w1334599002,,farm,building=greenhouse,53.4930731,-6.132143,
w1334599015,,farm,building=greenhouse,53.4916918,-6.1336974,
w1334949623,,farm,building=greenhouse,53.4895061,-6.2788879,
w1334949624,,farm,building=greenhouse,53.4895569,-6.2787282,
w1334965267,,farm,building=greenhouse,53.4447895,-6.2622378,
w1334965270,,farm,building=greenhouse,53.44784,-6.265587,
w1334965271,,farm,building=greenhouse,53.447897,-6.2704391,
w1334965274,,farm,building=greenhouse,53.4480706,-6.2698524,
w1336765608,,farm,building=greenhouse,53.4449727,-6.1604823,
w1336765609,,farm,building=greenhouse,53.444809,-6.1613359,
w1337089463,,farm,building=greenhouse,53.4230932,-6.1720216,
w1337096947,,farm,building=greenhouse,53.4740752,-6.1875794,
w1337096948,,farm,building=greenhouse,53.4741886,-6.1885294,
w1337096949,,farm,building=greenhouse,53.474187,-6.1882263,
w1337096950,,farm,building=greenhouse,53.4741829,-6.1879018,
w1337100369,,farm,building=greenhouse,53.4755735,-6.1947544,
w1337103156,,farm,building=greenhouse,53.4865588,-6.1976408,
w1337149321,,farm,building=greenhouse,53.4751979,-6.1909769,
w1337311699,,farm,building=greenhouse,53.4945055,-6.2127002,
w1337519793,,farm,building=greenhouse,53.422827,-6.1720859,
w1337614640,,farm,building=greenhouse,53.4883519,-6.2409716,
w1337614643,,farm,building=greenhouse,53.4903888,-6.2419135,
w1337614644,,farm,building=greenhouse,53.4927041,-6.2435458,
w1337615139,,farm,building=greenhouse,53.4924056,-6.2655751,
w1337615140,,farm,building=greenhouse,53.4923739,-6.26559,
w1338134889,,farm,landuse=farmland,53.2878318,-6.4735111,
w1338544831,,farm,building=greenhouse,53.4067491,-6.3782284,
w1338544832,,farm,building=greenhouse,53.406772,-6.3781206,
w1338558612,,farm,building=greenhouse,53.3903754,-6.3952974,
w1338558613,,farm,building=greenhouse,53.3903896,-6.3954391,
w1338558614,,farm,building=greenhouse,53.3904441,-6.3954955,
w1339090679,,farm,landuse=greenhouse_horticulture,53.4741816,-6.1880376,
w1339382636,,farm,building=greenhouse,53.3825842,-6.3543049,
w1339382637,,farm,building=greenhouse,53.3824307,-6.354684,
w1339772304,,farm,building=greenhouse,53.4533833,-6.1963248,
w1339772305,,farm,building=greenhouse,53.4534323,-6.1966348,
w1339772306,,farm,building=greenhouse,53.4534939,-6.1969578,
w1339772307,,farm,building=greenhouse,53.4534159,-6.1967918,
w1339772308,,farm,building=greenhouse,53.4532568,-6.1964935,
w1339772309,,farm,building=greenhouse,53.4532549,-6.1966237,
w1339772310,,farm,building=greenhouse,53.4531359,-6.1968979,
w1339772311,,farm,building=greenhouse,53.4531098,-6.1967427,
w1340214539,,farm,building=greenhouse,53.4719993,-6.2098676,
w1340214544,,farm,building=greenhouse,53.4717913,-6.2089957,
w1340214545,,farm,building=greenhouse,53.4718219,-6.2091712,
w1340216916,,farm,building=greenhouse,53.4062962,-6.3653845,
w1340400554,,farm,landuse=farmland,53.443387,-6.3724736,
w1340400555,,farm,landuse=farmland,53.4438045,-6.3765122,
w1340400558,,farm,landuse=farmland,53.4394785,-6.3764868,
w1340400561,,farm,landuse=farmland,53.4404651,-6.3699888,
w1340400563,,farm,landuse=farmland,53.4367774,-6.3701929,
w1340400564,,farm,landuse=farmland,53.4332336,-6.3716722,
w1340400566,,farm,landuse=farmland,53.4363111,-6.3737161,
w1340400567,,farm,landuse=farmland,53.4375504,-6.3766879,
w1340400568,,farm,landuse=farmland,53.4359584,-6.3772133,
w1340400569,,farm,landuse=farmland,53.437461,-6.3806046,
w1340400570,,farm,landuse=farmland,53.438922,-6.372502,
w1340400576,,farm,landuse=farmland,53.4403992,-6.3800909,
w1340400577,,farm,landuse=farmland,53.4420132,-6.3789769,
w1340400593,,farm,landuse=farmland,53.4392153,-6.3929897,
w1340471034,,farm,building=greenhouse,53.4714125,-6.2521684,
w1340471036,,farm,building=greenhouse,53.4713887,-6.2523777,
w1340726372,,farm,building=greenhouse,53.4831859,-6.1361203,
w1340726379,,farm,building=greenhouse,53.4828225,-6.1340438,
w1340977026,,farm,building=greenhouse,53.4008129,-6.3876048,
w1340977799,,farm,building=greenhouse,53.4481187,-6.2780556,
w1341100177,,farm,landuse=farmland,53.4336547,-6.393441,
w1341100179,,farm,landuse=farmland,53.4368218,-6.3934468,
w1341372020,,farm,landuse=greenhouse_horticulture,53.2897982,-6.1928488,
w1341372024,,farm,landuse=greenhouse_horticulture,53.2896972,-6.1925742,
w1341773340,,farm,building=greenhouse,53.4499388,-6.2651133,
w1342039174,,farm,building=greenhouse,53.446473,-6.2581919,
w1342039180,,farm,building=greenhouse,53.446607,-6.2617901,
w1342113322,,farm,landuse=farmland,53.4949772,-6.1891534,
w1342113324,,farm,landuse=farmland,53.498604,-6.1918698,
w1342113325,,farm,landuse=farmland,53.4984587,-6.1890979,
w1342113326,,farm,landuse=farmland,53.4983272,-6.187847,
w1342113333,,farm,landuse=farmland,53.4803144,-6.1927378,
w1342113334,,farm,landuse=farmland,53.4766792,-6.1949975,
w1342113335,,farm,landuse=farmland,53.4751948,-6.1927241,
w1342113336,,farm,landuse=farmland,53.4761672,-6.1917386,
w1342113337,,farm,landuse=farmland,53.4765907,-6.1913761,
w1342113338,,farm,landuse=farmland,53.4774755,-6.1914589,
w1342125343,,farm,landuse=farmland,53.4859742,-6.1551001,
w1342180273,,farm,building=greenhouse,53.4758693,-6.1202284,
w1342186556,,farm,building=greenhouse,53.4516341,-6.2246251,
w1342644334,,farm,building=greenhouse,53.4968093,-6.1947439,
w1342644335,,farm,building=greenhouse,53.496588,-6.1946658,
w1342644341,,farm,building=greenhouse,53.4938748,-6.1925317,
w1342672312,,farm,building=greenhouse,53.48245,-6.1543075,
w1343041172,,farm,building=greenhouse,53.4782353,-6.161851,
w1343403283,,farm,building=greenhouse,53.4852858,-6.1551626,
w1343433022,,farm,building=greenhouse,53.4724271,-6.1398106,
w1343433023,,farm,building=greenhouse,53.4724923,-6.1399253,
w1343433024,,farm,building=greenhouse,53.4725579,-6.1396911,
w1343433025,,farm,building=greenhouse,53.4725955,-6.1396387,
w1343433026,,farm,building=greenhouse,53.4726754,-6.1393421,
w1343433027,,farm,building=greenhouse,53.472425,-6.1394731,
w1343433035,,farm,building=greenhouse,53.472734,-6.1396714,
w1343433038,,farm,building=greenhouse,53.472872,-6.1391837,
w1343433039,,farm,building=greenhouse,53.4729121,-6.1391301,
w1343433040,,farm,building=greenhouse,53.4729898,-6.1393011,
w1343433041,,farm,building=greenhouse,53.473113,-6.1392548,
w1343433045,,farm,building=greenhouse,53.4733396,-6.1390983,
w1343433048,,farm,building=greenhouse,53.4733727,-6.138815,
w1343433049,,farm,building=greenhouse,53.4734064,-6.1387897,
w1343433052,,farm,building=greenhouse,53.4735127,-6.1386949,
w1343433054,,farm,building=greenhouse,53.4736372,-6.1386291,
w1343433057,,farm,building=greenhouse,53.4738392,-6.1386939,
w1343433058,,farm,building=greenhouse,53.4739012,-6.1386201,
w1343433059,,farm,building=greenhouse,53.4739753,-6.1386002,
w1343433061,,farm,building=greenhouse,53.4737552,-6.1385149,
w1343433062,,farm,building=greenhouse,53.4738325,-6.1384455,
w1343433063,,farm,building=greenhouse,53.4739362,-6.1383245,
w1343438358,,farm,building=greenhouse,53.4929042,-6.1328381,
w1343453885,,farm,landuse=farmland,53.5135035,-6.2418523,
w1343453886,,farm,landuse=farmland,53.5266091,-6.2571252,
w1343453887,,farm,landuse=farmland,53.52832,-6.2592907,
w1343453888,,farm,landuse=farmland,53.5296544,-6.2598137,
w1343453889,,farm,landuse=farmland,53.5289386,-6.2569264,
w1343453890,,farm,landuse=farmland,53.5301773,-6.2547776,
w1343453891,,farm,landuse=farmland,53.5311547,-6.2558615,
w1343453892,,farm,landuse=farmland,53.5321447,-6.2600136,
w1343453893,,farm,landuse=farmland,53.5309235,-6.2635621,
w1343453894,,farm,landuse=farmland,53.5330693,-6.2558321,
w1343453895,,farm,landuse=farmland,53.5330311,-6.251688,
w1343453896,,farm,landuse=farmland,53.5388071,-6.2522149,
w1343453897,,farm,landuse=farmland,53.5342752,-6.2554002,
w1343453898,,farm,landuse=farmland,53.5322346,-6.263777,
w1343453900,,farm,landuse=farmland,53.5344419,-6.2626904,
w1343453901,,farm,landuse=farmland,53.5355148,-6.2556226,
w1343453902,,farm,landuse=farmland,53.5366769,-6.2558561,
w1343469152,,farm,building=greenhouse,53.4991484,-6.1182484,
w1343469158,,farm,building=greenhouse,53.4998341,-6.1152676,
w1343469168,,farm,building=greenhouse,53.4989887,-6.1166479,
w1343479103,,farm,building=greenhouse,53.4964683,-6.1158524,
w1343479104,,farm,building=greenhouse,53.4964311,-6.1158663,
w1343479108,,farm,building=greenhouse,53.4967609,-6.1157077,
w1343479121,,farm,building=greenhouse,53.4958508,-6.1129465,
w1343503454,,farm,building=greenhouse,53.5024013,-6.1237682,
w1343503455,,farm,building=greenhouse,53.5024311,-6.1236727,
w1343503456,,farm,building=greenhouse,53.50245,-6.1235986,
w1343503457,,farm,building=greenhouse,53.5024746,-6.1234659,
w1343503497,,farm,building=greenhouse,53.5037074,-6.1159543,
w1343511690,,farm,landuse=farmland,53.5363111,-6.2345138,
w1343511691,,farm,landuse=farmland,53.5314895,-6.2254613,
w1343511692,,farm,landuse=farmland,53.532709,-6.222822,
w1343511693,,farm,landuse=farmland,53.5301165,-6.215011,
w1343511694,,farm,landuse=farmland,53.5305951,-6.2097087,
w1343511695,,farm,landuse=farmland,53.5286852,-6.2109399,
w1343511696,,farm,landuse=farmland,53.5312423,-6.2109908,
w1343511697,,farm,landuse=farmland,53.5319008,-6.20929,
w1343511698,,farm,landuse=farmland,53.5312765,-6.2195142,
w1343511699,,farm,landuse=farmland,53.5325389,-6.2189112,
w1343673207,,farm,building=greenhouse,53.3827898,-6.3699162,
w1343758644,,farm,landuse=farmland,53.5314367,-6.2681163,
w1343758645,,farm,landuse=farmland,53.5329376,-6.2657992,
w1343758646,,farm,landuse=farmland,53.5341344,-6.2655999,
w1343758647,,farm,landuse=farmland,53.533863,-6.2676087,
w1343758648,,farm,landuse=farmland,53.5343847,-6.2696073,
w1343758649,,farm,landuse=farmland,53.535408,-6.264297,
w1343758650,,farm,landuse=farmland,53.5344851,-6.2597531,
w1344038960,,farm,landuse=farmland,53.4848897,-6.2986508,
w1344038961,,farm,landuse=farmland,53.4879974,-6.3152189,
w1344038965,,farm,landuse=farmland,53.4891078,-6.3229222,
w1344038966,,farm,landuse=farmland,53.486272,-6.3206396,
w1344038967,,farm,landuse=farmland,53.480933,-6.3183035,
w1344049348,,farm,landuse=farmland,53.4954796,-6.3125088,
w1344049349,,farm,landuse=farmland,53.4955673,-6.316178,
w1344049350,,farm,landuse=farmland,53.4974023,-6.3139277,
w1344049351,,farm,landuse=farmland,53.4990265,-6.3120368,
w1344049352,,farm,landuse=farmland,53.5020194,-6.313533,
w1344049353,,farm,landuse=farmland,53.4982481,-6.3077829,
w1344214399,,farm,building=greenhouse,53.4795103,-6.1227759,
w1344346608,,farm,landuse=farmland,53.4829537,-6.2539679,
w1344346609,,farm,landuse=farmland,53.4811898,-6.2479018,
w1344346610,,farm,landuse=farmland,53.4833911,-6.2409056,
w1344346611,,farm,landuse=farmland,53.4824439,-6.2396396,
w1344346612,,farm,landuse=farmland,53.4820093,-6.2411774,
w1344346613,,farm,landuse=farmland,53.4811745,-6.2380172,
w1344346614,,farm,landuse=farmland,53.4793407,-6.2407255,
w1344346615,,farm,building=greenhouse,53.4857833,-6.2434547,
w1344346620,,farm,landuse=farmland,53.5071406,-6.2216127,
w1344346633,,farm,landuse=farmland,53.5082989,-6.2230576,
w1344346634,,farm,landuse=farmland,53.5093683,-6.2179528,
w1344346635,,farm,landuse=farmland,53.5081134,-6.2161362,
w1344346636,,farm,landuse=farmland,53.5104445,-6.2154404,
w1344346640,,farm,landuse=farmland,53.5101856,-6.2129363,
w1344622532,,farm,building=greenhouse,53.4374268,-6.1655919,
w1344624094,,farm,building=greenhouse,53.4357351,-6.1791473,
w1344624095,,farm,building=greenhouse,53.4358196,-6.179132,
w1344665006,,farm,building=greenhouse,53.4932237,-6.1844437,
w1345161736,,farm,landuse=farmland,53.4812135,-6.1380265,
w1345293333,,farm,landuse=farmland,53.4344617,-6.4183701,
w1345293334,,farm,landuse=farmland,53.4341582,-6.4148061,
w1345293338,,farm,landuse=farmland,53.4348002,-6.4062452,
w1345293344,,farm,landuse=farmland,53.4284074,-6.4148242,
w1345293346,,farm,landuse=farmland,53.4239126,-6.4170706,
w1345293348,,farm,landuse=farmland,53.4265897,-6.4164917,
w1345293351,,farm,landuse=farmland,53.4257892,-6.4129856,
w1345293352,,farm,landuse=farmland,53.4275179,-6.4118112,
w1345293353,,farm,landuse=farmland,53.4291846,-6.4082254,
w1345293354,,farm,landuse=farmland,53.4301055,-6.4109323,
w1345293355,,farm,landuse=farmland,53.4311011,-6.4067857,
w1346933232,,farm,landuse=farmland,53.4367575,-6.3985603,
w1346933235,,farm,landuse=farmland,53.4353457,-6.3970975,
w1346933236,,farm,landuse=farmland,53.4323971,-6.4003688,
w1346933237,,farm,landuse=farmland,53.4364244,-6.4014963,
w1346933247,,farm,landuse=farmland,53.4276065,-6.4034958,
w1346933249,,farm,landuse=farmland,53.4257253,-6.4092442,
w1346933250,,farm,landuse=farmland,53.4246553,-6.4052005,
w1346933251,,farm,landuse=farmland,53.4253237,-6.400346,
w1346933252,,farm,landuse=farmland,53.4234889,-6.398963,
w1346933253,,farm,landuse=farmland,53.4230562,-6.3970754,
w1346933254,,farm,landuse=farmland,53.4209308,-6.4001796,
w1346933255,,farm,landuse=farmland,53.4190622,-6.4018828,
w1346933256,,farm,landuse=farmland,53.41799,-6.4001063,
w1346946696,,farm,landuse=farmland,53.4119282,-6.436629,
w1346946697,,farm,landuse=farmland,53.4110395,-6.4314208,
w1346946699,,farm,landuse=farmland,53.413416,-6.4315279,
w1347173161,,farm,landuse=farmland,53.4297849,-6.4189761,
w1347173172,,farm,landuse=farmland,53.436651,-6.4173205,
w1347173173,,farm,landuse=farmland,53.4378928,-6.4151214,
w1347258240,,farm,building=greenhouse,53.5019658,-6.1200309,
w1347427089,,farm,landuse=farmland,53.4450674,-6.3810476,
w1347436533,,farm,landuse=farmland,53.4562455,-6.3513008,
w1347436534,,farm,landuse=farmland,53.4549958,-6.3507697,
w1347436538,,farm,landuse=farmland,53.4518254,-6.3524541,
w1347436539,,farm,landuse=farmland,53.4538562,-6.3506259,
w1347436544,,farm,landuse=farmland,53.4461642,-6.3436961,
w1347436545,,farm,landuse=farmland,53.4475488,-6.3467169,
w1347436546,,farm,landuse=farmland,53.4478406,-6.3446296,
w1347436547,,farm,landuse=farmland,53.4491591,-6.3455763,
w1347436549,,farm,landuse=farmland,53.4450497,-6.3473342,
w1347436550,,farm,landuse=farmland,53.4465449,-6.3488742,
w1347436551,,farm,landuse=farmland,53.4477581,-6.3497176,
w1347436552,,farm,landuse=farmland,53.4491571,-6.3527149,
w1347436555,,farm,landuse=farmland,53.452209,-6.3494263,
w1347436556,,farm,landuse=farmland,53.4505831,-6.3489682,
w1347436557,,farm,landuse=farmland,53.4524434,-6.3505939,
w1347436558,,farm,landuse=farmland,53.4483083,-6.3418697,
w1347436564,,farm,landuse=farmland,53.4556181,-6.3392179,
w1347436565,,farm,landuse=farmland,53.4561022,-6.3402722,
w1347436568,,farm,landuse=farmland,53.4538596,-6.3438275,
w1347436573,,farm,landuse=farmland,53.4581134,-6.3475488,
w1347436576,,farm,landuse=farmland,53.4576653,-6.3390002,
w1347436577,,farm,landuse=farmland,53.4581051,-6.3410735,
w1347436582,,farm,landuse=farmland,53.4582864,-6.3525162,
w1347599297,,farm,landuse=farmland,53.4627822,-6.3433865,
w1347599299,,farm,landuse=farmland,53.458823,-6.3449034,
w1347599300,,farm,landuse=farmland,53.4597981,-6.3409031,
w1347599305,,farm,landuse=farmland,53.4612735,-6.3387768,
w1347599314,,farm,landuse=farmland,53.4591691,-6.3368122,
w1347599315,,farm,landuse=farmland,53.4564604,-6.3354341,
w1347599316,,farm,landuse=farmland,53.4544987,-6.333863,
w1347599321,,farm,landuse=farmland,53.4508118,-6.3300363,
w1347599325,,farm,landuse=farmland,53.4522451,-6.3225194,
w1347599326,,farm,landuse=farmland,53.4543036,-6.3276613,
w1347599327,,farm,landuse=farmland,53.4543572,-6.3245465,
w1347599328,,farm,landuse=farmland,53.4562791,-6.3243671,
w1347599331,,farm,landuse=farmland,53.4558392,-6.3202903,
w1347599341,,farm,landuse=farmland,53.4548661,-6.3166814,
w1347599343,,farm,landuse=farmland,53.453441,-6.3150102,
w1347599344,,farm,landuse=farmland,53.4545603,-6.3131682,
w1347599345,,farm,landuse=farmland,53.4555012,-6.3153833,
w1347599346,,farm,landuse=farmland,53.4569837,-6.3133518,
w1347599347,,farm,landuse=farmland,53.4566748,-6.3166117,
w1347599349,,farm,landuse=farmland,53.4566858,-6.3118054,
w1347680743,,farm,landuse=farmland,53.4715135,-6.3070996,
w1347680745,,farm,landuse=farmland,53.4675019,-6.3092291,
w1347680747,,farm,landuse=farmland,53.4717965,-6.3203481,
w1347680755,,farm,landuse=farmland,53.4620116,-6.3103875,
w1347680757,,farm,landuse=farmland,53.4566936,-6.3089316,
w1347680759,,farm,landuse=farmland,53.4562465,-6.306288,
w1347680761,,farm,landuse=farmland,53.4558004,-6.2993655,
w1347680762,,farm,landuse=farmland,53.4588804,-6.2988319,
w1347680765,,farm,landuse=farmland,53.4560514,-6.2946466,
w1347680772,,farm,landuse=farmland,53.4561324,-6.2925929,
w1347680773,,farm,landuse=farmland,53.4560829,-6.2887301,
w1347680783,,farm,landuse=farmland,53.4580573,-6.290684,
w1347680784,,farm,landuse=farmland,53.4576647,-6.2881292,
w1347680800,,farm,landuse=farmland,53.4719674,-6.2869573,
w1347680801,,farm,landuse=farmland,53.4742521,-6.2887045,
w1347680807,,farm,landuse=farmland,53.4741544,-6.2924501,
w1347680808,,farm,landuse=farmland,53.4752424,-6.2989103,
w1347680810,,farm,landuse=farmland,53.4741767,-6.3042228,
w1347680818,,farm,landuse=farmland,53.4593602,-6.3067125,
w1347680819,,farm,landuse=farmland,53.4610668,-6.3081846,
w1347680822,,farm,landuse=farmland,53.4621358,-6.3052259,
w1347680826,,farm,landuse=farmland,53.4658702,-6.3068444,
w1347680828,,farm,landuse=farmland,53.4677162,-6.3070878,
w1347680833,,farm,landuse=farmland,53.4615812,-6.2994316,
w1347680834,,farm,landuse=farmland,53.4612579,-6.3003254,
w1347680839,,farm,landuse=farmland,53.4601434,-6.2977594,
w1347680848,,farm,landuse=farmland,53.4642311,-6.2944293,
w1347680849,,farm,landuse=farmland,53.4651431,-6.2930287,
w1347680850,,farm,landuse=farmland,53.4645453,-6.2910084,
w1347680851,,farm,landuse=farmland,53.4657414,-6.2910284,
w1347688218,,farm,landuse=farmland,53.4651264,-6.3009439,
w1347688224,,farm,landuse=farmland,53.4697458,-6.3028912,
w1347688231,,farm,landuse=farmland,53.4669181,-6.3007093,
w1347688233,,farm,landuse=farmland,53.4696804,-6.2924114,
w1347695979,,farm,landuse=farmland,53.4573851,-6.2850448,
w1347695981,,farm,landuse=farmland,53.4576111,-6.2817388,
w1347695991,,farm,landuse=farmland,53.4581576,-6.2732737,
w1347695999,,farm,landuse=farmland,53.4566471,-6.2759549,
w1347696000,,farm,landuse=farmland,53.4583369,-6.2792135,
w1347696001,,farm,landuse=farmland,53.4587102,-6.276819,
w1347696002,,farm,landuse=farmland,53.4590468,-6.2859552,
w1347696003,,farm,landuse=farmland,53.4601122,-6.2807343,
w1347696004,,farm,landuse=farmland,53.4613514,-6.285057,
w1347696005,,farm,landuse=farmland,53.4627362,-6.2796435,
w1347696006,,farm,landuse=farmland,53.4647399,-6.2789449,
w1347696008,,farm,landuse=farmland,53.4644014,-6.2748774,
w1347696009,,farm,landuse=farmland,53.4614311,-6.2748471,
w1347696018,,farm,landuse=farmland,53.4692874,-6.2777041,
w1347696019,,farm,landuse=farmland,53.4670888,-6.2807872,
w1347696025,,farm,landuse=farmland,53.4675599,-6.2830821,
w1347696028,,farm,landuse=farmland,53.4693931,-6.2820348,
w1347696031,,farm,landuse=farmland,53.4698775,-6.2738536,
w1347703177,,farm,building=greenhouse,53.4933543,-6.1856283,
w1347703178,,farm,building=greenhouse,53.4933153,-6.1856486,
w1347703180,,farm,building=greenhouse,53.4933885,-6.1856672,
w1347703183,,farm,building=greenhouse,53.4934865,-6.1856661,
w1347703188,,farm,building=greenhouse,53.4933147,-6.1856947,
w1347703190,,farm,building=greenhouse,53.493636,-6.1854178,
w1347703194,,farm,building=greenhouse,53.4935531,-6.1858247,
w1347703196,,farm,building=greenhouse,53.4937682,-6.1857098,
w1347703198,,farm,building=greenhouse,53.4936669,-6.185897,
w1347703199,,farm,building=greenhouse,53.493767,-6.185939,
w1347703206,,farm,building=greenhouse,53.4935229,-6.1863206,
w1347703207,,farm,building=greenhouse,53.493611,-6.1863327,
w1347703212,,farm,building=greenhouse,53.4937122,-6.1860989,
w1347894814,,farm,building=greenhouse,53.4621542,-6.2483306,
w1348251710,,farm,building=greenhouse,53.4938349,-6.1865616,
w1348251717,,farm,building=greenhouse,53.4935788,-6.1867439,
w1348251718,,farm,building=greenhouse,53.4936586,-6.1868036,
w1348251721,,farm,building=greenhouse,53.4936309,-6.1870121,
w1348251725,,farm,building=greenhouse,53.4937975,-6.1868715,
w1348251726,,farm,building=greenhouse,53.4938437,-6.1871342,
w1348251727,,farm,building=greenhouse,53.4939054,-6.1872099,
w1348251729,,farm,building=greenhouse,53.4939935,-6.1869991,
w1348251736,,farm,building=greenhouse,53.4936298,-6.1871753,
w1348251739,,farm,building=greenhouse,53.4937381,-6.1872351,
w1348251743,,farm,building=greenhouse,53.4937219,-6.1865713,
w1348251747,,farm,building=greenhouse,53.4943588,-6.1869772,
w1348251748,,farm,building=greenhouse,53.4944132,-6.1871586,
w1348251751,,farm,building=greenhouse,53.4944137,-6.1869279,
w1348251769,,farm,building=greenhouse,53.493953,-6.1860095,
w1348251772,,farm,building=greenhouse,53.4940884,-6.1857309,
w1348251773,,farm,building=greenhouse,53.4941438,-6.1855571,
w1348251774,,farm,building=greenhouse,53.4941139,-6.1853653,
w1348251778,,farm,building=greenhouse,53.4939116,-6.1853211,
w1348251780,,farm,building=greenhouse,53.4938166,-6.1854647,
w1348280702,,farm,building=greenhouse,53.4937444,-6.1833061,
w1348560870,,farm,building=greenhouse,53.4469038,-6.240678,
w1348591264,,farm,landuse=farmland,53.5397684,-6.2260843,
w1348619994,,farm,building=greenhouse,53.3873612,-6.4316042,
w1349280520,,farm,building=greenhouse,53.390686,-6.4434569,
w1349328401,,farm,building=greenhouse,53.4509467,-6.2388571,
w1349583993,,farm,landuse=farmland,53.5177494,-6.1259921,
w1349588783,,farm,landuse=farmland,53.5183361,-6.1251639,
w1349602354,,farm,building=greenhouse,53.4381453,-6.165646,
w1349862933,,farm,building=greenhouse,53.4440394,-6.2373806,
w1349938977,,farm,landuse=greenhouse_horticulture,53.5278605,-6.1193832,
w1350326457,,farm,building=greenhouse,53.521805,-6.1130055,
w1351553666,,farm,landuse=greenhouse_horticulture,53.5308669,-6.0987618,
w1351640051,,farm,building=greenhouse,53.4494888,-6.1565726,
w1351645140,,farm,building=greenhouse,53.4499513,-6.1550766,
w1351680424,,farm,building=greenhouse,53.5232551,-6.0974287,
w1351872851,,farm,building=greenhouse,53.5267669,-6.1226941,
w1351872853,,farm,building=greenhouse,53.5265618,-6.1230277,
w1351877204,,farm,building=greenhouse,53.5403275,-6.1112472,
w1351894404,,farm,building=greenhouse,53.5155929,-6.1198628,
w1351910921,,farm,building=greenhouse,53.5199121,-6.0893928,
w1352110523,,farm,building=greenhouse,53.5277543,-6.1105628,
w1352110525,,farm,building=greenhouse,53.5276104,-6.1098979,
w1352114264,,farm,building=greenhouse,53.5326864,-6.1043755,
w1352398033,,farm,building=greenhouse,53.4514015,-6.2060805,
w1352430795,,farm,building=greenhouse,53.3206209,-6.2219083,
w1352430833,,farm,building=greenhouse,53.3224072,-6.2197945,
w1352631759,,farm,building=greenhouse,53.5466435,-6.1001944,
w1352631764,,farm,building=greenhouse,53.5445907,-6.0989376,
w1352631765,,farm,building=greenhouse,53.5445582,-6.0990569,
w1352651446,,farm,building=greenhouse,53.5431885,-6.0968796,
w1352770954,,farm,building=greenhouse,53.3224946,-6.224025,
w1353690725,,farm,building=greenhouse,53.5216336,-6.0984084,
w1353757291,,farm,building=greenhouse,53.4455061,-6.2071878,
w1354202359,,farm,building=greenhouse,53.3212069,-6.2478857,
w1354287874,,farm,landuse=farmland,53.5338969,-6.1264838,
w1354399229,,farm,building=greenhouse,53.4446826,-6.1772143,
w1354406746,,farm,landuse=farmland,53.4168304,-6.3379135,
w1354429143,,farm,building=greenhouse,53.3215174,-6.2532941,
w1354511096,,farm,building=greenhouse,53.5470663,-6.1080256,
w1354511100,,farm,building=greenhouse,53.5481205,-6.1122378,
w1354511101,,farm,building=greenhouse,53.5482716,-6.1122384,
w1354511735,,farm,building=greenhouse,53.3233062,-6.2591935,
w1354516205,,farm,building=greenhouse,53.5459428,-6.1152478,
w1354738760,,farm,building=greenhouse,53.4455045,-6.1963318,
w1355022244,,farm,building=greenhouse,53.4374261,-6.1745912,
w1355022246,,farm,building=greenhouse,53.4365112,-6.1743284,
w1355024731,,farm,building=greenhouse,53.4407616,-6.1795602,
w1355247803,,farm,building=greenhouse,53.4485215,-6.175028,
w1355247806,,farm,building=greenhouse,53.448405,-6.1757392,
w1355283725,,farm,building=greenhouse,53.5280207,-6.1538606,
w1355812502,,farm,building=greenhouse,53.4508663,-6.1732016,
w1356114561,,farm,landuse=farmland,53.520795,-6.088802,
w1356114564,,farm,landuse=greenhouse_horticulture,53.5430798,-6.1160719,
w1356358367,,farm,landuse=farmland,53.4122484,-6.2767443,
w1356358368,,farm,landuse=farmland,53.4131412,-6.2784094,
w1356358369,,farm,landuse=farmland,53.4119032,-6.2796454,
w1356358371,,farm,landuse=farmland,53.4151343,-6.2715857,
w1356505801,,farm,building=greenhouse,53.4493789,-6.1662928,
w1356815171,,farm,building=greenhouse,53.5423699,-6.1192041,
w1356815190,,farm,building=greenhouse,53.5276518,-6.1185263,
w1356815191,,farm,building=greenhouse,53.5277028,-6.1186295,
w1356897564,,farm,building=greenhouse,53.5121539,-6.1165185,
w1356897576,,farm,building=greenhouse,53.5179234,-6.116919,
w1357150112,,farm,building=greenhouse,53.5278177,-6.1121987,
w1357150128,,farm,building=greenhouse,53.5240326,-6.1135131,
w1357150138,,farm,building=greenhouse,53.5249065,-6.1122889,
w1357150153,,farm,building=greenhouse,53.522152,-6.1122442,
w1357196467,McCormack Farms Ltd,farm,landuse=greenhouse_horticulture,53.5082736,-6.1695919,
w1357550613,,farm,building=greenhouse,53.5070644,-6.183117,
w1357550616,,farm,building=greenhouse,53.5063266,-6.1830249,
w1357712584,,farm,building=greenhouse,53.5241277,-6.1114019,
w1357712591,,farm,building=greenhouse,53.5236651,-6.1111784,
w1357712618,,farm,building=greenhouse,53.521142,-6.1113615,
w1357712630,,farm,building=greenhouse,53.5175024,-6.1095412,
w1357737027,,farm,building=greenhouse,53.5076853,-6.1984785,
w1357769914,Blooming Baskets,farm,landuse=greenhouse_horticulture,53.5112661,-6.2231167,
w1358107751,,farm,building=greenhouse,53.5104986,-6.1641174,
w1358107752,,farm,building=greenhouse,53.511054,-6.1638886,
w1358293814,,farm,building=greenhouse,53.4517642,-6.1694138,
w1358297419,,farm,building=greenhouse,53.4514044,-6.1690762,
w1358297420,,farm,building=greenhouse,53.4513668,-6.1691016,
w1358334444,,farm,landuse=farmland,53.4423771,-6.2582797,
w1358345431,,farm,landuse=farmland,53.4434525,-6.282151,
w1358345432,,farm,landuse=farmland,53.4403503,-6.2857384,
w1358345440,,farm,landuse=farmland,53.4496049,-6.2785562,
w1358353169,,farm,landuse=farmland,53.4479463,-6.2293488,
w1358444797,,farm,building=greenhouse,53.3285151,-6.2527144,
w1359862503,,farm,building=greenhouse,53.5316048,-6.1734909,
w1359944975,,farm,building=greenhouse,53.4413794,-6.1556909,
w1359959325,,farm,building=greenhouse,53.4426662,-6.153384,
w1359959350,,farm,building=greenhouse,53.4430536,-6.1547567,
w1360416867,,farm,building=greenhouse,53.4530991,-6.1679978,
w1360444127,,farm,building=greenhouse,53.4569317,-6.2249951,
w1360449696,,farm,building=greenhouse,53.4735083,-6.2354256,
w1360450651,,farm,building=greenhouse,53.453871,-6.1962632,
w1360450656,,farm,building=greenhouse,53.454591,-6.1965073,
w1360450657,,farm,building=greenhouse,53.4545642,-6.196361,
w1360450660,,farm,building=greenhouse,53.4545175,-6.1964063,
w1360450663,,farm,building=greenhouse,53.4544372,-6.1963779,
w1360450664,,farm,building=greenhouse,53.4543511,-6.1963826,
w1360450665,,farm,building=greenhouse,53.4543952,-6.1963908,
w1360450667,,farm,building=greenhouse,53.4543215,-6.1966019,
w1360450668,,farm,building=greenhouse,53.4542523,-6.196592,
w1360450669,,farm,building=greenhouse,53.4542572,-6.1963892,
w1360450670,,farm,building=greenhouse,53.4542498,-6.1962353,
w1360450672,,farm,building=greenhouse,53.4541542,-6.1965919,
w1360450673,,farm,building=greenhouse,53.4540652,-6.1965961,
w1360450674,,farm,building=greenhouse,53.4541215,-6.1963551,
w1360450675,,farm,building=greenhouse,53.4540657,-6.1964433,
w1360450677,,farm,building=greenhouse,53.4539307,-6.1963623,
w1360450678,,farm,building=greenhouse,53.4538404,-6.1963979,
w1360450679,,farm,building=greenhouse,53.4538072,-6.1965462,
w1360456432,,farm,building=greenhouse,53.4537588,-6.1948684,
w1360456433,,farm,building=greenhouse,53.4537501,-6.1947748,
w1360456435,,farm,building=greenhouse,53.4536923,-6.1949142,
w1360456444,,farm,building=greenhouse,53.4535733,-6.1945577,
w1360456447,,farm,building=greenhouse,53.4535702,-6.1948912,
w1360456452,,farm,building=greenhouse,53.4534934,-6.1950677,
w1360456453,,farm,building=greenhouse,53.4535243,-6.1949502,
w1360456467,,farm,building=greenhouse,53.4532827,-6.1948152,
w1360456470,,farm,building=greenhouse,53.4532467,-6.194933,
w1360456476,,farm,building=greenhouse,53.453334,-6.1947683,
w1360456501,,farm,building=greenhouse,53.4527924,-6.1949591,
w1360456504,,farm,building=greenhouse,53.4529857,-6.1947934,
w1360456507,,farm,building=greenhouse,53.4531553,-6.1950867,
w1360456508,,farm,building=greenhouse,53.4532028,-6.1950586,
w1360456509,,farm,building=greenhouse,53.4531992,-6.1949423,
w1360456510,,farm,building=greenhouse,53.4531084,-6.1949658,
w1360456529,,farm,building=greenhouse,53.4532942,-6.1957052,
w1360456536,,farm,building=greenhouse,53.4531312,-6.1956558,
w1360456537,,farm,building=greenhouse,53.4528256,-6.195685,
w1360456546,,farm,building=greenhouse,53.4531756,-6.1961033,
w1360456548,,farm,building=greenhouse,53.4532642,-6.1961243,
w1360456552,,farm,building=greenhouse,53.454605,-6.1961689,
w1360456553,,farm,building=greenhouse,53.4546165,-6.1962598,
w1360456555,,farm,building=greenhouse,53.4543397,-6.1961795,
w1360456556,,farm,building=greenhouse,53.4543725,-6.1960962,
w1360456557,,farm,building=greenhouse,53.4543154,-6.1962654,
w1360456558,,farm,building=greenhouse,53.4542841,-6.1961234,
w1360456560,,farm,building=greenhouse,53.4541288,-6.1961332,
w1360456570,,farm,building=greenhouse,53.4536414,-6.1954896,
w1360456571,,farm,building=greenhouse,53.4536784,-6.1957452,
w1360456572,,farm,building=greenhouse,53.4536262,-6.195735,
w1360456573,,farm,building=greenhouse,53.4534721,-6.1957747,
w1360456574,,farm,building=greenhouse,53.45351,-6.1958201,
w1360456575,,farm,building=greenhouse,53.4533848,-6.1959033,
w1360456576,,farm,building=greenhouse,53.4533017,-6.195873,
w1360456577,,farm,building=greenhouse,53.453307,-6.1959355,
w1360456578,,farm,building=greenhouse,53.4532063,-6.1957779,
w1360456579,,farm,building=greenhouse,53.4531415,-6.195583,
w1360456580,,farm,building=greenhouse,53.4531766,-6.1955011,
w1360456581,,farm,building=greenhouse,53.453044,-6.1957717,
w1360456582,,farm,building=greenhouse,53.4529293,-6.1956168,
w1360456583,,farm,building=greenhouse,53.4529673,-6.1959625,
w1360456584,,farm,building=greenhouse,53.4530576,-6.1962795,
w1360457908,,farm,building=greenhouse,53.453834,-6.1952087,
w1360457912,,farm,building=greenhouse,53.4547329,-6.1952353,
w1360457913,,farm,building=greenhouse,53.4547317,-6.1951487,
w1360457920,,farm,building=greenhouse,53.4546267,-6.1945796,
w1360457929,,farm,building=greenhouse,53.4543902,-6.1944641,
w1360457930,,farm,building=greenhouse,53.4543573,-6.1944675,
w1360457934,,farm,building=greenhouse,53.4546156,-6.19515,
w1360457936,,farm,building=greenhouse,53.4544942,-6.1952007,
w1360457942,,farm,building=greenhouse,53.4543412,-6.1950782,
w1360457947,,farm,building=greenhouse,53.4544488,-6.1950794,
w1360457952,,farm,building=greenhouse,53.4545282,-6.194859,
w1360457953,,farm,building=greenhouse,53.4544865,-6.1947401,
w1360457956,,farm,building=greenhouse,53.4543995,-6.1948798,
w1360457963,,farm,building=greenhouse,53.4542196,-6.1947481,
w1360457964,,farm,building=greenhouse,53.454241,-6.1948989,
w1360457983,,farm,building=greenhouse,53.4540216,-6.1944304,
w1360457988,,farm,building=greenhouse,53.4539575,-6.1947933,
w1360457989,,farm,building=greenhouse,53.4538909,-6.1949201,
w1360458069,,farm,building=greenhouse,53.4543026,-6.1954535,
w1360458072,,farm,building=greenhouse,53.4541166,-6.1954041,
w1360458073,,farm,building=greenhouse,53.4540353,-6.1955667,
w1360458076,,farm,building=greenhouse,53.4538125,-6.1957175,
w1360458195,,farm,building=greenhouse,53.4546608,-6.1958037,
w1360458196,,farm,building=greenhouse,53.4545658,-6.1955862,
w1360458198,,farm,building=greenhouse,53.4546688,-6.1956643,
w1360458199,,farm,building=greenhouse,53.4546701,-6.1954967,
w1360459257,,farm,building=greenhouse,53.4541315,-6.1957271,
w1360459285,,farm,building=greenhouse,53.4541873,-6.1958497,
w1360459286,,farm,building=greenhouse,53.4543785,-6.1957172,
w1360459287,,farm,building=greenhouse,53.4543873,-6.1958568,
w1360459288,,farm,building=greenhouse,53.4545011,-6.1958777,
w1360459289,,farm,building=greenhouse,53.4544904,-6.1955502,
w1360459812,,farm,building=greenhouse,53.4480066,-6.1774775,
w1360459816,,farm,building=greenhouse,53.4474539,-6.175537,
w1360459830,,farm,building=greenhouse,53.4469649,-6.1775168,
w1360544062,,farm,building=greenhouse,53.5373213,-6.1599902,
w1360945174,,farm,building=greenhouse,53.4536293,-6.1966198,
w1361802018,,farm,landuse=farmland,53.4441044,-6.221436,
w1361834429,,farm,building=greenhouse,53.4569285,-6.2261538,
w1361834461,,farm,building=greenhouse,53.4579734,-6.2285974,
w1361834478,,farm,building=greenhouse,53.4577178,-6.2284683,
w1362411748,,farm,building=greenhouse,53.4521202,-6.1924129,
w1362458794,,farm,building=greenhouse,53.5503557,-6.1027482,
w1362458832,,farm,building=greenhouse,53.5521013,-6.1027847,
w1362474647,,farm,building=greenhouse,53.5574371,-6.102127,
w1362665985,,farm,landuse=farmland,53.5580097,-6.1096265,
w1362865769,,farm,building=greenhouse,53.5680799,-6.101158,
w1363165562,,farm,building=greenhouse,53.4735984,-6.2389619,
w1363902350,,farm,building=greenhouse,53.3949969,-6.3793425,
w1364055203,,farm,building=greenhouse,53.4523065,-6.2136993,
w1364089018,,farm,building=greenhouse,53.4460151,-6.1952944,
w1364095111,,farm,building=greenhouse,53.4472077,-6.1941515,
w1364343955,,farm,building=greenhouse,53.4610578,-6.2176806,
w1365643530,,farm,building=greenhouse,53.4665541,-6.2293966,
w1370110722,,farm,building=greenhouse,53.4658654,-6.2256376,
w1370116619,,farm,building=greenhouse,53.4654363,-6.2347911,
w1370122028,,farm,building=greenhouse,53.4016158,-6.4297367,
w1370122037,,farm,building=greenhouse,53.4023005,-6.4324378,
w1370122049,,farm,building=greenhouse,53.4028325,-6.4313416,
w1370341680,,farm,building=greenhouse,53.4442535,-6.2091842,
w1370345393,,farm,building=greenhouse,53.4428392,-6.2095294,
w1370345402,,farm,building=greenhouse,53.4425211,-6.2085887,
w1370656437,,farm,building=greenhouse,53.4615881,-6.2251735,
w1370738441,,farm,building=greenhouse,53.4743717,-6.2388211,
w1370740058,,farm,building=greenhouse,53.4741437,-6.2353581,
w1370740665,,farm,building=greenhouse,53.3947972,-6.3793508,
w1370752122,,farm,building=greenhouse,53.37187,-6.3621487,
w1370756137,,farm,building=greenhouse,53.3997806,-6.398553,
w1370931450,,farm,building=greenhouse,53.4002517,-6.3983484,
w1370947725,,farm,building=greenhouse,53.4018614,-6.3982896,
w1371181197,,farm,building=greenhouse,53.4005874,-6.3958553,
w1371355072,,farm,building=greenhouse,53.4714965,-6.2308365,
w1371374122,,farm,building=greenhouse,53.4537246,-6.2133091,
w1371663724,,farm,building=greenhouse,53.3767482,-6.3632681,
w1371868051,,farm,building=greenhouse,53.3981082,-6.4060549,
w1371873430,,farm,building=greenhouse,53.3990683,-6.4059916,
w1371873431,,farm,building=greenhouse,53.3988473,-6.4063359,
w1371922263,,farm,building=greenhouse,53.3877138,-6.3741142,
w1371924591,,farm,building=greenhouse,53.3743444,-6.3708672,
w1371924594,,farm,building=greenhouse,53.3736081,-6.370936,
w1371927815,,farm,building=greenhouse,53.3713845,-6.3665446,
w1371929105,,farm,building=greenhouse,53.3723315,-6.3683374,
w1371934643,,farm,building=greenhouse,53.5017134,-6.2901466,
w1371934663,,farm,building=greenhouse,53.4875921,-6.2853685,
w1371961032,,farm,building=greenhouse,53.3705375,-6.3561463,
w1372042514,,farm,building=greenhouse,53.3728889,-6.3665475,
w1372042542,,farm,building=greenhouse,53.3729876,-6.3719975,
w1372042545,,farm,building=greenhouse,53.371753,-6.3664435,
w1372088923,,farm,landuse=farmland,53.5371545,-6.2566305,
w1372088924,,farm,landuse=farmland,53.5374884,-6.2604537,
w1372192179,,farm,building=greenhouse,53.5288288,-6.2355116,
w1372192182,,farm,building=greenhouse,53.5264557,-6.235509,
w1372206236,,farm,building=greenhouse,53.3783823,-6.3703365,
w1372216271,,farm,building=greenhouse,53.5294751,-6.2354811,
w1372216277,,farm,landuse=farmland,53.5325673,-6.2362546,
w1372217171,,farm,building=greenhouse,53.3747099,-6.3631094,
w1372218846,,farm,building=greenhouse,53.4576868,-6.2135432,
w1372366176,,farm,building=greenhouse,53.4561455,-6.2152502,
w1372427324,,farm,building=greenhouse,53.4648382,-6.2292414,
w1372438218,,farm,building=greenhouse,53.4638776,-6.2253172,
w1372438222,,farm,building=greenhouse,53.4641196,-6.2253821,
w1372688621,,farm,building=greenhouse,53.4625116,-6.2345946,
w1372804052,,farm,building=greenhouse,53.4530828,-6.212078,
w1373122323,,farm,building=greenhouse,53.520069,-6.2787242,
w1373325460,,farm,building=greenhouse,53.5258368,-6.2586358,
w1373325464,,farm,building=greenhouse,53.5244962,-6.2582881,
w1373328985,,farm,building=greenhouse,53.5140092,-6.2666114,
w1373377132,,farm,building=greenhouse,53.5198774,-6.2675898,
w1373490543,,farm,building=greenhouse,53.3738762,-6.3960178,
w1373517957,,farm,building=greenhouse,53.4847276,-6.1460646,
w1373517967,,farm,building=greenhouse,53.484627,-6.1448031,
w1373517968,,farm,building=greenhouse,53.4844513,-6.1443053,
w1373535512,,farm,building=greenhouse,53.5239305,-6.2687333,
w1373542688,,farm,building=greenhouse,53.5084184,-6.2660472,
w1373542695,,farm,building=greenhouse,53.5113058,-6.2667657,
w1373544148,,farm,building=greenhouse,53.5212705,-6.2677441,
w1373544153,,farm,building=greenhouse,53.519408,-6.2674835,
w1373666721,,farm,building=greenhouse,53.5294026,-6.2536175,
w1373678072,,farm,building=greenhouse,53.3935762,-6.4137599,
w1373684137,,farm,building=greenhouse,53.498693,-6.270873,
w1373702403,,farm,building=greenhouse,53.3919233,-6.4164695,
w1373879550,,farm,building=greenhouse,53.3903322,-6.4114946,
w1373879573,,farm,building=greenhouse,53.3898894,-6.4145361,
w1374095765,,farm,building=greenhouse,53.5852287,-6.2897832,
w1374463773,,farm,building=greenhouse,53.3996425,-6.4342857,
w1374484631,,farm,building=greenhouse,53.5194354,-6.265559,
w1374484651,,farm,building=greenhouse,53.5281793,-6.2696249,
w1374484653,,farm,building=greenhouse,53.521102,-6.2683177,
w1374492792,,farm,building=greenhouse,53.5126208,-6.2664247,
w1374829396,,farm,building=greenhouse,53.5238356,-6.2670714,
w1374829397,,farm,building=greenhouse,53.5238962,-6.267309,
w1374979187,,farm,building=greenhouse,53.5806121,-6.2846523,
w1374979223,,farm,building=greenhouse,53.589916,-6.2771102,
w1374979224,,farm,building=greenhouse,53.5903992,-6.2810932,
w1375006773,,farm,building=greenhouse,53.5857525,-6.2902283,
w1375006782,,farm,building=greenhouse,53.5855673,-6.2887011,
w1375034092,,farm,building=greenhouse,53.5838619,-6.2871919,
w1375034108,,farm,building=greenhouse,53.5904049,-6.2840912,
w1375042791,,farm,landuse=farmland,53.583668,-6.2890595,
w1375093468,,farm,building=greenhouse,53.5505104,-6.2734374,
w1375093469,,farm,building=greenhouse,53.5505167,-6.2735829,
w1375215856,,farm,building=greenhouse,53.4878828,-6.3084098,
w1375370133,,farm,building=greenhouse,53.5756051,-6.284999,
w1375378283,,farm,building=greenhouse,53.4544648,-6.2170732,
w1375378284,,farm,building=greenhouse,53.4522888,-6.2198088,
w1375378702,,farm,building=greenhouse,53.5644935,-6.2751834,
w1375412970,,farm,building=greenhouse,53.4523064,-6.2124198,
w1375569951,,farm,building=greenhouse,53.4846636,-6.3226477,
w1376348340,,farm,building=greenhouse,53.4820255,-6.23431,
w1376888067,,farm,building=greenhouse,53.3226754,-6.2497507,
w1377080409,,farm,building=greenhouse,53.4652047,-6.2214146,
w1377167753,,farm,landuse=farmland,53.2283388,-6.4554938,
w1377167756,,farm,landuse=farmland,53.2255172,-6.462502,
w1377184870,,farm,building=greenhouse,53.4017751,-6.3782287,
w1377189177,,farm,building=greenhouse,53.4592532,-6.2171325,
w1377227952,,farm,building=greenhouse,53.4473826,-6.240737,
w1379031090,,farm,building=greenhouse,53.3724078,-6.3913412,
w1379192310,,farm,building=greenhouse,53.2991315,-6.1727066,
w1381263317,,farm,building=greenhouse,53.3008847,-6.1745115,
w1381629589,,farm,building=greenhouse,53.3184438,-6.2811228,
w1381842569,,farm,building=greenhouse,53.3377812,-6.2610479,
w1381842570,,farm,building=greenhouse,53.3377011,-6.2609316,
w1381842571,,farm,building=greenhouse,53.337683,-6.2610399,
w1381842572,,farm,building=greenhouse,53.3377618,-6.2606987,
w1383342172,,farm,building=greenhouse,53.2982195,-6.1832078,
w1383642020,,farm,building=greenhouse,53.2953382,-6.1780164,
w1389940033,,farm,building=greenhouse,53.294099,-6.1715808,
w1389940034,,farm,building=greenhouse,53.2945878,-6.1720279,
w1390484751,,farm,building=greenhouse,53.2597379,-6.1640411,
w1390484752,,farm,building=greenhouse,53.259665,-6.164174,
w1390484753,,farm,building=greenhouse,53.2594702,-6.1637949,
w1392873709,,farm,building=greenhouse,53.2911508,-6.1403948,
w1412235146,,farm,building=greenhouse,53.3702173,-6.2703094,
w1412871316,,farm,building=greenhouse,53.3424907,-6.2425966,
w1414611677,,farm,building=greenhouse,53.3030184,-6.1849438,
w1414991157,,farm,building=greenhouse,53.2946761,-6.1649553,
w1415186491,,farm,building=greenhouse,53.2946869,-6.1659211,
w1415186515,,farm,building=greenhouse,53.295723,-6.1590359,
w1415658626,,farm,building=greenhouse,53.2943236,-6.1549137,
w1415658635,,farm,building=greenhouse,53.2952547,-6.1573566,
w1416116313,,farm,building=greenhouse,53.290887,-6.1456911,
w1416116336,,farm,building=greenhouse,53.2903238,-6.1409926,
w1416116337,,farm,building=greenhouse,53.2902852,-6.1407835,
w1417426245,,farm,building=greenhouse,53.3067829,-6.2086261,
w1417426259,,farm,building=greenhouse,53.307012,-6.208464,
w1417950210,,farm,building=greenhouse,53.3088053,-6.2134483,
w1417950215,,farm,building=greenhouse,53.3086831,-6.2133807,
w1417950217,,farm,building=greenhouse,53.3098432,-6.2139342,
w1417950229,,farm,building=greenhouse,53.3102332,-6.21296,
w1417950234,,farm,building=greenhouse,53.3110241,-6.2130129,
w1418143727,,farm,building=greenhouse,53.3089928,-6.2087531,
w1418143731,,farm,building=greenhouse,53.3089407,-6.2098901,
w1418750329,,farm,building=greenhouse,53.3173152,-6.2175117,
w1418750331,,farm,building=greenhouse,53.3178114,-6.2167576,
w1425818577,,farm,building=greenhouse,53.3319858,-6.2982739,
w1426252686,,farm,building=greenhouse,53.3310147,-6.2912442,
w1426418994,,farm,landuse=greenhouse_horticulture,53.3823202,-6.25305,
w1428351092,,farm,building=greenhouse,53.416985,-6.1571657,
w1429446734,,farm,building=greenhouse,53.4896515,-6.295839,
w1429527024,,farm,building=greenhouse,53.3315099,-6.2108134,
w1429601710,,farm,building=greenhouse,53.3306125,-6.2129939,
w1429810481,,farm,building=greenhouse,53.5856765,-6.189789,
w1431108947,,farm,building=greenhouse,53.2588557,-6.213909,
w1431154396,,farm,building=greenhouse,53.3673275,-6.2417842,
w1431359002,,farm,building=greenhouse,53.2957552,-6.1922715,
w1431384742,,farm,building=greenhouse,53.2947628,-6.1923895,
w1431384790,,farm,building=greenhouse,53.2906188,-6.1950189,
w1431585125,,farm,building=greenhouse,53.2908251,-6.1843683,
w1431711308,,farm,building=greenhouse,53.2914664,-6.1777583,
w1432124233,,farm,building=greenhouse,53.2913537,-6.1861744,
w1432124234,,farm,building=greenhouse,53.2914383,-6.1862496,
w1432124235,,farm,building=greenhouse,53.2916721,-6.186711,
w1432240676,,farm,building=greenhouse,53.3530979,-6.4054741,
w1432390504,,farm,building=greenhouse,53.2916089,-6.1884946,
w1433623070,,farm,building=greenhouse,53.3005189,-6.1842841,
w1433623087,,farm,building=greenhouse,53.2986304,-6.1817097,
w1433775142,,farm,building=greenhouse,53.304474,-6.197366,
w1433845068,,farm,building=greenhouse,53.3023605,-6.1850533,
w1433970980,,farm,building=greenhouse,53.3389516,-6.3800146,
w1433970981,,farm,building=greenhouse,53.339027,-6.3800323,
w1433970982,,farm,building=greenhouse,53.3390864,-6.3800487,
w1433970983,,farm,building=greenhouse,53.3391505,-6.3800628,
w1435189108,,farm,building=greenhouse,53.3014558,-6.2123517,
w1436249390,,farm,building=greenhouse,53.340766,-6.4127922,
w1441512833,,farm,building=greenhouse,53.3161333,-6.2687761,
w1442849645,,farm,building=greenhouse,53.3152181,-6.3918256,
w1442849654,,farm,landuse=allotments,53.3158725,-6.4124144,
w1452495526,,farm,building=greenhouse,53.2609698,-6.1141707,
w1452495545,,farm,building=greenhouse,53.2630259,-6.1106448,
w1452495546,,farm,building=greenhouse,53.2630575,-6.1107304,
w1453753758,,farm,building=greenhouse,53.3081586,-6.2759501,
w1453753763,,farm,building=greenhouse,53.3084379,-6.2760711,
w1456951309,,farm,building=greenhouse,53.4885657,-6.1229916,
w1456951312,,farm,building=greenhouse,53.4957694,-6.1252215,
w1456951356,,farm,building=greenhouse,53.4824749,-6.1348078,
w1457164748,,farm,building=greenhouse,53.5310212,-6.1701115,
w1457596185,,farm,building=greenhouse,53.4154302,-6.1838881,
w1457767842,,farm,building=greenhouse,53.434241,-6.1762229,
w1457767843,,farm,building=greenhouse,53.4341554,-6.176114,
w1457767859,,farm,building=greenhouse,53.4218592,-6.1752656,
w1458886164,,farm,building=greenhouse,53.481373,-6.1574857,
w1459687661,,farm,landuse=greenhouse_horticulture,53.5166058,-6.3165713,
w1459694286,,farm,landuse=farmland,53.5254153,-6.3157858,
w1459694289,,farm,landuse=farmland,53.5242502,-6.3226867,
w1459835151,,farm,building=greenhouse,53.4228677,-6.1771983,
w1463668124,,farm,building=greenhouse,53.2867603,-6.1910272,
w1469128177,,farm,building=greenhouse,53.3014816,-6.2478023,
w1470906773,,farm,building=greenhouse,53.297388,-6.2511217,
w1471697677,,farm,building=greenhouse,53.2950926,-6.2493457,
w1472141873,,farm,landuse=farmland,53.3618939,-6.0762446,
w1473852328,,farm,building=greenhouse,53.2952692,-6.2496463,
w1473867590,,farm,building=greenhouse,53.2964704,-6.2495264,
w1483444102,,farm,building=greenhouse,53.2434947,-6.1167366,
w1486354678,,farm,building=greenhouse,53.2545316,-6.1572445,
w1486358431,,farm,building=greenhouse,53.2555804,-6.1600729,
w1490287818,,farm,building=greenhouse,53.238246,-6.1509562,
w1490287819,,farm,building=greenhouse,53.2381836,-6.1509205,
w1501430637,,farm,landuse=greenhouse_horticulture,53.5852661,-6.1508883,
w1504543572,,farm,landuse=farmland,53.2696483,-6.4818697,
w1504726745,,farm,landuse=farmland,53.5975666,-6.1956922,
w1508388297,,farm,building=greenhouse,53.3213135,-6.2710802,
w1508388303,,farm,building=greenhouse,53.3197917,-6.2724913,
w1509246732,,farm,building=greenhouse,53.2593795,-6.2269758,
w1512784581,,farm,building=greenhouse,53.2600173,-6.2874066,
w1513617076,,farm,building=greenhouse,53.2633819,-6.3108046,
w1513617077,,farm,building=greenhouse,53.2640667,-6.3112814,
w1514811978,,farm,building=greenhouse,53.3876037,-6.3395328,
w1516688316,,farm,building=greenhouse,53.2545291,-6.2159472,
w1518712875,,farm,building=greenhouse,53.3454299,-6.4082579,
w1525143102,,farm,building=greenhouse,53.2001108,-6.1346008,
w1525143103,,farm,building=greenhouse,53.2001814,-6.1340855,
w1525143104,,farm,building=greenhouse,53.2001561,-6.1339389,
w1525143106,,farm,building=greenhouse,53.2017445,-6.1357344,
r1525799,,farm,landuse=farmland,53.5169324,-6.3026914,
r1525800,,farm,landuse=farmland,53.5111798,-6.2999314,
r1525802,,farm,landuse=farmland,53.5163905,-6.2869926,
r1525803,,farm,landuse=farmland,53.5160522,-6.2940331,
r1525804,,farm,landuse=farmland,53.5253939,-6.3104515,
r1525805,,farm,landuse=farmland,53.5213227,-6.3121613,
r1525806,,farm,landuse=farmland,53.5195709,-6.3083452,
r1525807,,farm,landuse=farmland,53.5137309,-6.2888282,
r1525808,,farm,landuse=farmland,53.5221513,-6.309731,
r1525809,,farm,landuse=farmland,53.515452,-6.2908963,
r1525810,,farm,landuse=farmland,53.5168847,-6.2901493,
r1525811,,farm,landuse=farmland,53.522862,-6.3117022,
r1525812,,farm,landuse=farmland,53.5110832,-6.2953746,
r1525813,,farm,landuse=farmland,53.5252691,-6.3086109,
r1525814,,farm,landuse=farmland,53.5170983,-6.3000973,
r1525815,,farm,landuse=farmland,53.5186362,-6.3039274,
r1525816,,farm,landuse=farmland,53.515099,-6.2978429,
r1525817,,farm,landuse=farmland,53.5157072,-6.3030049,
r1525818,,farm,landuse=farmland,53.5105366,-6.2976314,
r1525819,,farm,landuse=farmland,53.5151549,-6.2884176,
r1525820,,farm,landuse=farmland,53.5173042,-6.297254,
r1525822,,farm,landuse=farmland,53.5134927,-6.2912525,
r1525823,,farm,landuse=farmland,53.5214419,-6.2984582,
r1525824,,farm,landuse=farmland,53.5176614,-6.2937511,
r1525825,,farm,landuse=farmland,53.5141194,-6.3000792,
r1525826,,farm,landuse=farmland,53.5218422,-6.2938275,
r1525827,,farm,landuse=farmland,53.5121766,-6.2994508,
r1525828,,farm,landuse=farmland,53.5204748,-6.304812,
r1525829,,farm,landuse=farmland,53.5243516,-6.3042505,
r1525830,,farm,landuse=farmland,53.5255214,-6.3032412,
r1525831,,farm,landuse=farmland,53.5237331,-6.3072857,
r1525832,,farm,landuse=farmland,53.5104166,-6.2957157,
r1525833,,farm,landuse=farmland,53.5227633,-6.3042302,
r1525834,,farm,landuse=farmland,53.5145106,-6.2943052,
r1525835,,farm,landuse=farmland,53.5249589,-6.300374,
r1525836,,farm,landuse=farmland,53.5241021,-6.310776,
r1525837,,farm,landuse=farmland,53.5215795,-6.3075699,
r1525838,,farm,landuse=farmland,53.5251658,-6.2973662,
r1525839,,farm,landuse=farmland,53.5142791,-6.2867413,
r1525840,,farm,landuse=farmland,53.5128778,-6.2951959,
r1525841,,farm,landuse=farmland,53.5218409,-6.3012523,
r1525842,,farm,landuse=farmland,53.5252762,-6.3061175,
r1525843,,farm,landuse=farmland,53.5217981,-6.3045942,
r3397835,Cookstown,farm,landuse=farmland,53.5003173,-6.2555816,
r3647335,,farm,landuse=farmland,53.3118456,-6.3850475,
r4039572,,farm,landuse=farmland,53.2468286,-6.501079,
r4097195,,farm,landuse=farmland,53.2402338,-6.321464,
r4112293,,farm,landuse=farmland,53.2622613,-6.3141682,
r4194466,,farm,landuse=farmland,53.5575099,-6.2750133,
r4433937,,farm,landuse=farmland,53.5222759,-6.2832729,
r4433938,,farm,landuse=farmland,53.5316564,-6.2855764,
r4433939,,farm,landuse=farmland,53.5266943,-6.2818571,
r4473209,,farm,landuse=farmland,53.2755334,-6.4549537,
r4473550,,farm,landuse=farmland,53.305595,-6.5267516,
r4480635,,farm,landuse=farmland,53.2864207,-6.4675086,
r4480636,,farm,landuse=farmland,53.3080433,-6.4837361,
r4520275,,farm,landuse=farmland,53.3903096,-6.3603499,
r4520276,,farm,landuse=farmland,53.3907535,-6.3550329,
r4540055,,farm,landuse=farmland,53.2961205,-6.4860969,
r4541377,,farm,landuse=farmland,53.3411037,-6.4865886,
r4545763,,farm,landuse=farmland,53.2496271,-6.3114046,
r4552220,,farm,landuse=farmland,53.2548347,-6.363981,
r4552668,,farm,landuse=farmland,53.2579011,-6.3652545,
r4589021,,farm,landuse=farmland,53.2333715,-6.1659649,
r4589025,,farm,landuse=farmland,53.2314427,-6.1666878,
r4589026,,farm,landuse=farmland,53.2317474,-6.1644977,
r4867609,,farm,landuse=farmland,53.5763759,-6.2929605,
r4867610,,farm,landuse=farmland,53.575833,-6.2876858,
r4867611,,farm,landuse=farmland,53.5760281,-6.3109556,
r4867612,,farm,landuse=farmland,53.5770698,-6.2904513,
r4867613,,farm,landuse=farmland,53.5777382,-6.2858525,
r4867614,,farm,landuse=farmland,53.578266,-6.2873167,
r4867615,,farm,landuse=farmland,53.5766505,-6.2884352,
r4867739,,farm,landuse=farmland,53.5707681,-6.2953237,
r4867740,,farm,landuse=farmland,53.571597,-6.3016447,
r4867741,,farm,landuse=farmland,53.571113,-6.2987864,
r4867742,,farm,landuse=farmland,53.5709114,-6.2975083,
r4867743,,farm,landuse=farmland,53.5732278,-6.2973758,
r4867744,,farm,landuse=farmland,53.5720188,-6.2981049,
r4867745,,farm,landuse=farmland,53.5721541,-6.295274,
r5430182,,farm,landuse=farmland,53.496423,-6.2602532,
r6412667,,farm,landuse=farmland,53.5108031,-6.2652998,
r6422610,,farm,landuse=farmland,53.5090038,-6.2534857,
r6428079,,farm,landuse=farmland,53.5076196,-6.2626148,
r6999044,,farm,landuse=farmland,53.4172056,-6.2938217,
r7217704,,farm,landuse=farmland,53.2684115,-6.5256853,
r7301851,,farm,landuse=farmland,53.2290301,-6.460005,
r7524923,,farm,landuse=farmland,53.5597735,-6.2644163,
r7541830,,farm,landuse=farmland,53.5604223,-6.2650944,
r7604971,,farm,landuse=farmland,53.4223904,-6.314357,
r7604972,,farm,landuse=farmland,53.422216,-6.3077634,
r7604974,,farm,landuse=farmland,53.420834,-6.3078297,
r7869830,,farm,landuse=farmland,53.2613292,-6.3367666,
r7961150,,farm,landuse=farmland,53.4429412,-6.3366564,
r8133543,,farm,landuse=farmland,53.5980429,-6.1919106,
r8289506,,farm,landuse=farmland,53.5889344,-6.1666194,
r8289507,,farm,landuse=farmland,53.5913261,-6.165235,
r8289509,,farm,landuse=farmland,53.5908427,-6.1619253,
r8355611,,farm,landuse=farmland,53.5377745,-6.3170268,
r8355612,,farm,landuse=farmland,53.5358624,-6.3176312,
r8821447,,farm,landuse=farmland,53.4966192,-6.1915166,
r8821473,,farm,landuse=farmland,53.495678,-6.1681417,
r8821474,,farm,landuse=farmland,53.4951954,-6.1625388,
r9232690,,farm,landuse=farmland,53.5817547,-6.2912723,
r9987101,,farm,landuse=farmland,53.586458,-6.1944386,
r10328328,,farm,landuse=farmland,53.5222611,-6.2660717,
r10346624,,farm,landuse=farmland,53.5594932,-6.2628061,
r15020482,,farm,landuse=orchard,53.2281154,-6.1109136,
r15546526,,farm,landuse=farmland,53.5024406,-6.1739334,
r15546529,,farm,landuse=farmland,53.5017922,-6.1791499,
r15546574,,farm,landuse=farmland,53.4996423,-6.1912637,
r15546625,,farm,landuse=farmland,53.495424,-6.178348,
r15552467,,farm,landuse=farmland,53.5563061,-6.1737659,
r15552469,,farm,landuse=farmland,53.5570108,-6.1771935,
r15552470,,farm,landuse=farmland,53.5524781,-6.1644286,
r15552471,,farm,landuse=farmland,53.5525713,-6.1704175,
r15552472,,farm,landuse=farmland,53.5504708,-6.1687411,
r15552473,,farm,landuse=farmland,53.5488744,-6.1659199,
r15552474,,farm,landuse=farmland,53.5470451,-6.1626972,
r15552475,,farm,landuse=farmland,53.549893,-6.1622004,
r15552476,,farm,landuse=farmland,53.5470332,-6.1590716,
r15552477,,farm,landuse=farmland,53.54502,-6.1606565,
r17082752,,farm,landuse=farmland,53.445022,-6.1858569,
r17366140,,farm,landuse=farmland,53.4873548,-6.0232392,
r18143900,,farm,landuse=farmland,53.2478665,-6.5289898,
r18407981,,farm,building=greenhouse,53.4455376,-6.2597853,
r20596900,,farm,landuse=farmland,53.5001446,-6.2494804,
