osm_id,name,category,subcategory,lat,lon,admin_division
n31901640,Indian Summer,restaurant,amenity=restaurant,53.2884983,-6.2057489,
n132228340,The Old Punch Bowl,restaurant,amenity=pub,53.3087656,-6.1966601,
n132811831,Palmerstown House,restaurant,amenity=pub,53.356444,-6.3706215,"Palmerstown, Dublin"
n257170539,Oar House,restaurant,amenity=restaurant,53.3909742,-6.0711431,"Howth, Dublin"
n269920213,Courtney’s,restaurant,amenity=restaurant,53.3563013,-6.4501896,"Lucan, Dublin"
n278857702,La Gondola,restaurant,amenity=restaurant,53.3457882,-6.2619477,Dublin
n279363879,Thunder Road Cafe,restaurant,amenity=restaurant,53.3456174,-6.2612215,"Dublin, Dublin"
n279363883,The Joy of Chá,restaurant,amenity=cafe,53.3451923,-6.2661036,
n279912234,La Pizza,restaurant,amenity=restaurant,53.3510617,-6.260424,Dublin
n279915988,Arlington Bar & Restaurant,restaurant,amenity=pub,53.3472522,-6.2609325,"Dublin, Dublin"
n282968362,Chrysanthemum Chinese Restaurant,restaurant,amenity=restaurant,53.2939748,-6.3002428,
n291776562,The Bagel Bar,restaurant,amenity=cafe,53.3478437,-6.263717,Dublin
n293524291,Scholars,restaurant,amenity=pub,53.2750936,-6.3449534,
n298721803,Harkin’s,restaurant,amenity=pub,53.3424988,-6.2885248,"Dublin, Dublin"
n300290443,Blackchurch Inn & Restaurant,restaurant,amenity=restaurant,53.2692306,-6.5182798,
n310407193,Madame Pho,restaurant,amenity=restaurant,53.3431117,-6.2635746,Dublin
n310407690,Bittersweet Cafe,restaurant,amenity=cafe,53.3437335,-6.2688365,
n310408293,The Bull & Castle Bar,restaurant,amenity=bar,53.3434574,-6.2698697,"Dublin, Dublin"
n310408465,The Market Bar,restaurant,amenity=restaurant,53.3420622,-6.2640639,Dublin
n311099928,Woolshed Baa & Grill,restaurant,amenity=pub,53.3502671,-6.2674686,"Dublin, Dublin"
n312565518,The Bridge Cafe,restaurant,amenity=cafe,53.3416287,-6.2281361,Dublin
n312574900,Sandymount House,restaurant,amenity=pub,53.3323885,-6.2152784,"Sandymount, Dublin"
n312576602,Horse Show House,restaurant,amenity=pub,53.3285197,-6.2289281,"Ballsbridge, Dublin, Dublin"
n315252689,The Terenure Inn,restaurant,amenity=pub,53.3113561,-6.2830549,"Dublin, Dublin"
n335556529,La Boulangerie Cafe,restaurant,amenity=cafe,53.3396891,-6.3145854,
n339208248,Diep Le Shaker,restaurant,amenity=restaurant,53.3365613,-6.2516856,Dublin
n356046116,Thai Garden,restaurant,amenity=restaurant,53.3855392,-6.3745776,Blanchardstown
n365309752,,restaurant,amenity=restaurant,53.5648495,-6.2116176,
n365324181,Cafe Haven,restaurant,amenity=cafe,53.406501,-6.3497812,
n366363185,One Pico,restaurant,amenity=restaurant,53.3405799,-6.2573287,Dublin
n367106504,Corkagh Fisheries,restaurant,amenity=cafe,53.3099354,-6.4184357,
n370213807,Christophe's,restaurant,amenity=restaurant,53.3483367,-6.2770807,Dublin
n386921698,The Boat Bar & Restaurant,restaurant,amenity=restaurant,53.3470353,-6.2378335,Dublin
n387223189,Akaka Poké,restaurant,amenity=restaurant,53.3494163,-6.2444344,Dublin
n387223272,Cool Hand Coffee Roasters IFSC,restaurant,amenity=cafe,53.3494135,-6.2437735,Dublin
n387527184,Starbucks,restaurant,amenity=cafe,53.3493946,-6.2478488,Dublin
n417809986,The Food Gallery,restaurant,amenity=cafe,53.3430816,-6.2767538,Dublin
n434153497,Forno 500,restaurant,amenity=restaurant,53.3442981,-6.2662917,Dublin
n441233784,Douglas & Kaldi,restaurant,amenity=cafe,53.3757818,-6.3326262,
n444539820,Jade Palace,restaurant,amenity=restaurant,53.4712482,-6.2321664,
n446781985,Fallon & Byrne,restaurant,amenity=restaurant,53.343118,-6.2632917,Dublin
n446782461,La Maison,restaurant,amenity=restaurant,53.3423029,-6.2629206,Dublin
n446782627,Smokin Bones,restaurant,amenity=restaurant,53.3424,-6.262826,Dublin
n446782704,L'Gueuleton,restaurant,amenity=restaurant,53.3419302,-6.2643415,Dublin
n446783098,Town Bar and Grill,restaurant,amenity=restaurant,53.3396287,-6.2561537,Dublin
n458220904,China House,restaurant,amenity=restaurant,53.2816189,-6.3401918,
n459572890,Skerries Mills,restaurant,amenity=cafe,53.5743226,-6.1102468,
n460016140,Kinara,restaurant,amenity=restaurant,53.360786,-6.1829271,
n467744856,The Celt,restaurant,amenity=pub,53.3505727,-6.2548867,"Dublin, Dublin"
n467744867,La Peniche,restaurant,amenity=restaurant,53.3334254,-6.2481124,
n470374170,Pulse Café,restaurant,amenity=cafe,53.3096603,-6.2257426,
n472965268,Rendevous,restaurant,amenity=cafe,53.3953565,-6.4390977,
n479092767,Decemberfest,restaurant,amenity=restaurant,53.3228696,-6.2384848,
n480606968,Wallace’s Taverna,restaurant,amenity=restaurant,53.3463961,-6.2651641,Dublin
n480606969,Caffe Cagliostro,restaurant,amenity=cafe,53.3467076,-6.2650733,Dublin
n485973263,Grindstone,restaurant,amenity=cafe,53.2862529,-6.2372089,Dundrum
n486684459,Indo Kitchen,restaurant,amenity=restaurant,53.5261781,-6.1641709,Lusk
n492643805,Olive's Room,restaurant,amenity=cafe,53.3695368,-6.1756078,
n496300868,Three Story,restaurant,amenity=restaurant,53.3397909,-6.259489,Dublin
n503224354,The Jar,restaurant,amenity=bar,53.3369586,-6.2657049,"Dublin, Dublin"
n504978753,Upshoots,restaurant,amenity=cafe,53.2778249,-6.2110045,
n504979777,China Sichuan,restaurant,amenity=restaurant,53.2780787,-6.2107338,Dublin
n504987696,My Thai,restaurant,amenity=restaurant,53.2763437,-6.2206135,
n506817027,Kasturi,restaurant,amenity=restaurant,53.3561303,-6.4483421,
n506818405,Annadale Cottage - Chinese Restaurant,restaurant,amenity=restaurant,53.3553926,-6.4604099,
n506823736,Chang's Asian Cuisine,restaurant,amenity=restaurant,53.3560074,-6.4482391,
n506824055,Ryan’s Village Cafe,restaurant,amenity=cafe,53.3563813,-6.4488485,Lucan
n507962122,The Cake Cafe,restaurant,amenity=cafe,53.3344161,-6.266138,
n512078670,Blue Bird Cafe,restaurant,amenity=cafe,53.3063029,-6.2218114,
n515851088,Insomnia,restaurant,amenity=cafe,53.3399203,-6.3078868,
n550381069,Starbucks,restaurant,amenity=cafe,53.4521997,-6.154074,Malahide
n559485126,Gallagher's Boxty House,restaurant,amenity=restaurant,53.3456973,-6.2621275,"Dublin, Dublin"
n559854611,Yamamori Izakaya,restaurant,amenity=restaurant,53.3433143,-6.2642339,Dublin
n559854612,Dollars,restaurant,amenity=restaurant,53.3431063,-6.2642212,Dublin
n559854619,Acapulco,restaurant,amenity=restaurant,53.3436104,-6.2642538,Dublin
n559854621,Bear Markt Coffee,restaurant,amenity=cafe,53.3438151,-6.2642572,Dublin
n560470678,Insomnia,restaurant,amenity=cafe,53.3509444,-6.252515,
n560623705,The Square Cafe Balbriggan,restaurant,amenity=cafe,53.6085648,-6.1825145,Balbriggan
n560635045,Tempura House,restaurant,amenity=restaurant,53.322786,-6.265438,Dublin
n564118846,Punjab Balti,restaurant,amenity=restaurant,53.3257334,-6.2554889,Dublin
n564118882,Pinocchio,restaurant,amenity=restaurant,53.3262746,-6.2560478,Dublin
n564886228,3fe The Triangle,restaurant,amenity=cafe,53.3250841,-6.2547901,Dublin
n567736392,Stage Door,restaurant,amenity=cafe,53.3452169,-6.2659194,"Dublin, Dublin"
n567736394,Falafel and Kebab,restaurant,amenity=restaurant,53.3452048,-6.2660061,Dublin
n567740010,Al Vesuvio,restaurant,amenity=restaurant,53.3448713,-6.2651292,
n568101351,Poppadom,restaurant,amenity=restaurant,53.3839785,-6.3678409,
n576100332,FXB Steakhouse,restaurant,amenity=restaurant,53.3372963,-6.2518677,Dublin
n576101386,Bear Mrkt,restaurant,amenity=cafe,53.3374287,-6.2517168,Dublin
n576102937,Dax,restaurant,amenity=restaurant,53.3348107,-6.2545351,Dublin
n576115236,The Schoolhouse,restaurant,amenity=restaurant,53.3372822,-6.2393224,
n576619723,Roly's,restaurant,amenity=restaurant,53.3294409,-6.2322092,
n576619736,Tula,restaurant,amenity=cafe,53.3303311,-6.2320816,Dublin
n576619740,The French Paradox,restaurant,amenity=restaurant,53.3302062,-6.2320857,Dublin
n576619745,Baan Thai,restaurant,amenity=restaurant,53.3289879,-6.2301808,
n576619749,Insomnia,restaurant,amenity=cafe,53.3291315,-6.2306229,Dublin
n576619755,Al Boschetto,restaurant,amenity=restaurant,53.3292426,-6.2309146,
n576619764,Maia,restaurant,amenity=restaurant,53.3303836,-6.2320798,Dublin
n583412898,The Bald Barista,restaurant,amenity=cafe,53.3405159,-6.2658571,
n583412900,Chez Max,restaurant,amenity=restaurant,53.3376039,-6.2518051,
n593844510,The Forty Foot,restaurant,amenity=pub,53.2940117,-6.1337719,"Dún Laoghaire, Dublin"
n593844518,The Purty Kitchen,restaurant,amenity=pub,53.2951939,-6.1481504,
n597119697,Hardy’s Bar & Bistro,restaurant,amenity=pub,53.2919874,-6.1341504,"Dún Laoghaire, Dublin"
n597822544,Park Lane,restaurant,amenity=restaurant,53.4029477,-6.157977,
n599636125,Greens Restaurant,restaurant,amenity=restaurant,53.2792584,-6.1967769,
n604694846,Old Bank Café,restaurant,amenity=cafe,53.3325667,-6.2528203,Dublin
n604698518,Voilà,restaurant,amenity=cafe,53.3379145,-6.2520063,Dublin
n610843612,Firebyrd,restaurant,amenity=restaurant,53.2896777,-6.1297939,Dún Laoghaire
n610843622,Lowza,restaurant,amenity=cafe,53.2898497,-6.1306369,Dún Laoghaire
n611029173,Milano,restaurant,amenity=restaurant,53.2948188,-6.1352993,Dún Laoghaire
n611761749,Moco Cafe,restaurant,amenity=restaurant,53.2939147,-6.1328699,Dún Laoghaire
n612976512,Ember,restaurant,amenity=restaurant,53.3134996,-6.2465094,
n616479711,Bagel Factory,restaurant,amenity=cafe,53.3360607,-6.2568011,Dublin
n616479742,Itsa,restaurant,amenity=cafe,53.3386612,-6.2518181,Dublin
n626672406,Chef Garden,restaurant,amenity=restaurant,53.4202277,-6.3822347,
n629750016,1837,restaurant,amenity=restaurant,53.3417171,-6.2864327,
n631713936,Insomnia,restaurant,amenity=cafe,53.3475681,-6.2656699,Dublin
n631808699,Madegg,restaurant,amenity=restaurant,53.347264,-6.2655313,Dublin
n631980187,Amir's Delights,restaurant,amenity=cafe,53.3468444,-6.2652169,Dublin
n632007536,,restaurant,amenity=cafe,53.344813,-6.2664581,Dublin
n632653332,Brendan's Coffee Shop,restaurant,amenity=cafe,53.3482366,-6.2717906,Dublin
n632666705,Delaney’s,restaurant,amenity=pub,53.3498059,-6.2784995,"Dublin, Dublin"
n632677619,Cinnamon Cafe,restaurant,amenity=cafe,53.3468002,-6.2789385,Dublin
n632915084,China House,restaurant,amenity=restaurant,53.3410835,-6.4517157,
n632980279,Bar Italia,restaurant,amenity=restaurant,53.3464093,-6.2649768,Dublin
n632980303,Eden,restaurant,amenity=restaurant,53.3449807,-6.2656383,Dublin
n633650971,The Sussex Restaurant,restaurant,amenity=restaurant,53.3314212,-6.2516207,"Dublin, Dublin"
n633676156,Canteen,restaurant,amenity=cafe,53.2902971,-6.3632325,
n639076143,La Boulangerie Francaise,restaurant,amenity=cafe,53.470915,-6.2328181,
n639076146,Look Mam No Hands,restaurant,amenity=cafe,53.4712798,-6.2328129,
n639840493,Bunsen,restaurant,amenity=restaurant,53.3612289,-6.2724851,
n640775906,Sodexo,restaurant,amenity=cafe,53.4053456,-6.3791123,
n640778203,Snack Bar,restaurant,amenity=cafe,53.4055119,-6.3789085,
n641810199,Blazing Salads,restaurant,amenity=cafe,53.342526,-6.2630075,Dublin
n642439081,Buzz,restaurant,amenity=cafe,53.3456051,-6.2640403,Dublin
n644666356,Savoy Takeaway,restaurant,amenity=restaurant,53.3582142,-6.2546573,Dublin
n644667535,Wallace’s Asti,restaurant,amenity=restaurant,53.3589749,-6.2544615,Dublin
n646872061,Nomo Ramen,restaurant,amenity=restaurant,53.3337956,-6.2644324,
n646873252,Off Beat Donut Co,restaurant,amenity=cafe,53.3363395,-6.2652198,Dublin
n646873640,Cafe Bliss,restaurant,amenity=restaurant,53.3365382,-6.2648548,Dublin
n646874034,The Green,restaurant,amenity=restaurant,53.3373869,-6.2628815,
n647995892,,restaurant,amenity=cafe,53.3346204,-6.2437513,Dublin
n648065834,Camile,restaurant,amenity=restaurant,53.287097,-6.1225997,
n648065934,Daniel's,restaurant,amenity=restaurant,53.2866513,-6.121724,
n648094673,O'Dells,restaurant,amenity=restaurant,53.2861912,-6.1187165,
n650240084,The Castle Team Rooms,restaurant,amenity=restaurant,53.3547067,-6.2634715,
n650240121,Kingfisher Restaurant,restaurant,amenity=restaurant,53.3518257,-6.2633561,
n652811023,Delizia,restaurant,amenity=cafe,53.2743106,-6.1939395,
n653284172,Di Bella,restaurant,amenity=restaurant,53.3403609,-6.4322282,
n653292938,Pizza Hut,restaurant,amenity=restaurant,53.340405,-6.432378,
n654042894,Browne's,restaurant,amenity=restaurant,53.3317256,-6.2159409,
n658492175,The Two Foxes,restaurant,amenity=pub,53.291744,-6.1350718,"Dún Laoghaire, Dublin"
n658492356,Akstsuki,restaurant,amenity=restaurant,53.2895428,-6.1299203,Dún Laoghaire
n658492392,Walter’s,restaurant,amenity=pub,53.2897873,-6.1300465,"Dún Laoghaire, Dublin"
n660266769,The Corner Bakery,restaurant,amenity=cafe,53.3140208,-6.2822825,
n660285680,Saagar,restaurant,amenity=restaurant,53.3363253,-6.2634876,Dublin
n660463968,Monsoon,restaurant,amenity=restaurant,53.2885791,-6.1978156,Stillorgan
n660699274,Golden Olive,restaurant,amenity=restaurant,53.3045603,-6.234295,
n662938420,Hatch Coffee,restaurant,amenity=cafe,53.3015694,-6.1779105,Blackrock
n662938466,Jack O’Rourke’s,restaurant,amenity=pub,53.3015086,-6.1778326,"Blackrock, Dublin"
n662938555,Insomnia,restaurant,amenity=cafe,53.3013609,-6.1771579,Blackrock
n662970897,Daata,restaurant,amenity=restaurant,53.3005522,-6.1764163,"Blackrock, Dublin"
n662970900,SiSi @ Central Cafe,restaurant,amenity=cafe,53.3009928,-6.1768158,Blackrock
n665969645,Garden House Cafe,restaurant,amenity=cafe,53.4386353,-6.1689209,
n670340763,Thai Basil,restaurant,amenity=restaurant,53.3473412,-6.2655602,Dublin
n673397975,Donuts and Coffee,restaurant,amenity=cafe,53.3470304,-6.2772539,Dublin
n676833912,Thai Spice,restaurant,amenity=restaurant,53.3509762,-6.2511177,"Dublin, Dublin"
n676841909,Dante's Pizzeria,restaurant,amenity=restaurant,53.3913818,-6.3921495,
n676841919,TGI Fridays,restaurant,amenity=restaurant,53.3917416,-6.3925614,
n676841923,Starbucks,restaurant,amenity=cafe,53.3914629,-6.3922654,
n677596884,Like A Coffee,restaurant,amenity=cafe,53.3472251,-6.2602178,
n677596888,River Bar,restaurant,amenity=bar,53.3469048,-6.2584016,"Dublin, Dublin"
n681394386,,restaurant,amenity=cafe,53.3414382,-6.2528001,Dublin
n681406852,Astons,restaurant,amenity=cafe,53.3365569,-6.2489511,Dublin
n681428076,Dunne & Crescenzi,restaurant,amenity=restaurant,53.3422791,-6.2566543,Dublin
n681433556,Kylemore,restaurant,amenity=cafe,53.3530264,-6.3907174,
n681437332,BBs,restaurant,amenity=cafe,53.3533081,-6.3908355,
n681441760,M&S Café,restaurant,amenity=cafe,53.3538505,-6.389006,
n681441787,Cafe Revive,restaurant,amenity=cafe,53.3542352,-6.3891548,
n681441826,Costa,restaurant,amenity=cafe,53.3522707,-6.3913075,
n681444526,Nando's,restaurant,amenity=restaurant,53.3526547,-6.3926602,
n681465755,,restaurant,amenity=cafe,53.3531999,-6.3911723,
n688022907,Botanic Garden Cafe,restaurant,amenity=cafe,53.371716,-6.2704587,
n689360378,Romayo's,restaurant,amenity=restaurant,53.4034787,-6.1710791,
n689404005,,restaurant,amenity=restaurant,53.4202931,-6.1636308,
n689479314,Keeling’s,restaurant,amenity=pub,53.4876672,-6.1484896,"Donabate, Dublin"
n689479327,Chungs Chinese Restaurant,restaurant,amenity=restaurant,53.4861543,-6.1490041,Donabate
n689479330,Pasta Castello,restaurant,amenity=restaurant,53.4864735,-6.1488968,Donabate
n692434329,Michie Sushi,restaurant,amenity=restaurant,53.3253777,-6.2517595,
n703871333,The Admiral,restaurant,amenity=restaurant,53.3522955,-6.2590685,Dublin
n710676748,Lali's,restaurant,amenity=restaurant,53.4324726,-6.1250143,
n715732955,Elephant & Castle,restaurant,amenity=restaurant,53.3226013,-6.2654825,Dublin
n722253914,Rockets by Eddie Rockets,restaurant,amenity=restaurant,53.3476581,-6.2434771,Dublin
n724163698,Brevato,restaurant,amenity=cafe,53.3494828,-6.2485299,
n725063158,Insomnia,restaurant,amenity=cafe,53.3494499,-6.244834,Dublin
n725068605,Il Fornaio,restaurant,amenity=restaurant,53.3493147,-6.2429422,Dublin
n727427084,Osteria 99,restaurant,amenity=restaurant,53.2935978,-6.1546339,
n739778195,,restaurant,amenity=restaurant,53.3368362,-6.2632507,Dublin
n739983436,Royal Plaza,restaurant,amenity=restaurant,53.4019068,-6.2970106,Dublin
n746742011,Roundabout Cafe,restaurant,amenity=cafe,53.4051803,-6.3940592,
n747077984,Green Nineteen,restaurant,amenity=restaurant,53.3352526,-6.2649966,Dublin
n752265445,Seven Wonders,restaurant,amenity=cafe,53.3485121,-6.2437697,Dublin
n768516172,Chez Max,restaurant,amenity=restaurant,53.3438383,-6.2662912,Dublin
n768520263,Bonobo,restaurant,amenity=pub,53.3503544,-6.2746953,"Dublin, Dublin"
n775415427,Morton's The Steakhouse,restaurant,amenity=restaurant,53.3333672,-6.2618948,Dublin
n775415428,Café Sol,restaurant,amenity=cafe,53.3342249,-6.2628658,Dublin
n778690159,Mad Egg,restaurant,amenity=restaurant,53.3337802,-6.2646383,
n778690161,The Iveagh Restaurant,restaurant,amenity=restaurant,53.3334025,-6.2642218,Dublin
n778699199,Rotana Café,restaurant,amenity=restaurant,53.3305315,-6.2641364,
n778699200,One Bistro,restaurant,amenity=restaurant,53.3305854,-6.2641451,
n801794199,Ipsen Employee Canteen,restaurant,amenity=restaurant,53.4064325,-6.367632,
n811533594,,restaurant,amenity=cafe,53.3947093,-6.1619926,Dublin
n824210295,Noshington,restaurant,amenity=cafe,53.331491,-6.279741,Dublin
n828699783,Waiting Cafe,restaurant,amenity=cafe,53.352575,-6.459944,
n830659393,The Galway Hooker,restaurant,amenity=pub,53.3467462,-6.2924467,Dublin
n830659412,Butlers Chocolate Cafe,restaurant,amenity=cafe,53.3464233,-6.2927892,Dublin
n830659419,Insomnia,restaurant,amenity=cafe,53.3466058,-6.2924739,
n835468674,Wagamama,restaurant,amenity=restaurant,53.3949263,-6.3910222,
n835527795,Captain Americas,restaurant,amenity=restaurant,53.3951202,-6.390691,
n849320239,Sasta in the City,restaurant,amenity=cafe,53.2821485,-6.4232768,Citywest
n849784678,Little Bird - Café,restaurant,amenity=cafe,53.3323532,-6.273661,
n849784699,Café Delice,restaurant,amenity=cafe,53.332358,-6.274991,Dublin
n860008802,The Art of Coffee,restaurant,amenity=cafe,53.3421633,-6.2387419,Dublin
n860144297,Mamma Mia,restaurant,amenity=restaurant,53.3394653,-6.2437763,Dublin
n862041778,Aqua,restaurant,amenity=restaurant,53.3923107,-6.0694707,"Howth, Dublin"
n875920647,Meltdown Dublin,restaurant,amenity=cafe,53.3365769,-6.2636765,Dublin
n875920648,Gerry's,restaurant,amenity=restaurant,53.3365683,-6.2646128,
n875920650,Goose on the Loose,restaurant,amenity=cafe,53.3375179,-6.266031,Dublin
n877759828,Il Fornaio,restaurant,amenity=cafe,53.3413126,-6.2584527,
n877759990,,restaurant,amenity=cafe,53.3397209,-6.258549,Dublin
n877772681,The Buttery Food Court,restaurant,amenity=restaurant,53.3449821,-6.2573794,
n878495557,Spoon,restaurant,amenity=cafe,53.3106643,-6.2830015,
n880897739,Taste at Rustic,restaurant,amenity=restaurant,53.3428831,-6.2641927,Dublin
n880923510,O’Connell’s,restaurant,amenity=pub,53.388225,-6.0639896,"Howth, Dublin"
n880923527,Il Panorama Café,restaurant,amenity=cafe,53.387669,-6.0665478,
n880923551,King Sitric,restaurant,amenity=restaurant,53.3882206,-6.0635861,
n891516411,New Emperor,restaurant,amenity=restaurant,53.3763212,-6.2177331,Dublin
n903643059,Piccola Sicilia,restaurant,amenity=restaurant,53.3429182,-6.2448557,Dublin
n906201895,Peploe's Wine Bistro,restaurant,amenity=restaurant,53.3394577,-6.2582493,Dublin
n907064190,Village Cafe,restaurant,amenity=cafe,53.3338011,-6.2904031,
n907142990,,restaurant,amenity=restaurant,53.3392152,-6.2572875,Dublin
n908974510,A-Cafe,restaurant,amenity=cafe,53.5369222,-6.2154133,
n908974517,Costa,restaurant,amenity=cafe,53.5372122,-6.2154325,
n911170194,Toasted,restaurant,amenity=cafe,53.3375067,-6.2666489,Dublin
n911182454,Urban Picnic,restaurant,amenity=restaurant,53.3424255,-6.2640325,Dublin
n911182460,Butlers Chocolate Café,restaurant,amenity=cafe,53.3400789,-6.2605489,Dublin
n912771623,Swords Garden,restaurant,amenity=restaurant,53.4588825,-6.2216579,Swords
n915604850,Soho Café,restaurant,amenity=cafe,53.4304124,-6.248081,
n919855203,3fe Gertrude,restaurant,amenity=cafe,53.3429296,-6.2436927,Dublin
n922011591,D'Chilli Shaker,restaurant,amenity=restaurant,53.457962,-6.221083,
n927243606,Esquires Coffee,restaurant,amenity=cafe,53.4447655,-6.2265234,
n929939210,,restaurant,amenity=cafe,53.3571866,-6.2271321,
n932271095,Shaku Maku,restaurant,amenity=restaurant,53.324336,-6.265134,Dublin
n935495757,Nick's Coffee Company,restaurant,amenity=cafe,53.3260587,-6.2555322,Dublin
n937232528,koba,restaurant,amenity=restaurant,53.4336707,-6.1248004,
n940033662,TOSS'D Noodles & Salads,restaurant,amenity=restaurant,53.348609,-6.2478273,Dublin
n941277888,Starbucks,restaurant,amenity=cafe,53.3902053,-6.108987,
n941285841,The Oasis Bar & Grill,restaurant,amenity=pub,53.4351695,-6.1239719,"Portmarnock, Dublin"
n941319049,McNeill’s,restaurant,amenity=pub,53.3846515,-6.0653171,"Howth, Dublin"
n941762411,The Gourmet Food Parlour,restaurant,amenity=cafe,53.4634271,-6.2178235,
n943337713,Mayfield Restaurant,restaurant,amenity=restaurant,53.3141947,-6.282328,
n943800148,O'Briens,restaurant,amenity=cafe,53.3532255,-6.3908584,
n944698722,The Art Of Coffee,restaurant,amenity=cafe,53.3462774,-6.2437133,
n946544302,,restaurant,amenity=cafe,53.3865964,-6.2589686,
n946832772,Bow Lane,restaurant,amenity=restaurant,53.3402229,-6.2655698,
n948046578,O'Briens,restaurant,amenity=cafe,53.3404898,-6.2432249,Dublin
n948046581,Dobbins,restaurant,amenity=restaurant,53.3382001,-6.2453105,
n948947890,Genoa Cafe,restaurant,amenity=cafe,53.5227274,-6.0962353,Rush
n950977617,Papa Razzi,restaurant,amenity=restaurant,53.3958235,-6.4407325,
n955941218,Provender & Family,restaurant,amenity=cafe,53.3481917,-6.2933369,
n959243564,Sivad Grill & Wine Bar,restaurant,amenity=restaurant,53.2595603,-6.1969692,Leopardstown
n959243573,Barista House Coffee,restaurant,amenity=cafe,53.2591139,-6.1968395,
n976139863,Oh Rourkes!,restaurant,amenity=cafe,53.3458968,-6.2803162,Dublin
n989093290,Ango's,restaurant,amenity=cafe,53.3374079,-6.2931993,
n1003030726,Kyle's Café,restaurant,amenity=cafe,53.4265001,-6.236821,
n1030099785,Bijou Rathgar,restaurant,amenity=restaurant,53.311879,-6.2742144,Dublin
n1038307627,Cafe Natural,restaurant,amenity=cafe,53.4896373,-6.1432618,Donabate
n1039620431,Samphire,restaurant,amenity=restaurant,53.479017,-6.114952,Donabate
n1074284507,Sea & Stone,restaurant,amenity=restaurant,53.2607412,-6.1504634,Cabinteely
n1083723573,Synge & Byrne Café,restaurant,amenity=cafe,53.3485147,-6.2853005,
n1095636239,IMMA cafe,restaurant,amenity=cafe,53.3432443,-6.3005633,
n1116299286,The First Restaurant,restaurant,amenity=restaurant,53.3054236,-6.2206691,
n1121241498,Harveys,restaurant,amenity=restaurant,53.610969,-6.1856003,
n1123918902,Sapporo Grill,restaurant,amenity=restaurant,53.3435985,-6.2461277,Dublin
n1135457349,Loaf Cafe,restaurant,amenity=cafe,53.3423721,-6.310076,
n1137654332,Vets Diner,restaurant,amenity=cafe,53.3093545,-6.2226562,
n1146292447,Egans,restaurant,amenity=bar,53.3402594,-6.2655755,"Dublin, Dublin"
n1146292464,Bao Bun,restaurant,amenity=restaurant,53.3411813,-6.2653297,Dublin
n1171865393,Forchetta,restaurant,amenity=restaurant,53.3956127,-6.390018,Dublin
n1174602004,Starbucks,restaurant,amenity=cafe,53.3947224,-6.3912455,
n1210488982,Café La Bella,restaurant,amenity=cafe,53.3463522,-6.2656201,Dublin
n1218862895,Kanum,restaurant,amenity=restaurant,53.3114086,-6.274404,Dublin
n1218862904,Howards Way,restaurant,amenity=cafe,53.3116413,-6.2745676,Dublin
n1219567134,Il Divo,restaurant,amenity=restaurant,53.3119955,-6.2748509,Dublin
n1221372869,BBs Coffee & Muffins,restaurant,amenity=cafe,53.2520251,-6.1849781,
n1223267145,herbstreet,restaurant,amenity=restaurant,53.3443182,-6.2377581,
n1225556177,The Brass Monkey,restaurant,amenity=restaurant,53.3904356,-6.0717816,"Howth, Dublin"
n1225557189,The Pier House,restaurant,amenity=restaurant,53.3905146,-6.0717123,"Howth, Dublin"
n1226168802,Bite of Life,restaurant,amenity=cafe,53.340735,-6.2720963,Dublin
n1226187226,Hilan,restaurant,amenity=restaurant,53.3487769,-6.2687789,Dublin
n1241999448,Lazy Days Café,restaurant,amenity=cafe,53.2976085,-6.1836272,Blackrock
n1241999449,Poulet Bonne Femme,restaurant,amenity=cafe,53.30207,-6.178921,
n1243148216,Cafe Topolis,restaurant,amenity=restaurant,53.3443453,-6.2674601,Dublin
n1254065077,Winnie's Crafts,restaurant,amenity=cafe,53.3108468,-6.2077945,
n1263991636,The Graduate Bar and Restaurant,restaurant,amenity=pub,53.2670882,-6.135798,
n1278177317,The Angel's Share Bar and Restaurant,restaurant,amenity=restaurant,53.4278713,-6.2448712,Dublin Airport
n1296065601,Anne's Bakery,restaurant,amenity=cafe,53.3490726,-6.2655027,Dublin
n1299458425,Wall & Keogh,restaurant,amenity=cafe,53.3312016,-6.2647297,
n1316646485,Pickle,restaurant,amenity=restaurant,53.3339782,-6.265015,Dublin
n1316646548,World Gate Cafe,restaurant,amenity=cafe,53.3335796,-6.2653294,Dublin
n1322638153,Indian Tiffins,restaurant,amenity=restaurant,53.3182995,-6.2788919,Dublin
n1324451172,O'Briens Sandwich Bar,restaurant,amenity=cafe,53.6074538,-6.1973913,
n1332274166,Bel Cibo,restaurant,amenity=cafe,53.3486857,-6.279037,Dublin
n1343668159,Sean O'Casey Community Centre Café,restaurant,amenity=cafe,53.35297,-6.2341205,Dublin
n1348263277,Insomnia,restaurant,amenity=cafe,53.3357489,-6.2572862,Dublin
n1348263299,Café Sol,restaurant,amenity=cafe,53.3357869,-6.2572373,Dublin
n1348370992,Murray’s,restaurant,amenity=pub,53.3525164,-6.2610978,"Dublin, Dublin"
n1349656232,Bleecker Street Cafe Bar,restaurant,amenity=restaurant,53.3571762,-6.2638976,
n1357754366,Luigi Malones,restaurant,amenity=restaurant,53.3451449,-6.263513,Dublin
n1358194691,Tsang's,restaurant,amenity=restaurant,53.4045401,-6.4264315,
n1361340479,Del Fino,restaurant,amenity=cafe,53.3351651,-6.2649771,Dublin
n1361340481,Caffè Nero,restaurant,amenity=cafe,53.3355573,-6.2649423,Dublin
n1361340482,Neon,restaurant,amenity=restaurant,53.335377,-6.2649966,Dublin
n1361340488,Hang Dai,restaurant,amenity=restaurant,53.3352108,-6.264995,Dublin
n1399561327,Sfuso,restaurant,amenity=restaurant,53.3467162,-6.2652621,Dublin
n1403120911,Mercado,restaurant,amenity=restaurant,53.3416892,-6.2627003,"Dublin, Dublin"
n1403259607,Cathedral Cafe,restaurant,amenity=cafe,53.3389392,-6.2730569,Dublin
n1403881044,Konkan,restaurant,amenity=restaurant,53.3308134,-6.2750427,Dublin
n1404775625,Panda,restaurant,amenity=restaurant,53.3406666,-6.2865058,
n1411222283,Idlewilde Cafe,restaurant,amenity=cafe,53.2776328,-6.1036542,Dalkey
n1412423993,The Electric Vegan,restaurant,amenity=restaurant,53.339224,-6.280169,Dublin
n1418490827,Boulevard Cafe,restaurant,amenity=restaurant,53.3431275,-6.2627877,Dublin
n1419171136,Copper Alley Bistro,restaurant,amenity=restaurant,53.3437264,-6.2699958,Dublin
n1420144058,The Pavillon,restaurant,amenity=restaurant,53.3280689,-6.2326597,Dublin
n1423559522,Bad Ass Cafe,restaurant,amenity=restaurant,53.3453086,-6.2629347,Dublin
n1423559551,Starbucks,restaurant,amenity=cafe,53.3444882,-6.2612337,Dublin
n1423559556,Bad Bob's,restaurant,amenity=pub,53.3450328,-6.2659898,"Dublin, Dublin"
n1424006104,Bridge Street Cafe,restaurant,amenity=cafe,53.2907507,-6.4209074,
n1424006122,Arcadia,restaurant,amenity=cafe,53.2717195,-6.3715716,Tallaght
n1425978368,Bubbas Fish Market,restaurant,amenity=restaurant,53.2784058,-6.1073339,Dalkey
n1426048609,Urban Health,restaurant,amenity=cafe,53.3250392,-6.2556794,Dublin
n1426048610,The Portobello Bar,restaurant,amenity=pub,53.3303497,-6.2640955,"Portabello, Dublin, Dublin"
n1426048611,Tribeca,restaurant,amenity=restaurant,53.3243306,-6.2530956,Dublin
n1426051341,Cactus Jacks,restaurant,amenity=restaurant,53.3470288,-6.2652084,Dublin
n1426051343,Merrion Inn,restaurant,amenity=restaurant,53.3183462,-6.2111999,
n1426100406,Lemon Jelly,restaurant,amenity=cafe,53.3471683,-6.2655092,Dublin
n1426131462,Fei's Garden,restaurant,amenity=restaurant,53.6136252,-6.2068409,
n1426821203,Ravi's Kitchen,restaurant,amenity=restaurant,53.3299102,-6.2322868,Dublin
n1426821204,Starbucks,restaurant,amenity=cafe,53.3311916,-6.231546,Dublin
n1428327030,Cafe OLE,restaurant,amenity=cafe,53.2961605,-6.4960708,
n1431043157,La Dolce Vita,restaurant,amenity=restaurant,53.3417415,-6.3074829,
n1439572110,Insomnia,restaurant,amenity=cafe,53.2941775,-6.1336217,
n1450738589,Cappuccino Bar,restaurant,amenity=cafe,53.3449608,-6.2636799,Dublin
n1450956662,Leslie's Cafe,restaurant,amenity=cafe,53.2939588,-6.1502449,
n1472137490,Canal Bar,restaurant,amenity=restaurant,53.3758171,-6.3320075,
n1472137494,Geisha,restaurant,amenity=restaurant,53.375909,-6.3321041,
n1484699552,The Old Beehive,restaurant,amenity=restaurant,53.3580516,-6.379219,Palmerstown
n1496722632,The Slipper,restaurant,amenity=pub,53.3853244,-6.2656088,"Glasnevin, Dublin, Dublin"
n1496743865,Costa,restaurant,amenity=cafe,53.4036069,-6.2594601,
n1496744568,Insomnia,restaurant,amenity=cafe,53.4038031,-6.2607011,
n1496788763,Food Box,restaurant,amenity=cafe,53.3845951,-6.2581389,
n1497890059,Broadway Pizza Parlor,restaurant,amenity=restaurant,53.3496278,-6.2437292,Dublin
n1498471163,Baxter & Greene,restaurant,amenity=cafe,53.3328318,-6.2635503,Dublin
n1499519377,Brambles,restaurant,amenity=restaurant,53.3111738,-6.2833015,Dublin
n1500501184,,restaurant,amenity=cafe,53.3160602,-6.316768,
n1500501224,The Submarine,restaurant,amenity=pub,53.3161733,-6.3173858,
n1500542355,The Coffee Shot,restaurant,amenity=cafe,53.2772652,-6.2171372,Sandyford
n1500542371,Munchies,restaurant,amenity=cafe,53.277303,-6.2172716,
n1500542379,Starbucks,restaurant,amenity=cafe,53.2773715,-6.2174649,
n1509390750,You & Me Restaurant,restaurant,amenity=cafe,53.3779234,-6.2474852,
n1512567285,Bottega Toffoli,restaurant,amenity=restaurant,53.3433784,-6.2692011,
n1514331751,Petit Cafe,restaurant,amenity=cafe,53.340573,-6.2555984,Dublin
n1518879775,Nolan's Coffee Shop,restaurant,amenity=cafe,53.3615924,-6.1944471,
n1518906874,Indie Spice,restaurant,amenity=restaurant,53.4573551,-6.2199202,
n1521660942,Joe's Village Kitchen,restaurant,amenity=restaurant,53.3889191,-6.2010789,
n1521660957,Box 55 Restaurant,restaurant,amenity=restaurant,53.3874605,-6.2009101,"Coolock Village, Dublin"
n1529996784,Graham O'Sullivan,restaurant,amenity=restaurant,53.3836222,-6.2155708,Dublin
n1530024633,Madhobi,restaurant,amenity=restaurant,53.3811625,-6.2081899,
n1532673670,Costa,restaurant,amenity=cafe,53.3909402,-6.38599,
n1583780438,The Perch,restaurant,amenity=cafe,53.3433475,-6.2572551,Dublin
n1587091605,Cuan,restaurant,amenity=cafe,53.4285487,-6.2469428,Dublin Airport
n1595015119,Hook & Ladder Restaurant,restaurant,amenity=restaurant,53.3556726,-6.489584,
n1596647392,Celistine's Brasserie,restaurant,amenity=restaurant,53.3764812,-6.2174302,Dublin
n1601271032,The Canal Bank Café,restaurant,amenity=restaurant,53.3311142,-6.251568,Dublin
n1602420707,Fishtail,restaurant,amenity=restaurant,53.3046718,-6.2453807,Dundrum
n1621848414,Nan,restaurant,amenity=restaurant,53.3412721,-6.2648794,Dublin
n1670581516,The Tea Rooms,restaurant,amenity=cafe,53.3588292,-6.4470482,
n1670582004,La Banca,restaurant,amenity=restaurant,53.3576486,-6.4497283,Lucan
n1686107724,James Joyce Bistro,restaurant,amenity=restaurant,53.3483357,-6.3422578,
n1704851075,Nightmarket,restaurant,amenity=restaurant,53.3238877,-6.2510255,Dublin
n1704851083,Kinara Kitchen,restaurant,amenity=restaurant,53.3256467,-6.2553438,
n1704851086,The Wild Goose Grill,restaurant,amenity=restaurant,53.3232597,-6.2499631,"Ranelagh, Dublin"
n1712111505,Tayo,restaurant,amenity=restaurant,53.3501869,-6.2572535,Dublin
n1712116680,Le Bon Crubeen,restaurant,amenity=restaurant,53.3505551,-6.2549726,Dublin
n1731504585,Starbucks,restaurant,amenity=cafe,53.3564906,-6.2322211,
n1740228809,Bibi's,restaurant,amenity=cafe,53.3336118,-6.272524,
n1745706685,Off Beat Donut Co,restaurant,amenity=cafe,53.3466141,-6.2923626,Dublin
n1745750093,Papa Gigios,restaurant,amenity=cafe,53.2689429,-6.2425389,
n1752476235,Bon Appétit,restaurant,amenity=restaurant,53.4516128,-6.1518191,Malahide
n1757207103,The Egg Cafe,restaurant,amenity=cafe,53.2843254,-6.4560889,Rathcoole
n1760992955,SoBo,restaurant,amenity=cafe,53.3435998,-6.2489489,Dublin
n1771328788,Tea Room,restaurant,amenity=cafe,53.2980457,-6.2840445,
n1784833728,Insomnia,restaurant,amenity=cafe,53.3487461,-6.2478133,Dublin
n1794680274,Il Caffé Di Napoli,restaurant,amenity=cafe,53.3413231,-6.2468749,Dublin
n1795615974,Clement & Pekoe,restaurant,amenity=cafe,53.3415548,-6.2628064,Dublin
n1811909824,The Laurels,restaurant,amenity=pub,53.3209592,-6.3929596,"Clondalkin, Dublin"
n1824629835,Hard Rock Cafe,restaurant,amenity=restaurant,53.3458205,-6.2607228,"Dublin, Dublin"
n1857776021,Good World Restaurant,restaurant,amenity=restaurant,53.3428318,-6.2642249,Dublin
n1863109044,HX46 Rathfarnham,restaurant,amenity=cafe,53.2809793,-6.2747565,
n1882413163,Hogs and Heifers,restaurant,amenity=restaurant,53.4457248,-6.2237983,
n1945900076,,restaurant,amenity=restaurant,53.3111987,-6.3594453,
n1945900078,Josh's Place,restaurant,amenity=cafe,53.3122691,-6.3598369,
n1947467825,Honey Honey,restaurant,amenity=cafe,53.4215386,-6.1368286,
n1981719837,Silk Road Cafe,restaurant,amenity=restaurant,53.3422878,-6.2674266,Dublin
n1981753079,Starbucks,restaurant,amenity=cafe,53.3485773,-6.2279372,Dublin
n1983396575,The Little Yeti,restaurant,amenity=restaurant,53.2459651,-6.1359594,
n1983396583,The Big Tree,restaurant,amenity=restaurant,53.2458526,-6.1358555,
n1990974504,Spartakey,restaurant,amenity=cafe,53.2949629,-6.3499819,
n1999955366,Vanilla Pod Eatery,restaurant,amenity=cafe,53.2519793,-6.1845428,"Carrickmines, Dublin"
n2001290762,chive,restaurant,amenity=restaurant,53.3474932,-6.2824553,Dublin
n2003221610,East,restaurant,amenity=restaurant,53.3392996,-6.2802479,
n2011319335,Fade Street Social,restaurant,amenity=restaurant,53.3418336,-6.2639536,"Dublin, Dublin"
n2020208824,Bear Market,restaurant,amenity=cafe,53.2889546,-6.2059588,Stillorgan
n2020223464,Starbucks,restaurant,amenity=cafe,53.2890572,-6.2003971,
n2034509132,The Washerwoman,restaurant,amenity=restaurant,53.3753711,-6.2697361,Dublin
n2068236579,Graft Coffee,restaurant,amenity=cafe,53.2788981,-6.1617369,
n2074541497,Nando's,restaurant,amenity=restaurant,53.3487766,-6.2673259,Dublin
n2080832424,Blackbanks Bar & Grill,restaurant,amenity=pub,53.3859746,-6.1555082,"Kilbarrack, Dublin"
n2086301078,Dunnes,restaurant,amenity=restaurant,53.394151,-6.3908434,
n2102972616,Third Space,restaurant,amenity=cafe,53.3477867,-6.2787436,"Dublin, Dublin"
n2127757454,Cellar Bar,restaurant,amenity=bar,53.3387556,-6.2526088,Dublin
n2194202666,Foodgame,restaurant,amenity=cafe,53.3375138,-6.2342208,Dublin
n2194818018,The Pig & Heifer,restaurant,amenity=cafe,53.3433595,-6.2461907,Dublin
n2210736690,La Dolce Italia,restaurant,amenity=cafe,53.2918176,-6.1367481,
n2211035750,FXB Butcher,restaurant,amenity=restaurant,53.3373195,-6.2518535,Dublin
n2242977447,F.X. Buckley,restaurant,amenity=restaurant,53.34459,-6.2639304,Dublin
n2261603146,Country Store Cafe,restaurant,amenity=cafe,53.25469,-6.3205406,
n2272726641,% Arabica,restaurant,amenity=cafe,53.3434993,-6.247102,Dublin
n2280190035,,restaurant,amenity=restaurant,53.4418327,-6.3372094,
n2294849139,Poolside Cafe,restaurant,amenity=cafe,53.3083032,-6.2277747,
n2295042403,Wilde & Green,restaurant,amenity=cafe,53.3121353,-6.2479713,
n2302620399,Bóbó's,restaurant,amenity=restaurant,53.3443118,-6.263958,Dublin
n2302621746,Costa,restaurant,amenity=cafe,53.3444464,-6.2615176,Dublin
n2317007276,Eatokyo,restaurant,amenity=restaurant,53.3460215,-6.2626194,Dublin
n2324389700,Las Tapas de Lola,restaurant,amenity=restaurant,53.3369851,-6.2653328,
n2337204153,Camile,restaurant,amenity=restaurant,53.3256257,-6.2652675,Dublin
n2354539561,Breakaway Coffee,restaurant,amenity=cafe,53.2556342,-6.1131854,
n2365668268,Ananda,restaurant,amenity=restaurant,53.2878075,-6.2412391,
n2365668303,,restaurant,amenity=restaurant,53.2882337,-6.2432599,Dundrum
n2365668306,Nando's,restaurant,amenity=restaurant,53.2887497,-6.2441028,Dundrum
n2365668310,Port House,restaurant,amenity=restaurant,53.2887395,-6.2439299,
n2365668684,Warbler & Wren,restaurant,amenity=cafe,53.2879526,-6.2425635,
n2370573202,Starbucks,restaurant,amenity=cafe,53.3329221,-6.2623232,Dublin
n2373501717,Peacock Green & Co.,restaurant,amenity=cafe,53.34359,-6.269695,Dublin
n2385329697,Agave,restaurant,amenity=restaurant,53.3437082,-6.2690269,
n2386544168,Bunsen,restaurant,amenity=restaurant,53.3443038,-6.2641961,Dublin
n2389968918,Maud's,restaurant,amenity=cafe,53.387688,-6.067474,
n2389968935,Okra Green,restaurant,amenity=restaurant,53.3876586,-6.06682,
n2392176684,Indian Vibe,restaurant,amenity=restaurant,53.2948847,-6.1354764,Dún Laoghaire
n2395993659,Gallaher & Co. Bistro,restaurant,amenity=restaurant,53.3459935,-6.2571938,Dublin
n2396152604,MAK at D6,restaurant,amenity=restaurant,53.3249503,-6.2553528,Dublin
n2412534256,,restaurant,amenity=restaurant,53.5770398,-6.1125845,
n2416206890,Pavlov's Bakery,restaurant,amenity=cafe,53.3957454,-6.4393921,Ongar
n2419700132,Caffè Nero,restaurant,amenity=cafe,53.3457255,-6.2619455,Dublin
n2419700347,Elephant & Castle,restaurant,amenity=restaurant,53.3456774,-6.2624194,"Dublin, Dublin"
n2422040285,The Bloody Stream,restaurant,amenity=restaurant,53.3889325,-6.0740601,
n2422229524,Cleaver East,restaurant,amenity=restaurant,53.3451517,-6.2665757,Dublin
n2424288650,Country Cafe,restaurant,amenity=cafe,53.3459537,-6.2697995,Dublin
n2434933385,Coffee Doc,restaurant,amenity=cafe,53.3346796,-6.2891721,
n2446962559,Cosy Kitchen,restaurant,amenity=cafe,53.2769045,-6.2116134,
n2449272741,The Pearse Brasserie,restaurant,amenity=restaurant,53.3432121,-6.2435542,Dublin
n2453060515,Host Chinese,restaurant,amenity=restaurant,53.3829116,-6.4101456,
n2455905923,Tyrrelstown Asian Restaurant and Takeaway,restaurant,amenity=restaurant,53.4199001,-6.3825774,Tyrrelstown
n2457893964,The Club,restaurant,amenity=pub,53.2773116,-6.1025984,"Dalkey, Dublin"
n2461716945,Little Cafe,restaurant,amenity=cafe,53.3380596,-6.2695556,
n2486863328,Insomnia,restaurant,amenity=cafe,53.3723459,-6.389559,
n2497926893,Okra Green,restaurant,amenity=restaurant,53.3727572,-6.3613883,Castleknock
n2505964397,La Dolce Vita,restaurant,amenity=restaurant,53.2769684,-6.2107639,Sandyford Industrial Estate
n2507763504,Jimmy Chung's,restaurant,amenity=restaurant,53.3478871,-6.2584627,Dublin
n2510781354,Milano,restaurant,amenity=restaurant,53.2882847,-6.2430765,Dundrum
n2518507334,Starbucks,restaurant,amenity=cafe,53.2937596,-6.1348991,
n2518507335,Nando's,restaurant,amenity=restaurant,53.2936795,-6.1349903,
n2519881521,Cluck,restaurant,amenity=restaurant,53.3212407,-6.3312178,
n2522554814,Ecaterinacakes,restaurant,amenity=cafe,53.3587065,-6.2698347,
n2522590878,M & L Chinese Restaurant,restaurant,amenity=restaurant,53.3506474,-6.2595379,Dublin
n2556999486,Indie Dhaba,restaurant,amenity=restaurant,53.3408939,-6.2594698,
n2558355099,O'Briens,restaurant,amenity=cafe,53.336324,-6.2485735,Dublin
n2559594168,Suesey Street,restaurant,amenity=restaurant,53.3326516,-6.2528775,Dublin
n2561585354,Pufferbellys,restaurant,amenity=cafe,53.3365417,-6.2488836,Dublin
n2563510544,Bagel Factory,restaurant,amenity=restaurant,53.3363411,-6.2486164,Dublin
n2569660096,The Rolling Donut,restaurant,amenity=cafe,53.3475517,-6.2598654,Dublin
n2573726983,Eccles Townhouse,restaurant,amenity=bar,53.3574023,-6.2641644,Dublin
n2574576941,Chili Club,restaurant,amenity=restaurant,53.3408955,-6.2596281,Dublin
n2578552430,Fire & Stone,restaurant,amenity=cafe,53.2607059,-6.2207475,
n2579029454,Lovinspoon,restaurant,amenity=cafe,53.3556416,-6.2645931,Dublin
n2624032116,Yew Tree,restaurant,amenity=restaurant,53.3115144,-6.2829472,"Dublin, Dublin"
n2625914025,The Leopardstown Inn,restaurant,amenity=pub,53.2792395,-6.1967897,"Stillorgan, Dublin"
n2629795114,Doppio Zero,restaurant,amenity=restaurant,53.3472784,-6.2676661,Dublin
n2633444880,5ive Coffee Shop and Sandwich House,restaurant,amenity=cafe,53.346917,-6.2558761,Dublin
n2670348502,Mind The Step,restaurant,amenity=cafe,53.346893,-6.264917,Dublin
n2681836811,The Pig's Ear,restaurant,amenity=restaurant,53.3421617,-6.2549962,Dublin
n2681836817,O'Briens,restaurant,amenity=cafe,53.3421624,-6.2550835,Dublin
n2688905835,The Strand,restaurant,amenity=pub,53.522087,-6.092269,Rush
n2692373399,KC Peaches,restaurant,amenity=cafe,53.3442784,-6.2643271,Dublin
n2692373402,Frank and Honest Coffee,restaurant,amenity=cafe,53.344286,-6.2645776,Dublin
n2702704462,Zakura,restaurant,amenity=restaurant,53.3369336,-6.265388,Dublin
n2706803910,Brick Alley,restaurant,amenity=cafe,53.3454224,-6.2645044,Dublin
n2707308689,Rosie's Cafe,restaurant,amenity=cafe,53.342923,-6.2699672,Dublin
n2710927579,Café Sol,restaurant,amenity=cafe,53.3376392,-6.2519362,Dublin
n2710968066,GEC Café,restaurant,amenity=cafe,53.3410267,-6.2841131,
n2712286982,Corfu,restaurant,amenity=restaurant,53.3447428,-6.2672897,Dublin
n2712374891,Luncheonette,restaurant,amenity=cafe,53.3430472,-6.278132,Dublin
n2719275787,Nurse's Cafe,restaurant,amenity=restaurant,53.3857113,-6.2545661,
n2721562065,Bread 41,restaurant,amenity=cafe,53.2614109,-6.151882,
n2742541283,Gilli café,restaurant,amenity=cafe,53.3381318,-6.2868796,
n2753639653,The Cliff Stop,restaurant,amenity=cafe,53.3857066,-6.0507503,
n2753824006,The Country Market,restaurant,amenity=cafe,53.3848691,-6.0652455,Howth
n2753831586,The House,restaurant,amenity=restaurant,53.3858122,-6.0652671,"Howth, Dublin"
n2757007323,Fortune Terrace Buffet,restaurant,amenity=restaurant,53.3513969,-6.2614694,Dublin
n2767410919,C Cafe,restaurant,amenity=cafe,53.3079914,-6.3498117,
n2771124702,Boeuf & Frites Steakhouse,restaurant,amenity=restaurant,53.3856095,-6.3739405,
n2783587541,Pitt Bros,restaurant,amenity=restaurant,53.3435344,-6.2646731,"Dublin, Dublin"
n2788115812,Butlers Chocolate Cafe,restaurant,amenity=cafe,53.4037177,-6.2193494,
n2797043485,Starbucks,restaurant,amenity=cafe,53.3233484,-6.2653188,Dublin
n2797078497,Butlers Chocolate Café,restaurant,amenity=cafe,53.3227377,-6.2654461,Dublin
n2797180092,Greenville,restaurant,amenity=cafe,53.3216115,-6.2656719,Dublin
n2797217268,Shakshuka,restaurant,amenity=restaurant,53.3221381,-6.2664707,Dublin
n2801693252,Bean & Gone,restaurant,amenity=cafe,53.3515053,-6.2496298,Dublin
n2812433694,Bounce Back,restaurant,amenity=cafe,53.3431555,-6.2764561,Dublin
n2815355412,Vice Coffee,restaurant,amenity=cafe,53.3479611,-6.2621368,Dublin
n2820427301,Peaches,restaurant,amenity=cafe,53.338736,-6.255283,Dublin
n2820789838,Cafe 105,restaurant,amenity=cafe,53.3142753,-6.2381594,Dublin
n2826462463,Zizzi,restaurant,amenity=restaurant,53.343496,-6.2602694,Dublin
n2826463354,The Counter,restaurant,amenity=restaurant,53.3433983,-6.2600017,Dublin
n2826465463,Tolteca,restaurant,amenity=restaurant,53.3434241,-6.2600816,Dublin
n2826472115,Pacino's,restaurant,amenity=restaurant,53.3433419,-6.2598486,Dublin
n2829999073,The Old Storehouse,restaurant,amenity=restaurant,53.345219,-6.2627029,Dublin
n2858674179,Starbucks,restaurant,amenity=cafe,53.392791,-6.248143,
n2860083350,Le Perroquet,restaurant,amenity=restaurant,53.3430848,-6.2611917,Dublin
n2860088689,Cornucopia,restaurant,amenity=restaurant,53.3431012,-6.2614298,"Dublin, Dublin"
n2860454401,Molloy’s,restaurant,amenity=pub,53.3511395,-6.2513336,"Dublin, Dublin"
n2865795575,Oak Café Bar,restaurant,amenity=cafe,53.4255126,-6.2398268,Dublin
n2866357601,Coffee Shack,restaurant,amenity=cafe,53.3657674,-6.3308775,Dublin
n2867950256,Courts Coffee Shop,restaurant,amenity=cafe,53.3448518,-6.2753974,
n2885175342,The Joshua Tree,restaurant,amenity=restaurant,53.3217541,-6.27947,
n2886119105,Ernesto's Coffee & Artisan Foods,restaurant,amenity=cafe,53.3215682,-6.2672277,Dublin
n2886195172,Sushida,restaurant,amenity=restaurant,53.3225062,-6.2658166,Dublin
n2886195175,Ramen Co,restaurant,amenity=restaurant,53.3227031,-6.2657662,
n2886231115,Hillbilly's,restaurant,amenity=restaurant,53.3264384,-6.2651202,
n2909377975,The Pig & Heifer,restaurant,amenity=restaurant,53.3469238,-6.2496745,Dublin
n2924856981,Pho Kim,restaurant,amenity=restaurant,53.352968,-6.2609111,Dublin
n2935976014,Nando's,restaurant,amenity=restaurant,53.3917217,-6.3908087,
n2935976015,Milano,restaurant,amenity=restaurant,53.3916547,-6.3908118,
n2940666207,Canton City,restaurant,amenity=restaurant,53.3514034,-6.2827853,Dublin
n2940666218,All Bar Chicken,restaurant,amenity=restaurant,53.3508805,-6.2821195,Dublin
n2941665184,the tower cafe,restaurant,amenity=cafe,53.3695753,-6.2766836,
n2942868339,Phoenix Cafe,restaurant,amenity=cafe,53.3658167,-6.3309565,Dublin
n2956133084,Baan Thai,restaurant,amenity=restaurant,53.2712837,-6.2034505,Dublin
n2959832033,Jo'burger,restaurant,amenity=restaurant,53.3482928,-6.276948,Dublin
n2962704444,The Dock,restaurant,amenity=cafe,53.3481008,-6.2752287,Dublin
n2969914811,Nova,restaurant,amenity=restaurant,53.277255,-6.1028758,Dalkey
n2969914812,Ragazzi,restaurant,amenity=restaurant,53.277273,-6.1027634,Dalkey
n2969914813,The Corner Note Cafe,restaurant,amenity=cafe,53.277386,-6.1029284,Dalkey
n2980317232,Baked,restaurant,amenity=cafe,53.3255163,-6.2648806,Dublin
n2980320131,Tadka House,restaurant,amenity=restaurant,53.3254396,-6.264899,Dublin
n2980368136,Camden Bites & Brews,restaurant,amenity=bar,53.3359048,-6.2650316,"Dublin, Dublin"
n2980371229,Roma II,restaurant,amenity=restaurant,53.336808,-6.2656673,Dublin
n2982955171,Kylemore,restaurant,amenity=restaurant,53.322881,-6.2649894,Dublin
n2983029708,Keogh's Cafe,restaurant,amenity=cafe,53.3441102,-6.2622185,Dublin
n2983637884,Farmer Browns at The Village,restaurant,amenity=restaurant,53.3247995,-6.2649543,Rathmines
n2984215092,Tippenyaki,restaurant,amenity=restaurant,53.3224374,-6.2651617,Dublin
n2985497858,Forest Avenue,restaurant,amenity=restaurant,53.3315236,-6.2516274,Dublin
n2985550097,White Pepper Cafe,restaurant,amenity=cafe,53.3235866,-6.2649622,Dublin
n2986844484,3fe Five Points,restaurant,amenity=cafe,53.3199479,-6.2789381,Dublin
n2988253829,Pichet,restaurant,amenity=restaurant,53.3438429,-6.262327,Dublin
n2988297339,Starbucks,restaurant,amenity=cafe,53.3461424,-6.2588959,Dublin
n2988406964,Grian Cafe,restaurant,amenity=cafe,53.319512,-6.2908916,Dublin
n2988418885,Honkuku,restaurant,amenity=restaurant,53.3190163,-6.2914429,Dublin
n2988816133,Rea's Bistro,restaurant,amenity=restaurant,53.3194498,-6.2917621,
n2988924266,Matt the Rashers,restaurant,amenity=cafe,53.3203639,-6.2917743,
n2988944623,Pickles,restaurant,amenity=cafe,53.3209301,-6.2931879,
n2989946090,Shirley House,restaurant,amenity=restaurant,53.3209653,-6.2932826,
n2991107244,Pip's Cafe & Deli,restaurant,amenity=cafe,53.3273998,-6.304401,Dublin
n2994248417,Viva,restaurant,amenity=restaurant,53.3308162,-6.2641839,Dublin
n2994323504,Richmond,restaurant,amenity=restaurant,53.3311003,-6.2646933,
n2994960419,Chopped,restaurant,amenity=cafe,53.3328669,-6.265088,Dublin
n2994960420,Damascus Gate,restaurant,amenity=restaurant,53.3329154,-6.265102,Dublin
n2995007505,Delahunt,restaurant,amenity=cafe,53.3342861,-6.2650662,Dublin
n2995007507,Camden Rotisserie,restaurant,amenity=restaurant,53.3344042,-6.2650444,Dublin
n2995007516,Passion 4 Food,restaurant,amenity=restaurant,53.3350181,-6.2649772,
n2995691247,Mama Yo,restaurant,amenity=restaurant,53.3353064,-6.2654149,Dublin
n2995691248,Dumpling Shop,restaurant,amenity=restaurant,53.3352601,-6.2654186,Dublin
n2995691249,Dime Coffee co.,restaurant,amenity=cafe,53.3352192,-6.2654219,Dublin
n2995691251,Diwali,restaurant,amenity=restaurant,53.3353711,-6.2654097,
n2996360239,D2 Bubble Tea,restaurant,amenity=cafe,53.3387558,-6.2658796,Dublin
n2996413687,Morrocco Gaze 2,restaurant,amenity=cafe,53.3397998,-6.2656157,
n2996413697,Smokey Brew,restaurant,amenity=cafe,53.3398927,-6.2655916,
n2996988358,Lucky Tortoise Dumpling Company,restaurant,amenity=restaurant,53.3409085,-6.2653899,
n2997549698,Boss Stop,restaurant,amenity=restaurant,53.3423031,-6.2644091,Dublin
n2997622560,D1,restaurant,amenity=restaurant,53.3434063,-6.2646759,Dublin
n2998757813,Huck’s,restaurant,amenity=bar,53.3359626,-6.2650767,"Dublin, Dublin"
n2998980123,Insomnia,restaurant,amenity=cafe,53.3896691,-6.1103732,Sutton
n3001672013,Bark Coffee,restaurant,amenity=cafe,53.3226629,-6.2653736,Dublin
n3004230459,Cates Cafe,restaurant,amenity=cafe,53.4865894,-6.1488706,Donabate
n3005065538,My Meat Wagon,restaurant,amenity=restaurant,53.3488762,-6.2788256,Dublin
n3008518884,Cottage Cafe,restaurant,amenity=restaurant,53.3861133,-6.3761909,Blanchardstown
n3008616867,Jolin's Café,restaurant,amenity=cafe,53.3306285,-6.2750881,Dublin
n3011362775,Blue Bar,restaurant,amenity=restaurant,53.5849813,-6.1049706,"Skerries, Dublin"
n3011394636,Macaris Takeaway Skerries,restaurant,amenity=restaurant,53.5809208,-6.1069171,Skerries
n3012306852,John's Cafe,restaurant,amenity=cafe,53.3169679,-6.3335434,
n3022815000,Halfway House,restaurant,amenity=restaurant,53.3725226,-6.3312219,
n3030631091,Clanbrassil House,restaurant,amenity=restaurant,53.3318042,-6.2753664,Dublin
n3030631092,Clanbrassil House,restaurant,amenity=cafe,53.3318465,-6.2753557,Dublin
n3032306039,Potager Restaurant,restaurant,amenity=restaurant,53.5796695,-6.1090974,Skerries
n3033571200,The Brick House,restaurant,amenity=restaurant,53.584893,-6.1048741,"Skerries, Dublin"
n3039751435,Mehek,restaurant,amenity=restaurant,53.3135304,-6.2732037,Dublin
n3040069950,Lumanti of Nepal,restaurant,amenity=restaurant,53.3137439,-6.2732767,Dublin
n3040139013,Mother Reilly's Bar & Restaurant,restaurant,amenity=restaurant,53.3207363,-6.265222,Dublin
n3041220388,+161 café/bistro,restaurant,amenity=cafe,53.3158583,-6.2653716,Dublin
n3042292872,The Terrace Kitchen & Social House,restaurant,amenity=restaurant,53.334817,-6.2575719,Dublin
n3042324178,O'Briens,restaurant,amenity=cafe,53.3360343,-6.2567689,Dublin
n3044810381,Cocu Kitchen,restaurant,amenity=restaurant,53.3337524,-6.2624872,Dublin
n3050341148,Terra Madre cafe,restaurant,amenity=cafe,53.3470381,-6.2619715,Dublin
n3051154792,Póg,restaurant,amenity=cafe,53.3475313,-6.2600455,Dublin
n3052818968,High⁬ Speed internet Access - Internet Café,restaurant,amenity=cafe,53.3538664,-6.2662129,Dublin
n3053435660,Brewbaker Cafe,restaurant,amenity=cafe,53.3423241,-6.256337,Dublin
n3054671381,Lily's Café,restaurant,amenity=cafe,53.3529434,-6.2614053,
n3060039493,Sushida,restaurant,amenity=restaurant,53.2765452,-6.2148103,
n3065884413,Driftwood Coffee Co.,restaurant,amenity=cafe,53.391305,-6.2943461,Dublin
n3066029430,Doll Italia Pasta Bar,restaurant,amenity=restaurant,53.3342279,-6.2657442,Dublin
n3066029431,Camden Kitchen,restaurant,amenity=restaurant,53.3342331,-6.2658944,Dublin
n3068662788,Insomnia,restaurant,amenity=cafe,53.3856176,-6.2656541,
n3080474178,Insomnia,restaurant,amenity=cafe,53.2763662,-6.2089052,
n3082426422,La Pausa Caffè,restaurant,amenity=cafe,53.3562691,-6.2655114,
n3088074383,Hong Kong Wonton,restaurant,amenity=restaurant,53.3420321,-6.2639699,Dublin
n3088074384,First Chapter,restaurant,amenity=cafe,53.3420173,-6.2638998,Dublin
n3089005901,Ucafe,restaurant,amenity=cafe,53.3430228,-6.2905732,Dublin
n3089037847,,restaurant,amenity=cafe,53.3432725,-6.289144,Dublin
n3089873925,Proof Pizza,restaurant,amenity=restaurant,53.3428676,-6.2802709,"Dublin, Dublin"
n3089873926,La Cosa Nostra,restaurant,amenity=restaurant,53.3428174,-6.2799872,Dublin
n3091138589,Wakami,restaurant,amenity=restaurant,53.3594841,-6.2729499,Dublin
n3092066447,The Bull & Castle Steakhouse,restaurant,amenity=restaurant,53.3434497,-6.2699281,Dublin
n3092080144,Il Fornaio,restaurant,amenity=cafe,53.3441232,-6.2620738,Dublin
n3092172669,Munchies,restaurant,amenity=cafe,53.2712799,-6.2026026,
n3096549708,Bellagio,restaurant,amenity=restaurant,53.3114556,-6.2829849,Dublin
n3096549709,Vermillion,restaurant,amenity=restaurant,53.3113995,-6.2830184,Dublin
n3104850188,JD's Steakhouse,restaurant,amenity=restaurant,53.3096758,-6.2833604,Dublin
n3104850199,Vaughan's Eatery,restaurant,amenity=restaurant,53.3100607,-6.2831764,
n3104850200,Sawadee,restaurant,amenity=restaurant,53.3100951,-6.2829426,
n3104850201,Base Wood Fired Pizza,restaurant,amenity=restaurant,53.3101143,-6.282868,
n3104886054,Anar,restaurant,amenity=restaurant,53.3098652,-6.2830726,Dublin
n3104886055,Mario's,restaurant,amenity=restaurant,53.3098416,-6.2831586,Dublin
n3105665601,Tea Garden,restaurant,amenity=cafe,53.3462417,-6.266954,Dublin
n3106271528,Damascus Gate,restaurant,amenity=restaurant,53.3109699,-6.2828433,
n3106272140,Tani,restaurant,amenity=restaurant,53.3105799,-6.2830252,Dublin
n3106272142,Spice Village,restaurant,amenity=restaurant,53.3105043,-6.283038,Dublin
n3108833990,Meghna Tandoori,restaurant,amenity=restaurant,53.3092835,-6.2847855,Dublin
n3110499833,Coffee Dock,restaurant,amenity=cafe,53.3144285,-6.2797343,Dublin
n3114068060,Itsabagel,restaurant,amenity=cafe,53.3481877,-6.2624935,
n3124840063,Bastible,restaurant,amenity=restaurant,53.3321335,-6.2748814,Dublin
n3124989764,Variety Jones,restaurant,amenity=restaurant,53.3429332,-6.2762104,Dublin
n3125025421,Hyper Goat Coffee,restaurant,amenity=cafe,53.3426952,-6.2774488,Dublin
n3125460192,Toscana,restaurant,amenity=restaurant,53.3441588,-6.2675829,Dublin
n3125540025,Oasis Cafe,restaurant,amenity=cafe,53.2907523,-6.3778838,
n3125558916,Volunteer Cafe,restaurant,amenity=cafe,53.2908101,-6.3781574,
n3125587549,Phoenix,restaurant,amenity=restaurant,53.291825,-6.3806466,
n3125979848,Dalang Korean Restaurant,restaurant,amenity=restaurant,53.3442744,-6.2655032,Dublin
n3126144735,Hellfire,restaurant,amenity=restaurant,53.3457189,-6.2594801,"Dublin, Dublin"
n3126964896,The Art of Coffee,restaurant,amenity=cafe,53.3326536,-6.2621214,Dublin
n3126994442,Brother Hubbard South,restaurant,amenity=cafe,53.3327634,-6.2655273,Dublin
n3130255646,Caffè Nero,restaurant,amenity=cafe,53.3399869,-6.2587572,Dublin
n3139296682,Michie Sushi,restaurant,amenity=restaurant,53.2773588,-6.2173838,
n3139297357,Annie May’s,restaurant,amenity=pub,53.2997095,-6.5009707,"Newcastle, Dublin"
n3141541333,Brezzis Pizza,restaurant,amenity=restaurant,53.4209697,-6.137183,
n3161108983,Piccolo,restaurant,amenity=cafe,53.2622423,-6.1618395,
n3161391303,Marka Cadey,restaurant,amenity=cafe,53.3553607,-6.2642611,Dublin
n3178518932,,restaurant,amenity=cafe,53.351932,-6.2269328,Dublin
n3180491611,Áras an Phiarsaigh Coffee Area,restaurant,amenity=cafe,53.3448157,-6.2551581,Dublin
n3181936844,The 1592 Restaurant,restaurant,amenity=restaurant,53.3448696,-6.2577088,
n3192293571,Costa,restaurant,amenity=cafe,53.3426066,-6.2505519,Dublin
n3203351289,Bloom's Cafe,restaurant,amenity=cafe,53.3379474,-6.266048,Dublin
n3205581895,,restaurant,amenity=restaurant,53.3268496,-6.3705596,
n3209479638,Starbucks,restaurant,amenity=cafe,53.2882161,-6.2433189,Dundrum
n3218989920,Bula café,restaurant,amenity=restaurant,53.3313257,-6.3710747,
n3224845405,IFI Café Bar,restaurant,amenity=restaurant,53.344568,-6.2651338,Dublin
n3224845421,The Wild Duck,restaurant,amenity=bar,53.3445718,-6.2657887,"Dublin, Dublin"
n3227979715,The Hungry Monkey,restaurant,amenity=restaurant,53.4023114,-6.3970717,
n3239382221,All Rosey Coffee,restaurant,amenity=cafe,53.3406016,-6.263171,Dublin
n3257534884,O'Donovan,restaurant,amenity=cafe,53.3441495,-6.2488493,Dublin
n3314218145,Delhi Darbar,restaurant,amenity=restaurant,53.3571444,-6.4495491,Lucan
n3338276450,il Valentino,restaurant,amenity=cafe,53.3426047,-6.2390303,Dublin
n3358130373,Mad Egg,restaurant,amenity=restaurant,53.2885788,-6.243917,
n3358130374,Jamie's Italian,restaurant,amenity=restaurant,53.2888001,-6.2441525,
n3359270763,The Green Hen,restaurant,amenity=restaurant,53.3431239,-6.2624106,Dublin
n3398130454,3fe IFSC,restaurant,amenity=cafe,53.3491443,-6.2438583,Dublin
n3398132525,Caffè Nero,restaurant,amenity=cafe,53.3481283,-6.2438395,Dublin
n3398142362,Insomnia,restaurant,amenity=cafe,53.349057,-6.2423871,Dublin
n3423364218,Pizza Hut,restaurant,amenity=restaurant,53.4464763,-6.2372774,Swords
n3423690447,Stir Restaurant,restaurant,amenity=restaurant,53.4273581,-6.2339223,Dublin Airport
n3426354994,Alfama restaurant,restaurant,amenity=cafe,53.3028736,-6.2454404,
n3426385596,Café Diem,restaurant,amenity=cafe,53.3202104,-6.2341424,
n3427593143,Insomnia,restaurant,amenity=cafe,53.2909537,-6.2460282,Dundrum
n3462330672,Pi Restaurant,restaurant,amenity=restaurant,53.3084289,-6.2235339,
n3465490516,Insomnia,restaurant,amenity=cafe,53.3469593,-6.2823085,Dublin
n3465847951,Azonto African Restaurant,restaurant,amenity=restaurant,53.3588953,-6.2576395,Dublin
n3465968939,Effies,restaurant,amenity=cafe,53.3393034,-6.2732272,Dublin
n3466015126,Havilah African Kitchen,restaurant,amenity=restaurant,53.3540669,-6.2581012,Dublin
n3466330489,D2 Coffee House,restaurant,amenity=cafe,53.3473608,-6.2552145,Dublin
n3470507586,Mulligan and Haines,restaurant,amenity=pub,53.3440757,-6.2634747,"Dublin, Dublin"
n3471930077,The Pig & Heifer,restaurant,amenity=cafe,53.3508995,-6.2505777,Dublin
n3471974393,Fahrenheit Grill,restaurant,amenity=restaurant,53.3649725,-6.2071646,
n3476314573,PHX Bistro,restaurant,amenity=restaurant,53.34685,-6.2814582,Dublin
n3477073366,Morrison,restaurant,amenity=restaurant,53.3463286,-6.2659892,Dublin
n3477082225,Panem,restaurant,amenity=restaurant,53.3463658,-6.2654995,Dublin
n3481459330,Green Land Café,restaurant,amenity=cafe,53.364029,-6.2327649,Dublin
n3490848628,Bunsen,restaurant,amenity=restaurant,53.3455805,-6.2643164,"Dublin, Dublin"
n3497601513,Two Fifty Square,restaurant,amenity=cafe,53.3252716,-6.2662014,Dublin
n3512201861,Mao,restaurant,amenity=restaurant,53.2892674,-6.1995581,
n3512201862,Base Wood Fired Pizza,restaurant,amenity=restaurant,53.2893521,-6.1995601,
n3517493062,Siam Thai,restaurant,amenity=restaurant,53.4520134,-6.153138,
n3523281165,Cabaña Cafe,restaurant,amenity=cafe,53.3282802,-6.3442384,Dublin
n3543566930,The Anvil,restaurant,amenity=restaurant,53.2809567,-6.4434028,
n3544698340,Nelly's,restaurant,amenity=cafe,53.3634374,-6.2583091,
n3559946601,,restaurant,amenity=cafe,53.3437433,-6.2664276,Dublin
n3562601369,Brasserie de Verres En Vers,restaurant,amenity=restaurant,53.3408594,-6.2684318,Dublin
n3564101657,Alma,restaurant,amenity=restaurant,53.3325658,-6.2690975,Dublin
n3603265598,The Sweetest Thing,restaurant,amenity=cafe,53.3470783,-6.2617123,Dublin
n3628887212,Hugh Lane Café,restaurant,amenity=cafe,53.3544292,-6.2644526,
n3644708474,Dcup Deli Cafe,restaurant,amenity=cafe,53.2963102,-6.3774197,Tallaght
n3651393523,,restaurant,amenity=cafe,53.3487597,-6.2632706,Dublin
n3660055474,Seven Wonders,restaurant,amenity=restaurant,53.3487587,-6.2480799,Dublin
n3661213916,Mc Governs Restaurant,restaurant,amenity=restaurant,53.4506364,-6.1534007,
n3698617425,Mes Amis,restaurant,amenity=cafe,53.3477793,-6.2640122,Dublin
n3703279055,Roast Office,restaurant,amenity=cafe,53.2782538,-6.1634025,Deansgrange
n3703279062,Insomnia,restaurant,amenity=cafe,53.2785839,-6.1631092,
n3708514253,,restaurant,amenity=cafe,53.3513852,-6.2497076,Dublin
n3730312811,Akash,restaurant,amenity=restaurant,53.3016267,-6.1787677,Blackrock
n3730312812,Ruchii,restaurant,amenity=restaurant,53.3015643,-6.1788751,"Blackrock, Dublin"
n3730345039,Bear Market Coffee,restaurant,amenity=cafe,53.3014208,-6.1776066,Blackrock
n3733604383,Insomnia,restaurant,amenity=cafe,53.3631582,-6.3023254,
n3739414063,Farmhouse Café,restaurant,amenity=cafe,53.3240532,-6.3369183,
n3740250980,Liath,restaurant,amenity=restaurant,53.3011707,-6.1780741,Blackrock
n3740250981,Ciamei Cafe,restaurant,amenity=cafe,53.3009592,-6.1786047,
n3740250988,Shaka Poké,restaurant,amenity=restaurant,53.3010413,-6.1782047,Blackrock
n3740250997,Veggie Vibe Cafe,restaurant,amenity=cafe,53.3012466,-6.1778077,Blackrock
n3740251005,3 Leaves,restaurant,amenity=restaurant,53.3010381,-6.1781227,Blackrock
n3740251009,Ali Baba Lebanese Tapas,restaurant,amenity=cafe,53.3010601,-6.1781596,
n3750529738,Brambles,restaurant,amenity=cafe,53.2897986,-6.2011563,
n3750529746,O'Brien's Sandwich Bar,restaurant,amenity=cafe,53.2896319,-6.2010315,
n3765955357,Coppa Cafe,restaurant,amenity=cafe,53.336961,-6.2547017,
n3774230657,Paesano,restaurant,amenity=restaurant,53.3502781,-6.2661394,
n3777373708,Han Sung,restaurant,amenity=restaurant,53.3468128,-6.2650425,Dublin
n3796717602,The Polo Room,restaurant,amenity=restaurant,53.34053,-6.2573319,Dublin
n3799296847,Crudo,restaurant,amenity=restaurant,53.3330232,-6.2150306,
n3800882483,Tiffins,restaurant,amenity=cafe,53.3407281,-6.2572579,Dublin
n3803973849,Quay 16,restaurant,amenity=restaurant,53.3470414,-6.2380136,Dublin
n3834915175,Oliveto,restaurant,amenity=restaurant,53.2920592,-6.130402,Dún Laoghaire
n3839420213,News Cafe,restaurant,amenity=cafe,53.299677,-6.175289,Blackrock
n3865259598,Aoshima Sushi & Grill,restaurant,amenity=restaurant,53.2885431,-6.2050443,Stillorgan
n3873260846,Nua Thai,restaurant,amenity=restaurant,53.3515745,-6.2833091,
n3889731228,The Jazz Cafe,restaurant,amenity=restaurant,53.3458317,-6.2626097,Dublin
n3899164895,Luca Pacioli Cafe,restaurant,amenity=cafe,53.3443881,-6.248244,Dublin
n3905818975,The Little Kitchen,restaurant,amenity=restaurant,53.330374,-6.2514719,Dublin
n3906732137,Rustic Honey,restaurant,amenity=cafe,53.2439829,-6.1390678,
n3908299015,Harry's Café Bar,restaurant,amenity=cafe,53.2916083,-6.1347528,Dún Laoghaire
n3924491386,Kites,restaurant,amenity=restaurant,53.3291875,-6.231993,
n3939811609,The Sunshine Cafe,restaurant,amenity=cafe,53.293837,-6.1394791,Dún Laoghaire
n3958724659,Rasam,restaurant,amenity=restaurant,53.2870089,-6.1230462,
n3958839464,Nakuru café,restaurant,amenity=cafe,53.357411,-6.3068261,
n3962367943,The Blue Orchid,restaurant,amenity=restaurant,53.2879356,-6.1757927,Blackrock
n3971767981,Frayne's,restaurant,amenity=cafe,53.3428753,-6.2498679,Dublin
n3982586598,Un' Altra Pasta Bar,restaurant,amenity=restaurant,53.3007424,-6.175963,Blackrock
n3984008801,Musashi,restaurant,amenity=restaurant,53.349629,-6.2434457,Dublin
n4006006754,Narra Thai,restaurant,amenity=restaurant,53.2884669,-6.2049743,Stillorgan
n4013361345,China Garden,restaurant,amenity=restaurant,53.280457,-6.4447185,
n4013390539,Carpe Diem,restaurant,amenity=restaurant,53.280816,-6.4451585,
n4029779547,KB Coffee,restaurant,amenity=cafe,53.3721434,-6.337204,Phoenix Park Racecourse
n4046019696,Camile,restaurant,amenity=restaurant,53.3442825,-6.2493876,Dublin
n4061843856,Blas café,restaurant,amenity=cafe,53.3512824,-6.2675227,
n4077349476,Fusion,restaurant,amenity=restaurant,53.3486219,-6.2434208,Dublin
n4077369754,East,restaurant,amenity=restaurant,53.3479222,-6.2435058,Dublin
n4077454491,Tribe D6,restaurant,amenity=cafe,53.3174017,-6.270154,Dublin
n4090042289,Diep Noodle Bar,restaurant,amenity=restaurant,53.4257974,-6.240807,Dublin
n4100787091,Monto Cafe,restaurant,amenity=restaurant,53.3329827,-6.2651214,Dublin
n4107864702,Simeng Coffee Bar,restaurant,amenity=cafe,53.3457948,-6.2549991,Dublin
n4108006589,Peperina Garden Bistro,restaurant,amenity=cafe,53.3210175,-6.256627,Dublin
n4121528246,Gourmet Food Parlour,restaurant,amenity=restaurant,53.2949876,-6.1357491,Dún Laoghaire
n4126751521,Octopussy's Seafood Tapas,restaurant,amenity=restaurant,53.3910601,-6.0709998,"Howth, Dublin"
n4155552269,Mart Lennox St,restaurant,amenity=cafe,53.3313451,-6.2675264,
n4172567189,Ada Coffee & Bagels,restaurant,amenity=cafe,53.34293,-6.2807999,Dublin
n4190964891,Tabi's Grill,restaurant,amenity=restaurant,53.3452113,-6.262924,Dublin
n4194401694,Pho Ta,restaurant,amenity=restaurant,53.3449807,-6.2625399,Dublin
n4201938189,Osteria Lucio,restaurant,amenity=restaurant,53.3401093,-6.2392364,Dublin
n4201954496,Herb Street,restaurant,amenity=restaurant,53.3443454,-6.2376773,Dublin
n4201954497,Milano,restaurant,amenity=restaurant,53.3442893,-6.2370417,
n4201954498,Lolly and Cooks,restaurant,amenity=cafe,53.3446688,-6.2384981,
n4205911415,Al's Bakery,restaurant,amenity=cafe,53.3147072,-6.2958742,Dublin
n4209207504,Costa Express,restaurant,amenity=cafe,53.3171617,-6.292546,Dublin
n4211528684,Summer Inn Kimmage (Green Mango),restaurant,amenity=restaurant,53.3191712,-6.291279,Dublin
n4214067093,Kaph,restaurant,amenity=cafe,53.3425924,-6.2633012,Dublin
n4226083112,Pasha restaurant,restaurant,amenity=restaurant,53.3570004,-6.2640582,Dublin
n4230180642,Southbank Cafe,restaurant,amenity=cafe,53.3294129,-6.2750665,Dublin
n4232050718,Craft,restaurant,amenity=cafe,53.3225868,-6.279472,Dublin
n4256014740,Sushida,restaurant,amenity=restaurant,53.4519492,-6.1540306,
n4256558891,Medley,restaurant,amenity=cafe,53.345974,-6.2581786,Dublin
n4256561591,Pielow's,restaurant,amenity=restaurant,53.2607339,-6.1498831,
n4256571991,The Exchange,restaurant,amenity=restaurant,53.3454404,-6.2585675,Dublin
n4264448515,Oscar's Bar & Kitchen,restaurant,amenity=restaurant,53.3413604,-6.2508823,Dublin
n4264922714,L'Officina,restaurant,amenity=restaurant,53.2882429,-6.2432218,Dundrum
n4264959430,Siam Thai,restaurant,amenity=restaurant,53.287856,-6.2433031,Dundrum
n4266126756,Brickyard,restaurant,amenity=bar,53.2863405,-6.23705,"Dundrum, Dublin"
n4268537899,Bloom Brasserie,restaurant,amenity=restaurant,53.3336568,-6.2448578,
n4275374011,,restaurant,amenity=cafe,53.4063725,-6.3798025,Blanchardstown
n4276985090,Lemon Tree Cafe,restaurant,amenity=cafe,53.269926,-6.1670723,
n4288389989,Sanuk Thai,restaurant,amenity=restaurant,53.4606238,-6.2190417,
n4297074389,De Ville's,restaurant,amenity=restaurant,53.2773129,-6.1037647,Dalkey
n4298808951,Little Forest,restaurant,amenity=restaurant,53.3008157,-6.1762533,"Blackrock, Dublin"
n4302534684,El Grito Taqueria,restaurant,amenity=restaurant,53.3573554,-6.2566513,Dublin
n4303380367,Paulies' Pizza,restaurant,amenity=restaurant,53.3374436,-6.2346422,Dublin
n4306420090,Fish Shack,restaurant,amenity=restaurant,53.2892304,-6.1254533,
n4306420091,Toscana,restaurant,amenity=restaurant,53.2902786,-6.1271048,
n4331570723,Two Pups Coffee,restaurant,amenity=cafe,53.3393873,-6.273491,Dublin
n4337928527,Seomra Tae,restaurant,amenity=cafe,53.4505062,-6.1546412,Malahide
n4353582190,Ichiwa,restaurant,amenity=restaurant,53.3476853,-6.2440058,Dublin
n4359042261,Insomnia,restaurant,amenity=cafe,53.2940502,-6.1536172,
n4359042262,Attico,restaurant,amenity=restaurant,53.2940361,-6.1535186,
n4359042266,Victoria,restaurant,amenity=restaurant,53.2940277,-6.1531243,
n4359042267,8a Brasserie,restaurant,amenity=restaurant,53.2940149,-6.1527018,
n4361709473,Honest Pizza,restaurant,amenity=restaurant,53.3434277,-6.2639252,Dublin
n4364857520,Leopold,restaurant,amenity=cafe,53.3394499,-6.2948494,
n4364857521,Coffee Doc,restaurant,amenity=cafe,53.3394146,-6.2950398,
n4368084789,K&K café,restaurant,amenity=cafe,53.3908695,-6.391776,
n4376575235,Rose Garden,restaurant,amenity=restaurant,53.3366306,-6.2991831,Dublin
n4379805206,B&C Coffee Co.,restaurant,amenity=cafe,53.3219319,-6.3190935,
n4386194690,Graze at the Elbowroom,restaurant,amenity=cafe,53.3507878,-6.280361,
n4386295875,Umi Falafel,restaurant,amenity=cafe,53.3440395,-6.2655397,Dublin
n4386417600,Spar,restaurant,amenity=cafe,53.2775608,-6.4175111,
n4386425662,Pizza Hut,restaurant,amenity=restaurant,53.2940698,-6.3550984,
n4389683499,Happy Food,restaurant,amenity=cafe,53.335037,-6.264169,
n4392005189,Rialto Bridge Cafe,restaurant,amenity=cafe,53.3372206,-6.298968,
n4392687696,Ebb and Flow,restaurant,amenity=cafe,53.3350284,-6.2654409,Dublin
n4396341293,Oolong Cafe,restaurant,amenity=cafe,53.3412559,-6.2646367,
n4396342595,Zakura Izakaya,restaurant,amenity=restaurant,53.3337459,-6.2450163,Dublin
n4396342596,KC Peaches Cafe and Catering,restaurant,amenity=cafe,53.3426253,-6.2572755,Dublin
n4396342597,The Waterfront Bistro,restaurant,amenity=restaurant,53.2904239,-6.1273622,"Dún Laoghaire, Dublin"
n4396351895,Xico,restaurant,amenity=bar,53.337863,-6.2527928,"Dublin, Dublin"
n4396962949,Stella Diner,restaurant,amenity=restaurant,53.3223341,-6.2658506,Dublin
n4406818593,Riba,restaurant,amenity=restaurant,53.2885177,-6.1990832,Stillorgan
n4406841892,Costa,restaurant,amenity=cafe,53.2878856,-6.1983677,
n4406853045,Aprile Restaurant,restaurant,amenity=restaurant,53.2884239,-6.199446,
n4419411782,Casanova's,restaurant,amenity=restaurant,53.2884496,-6.1992773,Stillorgan
n4419601490,Chapter One,restaurant,amenity=restaurant,53.3543759,-6.2639223,
n4443713586,Fratellis,restaurant,amenity=restaurant,53.4584229,-6.2206891,Swords
n4443887212,Forest & Marcy,restaurant,amenity=restaurant,53.3302561,-6.2513386,Dublin
n4443896779,Piglet Wine Bar,restaurant,amenity=restaurant,53.3441803,-6.2689488,Dublin
n4452570750,Charlotte Quay,restaurant,amenity=restaurant,53.3428817,-6.2369889,Dublin
n4452581847,The Tram Cafe,restaurant,amenity=cafe,53.3480104,-6.2667312,Dublin
n4454187734,The Cheeky Piglet,restaurant,amenity=cafe,53.3372129,-6.2739632,Dublin
n4458833291,Kokoro Bento - The Ramen Bar,restaurant,amenity=restaurant,53.3415914,-6.2627803,Dublin
n4469791294,The Hungry Mexican,restaurant,amenity=restaurant,53.3462843,-6.2614066,Dublin
n4470630589,The Coffee Bean,restaurant,amenity=cafe,53.3485709,-6.2685546,Dublin
n4471456453,Vida's,restaurant,amenity=restaurant,53.2886566,-6.2439992,
n4471456454,Wagamama,restaurant,amenity=restaurant,53.2884302,-6.2437598,Dundrum
n4471456455,Zizzi,restaurant,amenity=restaurant,53.2887023,-6.2440504,
n4482418862,El Celler,restaurant,amenity=restaurant,53.301222,-6.1778659,
n4485262726,The Vanilla Pod Eatery,restaurant,amenity=cafe,53.3020057,-6.1793844,
n4495346591,,restaurant,amenity=restaurant,53.3434917,-6.2757132,
n4501039860,Cakes N’ More,restaurant,amenity=cafe,53.3562739,-6.2653919,
n4512083489,Fallon & Byrne,restaurant,amenity=cafe,53.3431212,-6.2631869,Dublin
n4520420691,Woodfire & Green,restaurant,amenity=restaurant,53.2774167,-6.2144599,
n4550662494,Ray's,restaurant,amenity=restaurant,53.3445506,-6.2634448,Dublin
n4551107891,Bakehouse,restaurant,amenity=cafe,53.3489014,-6.2480729,Dublin
n4551277608,Casper & Giumbini's,restaurant,amenity=restaurant,53.294053,-6.1332391,"Dún Laoghaire, Dublin"
n4554246004,Green Beards,restaurant,amenity=cafe,53.3241584,-6.2400351,Dublin
n4554269900,Avalon,restaurant,amenity=restaurant,53.3243202,-6.2403298,
n4558943338,Shoe Lane Coffee,restaurant,amenity=cafe,53.2925641,-6.1354411,
n4565372990,Offbeat Donut Co,restaurant,amenity=cafe,53.3442725,-6.2365788,Dublin
n4567841779,Starbucks,restaurant,amenity=cafe,53.3326428,-6.24385,Dublin
n4577505569,Póg,restaurant,amenity=restaurant,53.3610184,-6.1822929,
n4596205236,East Cafe,restaurant,amenity=cafe,53.38823,-6.0636736,
n4615170538,Costa,restaurant,amenity=cafe,53.347013,-6.2789289,Dublin
n4615183918,Urbanity,restaurant,amenity=cafe,53.3468366,-6.2790392,Dublin
n4615199961,Rumi Cafe,restaurant,amenity=cafe,53.3445614,-6.2691299,Dublin
n4621416370,Parlour,restaurant,amenity=cafe,53.3018455,-6.1783967,Blackrock
n4633258684,Rosa Madre,restaurant,amenity=restaurant,53.3447956,-6.2639135,Dublin
n4663943289,Piccolo Cafe,restaurant,amenity=restaurant,53.5788906,-6.1110906,Skerries
n4665638190,The Woollen Mills Eating House,restaurant,amenity=restaurant,53.3466541,-6.2634921,"Dublin, Dublin"
n4680376191,Brother Hubbard,restaurant,amenity=cafe,53.3486385,-6.2639781,Dublin
n4686065740,Ground Café and Eatery,restaurant,amenity=cafe,53.2702406,-6.2250883,
n4686846001,Starbucks,restaurant,amenity=cafe,53.4537746,-6.2187025,Swords
n4686846012,Nando's,restaurant,amenity=restaurant,53.4543883,-6.2188513,
n4686846034,Ruby's,restaurant,amenity=restaurant,53.4553279,-6.2192677,
n4686846044,BBS,restaurant,amenity=cafe,53.4538615,-6.2186356,
n4686848905,J2 Sushi & Bento,restaurant,amenity=restaurant,53.4556286,-6.2221695,
n4686866151,Starbucks,restaurant,amenity=cafe,53.4460317,-6.2273068,
n4687082602,Avoca Café,restaurant,amenity=cafe,53.3435216,-6.2598797,Dublin
n4687184798,Dunne and Crescenzi,restaurant,amenity=restaurant,53.302192,-6.1803205,
n4687846218,The Old Music Shop,restaurant,amenity=restaurant,53.3548799,-6.2636843,
n4690993798,Insomnia,restaurant,amenity=cafe,53.2794375,-6.1349958,Dún Laoghaire
n4716374791,Seabank Bistro,restaurant,amenity=restaurant,53.4507137,-6.1442931,
n4716719089,The Hot Bubble,restaurant,amenity=restaurant,53.3492429,-6.2689383,
n4718339591,Phone Fix,restaurant,amenity=cafe,53.351654,-6.263589,
n4730984595,San Lorenzo's,restaurant,amenity=restaurant,53.3432925,-6.2646784,Dublin
n4733802522,Sparks Bistro,restaurant,amenity=restaurant,53.3486092,-6.2775579,Dublin
n4743314672,Insomnia,restaurant,amenity=cafe,53.3870699,-6.3774142,
n4751529381,Bianconi's,restaurant,amenity=restaurant,53.3174962,-6.2081542,
n4754913027,Guud Day,restaurant,amenity=cafe,53.3521515,-6.2608965,"Dublin, Dublin"
n4759874821,Fusion Grill,restaurant,amenity=restaurant,53.3474393,-6.2630228,Dublin
n4769066005,The Bakehouse,restaurant,amenity=cafe,53.3469212,-6.2624196,
n4771133321,Best Seller,restaurant,amenity=cafe,53.3407863,-6.2585879,
n4777021621,Crabby Jo’s,restaurant,amenity=restaurant,53.38997,-6.0722816,"Howth, Dublin"
n4783266321,Momo's,restaurant,amenity=restaurant,53.2881468,-6.3702798,
n4799019799,Sprout and Co,restaurant,amenity=cafe,53.3293882,-6.2321046,Dublin
n4799030073,The Lobster Pot,restaurant,amenity=restaurant,53.3293488,-6.2320778,
n4799036110,The Bridge 1859,restaurant,amenity=pub,53.3292911,-6.2320003,"Ballsbridge, Dublin, Dublin"
n4804586774,D’Arcy McGee’s,restaurant,amenity=pub,53.2934407,-6.3236249,"Templeogue, Dublin"
n4805489421,Hatch and Sons,restaurant,amenity=restaurant,53.3395107,-6.2584317,Dublin
n4806699185,Ink @ dlr LexIcon,restaurant,amenity=cafe,53.2929524,-6.1318847,Dún Laoghaire
n4814016148,Bon Cafe,restaurant,amenity=cafe,53.2918429,-6.1353667,Dún Laoghaire
n4826118800,O'Brien's,restaurant,amenity=cafe,53.2918971,-6.1349554,
n4837054000,El Bahia,restaurant,amenity=restaurant,53.3427983,-6.2608029,Dublin
n4842395050,Reeves,restaurant,amenity=restaurant,53.2983839,-6.3029831,
n4842395069,Fifty50,restaurant,amenity=restaurant,53.2984542,-6.3043133,
n4848591817,Mrs Reid's,restaurant,amenity=cafe,53.3380336,-6.2695134,
n4851487845,Delhi Rasoi,restaurant,amenity=restaurant,53.2950237,-6.1434195,
n4851647521,Mulberry Garden,restaurant,amenity=restaurant,53.322679,-6.2368747,
n4851727922,Arisu Sushi & BBQ,restaurant,amenity=restaurant,53.3489146,-6.2691185,
n4851835122,The Art of Coffee,restaurant,amenity=cafe,53.3492057,-6.2613992,Dublin
n4853732948,Camile,restaurant,amenity=restaurant,53.2884806,-6.1992986,
n4853803123,Industry & Co,restaurant,amenity=cafe,53.342566,-6.2629714,Dublin
n4854013874,Aperitivo,restaurant,amenity=restaurant,53.3444519,-6.2671813,Dublin
n4861898821,Dera (Pakistan & Afghan Food),restaurant,amenity=restaurant,53.3537659,-6.2589712,Dublin
n4864350757,Rosa Cafe,restaurant,amenity=cafe,53.4153002,-6.3620842,
n4871898057,Phoenix Cafe,restaurant,amenity=cafe,53.3377651,-6.2772465,
n4871901163,Insomnia,restaurant,amenity=cafe,53.3340679,-6.2909587,
n4878453694,Calimero Café,restaurant,amenity=cafe,53.3439745,-6.2340143,
n4880440268,The Brick Room,restaurant,amenity=cafe,53.6113089,-6.1830812,
n4884316957,Ku Raudo Sushi & Bento,restaurant,amenity=restaurant,53.3458262,-6.2557784,Dublin
n4884359235,The Port House Pintxo,restaurant,amenity=restaurant,53.3451108,-6.2650119,"Dublin, Dublin"
n4893978424,Café Provence,restaurant,amenity=cafe,53.450288,-6.1536577,
n4904169174,Appetizers Bistro and Cafe,restaurant,amenity=cafe,53.3761786,-6.3165176,
n4906779621,Gourmet Food Parlour,restaurant,amenity=restaurant,53.4041271,-6.2424962,
n4913827321,Costa,restaurant,amenity=cafe,53.3244082,-6.3233038,Dublin
n4937329771,Wonder Photo Shop,restaurant,amenity=cafe,53.3018987,-6.1801429,
n4950862123,The Riddler,restaurant,amenity=restaurant,53.3431753,-6.2747683,Dublin
n4958675041,Starbucks,restaurant,amenity=cafe,53.2865959,-6.3712914,
n4960254291,,restaurant,amenity=cafe,53.3419913,-6.2514197,
n4960499773,The Mess Café,restaurant,amenity=cafe,53.3378865,-6.316098,
n4993382822,Dunnes Stores Restaurant,restaurant,amenity=restaurant,53.2664928,-6.1613764,
n4998192522,Wigwam,restaurant,amenity=bar,53.3480043,-6.2621526,Dublin
n5003080336,The Happy Pear,restaurant,amenity=restaurant,53.3226108,-6.3956666,
n5016062422,Café Sol,restaurant,amenity=cafe,53.2667594,-6.1610049,
n5018111024,Starbucks,restaurant,amenity=cafe,53.3377459,-6.2669418,
n5043380121,Dublin Pizza Company,restaurant,amenity=restaurant,53.3390019,-6.2658266,
n5043383921,Bao House,restaurant,amenity=restaurant,53.3389023,-6.2658503,
n5044570324,Irish Potato Cake Company,restaurant,amenity=cafe,53.3470579,-6.2617971,Dublin
n5044570325,The Lovely Food Company,restaurant,amenity=restaurant,53.3652832,-6.2566673,
n5044570327,Shoe Lane Coffee,restaurant,amenity=cafe,53.3471648,-6.2552509,Dublin
n5044580222,Sumaki,restaurant,amenity=restaurant,53.3443978,-6.2674689,Dublin
n5044580421,The Pepper Pot,restaurant,amenity=cafe,53.342377,-6.261907,Dublin
n5048412239,Rising Phoenix,restaurant,amenity=restaurant,53.3652003,-6.3192334,
n5049142984,Chill Cafe and Deli,restaurant,amenity=cafe,53.2914904,-6.3569438,
n5084277780,The Quay's Irish Restaurant,restaurant,amenity=restaurant,53.3456424,-6.2630923,Dublin
n5105989923,The bean box coffee co,restaurant,amenity=cafe,53.3395492,-6.2660959,
n5112201620,Tang,restaurant,amenity=cafe,53.3396223,-6.2585786,Dublin
n5153694122,Indigo & Cloth - Café,restaurant,amenity=cafe,53.3451605,-6.2664819,Dublin
n5155536523,The Waggy Tail Tea Rooms,restaurant,amenity=cafe,53.3876822,-6.0673833,
n5155671421,Cloud Cafe,restaurant,amenity=cafe,53.3572721,-6.243414,
n5155678221,Il Vicoletto,restaurant,amenity=restaurant,53.3445885,-6.2637005,Dublin
n5155929197,Eataly,restaurant,amenity=cafe,53.3129728,-6.2384786,
n5167945452,Salt n Pepper Village,restaurant,amenity=restaurant,53.3212595,-6.2350314,
n5169129421,Beef & Lobster,restaurant,amenity=restaurant,53.3441756,-6.2674339,Dublin
n5169413432,Dollard & Co.,restaurant,amenity=restaurant,53.3453161,-6.26718,"Dublin, Dublin"
n5170237080,Barista,restaurant,amenity=cafe,53.309131,-6.2157739,
n5170237094,Insomnia,restaurant,amenity=cafe,53.3085991,-6.2148981,Dublin
n5171529292,The Bakewell,restaurant,amenity=cafe,53.2980483,-6.2035403,
n5194742821,Staple Foods,restaurant,amenity=cafe,53.3397962,-6.243558,
n5196473121,Kilkenny Cafe and Restaurant,restaurant,amenity=cafe,53.3422203,-6.2554274,Dublin
n5198565648,Castle Tea Rooms,restaurant,amenity=restaurant,53.586496,-6.1601783,
n5207309932,Masala,restaurant,amenity=restaurant,53.3858503,-6.3732458,Blanchardstown
n5218098568,Kettles Country House Hotel,restaurant,amenity=restaurant,53.4823788,-6.2882865,
n5219702777,Flanagans Restaurant,restaurant,amenity=restaurant,53.350314,-6.2609607,Dublin
n5225003621,Le Petit Parisien,restaurant,amenity=cafe,53.3423066,-6.2622452,Dublin
n5243179322,Gurman's Tea and Coffee World,restaurant,amenity=cafe,53.3400452,-6.261527,Dublin
n5246121111,TUD Cantine,restaurant,amenity=restaurant,53.3550835,-6.2798959,
n5247010116,,restaurant,amenity=restaurant,53.4225607,-6.1350834,
n5247194363,LEGIT COFFEE CO,restaurant,amenity=cafe,53.3412942,-6.2787349,
n5250588240,Anjappar Chettinad Indian Restaurant,restaurant,amenity=restaurant,53.2863428,-6.3751701,
n5268058812,Nando's,restaurant,amenity=restaurant,53.3923036,-6.2500211,
n5282176277,Coffee Scene Cafe and Wine Bar,restaurant,amenity=cafe,53.4505387,-6.1544316,
n5282179583,The Wild Swan,restaurant,amenity=restaurant,53.4505723,-6.1542125,
n5294314099,The Planted Bean,restaurant,amenity=cafe,53.3665893,-6.3192171,
n5301563872,Ea-Tea,restaurant,amenity=cafe,53.3530757,-6.2607206,
n5301569913,T.J.s Coffee Bar,restaurant,amenity=cafe,53.3527574,-6.2607481,
n5303318508,Thundercut Alley,restaurant,amenity=restaurant,53.3489586,-6.2789155,Dublin
n5313427048,Voici Creperie and Wine Bar,restaurant,amenity=restaurant,53.3218704,-6.2662082,Dublin
n5319336521,Morning Glory Café,restaurant,amenity=cafe,53.3088041,-6.3297035,
n5321075322,The Shack Restaurant,restaurant,amenity=restaurant,53.3454338,-6.2644019,Dublin
n5333712576,Brasa Steak House,restaurant,amenity=restaurant,53.3461037,-6.2687857,Dublin
n5333866126,Gerard's Café,restaurant,amenity=cafe,53.3499005,-6.2519867,
n5337434240,Dubray Cafe,restaurant,amenity=cafe,53.3409954,-6.2604771,Dublin
n5347538724,Alpha Espresso,restaurant,amenity=cafe,53.3248096,-6.265569,Dublin
n5347880533,Morelands Grill,restaurant,amenity=restaurant,53.3457148,-6.2588869,Dublin
n5348981012,Cafe Sol,restaurant,amenity=cafe,53.2986399,-6.3594519,
n5355455280,Chewbrew,restaurant,amenity=restaurant,53.341134,-6.2656605,
n5357303190,Goat in the Boat,restaurant,amenity=cafe,53.5852779,-6.1051208,Skerries
n5358821193,Bear Mrkt,restaurant,amenity=cafe,53.342501,-6.2500492,Dublin
n5366352908,Frank and Honest,restaurant,amenity=cafe,53.3465286,-6.2602302,Dublin
n5366352910,Pablo Picante,restaurant,amenity=restaurant,53.3464639,-6.2605775,Dublin
n5373683616,Coffee Angel,restaurant,amenity=cafe,53.3439677,-6.2621444,Dublin
n5373683617,Coffee Angel,restaurant,amenity=cafe,53.3419563,-6.254063,Dublin
n5373684225,Coffee Angel,restaurant,amenity=cafe,53.3367901,-6.2518955,
n5373684228,MV Cill Airne,restaurant,amenity=restaurant,53.3472472,-6.2383286,
n5374590530,Maxol,restaurant,amenity=restaurant,53.4152753,-6.3620999,
n5376849361,Starbucks,restaurant,amenity=cafe,53.3460681,-6.2624046,Dublin
n5376941072,Butler's Chocolate Café,restaurant,amenity=cafe,53.3470412,-6.2632395,Dublin
n5376983453,Starbucks,restaurant,amenity=cafe,53.347522,-6.2636133,Dublin
n5376983467,Filipino Bakery,restaurant,amenity=cafe,53.3476753,-6.2636698,
n5377045693,Sweethouse,restaurant,amenity=cafe,53.348206,-6.2641011,Dublin
n5387045972,1838 Club,restaurant,amenity=restaurant,53.385483,-6.2605913,
n5387045973,DCUBS Café,restaurant,amenity=cafe,53.3862907,-6.2574492,
n5387045974,Invent Cafe,restaurant,amenity=cafe,53.3847598,-6.2535037,
n5387045976,Zest Bar,restaurant,amenity=cafe,53.3850046,-6.2577121,
n5400353566,Tasty Options,restaurant,amenity=cafe,53.3577462,-6.2637539,
n5402591028,3fe / Victoria Arduino,restaurant,amenity=cafe,53.3316891,-6.2516735,Dublin
n5403411921,Macari's Cafe n Diner Pizzeria,restaurant,amenity=cafe,53.3962946,-6.2628455,
n5404647416,woo.coffee,restaurant,amenity=cafe,53.355199,-6.2662063,
n5404670727,Wasabi,restaurant,amenity=restaurant,53.3571426,-6.2645196,
n5405915955,Wasabi Grill,restaurant,amenity=restaurant,53.3577016,-6.2633122,Dublin
n5406153546,Ruposhe Indian,restaurant,amenity=restaurant,53.3619309,-6.2597615,
n5406199357,The Station,restaurant,amenity=restaurant,53.3627684,-6.2588254,
n5413125202,,restaurant,amenity=cafe,53.371737,-6.2560322,
n5413125203,,restaurant,amenity=cafe,53.3717914,-6.2551819,
n5417320724,Courtyard Bar & Grill,restaurant,amenity=restaurant,53.3226498,-6.2385576,
n5428340009,Doran's,restaurant,amenity=restaurant,53.370791,-6.2059734,Dublin
n5428340013,Insomnia,restaurant,amenity=cafe,53.370807,-6.2058567,Dublin
n5432530574,Fuel Fit Food,restaurant,amenity=cafe,53.3600148,-6.1960645,
n5434435998,Hemmingway’s,restaurant,amenity=restaurant,53.3594326,-6.1961257,"Clontarf, Dublin"
n5462442850,Costa,restaurant,amenity=cafe,53.4546611,-6.218842,
n5476926560,Caffè Nero,restaurant,amenity=cafe,53.3210149,-6.2349128,
n5478149444,tuk tuk,restaurant,amenity=restaurant,53.4589191,-6.2204148,Swords
n5478154107,Green Straw,restaurant,amenity=restaurant,53.4579288,-6.2209289,
n5485561633,O' Connells Belmont Room,restaurant,amenity=restaurant,53.3227993,-6.2384023,
n5492609796,Happy Out,restaurant,amenity=cafe,53.3244849,-6.2405098,Dublin
n5499798824,Market Street,restaurant,amenity=restaurant,53.3417634,-6.2869724,
n5505475866,Chopped (Healthy Food Company),restaurant,amenity=restaurant,53.3889002,-6.3893807,Dublin
n5514593472,The GAP Kitchen,restaurant,amenity=restaurant,53.2226024,-6.2258038,
n5516020730,Nando's,restaurant,amenity=restaurant,53.3432778,-6.2620833,Dublin
n5540639845,Steps of Rome,restaurant,amenity=restaurant,53.3050101,-6.2453642,
n5543823598,Insomnia,restaurant,amenity=cafe,53.3642941,-6.1956588,Dublin
n5555048721,Patisserie Valerie,restaurant,amenity=cafe,53.3497513,-6.2645286,Dublin
n5569236349,,restaurant,amenity=cafe,53.3599669,-6.26538,
n5571809943,,restaurant,amenity=cafe,53.3453727,-6.266622,Dublin
n5585303558,Zucconi Sushi Bar,restaurant,amenity=restaurant,53.3499811,-6.2535396,
n5585362497,Roasted Bean Coffee Company,restaurant,amenity=cafe,53.3512698,-6.2505527,Dublin
n5585402617,The Pantry,restaurant,amenity=cafe,53.3510339,-6.251978,Dublin
n5585403353,Tea Lab,restaurant,amenity=cafe,53.3507145,-6.2539628,Dublin
n5586812565,Starbucks,restaurant,amenity=cafe,53.3877339,-6.0661797,
n5590275973,Grain & Grill Restaurant,restaurant,amenity=restaurant,53.2841449,-6.375968,Tallaght
n5590594966,Grain & Grill Bar,restaurant,amenity=bar,53.3496315,-6.2786626,"Dublin, Dublin"
n5590599436,Red Bean Roastery,restaurant,amenity=cafe,53.3496182,-6.2784956,Dublin
n5590607591,Grain & Grill Restaurant,restaurant,amenity=restaurant,53.3132009,-6.3930201,Dublin
n5590613888,Red Bean Roastery,restaurant,amenity=cafe,53.3136047,-6.392579,Dublin
n5590623719,Red Bean Roastery,restaurant,amenity=cafe,53.4274461,-6.2338834,Dublin Airport
n5590627025,Grain & Grill Restaurant,restaurant,amenity=restaurant,53.3434641,-6.2436456,Dublin
n5590644283,Red Bean Roastery,restaurant,amenity=cafe,53.343498,-6.2436333,Dublin
n5590668029,Belvedere Grill,restaurant,amenity=restaurant,53.3550481,-6.2623303,Dublin
n5591213622,Hi Cafe,restaurant,amenity=cafe,53.3250844,-6.3933473,
n5592770625,Pinocchio,restaurant,amenity=restaurant,53.3446464,-6.2683257,Dublin
n5599889521,Bloody Mary's,restaurant,amenity=cafe,53.3427065,-6.2622785,Dublin
n5613974089,Brewbaker Cafe,restaurant,amenity=cafe,53.3419802,-6.2541528,Dublin
n5623104207,Camile Thai,restaurant,amenity=restaurant,53.3476734,-6.4226266,Lucan
n5629604921,"Roberta's Restaurant, Bar & Terrace",restaurant,amenity=restaurant,53.3450765,-6.2673155,Dublin
n5641807052,The Birdcage Cafe,restaurant,amenity=cafe,53.2843284,-6.4559865,Rathcoole
n5661461554,Dunne & Crescenzi,restaurant,amenity=restaurant,53.2882804,-6.243159,Dundrum
n5671171728,Triangle Coffee Co,restaurant,amenity=cafe,53.4871311,-6.1485854,Donabate
n5673840264,Reed's on the River,restaurant,amenity=cafe,53.356266,-6.4503715,
n5685893122,La Gustosa,restaurant,amenity=restaurant,53.385596,-6.1405126,Dublin
n5691313736,Diwali,restaurant,amenity=restaurant,53.3429088,-6.2646867,Dublin
n5708310901,Brookwood,restaurant,amenity=restaurant,53.3378448,-6.2527069,Dublin
n5714212221,Coxinharia Coffee & Co,restaurant,amenity=cafe,53.3504879,-6.2716869,
n5724057122,Full Moon,restaurant,amenity=restaurant,53.3447969,-6.267304,Dublin
n5732408421,Le Pain Quotidien,restaurant,amenity=cafe,53.3413411,-6.2576936,
n5759625991,Grain & Grill,restaurant,amenity=restaurant,53.3382044,-6.2718164,"Dublin, Dublin"
n5759625993,Red Bean Roastery,restaurant,amenity=cafe,53.338212,-6.2718824,
n5764622517,Park Lane Deli,restaurant,amenity=cafe,53.3491274,-6.3436259,Dublin
n5770533530,Full Stop Café,restaurant,amenity=cafe,53.3423976,-6.352368,Ballyfermot
n5774952153,D' Vine at Jacks,restaurant,amenity=restaurant,53.5217958,-6.089961,Rush
n5777903755,Ecaterinacakes,restaurant,amenity=cafe,53.3587423,-6.2698337,
n5790027353,Pearl Brasserie,restaurant,amenity=restaurant,53.3383139,-6.2531219,
n5792836122,Freshii,restaurant,amenity=restaurant,53.348717,-6.2777791,Dublin
n5809560538,5Rock,restaurant,amenity=restaurant,53.5845833,-6.1047573,"Skerries, Dublin"
n5809849225,Olive Café,restaurant,amenity=cafe,53.5791195,-6.106771,
n5828162185,M&S Cafe,restaurant,amenity=cafe,53.342097,-6.2596964,Dublin
n5838026003,The Harbour Bar,restaurant,amenity=pub,53.5221469,-6.0824615,Rush
n5838266623,Joyous Garden,restaurant,amenity=restaurant,53.5228244,-6.1049308,
n5851747199,Coffee Angel,restaurant,amenity=cafe,53.3493346,-6.2461616,
n5876935876,Sopranos,restaurant,amenity=restaurant,53.3857743,-6.1553015,
n5881657346,Taro Noodles & Sushi Bar,restaurant,amenity=restaurant,53.3854059,-6.1540258,Dublin
n5892492050,The Ivy,restaurant,amenity=restaurant,53.3414179,-6.258002,"Dublin, Dublin"
n5900347386,Ebb & Flow Coffee,restaurant,amenity=cafe,53.3629086,-6.2189718,Clontarf
n5916234841,Quattro,restaurant,amenity=restaurant,53.2526371,-6.2138032,
n5916234845,Woodruff,restaurant,amenity=restaurant,53.2524744,-6.2133519,
n5927048247,The Picnic Cafe,restaurant,amenity=cafe,53.2502664,-6.185688,
n5938400418,The Coole Cafe,restaurant,amenity=cafe,53.2819291,-6.4655543,
n5938400419,Copper Kettle,restaurant,amenity=cafe,53.281386,-6.4699075,
n5960677658,The Seafood Cafe,restaurant,amenity=restaurant,53.344976,-6.2634527,Dublin
n5960677659,The Pantry,restaurant,amenity=cafe,53.351066,-6.2517695,Dublin
n5995900018,Little Frieda's,restaurant,amenity=cafe,53.2754123,-6.1580359,Dún Laoghaire
n6013636366,Costa,restaurant,amenity=cafe,53.2932034,-6.1348042,
n6013636369,French Revolution Eclairs,restaurant,amenity=cafe,53.2933862,-6.1346745,
n6013944486,Wild Spot Nutrition,restaurant,amenity=cafe,53.2936406,-6.1365693,Dún Laoghaire
n6041643781,Ruby's,restaurant,amenity=restaurant,53.3485324,-6.2273703,Dublin
n6052660285,Bread & Butter,restaurant,amenity=cafe,53.3651636,-6.2567847,
n6052834502,BIG FAN,restaurant,amenity=restaurant,53.3403244,-6.2655632,
n6052834703,Bunsen,restaurant,amenity=restaurant,53.3412427,-6.2599918,"Dublin, Dublin"
n6054833677,Hogs and Heifers,restaurant,amenity=restaurant,53.4455192,-6.2238946,
n6054833683,Costa,restaurant,amenity=cafe,53.453688,-6.2033933,
n6055310106,Perios Grill,restaurant,amenity=restaurant,53.2861485,-6.3753135,
n6058905685,"Laine, my love.",restaurant,amenity=cafe,53.3514451,-6.2511152,
n6063682985,koffee and kale,restaurant,amenity=cafe,53.3557372,-6.2606045,
n6064664248,Dosa Dosa,restaurant,amenity=restaurant,53.3370187,-6.2989095,
n6068432985,Two Boys Brew,restaurant,amenity=cafe,53.360829,-6.271538,
n6071990583,Roberto's,restaurant,amenity=restaurant,53.4034799,-6.1711292,
n6072006475,Yan,restaurant,amenity=restaurant,53.4038755,-6.1705798,
n6073221046,Butlers,restaurant,amenity=cafe,53.3484013,-6.2654055,Dublin
n6077712296,Romayo's Diner,restaurant,amenity=restaurant,53.4024955,-6.1533999,
n6077712297,Everest,restaurant,amenity=restaurant,53.4024715,-6.1531515,
n6088017385,Essence Pattisserie Dundrum,restaurant,amenity=cafe,53.2900347,-6.2445663,
n6109480490,Space Jaru,restaurant,amenity=restaurant,53.3409373,-6.2782741,
n6113650106,777,restaurant,amenity=restaurant,53.3431749,-6.2646809,Dublin
n6113672804,PI,restaurant,amenity=restaurant,53.3435104,-6.2646742,"Dublin, Dublin"
n6128203801,Mexico to Rome,restaurant,amenity=restaurant,53.3457261,-6.2643978,Dublin
n6128203805,Frank and Honest Coffee,restaurant,amenity=cafe,53.3459485,-6.2630838,Dublin
n6138384802,Emer's Kitchen,restaurant,amenity=cafe,53.3360083,-6.2567397,Dublin
n6138384804,Gerard's,restaurant,amenity=cafe,53.3358387,-6.2568956,Dublin
n6140618885,Girl and the Goose,restaurant,amenity=restaurant,53.3290833,-6.2304983,Dublin
n6144874586,Gary's Gourmet Pizza,restaurant,amenity=restaurant,53.2782153,-6.1074248,Dalkey
n6144874587,Glas,restaurant,amenity=restaurant,53.3409927,-6.2619538,Dublin
n6151990686,Luna Coffee,restaurant,amenity=cafe,53.2777576,-6.1414607,
n6152411099,Beast,restaurant,amenity=cafe,53.3464067,-6.2844888,
n6157780523,Tang,restaurant,amenity=restaurant,53.3487197,-6.2583985,
n6159981170,Del Rio's Cafe,restaurant,amenity=cafe,53.3484115,-6.2576775,
n6162309739,Recanto Brazil,restaurant,amenity=cafe,53.3505984,-6.2545852,Dublin
n6165565685,Veginity,restaurant,amenity=restaurant,53.3554557,-6.265953,Dublin
n6165658985,Mish Mash,restaurant,amenity=cafe,53.3500404,-6.269282,Dublin
n6166999085,Shouk,restaurant,amenity=restaurant,53.3633805,-6.2583824,
n6171514269,Silver Spoon,restaurant,amenity=restaurant,53.3749532,-6.3631842,
n6173422433,Network,restaurant,amenity=cafe,53.3386474,-6.2659087,
n6178607620,Soup,restaurant,amenity=restaurant,53.2938362,-6.1398366,Dún Laoghaire
n6179116863,Fréd Chocolate Café,restaurant,amenity=cafe,53.2933769,-6.1384097,Dún Laoghaire
n6179175055,Belli Dentro,restaurant,amenity=cafe,53.2942446,-6.1404408,Dún Laoghaire
n6179473913,Starbucks,restaurant,amenity=cafe,53.2929183,-6.1396047,Dún Laoghaire
n6183320315,Yamamori Sushi,restaurant,amenity=restaurant,53.3466181,-6.2638767,"Dublin, Dublin"
n6185220674,Café Sol,restaurant,amenity=cafe,53.3416518,-6.2654067,Dublin
n6185494498,Sima,restaurant,amenity=cafe,53.3945678,-6.1644757,
n6192788849,La Baguette Cafe,restaurant,amenity=cafe,53.3397372,-6.3145845,Dublin
n6203378028,Berry Lane Cafe,restaurant,amenity=cafe,53.3482285,-6.2946785,
n6204432510,Sophie's,restaurant,amenity=restaurant,53.3351727,-6.2636488,Dublin
n6205561277,Groundstate,restaurant,amenity=cafe,53.3432506,-6.2886011,
n6205757534,Sushi Sakai,restaurant,amenity=restaurant,53.3607219,-6.2738962,
n6205880404,Vice Pizza and Wings,restaurant,amenity=restaurant,53.3608981,-6.2734085,Dublin
n6205880408,Finest Desert,restaurant,amenity=cafe,53.3605995,-6.2750749,Dublin
n6211308346,HX46 Cafe,restaurant,amenity=cafe,53.2819004,-6.1593443,Deansgrange
n6211308348,SC Grocer,restaurant,amenity=cafe,53.2818812,-6.1594436,Deansgrange
n6214536095,The Right Place,restaurant,amenity=cafe,53.3439496,-6.2670481,Dublin
n6217439439,Yellow Café,restaurant,amenity=cafe,53.3581736,-6.2693185,
n6222048985,Platform 61,restaurant,amenity=restaurant,53.3416209,-6.2632029,Dublin
n6223575164,Wood Fire Cafe,restaurant,amenity=restaurant,53.3563112,-6.2656732,
n6223634322,Clement and Pekoe,restaurant,amenity=cafe,53.3567903,-6.2675504,
n6242163378,Castello Bruno,restaurant,amenity=restaurant,53.372427,-6.3605623,Castleknock
n6248574948,Metzo,restaurant,amenity=bar,53.3966916,-6.2637118,"Ballymun, Dublin"
n6254637085,Sophie's,restaurant,amenity=restaurant,53.3351478,-6.263569,Dublin
n6255720686,SIX,restaurant,amenity=restaurant,53.3536037,-6.2620344,
n6257715956,Thaima Asian Cuisine,restaurant,amenity=restaurant,53.4465447,-6.2373045,Swords
n6258704969,The Shawarma Company,restaurant,amenity=restaurant,53.3442715,-6.2653366,Dublin
n6261100802,Bagel Factory,restaurant,amenity=cafe,53.2969033,-6.4691604,
n6261100803,Bel Cibo,restaurant,amenity=restaurant,53.296969,-6.4694568,
n6267505068,Insomnia,restaurant,amenity=cafe,53.3612337,-6.2842508,
n6296814786,Insomnia,restaurant,amenity=cafe,53.3484935,-6.2300094,
n6296814789,Boca,restaurant,amenity=cafe,53.3487862,-6.238525,Dublin
n6296814790,,restaurant,amenity=restaurant,53.3496467,-6.2435929,Dublin
n6296814791,Chaska,restaurant,amenity=restaurant,53.349625,-6.2433386,Dublin
n6296814793,Drunken Fish Bar,restaurant,amenity=restaurant,53.3491854,-6.2444574,Dublin
n6296814794,Milano,restaurant,amenity=restaurant,53.34792,-6.243909,Dublin
n6300255203,One Society,restaurant,amenity=restaurant,53.354098,-6.2565063,Dublin
n6302603658,Lisle Three,restaurant,amenity=restaurant,53.3206959,-6.3170158,
n6303727087,The Coffee Studio,restaurant,amenity=cafe,53.3240291,-6.3268327,
n6313184155,Bart's Coffee Bar and Off Licence,restaurant,amenity=cafe,53.2301174,-6.1243244,
n6313378890,Rose Gardens,restaurant,amenity=restaurant,53.2868348,-6.3899143,
n6329251385,Mr. White,restaurant,amenity=cafe,53.3481353,-6.2630187,
n6329265285,The Grayson,restaurant,amenity=restaurant,53.3383171,-6.2552559,Dublin
n6330437595,The Bakewell,restaurant,amenity=cafe,53.4167316,-6.3064099,
n6345548833,Taro,restaurant,amenity=restaurant,53.3951806,-6.4391465,
n6345548834,Chef,restaurant,amenity=restaurant,53.3951278,-6.4390365,
n6345548836,Diner,restaurant,amenity=restaurant,53.3951094,-6.4389936,
n6345652353,Chef In,restaurant,amenity=restaurant,53.3949255,-6.4398528,
n6357053269,RASA,restaurant,amenity=restaurant,53.2604476,-6.2207514,
n6360300442,,restaurant,amenity=cafe,53.5217102,-6.1055992,Rush
n6366489208,Alex's,restaurant,amenity=cafe,53.2687967,-6.242552,
n6373961985,Riggers.D8,restaurant,amenity=cafe,53.3401331,-6.3171038,Dublin
n6381578332,,restaurant,amenity=cafe,53.3331889,-6.2905631,
n6383952286,The Orange Goat,restaurant,amenity=cafe,53.3304575,-6.2250475,Dublin
n6388453786,Fish Shop,restaurant,amenity=restaurant,53.3472775,-6.2819596,
n6414636440,Grounded,restaurant,amenity=cafe,53.3058787,-6.2372016,
n6416717016,Sano Pizza,restaurant,amenity=restaurant,53.3442866,-6.2678432,Dublin
n6418970221,Insomnia,restaurant,amenity=cafe,53.3448662,-6.2965851,
n6421393840,Gaillot et Gray,restaurant,amenity=restaurant,53.3325801,-6.2754599,
n6423960185,Union Cafe,restaurant,amenity=restaurant,53.295411,-6.2587337,
n6425526587,Kaizen Chinese Restaurant,restaurant,amenity=restaurant,53.3927157,-6.3948805,
n6425558485,Musashi,restaurant,amenity=restaurant,53.3927149,-6.3949413,
n6426871244,Liberty Kitchen,restaurant,amenity=cafe,53.3392853,-6.2737341,Dublin
n6440697967,Insomnia Coffee,restaurant,amenity=cafe,53.4271336,-6.2439182,Dublin Airport
n6468803885,Café aroma,restaurant,amenity=cafe,53.3855213,-6.3734021,
n6478017485,Eathos,restaurant,amenity=cafe,53.3380137,-6.2525502,Dublin
n6481095824,The Art of Coffee,restaurant,amenity=cafe,53.2904737,-6.1321615,Dún Laoghaire
n6481146153,People’s Park Café,restaurant,amenity=cafe,53.289439,-6.1290671,Dún Laoghaire
n6482441186,JD Wetherspoon,restaurant,amenity=restaurant,53.3892535,-6.3888394,
n6482448785,Asador,restaurant,amenity=restaurant,53.3346347,-6.2438075,Dublin
n6482450385,Il Vignardo Restaurant,restaurant,amenity=restaurant,53.3499928,-6.2528207,
n6488549887,Bread 41,restaurant,amenity=cafe,53.3447401,-6.2516538,Dublin
n6510748475,Old Post Office,restaurant,amenity=restaurant,53.3021039,-6.1784537,Blackrock
n6528951786,Coffee works,restaurant,amenity=cafe,53.3573785,-6.4496214,
n6544830663,Ella's Heaven,restaurant,amenity=cafe,53.3502744,-6.2567291,Dublin
n6549549885,The Green Kitchen,restaurant,amenity=cafe,53.3494278,-6.2607564,Dublin
n6562908086,Boef,restaurant,amenity=restaurant,53.3427872,-6.2619703,"Dublin, Dublin"
n6563833845,Ku Raudo,restaurant,amenity=restaurant,53.3501911,-6.2816331,
n6567066685,Il Panorama Cafe,restaurant,amenity=cafe,53.4206826,-6.138454,
n6568359164,Aleena,restaurant,amenity=restaurant,53.3446217,-6.2643693,Dublin
n6568374780,Le Centre-Ville,restaurant,amenity=cafe,53.339931,-6.2620284,Dublin
n6570193385,Koffee + Kale,restaurant,amenity=cafe,53.3600883,-6.2628671,
n6579745803,Costa,restaurant,amenity=cafe,53.2336712,-6.1228207,
n6587235587,Lolly and Cooks,restaurant,amenity=cafe,53.3281348,-6.2362454,
n6611742795,Pavilion Cafe,restaurant,amenity=cafe,53.3434091,-6.3335321,
n6621297586,,restaurant,amenity=restaurant,53.351808,-6.2500964,
n6649584853,Golden Elephant,restaurant,amenity=restaurant,53.3892895,-6.1093977,
n6653226397,Viking,restaurant,amenity=cafe,53.3451817,-6.2688392,Dublin
n6660270533,Prego,restaurant,amenity=cafe,53.3876706,-6.0671969,
n6660318794,Mamó,restaurant,amenity=restaurant,53.3877162,-6.0678695,
n6667957466,Brindle,restaurant,amenity=cafe,53.3313298,-6.2674708,
n6668075363,First Floor Restaurant & Bar,restaurant,amenity=restaurant,53.2882375,-6.2436435,Dundrum
n6670726052,Dall' Italia,restaurant,amenity=cafe,53.2929088,-6.1377494,Dún Laoghaire
n6674350791,The Cake Room,restaurant,amenity=cafe,53.3012365,-6.1778267,Blackrock
n6676979025,Cucinos,restaurant,amenity=restaurant,53.3887691,-6.1106093,
n6676979026,The Schooner Bar,restaurant,amenity=bar,53.3887467,-6.110215,"Sutton, Dublin"
n6680238004,Caffè Nero,restaurant,amenity=cafe,53.3010964,-6.1815718,
n6680259656,Kay's Kitchen,restaurant,amenity=restaurant,53.3009522,-6.1820948,
n6680282355,Bodega,restaurant,amenity=cafe,53.3886226,-6.0726897,
n6681330785,Caffè Nero,restaurant,amenity=cafe,53.3426949,-6.2389879,Dublin
n6685163979,The Grill House,restaurant,amenity=restaurant,53.4591484,-6.2216553,
n6695814985,Smoking Bones,restaurant,amenity=restaurant,53.3451821,-6.2655907,Dublin
n6712482758,,restaurant,amenity=cafe,53.3919148,-6.1162251,
n6720148275,Happy Out,restaurant,amenity=cafe,53.3550441,-6.1703576,
n6780009431,Ananda Restuarant,restaurant,amenity=restaurant,53.2878771,-6.2413125,Dundrum
n6782589729,Dublin Pizza Company,restaurant,amenity=restaurant,53.3396628,-6.2614028,Dublin
n6802550385,Takara Ramen & Deli Sushi Bar,restaurant,amenity=restaurant,53.3478264,-6.2640992,Dublin
n6832691385,Bexter & Greene Market Café,restaurant,amenity=cafe,53.3496923,-6.263258,
n6876371285,First Draft Coffee & Wine,restaurant,amenity=cafe,53.3313338,-6.2675936,
n6939107944,The Savoury Café,restaurant,amenity=cafe,53.292096,-6.1359008,Dún Laoghaire
n6982750390,V,restaurant,amenity=restaurant,53.3444951,-6.2668974,Dublin
n6984776457,The Port House,restaurant,amenity=restaurant,53.3428336,-6.2619703,"Dublin, Dublin"
n6984776461,Spice of India,restaurant,amenity=restaurant,53.342761,-6.2622533,Dublin
n6984962681,Pink,restaurant,amenity=restaurant,53.3412415,-6.2633199,Dublin
n7004317085,Perkulicious,restaurant,amenity=cafe,53.3793486,-6.1751396,
n7010188985,Marqette,restaurant,amenity=cafe,53.4273073,-6.2450558,"Swords, Dublin"
n7010922203,The Vanilla Pod Eatery,restaurant,amenity=cafe,53.2928461,-6.1338071,
n7012742385,Mosa Tea & Restaurant,restaurant,amenity=cafe,53.3537326,-6.2590623,Dublin
n7017217471,Freshii,restaurant,amenity=restaurant,53.3485971,-6.2280282,Dublin
n7017217475,Starbucks,restaurant,amenity=cafe,53.3511788,-6.2499344,Dublin
n7017217476,O'Briens,restaurant,amenity=cafe,53.3514154,-6.2492319,Dublin
n7030986910,Catalyst,restaurant,amenity=cafe,53.2945704,-6.1425269,Dún Laoghaire
n7047104659,The Punnet Food Emporium,restaurant,amenity=cafe,53.3383803,-6.2423577,Dublin
n7067146524,Starbucks,restaurant,amenity=cafe,53.3407559,-6.2613124,Dublin
n7070310238,,restaurant,amenity=cafe,53.2914402,-6.1383093,Dún Laoghaire
n7072121652,Inchicore Inn,restaurant,amenity=restaurant,53.3392281,-6.3210836,
n7118951885,Café Lisboa,restaurant,amenity=cafe,53.3482766,-6.2692058,Dublin
n7137002053,Tiller and Grain,restaurant,amenity=cafe,53.3422549,-6.2563822,Dublin
n7141414785,Bean Box Coffee Co.,restaurant,amenity=cafe,53.4516477,-6.1540191,
n7166375493,Unfiltered Coffee,restaurant,amenity=cafe,53.3395447,-6.3205095,Dublin
n7166458819,Goldenn Spoon,restaurant,amenity=restaurant,53.3394724,-6.3196874,
n7191736652,As One,restaurant,amenity=cafe,53.3470802,-6.250755,Dublin
n7208971898,La Boulangerie,restaurant,amenity=cafe,53.3361204,-6.2988593,
n7233478050,Coppinger Row,restaurant,amenity=restaurant,53.3420126,-6.2620774,Dublin
n7242719497,Elm Epicurean,restaurant,amenity=restaurant,53.3133561,-6.202733,Dublin
n7263997585,As One,restaurant,amenity=restaurant,53.3468977,-6.2507468,Dublin
n7263997785,Saba,restaurant,amenity=restaurant,53.3335571,-6.243755,
n7274355986,Mooz Italian Grocer,restaurant,amenity=cafe,53.3513411,-6.2827333,Dublin
n7300317122,Jaffe,restaurant,amenity=cafe,53.6042527,-6.1888534,
n7463412011,,restaurant,amenity=restaurant,53.3257418,-6.2556243,Dublin
n7593611046,,restaurant,amenity=cafe,53.5407824,-6.2102947,
n7593633416,Chai Yo,restaurant,amenity=restaurant,53.3357667,-6.2477778,Dublin
n7605836543,SuperMacs,restaurant,amenity=cafe,53.4126279,-6.2169978,
n7615991627,Costa,restaurant,amenity=cafe,53.329035,-6.3449795,
n7674162322,Costa,restaurant,amenity=cafe,53.3019008,-6.3775209,
n7699819948,The Green Kitchen & Garden Centre,restaurant,amenity=cafe,53.3211216,-6.3352838,"Walkinstown, Dublin"
n7710243473,Tamra,restaurant,amenity=restaurant,53.261044,-6.1505955,
n7778458991,Global Café,restaurant,amenity=cafe,53.2562068,-6.1334757,
n7798570985,Isabelle's Restaurant & Bar,restaurant,amenity=restaurant,53.3411564,-6.2590704,Dublin
n7800793002,Bake 'n' Brew,restaurant,amenity=cafe,53.361762,-6.2908565,Dublin
n7810100850,Taza,restaurant,amenity=restaurant,53.3840713,-6.2070752,Artane
n7830724186,The Art of Coffee,restaurant,amenity=cafe,53.3312958,-6.2338734,Dublin
n7878897386,Banyi,restaurant,amenity=restaurant,53.3458978,-6.2619449,Dublin
n7952214115,Boom Coffee!,restaurant,amenity=cafe,53.3360925,-6.326782,
n8003490853,Brother Hubbard,restaurant,amenity=restaurant,53.3471313,-6.2684435,Dublin
n8013969186,Picado,restaurant,amenity=restaurant,53.331143,-6.2647122,
n8033223505,Zouq,restaurant,amenity=restaurant,53.3834229,-6.4014489,
n8060477228,Good Luck Chinese Takeaway,restaurant,amenity=restaurant,53.3407772,-6.3111308,Inchicore
n8084851977,Greenville Deli,restaurant,amenity=cafe,53.3392574,-6.3210333,
n8245475816,Brambles,restaurant,amenity=cafe,53.2828739,-6.3174927,
n8286632656,Mint Coffee,restaurant,amenity=cafe,53.2883036,-6.1626079,
n8287312379,Tía Maria,restaurant,amenity=restaurant,53.3507525,-6.2708389,Dublin
n8343692544,Starbucks,restaurant,amenity=cafe,53.2442048,-6.1393002,
n8391194495,Cafesora,restaurant,amenity=cafe,53.3454629,-6.2334129,Dublin
n8402220244,Board and Brewed,restaurant,amenity=cafe,53.2946492,-6.1425423,Dún Laoghaire
n8416328668,Delhi Rasoi,restaurant,amenity=restaurant,53.2704945,-6.2253611,Sandyford
n8418961020,,restaurant,amenity=cafe,53.2672397,-6.3656435,
n8423521717,Bullet Duck & Dumplings,restaurant,amenity=restaurant,53.3482737,-6.2692726,Dublin
n8521097186,Ballyfermot Cafe,restaurant,amenity=cafe,53.3433318,-6.3561045,
n8521097211,Coffee and Kale,restaurant,amenity=cafe,53.3431564,-6.3609711,
n8613842633,18 ctea,restaurant,amenity=cafe,53.3506774,-6.2652137,
n8644055089,Kakilang Noms,restaurant,amenity=restaurant,53.3469075,-6.2624904,Dublin
n8679703060,Bru Box,restaurant,amenity=cafe,53.4025135,-6.1614454,
n8679743971,Meastrelo,restaurant,amenity=cafe,53.3996439,-6.1277165,
n8681466076,Insomnia,restaurant,amenity=cafe,53.3238345,-6.3505824,Dublin
n8812536719,The Lodge,restaurant,amenity=restaurant,53.2694913,-6.1418402,
n8844931017,,restaurant,amenity=restaurant,53.3470683,-6.2800426,Dublin
n8853942743,Pete's Restaurant,restaurant,amenity=restaurant,53.3320556,-6.2144997,
n8861210014,coffee@EDGE,restaurant,amenity=cafe,53.2893161,-6.3169435,
n8869352167,Insomnia,restaurant,amenity=cafe,53.2742794,-6.2152359,
n8882645216,Route 66 Coffee,restaurant,amenity=cafe,53.2835602,-6.1472774,
n8922437408,LA Bakery,restaurant,amenity=cafe,53.5770131,-6.1057411,Skerries
n8922437410,Divino,restaurant,amenity=restaurant,53.5780353,-6.1068894,Skerries
n8922437411,La Scarpetta,restaurant,amenity=restaurant,53.5786671,-6.1060569,Skerries
n8925747631,Little Richards Wood Fired Pizza,restaurant,amenity=restaurant,53.5805259,-6.1071137,
n8938627909,Caffe Italiano,restaurant,amenity=restaurant,53.5752194,-6.104814,Skerries
n8941721994,Cafe Jacques,restaurant,amenity=cafe,53.5796867,-6.1056248,Skerries
n8941721995,Hit the Road Jacques,restaurant,amenity=cafe,53.5796606,-6.1056297,Skerries
n8944410089,Sunrise Garden,restaurant,amenity=restaurant,53.5772764,-6.1064331,Skerries
n8944410090,Bombay House,restaurant,amenity=restaurant,53.5799972,-6.1065035,Skerries
n8952186013,Daata,restaurant,amenity=restaurant,53.3322548,-6.2151139,"Sandymount, Dublin"
n8952327732,Cafe Java,restaurant,amenity=cafe,53.3325794,-6.2159007,
n8952327739,Indie Spice Grill,restaurant,amenity=restaurant,53.3324557,-6.2157395,
n8974054247,Kopitiam,restaurant,amenity=restaurant,53.3492015,-6.268923,Dublin
n9054455837,Anns House,restaurant,amenity=restaurant,53.3481241,-6.2609933,Dublin
n9122380611,The Bottle Boy,restaurant,amenity=pub,53.3471813,-6.2325515,Dublin
n9205674949,Nando's,restaurant,amenity=restaurant,53.2867734,-6.3720485,
n9264108045,Dockers,restaurant,amenity=pub,53.3464282,-6.2456211,"Dublin, Dublin"
n9269807307,Kathmandu,restaurant,amenity=restaurant,53.2773322,-6.1037448,Dalkey
n9269860378,The Guinea Pig,restaurant,amenity=restaurant,53.2763984,-6.103382,
n9269924797,Grapevine,restaurant,amenity=restaurant,53.2772745,-6.1036429,Dalkey
n9270042973,Thai House,restaurant,amenity=restaurant,53.2767447,-6.1032307,Dalkey
n9270200937,Benito's Restaurant,restaurant,amenity=restaurant,53.277597,-6.1049483,"Dalkey, Dublin"
n9272148169,Solo,restaurant,amenity=cafe,53.2674881,-6.1358716,
n9272220891,Green Dragon Well,restaurant,amenity=restaurant,53.2671797,-6.1358053,
n9272624703,Tin Can Coffee,restaurant,amenity=cafe,53.2780243,-6.1388258,
n9278918863,Fred & Nancy's,restaurant,amenity=cafe,53.2611921,-6.1108245,
n9281625773,Kay's Kitchen,restaurant,amenity=restaurant,53.2863163,-6.3711778,
n9281625779,Ginzeng,restaurant,amenity=restaurant,53.2867247,-6.3728488,
n9338857417,Deeke's Diner,restaurant,amenity=cafe,53.3416513,-6.2129147,
n9350482018,Bewley's,restaurant,amenity=restaurant,53.4264407,-6.2402403,Dublin Airport
n9350482019,Roasted Notes Specialty Coffee,restaurant,amenity=cafe,53.4262976,-6.2397073,Dublin Airport
n9359612530,Koffee & gossip,restaurant,amenity=cafe,53.3300425,-6.3344705,Dublin
n9370768468,Black Sheep,restaurant,amenity=cafe,53.3143753,-6.2823107,
n9383843057,Insomnia,restaurant,amenity=cafe,53.2916611,-6.3267244,
n9399425577,Catch 22,restaurant,amenity=restaurant,53.3410858,-6.262519,"Dublin, Dublin"
n9423750036,Gursha,restaurant,amenity=restaurant,53.3468905,-6.2558817,"Dublin, Dublin"
n9428783840,Insomnia,restaurant,amenity=cafe,53.3502062,-6.3786014,Dublin
n9432028799,Lean Bean Cafe,restaurant,amenity=cafe,53.2907546,-6.4207764,
n9472336663,The Bumble Bean,restaurant,amenity=cafe,53.303338,-6.1814309,
n9484190712,Staple Foods,restaurant,amenity=restaurant,53.344653,-6.2347757,Dublin
n9490906464,Le Rendez-vous,restaurant,amenity=cafe,53.3472214,-6.2569258,Dublin
n9525469036,Sprout & Co,restaurant,amenity=restaurant,53.3464449,-6.2433384,
n9526776464,Tap + Brew,restaurant,amenity=bar,53.4304004,-6.2480084,"Swords, Dublin"
n9554612439,Phoenix Bistro,restaurant,amenity=cafe,53.2926759,-6.1383178,
n9566369028,Jaipur,restaurant,amenity=restaurant,53.277499,-6.1042893,Dalkey
n9566369350,1909 Restaurant and Wine Bar,restaurant,amenity=restaurant,53.2771021,-6.1035839,Dalkey
n9566431475,Thyme Out,restaurant,amenity=cafe,53.2771863,-6.1037958,Dalkey
n9566437112,Country Bake,restaurant,amenity=cafe,53.277224,-6.103887,Dalkey
n9566841511,Butlers Chocolate Café,restaurant,amenity=cafe,53.3020944,-6.1804452,
n9583538271,Cremosa,restaurant,amenity=cafe,53.2895963,-6.1300451,Dún Laoghaire
n9606287667,Starbucks,restaurant,amenity=cafe,53.4272517,-6.2447839,Dublin Airport
n9606287668,Food Village,restaurant,amenity=restaurant,53.4273783,-6.2449777,Dublin Airport
n9685699205,Deadly Coffee,restaurant,amenity=cafe,53.2880836,-6.2427644,
n9710980069,The Nineteenth Bean Café,restaurant,amenity=cafe,53.2635612,-6.2290626,
n9747518576,Foam,restaurant,amenity=cafe,53.3098473,-6.2839056,
n9755764798,D4 Deli,restaurant,amenity=cafe,53.3399045,-6.2238792,Dublin
n9812651699,The Sweetest Thing,restaurant,amenity=cafe,53.3471138,-6.2616251,
n9815102323,Murphy’s Cafe Bistro Bar,restaurant,amenity=cafe,53.3472159,-6.2611485,"Dublin, Dublin"
n9825177985,Sweet Churro,restaurant,amenity=cafe,53.344148,-6.2676786,Dublin
n9825422524,Wishbone,restaurant,amenity=restaurant,53.3547804,-6.266658,
n9842346017,Klaw Seafood Cafe,restaurant,amenity=cafe,53.3449396,-6.2634525,Dublin
n9860271044,Ginzeng,restaurant,amenity=restaurant,53.3933611,-6.3912017,Blanchardstown
n9860741189,Copper + Straw,restaurant,amenity=cafe,53.3459464,-6.2757617,Dublin
n9863933955,Goose Café,restaurant,amenity=cafe,53.3244937,-6.3587523,
n9884653561,The Nook,restaurant,amenity=cafe,53.3833365,-6.3820662,
n9890027177,Cloud Picker Coffee,restaurant,amenity=cafe,53.3443897,-6.2499216,Dublin
n9893490523,Coco's Crêperie,restaurant,amenity=cafe,53.289285,-6.1994882,
n9927412439,,restaurant,amenity=cafe,53.3734365,-6.3620694,Castleknock
n9927412445,Mandarin Castle,restaurant,amenity=restaurant,53.3727241,-6.3612794,Castleknock
n9934566743,Riccy's Youth Cafe,restaurant,amenity=cafe,53.3400487,-6.224078,Dublin
n9949016517,The La-La,restaurant,amenity=restaurant,53.6085285,-6.180046,"Balbriggan, Dublin"
n9952769405,Mister Magpie,restaurant,amenity=cafe,53.2666204,-6.1148961,
n9958947982,Il Fornaio,restaurant,amenity=restaurant,53.3867615,-6.1475278,Dublin
n9968747419,Flower & Bean,restaurant,amenity=cafe,53.3381709,-6.283157,Dublin
n9974871372,Salsa,restaurant,amenity=restaurant,53.3506034,-6.2713244,
n9983204857,The Green Restaurant,restaurant,amenity=restaurant,53.577543,-6.1078733,Skerries
n9983264564,Loose Canon Cheese & Wine,restaurant,amenity=restaurant,53.3424753,-6.2633788,Dublin
n9984256983,Power House Garden Dining,restaurant,amenity=restaurant,53.3438754,-6.2859071,Dublin
n9988165324,Chorus Café,restaurant,amenity=cafe,53.3443235,-6.2696077,Dublin
n9999855456,Fogg Cafe,restaurant,amenity=cafe,53.3377028,-6.2842875,Dublin
n10002746063,Perch Coffee,restaurant,amenity=cafe,53.3323804,-6.2533742,Dublin
n10004442307,Bites by Kwanghi,restaurant,amenity=restaurant,53.3452741,-6.2309501,
n10004454670,Craft Coffee Roasters,restaurant,amenity=cafe,53.3450938,-6.2754102,Dublin
n10004456020,Like A Coffee,restaurant,amenity=cafe,53.3464153,-6.2637518,
n10006246506,Savage Food,restaurant,amenity=restaurant,53.3430699,-6.3004055,
n10013486467,Starbucks,restaurant,amenity=cafe,53.333517,-6.2539257,Dublin
n10016178636,Kennedy's,restaurant,amenity=pub,53.3421535,-6.2507516,"Dublin, Dublin"
n10016178637,Cafe Tri Via,restaurant,amenity=cafe,53.3418788,-6.2506343,Dublin
n10047430377,Mad Egg,restaurant,amenity=restaurant,53.3527966,-6.3927121,
n10078115749,Keavan's Port,restaurant,amenity=pub,53.3334693,-6.2651754,"Dublin, Dublin"
n10099376975,Mister Magpie,restaurant,amenity=cafe,53.3292555,-6.2309721,Dublin
n10117535785,Gerards,restaurant,amenity=cafe,53.3465569,-6.2446892,Dublin
n10117680317,Honey Truffle,restaurant,amenity=cafe,53.3441336,-6.2487684,Dublin
n10131210108,Red Bean Roastery,restaurant,amenity=cafe,53.3486668,-6.236351,Dublin
n10175962759,The Buzz,restaurant,amenity=cafe,53.3033087,-6.2194514,
n10207785881,Sofra,restaurant,amenity=restaurant,53.3489323,-6.2644644,Dublin
n10207934117,Yak Doma,restaurant,amenity=restaurant,53.3486226,-6.2683158,Dublin
n10209883123,Butler's Chocolate Cafe,restaurant,amenity=cafe,53.4256576,-6.2407349,Dublin
n10209883124,Café Bar,restaurant,amenity=cafe,53.4257143,-6.2408947,Dublin
n10222392331,SUP Coffee,restaurant,amenity=cafe,53.2854363,-6.1324686,Dún Laoghaire
n10262421453,The Winding Stair,restaurant,amenity=restaurant,53.3466116,-6.2637041,"Dublin, Dublin"
n10265129684,Proper Order Coffee,restaurant,amenity=cafe,53.3475482,-6.278069,
n10272025009,Inhale Coffee Bar,restaurant,amenity=cafe,53.2308,-6.1179191,
n10275525043,Thomas Clarke’s,restaurant,amenity=pub,53.3525394,-6.2611108,"Dublin, Dublin"
n10282295932,Chequers,restaurant,amenity=restaurant,53.3501656,-6.3794333,Dublin
n10282295938,Bistro Bar,restaurant,amenity=restaurant,53.3501763,-6.3770086,
n10303290484,Steam Cafe,restaurant,amenity=cafe,53.3418464,-6.2492664,Dublin
n10303290499,Junior Common Room,restaurant,amenity=cafe,53.3432422,-6.2507724,
n10315658627,Insomnia,restaurant,amenity=cafe,53.3334295,-6.2444815,Dublin
n10315658686,Eathos,restaurant,amenity=cafe,53.3335739,-6.2447009,Dublin
n10540077059,Woodfire & Wings,restaurant,amenity=restaurant,53.2886044,-6.2051618,
n10558631407,Greenwich,restaurant,amenity=restaurant,53.3918641,-6.2482788,
n10558988651,Roasted and Baked,restaurant,amenity=cafe,53.3448589,-6.2967329,Dublin
n10573066626,,restaurant,amenity=cafe,53.3800762,-6.1885374,Dublin
n10574969256,Indo-Chine,restaurant,amenity=restaurant,53.330536,-6.2516687,Dublin
n10582777067,Mister Magpie,restaurant,amenity=cafe,53.3359778,-6.2571684,Dublin
n10582777087,Insomnia,restaurant,amenity=cafe,53.3365157,-6.2563031,Dublin
n10589609868,Skyway Cafe,restaurant,amenity=cafe,53.426891,-6.3293282,
n10591646425,O’Brien’s,restaurant,amenity=restaurant,53.3919426,-6.2484724,
n10591646604,Costa,restaurant,amenity=cafe,53.3921579,-6.2466431,
n10600228582,Kobe One,restaurant,amenity=restaurant,53.2698974,-6.1670546,
n10600228590,Crush Coffee House,restaurant,amenity=cafe,53.268155,-6.1659378,
n10600862088,W Factor,restaurant,amenity=restaurant,53.3858019,-6.3734551,Blanchardstown
n10601110758,Café en Seine,restaurant,amenity=bar,53.3407232,-6.2585998,"Dublin, Dublin"
n10608083899,Mister S,restaurant,amenity=restaurant,53.3346183,-6.265,Dublin
n10609005849,Costa,restaurant,amenity=cafe,53.3960218,-6.2451324,Dublin
n10616946799,Brambles Café,restaurant,amenity=cafe,53.3464094,-6.292324,Dublin
n10676832856,Insomnia,restaurant,amenity=cafe,53.3456502,-6.473946,Lucan
n10683054200,MUTEA,restaurant,amenity=cafe,53.3927153,-6.3949606,Blanchardstown
n10685752979,Bailey and Pim,restaurant,amenity=cafe,53.2929326,-6.1373386,Dún Laoghaire
n10686034058,Blue Chamomile,restaurant,amenity=cafe,53.291154,-6.1377297,
n10693307041,The Boss,restaurant,amenity=restaurant,53.3653436,-6.2714743,
n10695162345,Scotch Bonnet Grill House,restaurant,amenity=restaurant,53.4498987,-6.1536073,
n10711096905,The Port House Cava,restaurant,amenity=restaurant,53.3351416,-6.2650163,Dublin
n10717595656,Harbour Kebab,restaurant,amenity=restaurant,53.2950051,-6.1429912,
n10720951971,Golden China,restaurant,amenity=restaurant,53.5276841,-6.1667289,Lusk
n10743224312,Starbucks,restaurant,amenity=cafe,53.3475833,-6.2597621,Dublin
n10751375155,Gino's Gelato,restaurant,amenity=cafe,53.4519072,-6.1540144,
n10759455350,Spice India,restaurant,amenity=restaurant,53.3869233,-6.3778888,
n10763479466,Ninja Sushi,restaurant,amenity=restaurant,53.3443777,-6.248921,Dublin
n10768912344,Hyderabadi Kitchen,restaurant,amenity=restaurant,53.353644,-6.259308,Dublin
n10773584518,Richmond Restaurant,restaurant,amenity=restaurant,53.3509229,-6.2767149,
n10792683508,Base,restaurant,amenity=restaurant,53.3289447,-6.2300984,Dublin
n10816150205,The Coffee Duck,restaurant,amenity=cafe,53.2699805,-6.1671235,
n10855842905,Molly’s Coffee Gallery,restaurant,amenity=cafe,53.6094954,-6.1833546,
n10870673817,The Lennan,restaurant,amenity=restaurant,53.3398971,-6.2583906,Dublin
n10914293705,Lilian's,restaurant,amenity=restaurant,53.4264453,-6.2457558,Dublin Airport
n10920239252,LockieS,restaurant,amenity=restaurant,53.6117984,-6.186625,
n10936815088,31 Lennox,restaurant,amenity=restaurant,53.3311681,-6.2667692,Dublin
n10951811269,Pala Pizza,restaurant,amenity=restaurant,53.2663963,-6.1834825,
n10951811277,Grumps,restaurant,amenity=cafe,53.2660347,-6.1837835,
n10951829070,Kerb,restaurant,amenity=restaurant,53.2666219,-6.1841482,
n10970613132,Southern Spices,restaurant,amenity=restaurant,53.279438,-6.214149,
n10970800059,Mugg Uggly,restaurant,amenity=cafe,53.2665138,-6.2095561,
n10992335936,Mad Yolks,restaurant,amenity=restaurant,53.3486852,-6.2776676,Dublin
n11001870685,Sal y Pepa,restaurant,amenity=restaurant,53.268617,-6.1670691,
n11006140702,The Twirly Gate,restaurant,amenity=cafe,53.3492658,-6.343905,
n11006177430,Café Sol,restaurant,amenity=cafe,53.3341395,-6.2556151,Dublin
n11025913286,Nero Express,restaurant,amenity=cafe,53.3462758,-6.2929571,Dublin
n11030231731,Freshly Chopped,restaurant,amenity=restaurant,53.3529525,-6.3901236,
n11030599280,J.R. Mahon's,restaurant,amenity=bar,53.3470014,-6.2581487,"Dublin, Dublin"
n11033224817,Ryleigh's Rooftop Steakhouse,restaurant,amenity=restaurant,53.3473845,-6.2325406,Dublin
n11037933705,Nutbutter,restaurant,amenity=restaurant,53.3479858,-6.2786835,Dublin
n11048038006,Pizza Prince,restaurant,amenity=restaurant,53.3451671,-6.2629161,Dublin
n11055128429,White Rabbit Café,restaurant,amenity=cafe,53.3419533,-6.2539548,
n11056788863,Brava Java,restaurant,amenity=cafe,53.2785801,-6.1605261,
n11069685929,The Small Door Cafe,restaurant,amenity=cafe,53.2783267,-6.1072989,Dalkey
n11070820742,Happy Out,restaurant,amenity=cafe,53.291,-6.1279045,
n11070912471,Brambles Cafe,restaurant,amenity=cafe,53.3417687,-6.3084036,
n11075126859,Logical Coffee,restaurant,amenity=cafe,53.2723713,-6.1476641,
n11099795020,Bah33°,restaurant,amenity=restaurant,53.3414945,-6.258855,Dublin
n11110282291,Asahi Asian Street Food,restaurant,amenity=restaurant,53.3309288,-6.2611988,Dublin
n11111190880,One Kinda Folk,restaurant,amenity=cafe,53.3294537,-6.2583864,
n11122062006,High Nelly's coffee House,restaurant,amenity=cafe,53.3348407,-6.243132,Dublin
n11142263655,The Yellow Door,restaurant,amenity=cafe,53.4514269,-6.1703099,Malahide
n11167015213,The Gate,restaurant,amenity=cafe,53.3553569,-6.3723428,
n11169932726,Bitchen Kitchen,restaurant,amenity=cafe,53.2864935,-6.390067,
n11173403187,O'Briens,restaurant,amenity=cafe,53.2969169,-6.469153,
n11179033459,Starbucks,restaurant,amenity=cafe,53.4558738,-6.2212489,Swords
n11185432460,Belfry and Co Cafe and Ship,restaurant,amenity=cafe,53.5252324,-6.1613977,Lusk
n11185913851,Taza,restaurant,amenity=restaurant,53.3798765,-6.1771687,Raheny
n11195349862,Jay Kays,restaurant,amenity=cafe,53.3471059,-6.2652379,
n11217385601,Greenville Deli,restaurant,amenity=cafe,53.2861902,-6.1607292,
n11238493691,Esquires,restaurant,amenity=cafe,53.350242,-6.2639993,
n11238523328,Starbucks,restaurant,amenity=cafe,53.3498973,-6.2641534,
n11238603515,The Natural Bakery,restaurant,amenity=cafe,53.349635,-6.2648647,
n11247898874,Brambles,restaurant,amenity=cafe,53.4866591,-6.1686344,
n11250028134,Evolve Eatery,restaurant,amenity=cafe,53.3166792,-6.3732048,
n11262180525,The Greenery,restaurant,amenity=restaurant,53.450727,-6.144604,
n11266480865,The Salt Cellar,restaurant,amenity=cafe,53.3372157,-6.2445841,
n11290217420,Starbucks,restaurant,amenity=cafe,53.4125938,-6.2183887,
n11290217422,Holiday Inn,restaurant,amenity=restaurant,53.4127241,-6.2185944,
n11290217424,24-hour To Go Café,restaurant,amenity=cafe,53.4128451,-6.2187855,
n11329562016,Papi Chulo,restaurant,amenity=restaurant,53.2933221,-6.134717,
n11351227305,Ginger Cafe,restaurant,amenity=cafe,53.340299,-6.2742668,
n11351971221,The Old Mill,restaurant,amenity=restaurant,53.3456622,-6.2630155,Dublin
n11358276866,The Tram Cafe,restaurant,amenity=cafe,53.3398743,-6.2703079,
n11360987619,Zampas,restaurant,amenity=restaurant,53.3440509,-6.2684126,
n11364909898,Ultimate Coffee,restaurant,amenity=cafe,53.3721943,-6.2530647,
n11371360591,Rumi,restaurant,amenity=cafe,53.3418714,-6.2749443,
n11371383444,Gauchos,restaurant,amenity=restaurant,53.3467411,-6.2804185,Dublin
n11382630852,Heroes Café,restaurant,amenity=cafe,53.3499906,-6.269269,Dublin
n11382662543,Dall'Italia Pastabar,restaurant,amenity=restaurant,53.346614,-6.2652226,Dublin
n11387986824,Victoria Chinese Restaurant,restaurant,amenity=restaurant,53.3209172,-6.3938013,
n11391867321,Perch,restaurant,amenity=cafe,53.2810181,-6.1227938,
n11394312443,Department of Agriculture Canteen,restaurant,amenity=restaurant,53.3391538,-6.2546852,
n11415815756,Creed Coffee Roasters,restaurant,amenity=cafe,53.3253456,-6.265343,Dublin
n11420426618,Kari,restaurant,amenity=restaurant,53.3395115,-6.3203026,Dublin 8
n11491318269,Soren & Son,restaurant,amenity=cafe,53.3389797,-6.2731823,
n11516577869,Social Fabric Cafe,restaurant,amenity=restaurant,53.3505585,-6.2820873,Dublin
n11522497600,L'Oasi,restaurant,amenity=restaurant,53.2870294,-6.1218848,
n11522518688,Caviston's,restaurant,amenity=restaurant,53.2870638,-6.122394,
n11522547147,Daata,restaurant,amenity=restaurant,53.2873534,-6.1238656,
n11522548943,Hatch,restaurant,amenity=cafe,53.2873559,-6.1247557,
n11546578582,Amy Austin,restaurant,amenity=restaurant,53.3415557,-6.2639441,
n11572594365,Pye,restaurant,amenity=pub,53.289046,-6.243152,"Dundrum, Dublin"
n11572776125,The Assembly,restaurant,amenity=restaurant,53.3084832,-6.2235176,
n11575691074,Cloud Picker,restaurant,amenity=cafe,53.4273572,-6.244826,Dublin Airport
n11575985640,Café Bar,restaurant,amenity=cafe,53.4306964,-6.2494976,Swords
n11578438619,"Afanti, Uyghur Restaurant",restaurant,amenity=restaurant,53.3529121,-6.2613823,
n11581874173,Hogs and Heifers,restaurant,amenity=restaurant,53.3527305,-6.3942757,
n11581903743,Cosmo,restaurant,amenity=restaurant,53.352744,-6.3944901,
n11594024669,La Cocina Cuevas,restaurant,amenity=restaurant,53.5643741,-6.2757879,
n11613717379,Carved,restaurant,amenity=cafe,53.3447088,-6.2423759,Dublin
n11626632910,Tang,restaurant,amenity=restaurant,53.3417119,-6.248506,
n11688024763,Griolladh,restaurant,amenity=restaurant,53.3427798,-6.2796392,
n11696998346,Sister Suesey,restaurant,amenity=cafe,53.3324236,-6.2526586,
n11703876355,Café 53,restaurant,amenity=cafe,53.2742712,-6.1440631,Sallynoggin
n11724881361,Starbucks,restaurant,amenity=cafe,53.3157524,-6.3177957,
n11733715145,The Cottage,restaurant,amenity=cafe,53.4575141,-6.2204395,
n11739069769,S,restaurant,amenity=cafe,53.3626942,-6.2182663,
n11780271403,La Pausa Caffe,restaurant,amenity=cafe,53.3452482,-6.2481452,Dublin
n11793618961,The Portland Café,restaurant,amenity=restaurant,53.3561787,-6.2482666,Dublin
n11811173338,The Burger Lab,restaurant,amenity=restaurant,53.3565586,-6.2678034,
n11818801515,Galloping Green Social,restaurant,amenity=cafe,53.2803482,-6.1889544,
n11819962263,Brasileirinho,restaurant,amenity=restaurant,53.3508523,-6.2700386,
n11826840760,Old Town Cafe,restaurant,amenity=cafe,53.3415766,-6.2688281,Dublin 8
n11829116771,Yalla Dublin,restaurant,amenity=restaurant,53.2892889,-6.2436037,
n11833657777,,restaurant,amenity=cafe,53.4076022,-6.2719132,Dublin
n11833657778,,restaurant,amenity=cafe,53.4075985,-6.2719791,Dublin
n11834909469,Andhra Bhavan,restaurant,amenity=restaurant,53.3505466,-6.2585276,
n11835111190,Bear Market,restaurant,amenity=cafe,53.4074932,-6.2723535,Dublin
n11837408505,Aspretto,restaurant,amenity=cafe,53.3578286,-6.2872175,Dublin
n11851745763,Shaking Tang,restaurant,amenity=restaurant,53.2896274,-6.1986038,Dublin
n11861885983,The Bagel Bar,restaurant,amenity=cafe,53.3916728,-6.2483912,
n11866711461,Musashi,restaurant,amenity=restaurant,53.2769769,-6.2182244,
n11903934474,,restaurant,amenity=cafe,53.3413929,-6.2588249,Dublin
n11908057278,Two Birds Coffee,restaurant,amenity=cafe,53.4533871,-6.2432933,
n11908063748,The Old Mill (Coffee Dock),restaurant,amenity=cafe,53.4527455,-6.2428768,
n11925838669,Costa,restaurant,amenity=cafe,53.2824492,-6.1436407,
n11930184214,Biking.ie Ticknock,restaurant,amenity=cafe,53.2557981,-6.2491152,
n11942408654,Nana's Tea,restaurant,amenity=cafe,53.3475301,-6.2599245,
n11942738317,Braeburn Coffee,restaurant,amenity=cafe,53.2787329,-6.4874875,Rathcoole
n11943282817,The Hudson Rooms,restaurant,amenity=cafe,53.3605043,-6.2700431,
n11948234608,Stone Korea,restaurant,amenity=restaurant,53.351014,-6.2827313,
n11948234610,Grano,restaurant,amenity=restaurant,53.3512486,-6.283025,
n11948919694,Hakkahan,restaurant,amenity=restaurant,53.3506504,-6.2822029,
n11950477256,Coffee Shop,restaurant,amenity=cafe,53.342482,-6.2643489,Dublin
n11955687717,Wayback,restaurant,amenity=restaurant,53.3485895,-6.2684693,
n11975728520,Morilles Coffee,restaurant,amenity=cafe,53.288197,-6.2042606,
n12012068771,Bakers + Barista,restaurant,amenity=cafe,53.2865677,-6.2412408,
n12018290326,White Rabbit,restaurant,amenity=restaurant,53.3476801,-6.2682623,
n12026596872,Sushida,restaurant,amenity=restaurant,53.2939615,-6.1330323,
n12035318288,The Music Cafe,restaurant,amenity=cafe,53.3452848,-6.2674307,Dublin
n12035318301,Toast,restaurant,amenity=restaurant,53.3458701,-6.2601077,Dublin
n12035318303,,restaurant,amenity=cafe,53.3452807,-6.2619681,Dublin
n12035318305,The Oliver St. John Gogarty Restaurant,restaurant,amenity=restaurant,53.3453288,-6.2616735,Dublin
n12035318309,Fat Phill's,restaurant,amenity=restaurant,53.3449821,-6.2628894,Dublin
n12035318314,The Quays Restaurant,restaurant,amenity=restaurant,53.3456647,-6.2633244,Dublin
n12035318317,,restaurant,amenity=restaurant,53.3457527,-6.2633614,Dublin
n12035318318,,restaurant,amenity=cafe,53.3451869,-6.263217,Dublin
n12035318321,Dolce Sicily,restaurant,amenity=restaurant,53.3450125,-6.2643269,Dublin
n12035318324,,restaurant,amenity=restaurant,53.3446631,-6.2639252,Dublin
n12041198359,Toca Tapioca House,restaurant,amenity=cafe,53.3456309,-6.2608981,Dublin
n12051815620,The Croft,restaurant,amenity=bar,53.3774492,-6.2465241,"Whitehall, Dublin"
n12051842889,,restaurant,amenity=restaurant,53.3719609,-6.3892095,
n12055178367,Honest to Goodness,restaurant,amenity=restaurant,53.3434292,-6.2638485,Dublin
n12055187169,Sprout Kitchen,restaurant,amenity=cafe,53.3431235,-6.2630958,Dublin
n12057021582,Marrakesh,restaurant,amenity=restaurant,53.3487446,-6.26904,Dublin
n12057127052,Riggers South,restaurant,amenity=restaurant,53.2873649,-6.1248018,Dún Laoghaire
n12059979083,Motley Brue,restaurant,amenity=cafe,53.2912045,-6.2008177,Dublin
n12075544280,The Natural Bakery,restaurant,amenity=cafe,53.3013174,-6.1812953,
n12087084511,Juantinos,restaurant,amenity=cafe,53.3427661,-6.2632028,Dublin
n12087084524,Rei Momo,restaurant,amenity=cafe,53.341811,-6.2634896,Dublin
n12087084526,Drury Buildings Restaurant,restaurant,amenity=restaurant,53.3418969,-6.2634662,Dublin
n12093934887,Balfes,restaurant,amenity=restaurant,53.3414259,-6.2613519,Dublin
n12093934899,Butlers Chocolate Café,restaurant,amenity=cafe,53.3407951,-6.2615515,Dublin
n12098032897,Betelnut Cafe,restaurant,amenity=cafe,53.288252,-6.3721923,
n12101168822,Badam Indian and Nepalese Cuisine,restaurant,amenity=restaurant,53.3667574,-6.2197705,Clontarf
n12128731881,Panda Restaurant Sushi and Burger,restaurant,amenity=restaurant,53.3414664,-6.2839151,
n12134187322,Muse Cafe,restaurant,amenity=cafe,53.3486153,-6.2607352,
n12161713570,Póg,restaurant,amenity=cafe,53.3456553,-6.2550037,Dublin
n12176925923,Honest to Goodness,restaurant,amenity=cafe,53.3408591,-6.2757629,
n12177539860,The Art of Coffee,restaurant,amenity=cafe,53.3435512,-6.2831549,
n12178058608,Knights Bar,restaurant,amenity=bar,53.364874,-6.2066272,"Clontarf, Dublin"
n12181544133,Pickosito Northern Mexico Taqueria,restaurant,amenity=restaurant,53.3485889,-6.2684919,
n12181932586,Cool Hand,restaurant,amenity=cafe,53.3405375,-6.3078204,
n12189824615,WS Burgers & Wings Monkstown,restaurant,amenity=restaurant,53.2865088,-6.1455802,
n12207149245,Brentwood Coffee,restaurant,amenity=cafe,53.3474577,-6.2745867,
n12208523212,Hello Charlie,restaurant,amenity=cafe,53.3480052,-6.2292312,
n12208844258,Little Pyg,restaurant,amenity=restaurant,53.3422104,-6.2619901,
n12209299070,Starbucks,restaurant,amenity=cafe,53.4251644,-6.2401062,Dublin
n12209308347,Bewley's,restaurant,amenity=cafe,53.4265873,-6.2406436,Dublin Airport
n12209432446,Café Bar,restaurant,amenity=cafe,53.4235389,-6.2435025,
n12216131828,,restaurant,amenity=cafe,53.3407268,-6.2519123,
n12223138626,River Cafe,restaurant,amenity=cafe,53.3585899,-6.4482488,
n12224198267,Brother Bean,restaurant,amenity=cafe,53.2875216,-6.1772253,
n12246300601,,restaurant,amenity=pub,53.348369,-6.2777866,
n12252979608,Bear Market Coffee - Sandyford,restaurant,amenity=cafe,53.2790705,-6.2119176,
n12294181466,September,restaurant,amenity=restaurant,53.3019319,-6.1776344,
n12309337454,Tilly's Coffee & Treats,restaurant,amenity=cafe,53.2229577,-6.1177551,
n12371010268,Indian Zaika,restaurant,amenity=restaurant,53.3575405,-6.2890556,
n12388780136,Bel Cibo,restaurant,amenity=restaurant,53.2903196,-6.4206647,Citywest Business Campus
n12400082140,Mrs. Jones Farm Kitchen,restaurant,amenity=cafe,53.4777848,-6.1960136,Donabate
n12407371236,Camile Sutton Cross,restaurant,amenity=restaurant,53.3896057,-6.1096003,
n12416156738,Lemon & Duke,restaurant,amenity=bar,53.3415562,-6.2591307,"Dublin, Dublin"
n12417387522,BELFRY & Co Cafe,restaurant,amenity=restaurant,53.3379978,-6.4698562,Lucan
n12420625287,Mad Brothers at the Deaf Village Café,restaurant,amenity=cafe,53.3640782,-6.3008944,Dublin
n12440274047,Kanafeh Kingz,restaurant,amenity=restaurant,53.2956627,-6.3520643,Tallaght
n12441290704,Tuckk Inn,restaurant,amenity=restaurant,53.2956113,-6.3521087,Tallaght
n12467663191,,restaurant,amenity=cafe,53.3990624,-6.1268877,
n12486842311,Think Coffee,restaurant,amenity=cafe,53.4603891,-6.218975,Swords
n12518346878,Star Coffee,restaurant,amenity=cafe,53.3368878,-6.2488089,
n12520213274,Cafe Verde,restaurant,amenity=cafe,53.5222146,-6.0930492,Rush
n12520942537,Haldi By Manish,restaurant,amenity=restaurant,53.5226398,-6.0955157,Rush
n12558252115,,restaurant,amenity=restaurant,53.2870532,-6.3756332,
n12558252117,India Bhavan,restaurant,amenity=restaurant,53.2859091,-6.3760916,
n12565196860,Winters Restaurant,restaurant,amenity=restaurant,53.5065846,-6.1967359,
n12588045849,Nawab,restaurant,amenity=restaurant,53.3831897,-6.3994275,
n12588045850,Darbar,restaurant,amenity=restaurant,53.3832796,-6.3983163,
n12588085808,Mehfil,restaurant,amenity=restaurant,53.3833129,-6.4009717,
n12604134859,Eathos three,restaurant,amenity=restaurant,53.3365463,-6.2482664,
n12633499197,Coffee Run,restaurant,amenity=cafe,53.4037192,-6.2641523,
n12633856954,Hong Hop,restaurant,amenity=restaurant,53.3141254,-6.3919615,
n12633856956,Pandini's,restaurant,amenity=restaurant,53.3143216,-6.3921932,
n12636352955,Costa,restaurant,amenity=cafe,53.3241757,-6.3962224,
n12636352978,Dunnes Stores Cafe,restaurant,amenity=cafe,53.3248903,-6.396067,
n12640604521,The Fallow Kitchen & Bar,restaurant,amenity=bar,53.4252151,-6.2405916,"Swords, Dublin"
n12642874631,Baily Bites at Kish,restaurant,amenity=cafe,53.3915892,-6.0703654,"Howth, Dublin"
n12650724209,Captain Americas,restaurant,amenity=restaurant,53.3404665,-6.2606181,Dublin
n12660741671,Biang Biang,restaurant,amenity=restaurant,53.3482462,-6.2698241,Dublin
n12663664001,Aobaba,restaurant,amenity=restaurant,53.3487877,-6.2688113,
n12677500833,Uno Pizza,restaurant,amenity=restaurant,53.3265274,-6.2651012,Dublin
n12691947431,Cooper’s Corner,restaurant,amenity=pub,53.342514,-6.2966716,"Dublin, Dublin"
n12697609150,Canteen,restaurant,amenity=restaurant,53.4687706,-6.2169725,
n12705932849,The Kitchen,restaurant,amenity=restaurant,53.40097,-6.2637457,
n12723423940,Proper Fresh,restaurant,amenity=cafe,53.3406704,-6.286641,
n12727018040,The Cottage Café,restaurant,amenity=cafe,53.5861273,-6.2897766,Naul
n12731421655,The Pink Elephant,restaurant,amenity=restaurant,53.4580916,-6.2196731,
n12768576002,Sandycove Store & Yard,restaurant,amenity=restaurant,53.2859197,-6.1162798,
n12779971905,,restaurant,amenity=cafe,53.4679501,-6.2205506,
n12780021311,the ribs - Gaucho BBQ,restaurant,amenity=restaurant,53.3469615,-6.2654094,
n12786996001,Dua Pizza,restaurant,amenity=restaurant,53.3571228,-6.2644466,
n12789504198,Poulet Bonne Femme,restaurant,amenity=cafe,53.2899134,-6.1303268,Dún Laoghaire
n12793861746,,restaurant,amenity=restaurant,53.2881885,-6.3701018,
n12820954537,3fe,restaurant,amenity=cafe,53.3608721,-6.2721889,
n12843981577,The Grafton Cafe,restaurant,amenity=cafe,53.3875581,-6.4408743,
n12849718144,Veda,restaurant,amenity=restaurant,53.2610928,-6.1500733,
n12850348090,Moreish Pizza,restaurant,amenity=restaurant,53.2614885,-6.151523,
n12890936898,Insomnia,restaurant,amenity=cafe,53.4592253,-6.3520111,Coolquay
n12909595537,French Revolution,restaurant,amenity=cafe,53.2864768,-6.2413341,
n12915704201,Copper + Straw,restaurant,amenity=cafe,53.3465426,-6.2601429,
n12920085401,Oxmantown,restaurant,amenity=cafe,53.3491405,-6.2776658,
n12920829727,Happy Out Bakery,restaurant,amenity=cafe,53.2893952,-6.1298318,
n12926027400,Sushie,restaurant,amenity=restaurant,53.3452108,-6.2630012,
n12926127086,Andhra Bhavan,restaurant,amenity=restaurant,53.3478395,-6.2640051,
n12947427894,Zing,restaurant,amenity=restaurant,53.3499911,-6.2583013,Dublin
n12947428136,Pocha,restaurant,amenity=restaurant,53.3502086,-6.258381,Dublin
n12952322909,Chaska,restaurant,amenity=restaurant,53.3501478,-6.2577011,Dublin
n12954494816,O'Briens,restaurant,amenity=cafe,53.3193681,-6.2920145,
n13003723232,,restaurant,amenity=cafe,53.5996791,-6.1843559,
n13016325202,Dash,restaurant,amenity=cafe,53.3312345,-6.4126415,
n13027966707,Moniker/Coffee Co.,restaurant,amenity=cafe,53.3274091,-6.3056076,
n13031134101,Fire 17,restaurant,amenity=cafe,53.393759,-6.1962816,
n13046271642,Half & Half,restaurant,amenity=restaurant,53.3830615,-6.4012557,
n13046271643,Falafel,restaurant,amenity=restaurant,53.3830588,-6.4013293,
n13046587385,Treo Coffee Co,restaurant,amenity=cafe,53.2575634,-6.2250568,
n13048660594,Siam,restaurant,amenity=restaurant,53.3226536,-6.2649299,
n13059416101,Zero Zero Pizza - Kimmage,restaurant,amenity=restaurant,53.3196094,-6.2910603,
n13068059349,Look Mam No Hands,restaurant,amenity=cafe,53.5999709,-6.1774246,Balbriggan
n13087215559,Artybaker,restaurant,amenity=cafe,53.3197397,-6.2901877,Kimmage
n13087553800,Thali,restaurant,amenity=restaurant,53.3215769,-6.2662769,
n13112399753,bua,restaurant,amenity=cafe,53.3539173,-6.2734604,
n13119337201,Drizzle Café,restaurant,amenity=cafe,53.3342656,-6.31957,
n13123276081,The Saucy Cow,restaurant,amenity=restaurant,53.3443889,-6.2668479,
n13130973001,Hyderabadi Kitchen,restaurant,amenity=restaurant,53.3328379,-6.2647272,
n13136416203,Camille,restaurant,amenity=restaurant,53.3210808,-6.3313014,
n13136416401,Thindi,restaurant,amenity=restaurant,53.3211267,-6.3312737,
n13147442208,Square Dish,restaurant,amenity=restaurant,53.3391104,-6.2568438,
n13177454573,Per Se,restaurant,amenity=restaurant,53.2793893,-6.3124076,
n13183982844,Bua,restaurant,amenity=cafe,53.3750994,-6.2649371,
n13184719424,Kaldi's,restaurant,amenity=cafe,53.3073513,-6.1968012,
n13195903947,Cala,restaurant,amenity=restaurant,53.2931697,-6.1383304,
n13200030277,Kerala Kitchen,restaurant,amenity=restaurant,53.3337822,-6.2450729,Dublin
n13202858101,The Bad Apple,restaurant,amenity=cafe,53.3401702,-6.3203836,
n13230607301,,restaurant,amenity=cafe,53.3188131,-6.2138282,
n13239208538,,restaurant,amenity=restaurant,53.3485967,-6.2291445,
n13240604761,,restaurant,amenity=cafe,53.3555485,-6.2613282,
n13240630033,,restaurant,amenity=cafe,53.3556407,-6.2611327,
n13240640502,,restaurant,amenity=cafe,53.3555098,-6.2614075,
n13243767358,,restaurant,amenity=cafe,53.347859,-6.2423185,
n13243784961,The Mercantile,restaurant,amenity=restaurant,53.3438835,-6.2641231,
n13243789723,Starbucks,restaurant,amenity=cafe,53.343084,-6.2593044,
n13245313797,Grindstone,restaurant,amenity=cafe,53.3483729,-6.2322065,
n13245582260,Roasthouse,restaurant,amenity=cafe,53.3420033,-6.2867165,
n13246126543,Butlers Chocolate Café,restaurant,amenity=cafe,53.4273889,-6.245069,
n13246133814,The Garden Terrace,restaurant,amenity=restaurant,53.427693,-6.2449093,
n13246138715,San Marco,restaurant,amenity=restaurant,53.4281236,-6.2455408,
n13246140098,,restaurant,amenity=restaurant,53.4279343,-6.2455735,
n13246143904,Nomad,restaurant,amenity=cafe,53.4276115,-6.2457069,
n13246216458,Bluebird,restaurant,amenity=cafe,53.4278291,-6.2456687,
n13253023199,The Old Bank,restaurant,amenity=restaurant,53.3606675,-6.2724538,
n13298438944,Quando's Pizzeria,restaurant,amenity=restaurant,53.2528773,-6.1242311,
n13300979012,Val's Pizza,restaurant,amenity=restaurant,53.3402885,-6.2655388,
n13305555788,,restaurant,amenity=cafe,53.3854735,-6.2586542,
n13359232997,Barry & Browne,restaurant,amenity=cafe,53.2519698,-6.1847666,
n13381073771,DODO&CO,restaurant,amenity=cafe,53.2959112,-6.4923472,
n13391093035,Lavazza,restaurant,amenity=cafe,53.5407099,-6.2098959,
n13392751345,Eleven,restaurant,amenity=restaurant,53.2451956,-6.1348807,
n13418177696,3fE,restaurant,amenity=cafe,53.3461345,-6.3080294,
n13423783398,Mr Hobbs,restaurant,amenity=cafe,53.3409407,-6.1768455,
n13432347601,The Tram Cafe Albert College,restaurant,amenity=cafe,53.3825101,-6.2614,
n13450909205,Al Khair,restaurant,amenity=restaurant,53.3307782,-6.2817999,
n13455494501,Hollywood Lakes Golf Club Clubhouse Café,restaurant,amenity=cafe,53.5518743,-6.2675799,
n13465083620,Connected,restaurant,amenity=cafe,53.2196749,-6.1198871,
n13472152086,Put The Kettle On Coffee Shop,restaurant,amenity=cafe,53.4821163,-6.2873214,
n13472318942,Green Beards,restaurant,amenity=cafe,53.2303984,-6.1242521,
n13516756092,Bainne Bó,restaurant,amenity=cafe,53.4283253,-6.3031872,
n13525591403,Look Mam No Hands Cafe,restaurant,amenity=restaurant,53.4032596,-6.3029834,
n13525591501,Apache Pizza,restaurant,amenity=restaurant,53.4032497,-6.3027533,
n13525591502,Shallots,restaurant,amenity=restaurant,53.4036461,-6.3025244,
n13526169733,FX Buckley's,restaurant,amenity=restaurant,53.3481864,-6.2935136,
n13534689967,Ha Noi-Ha Noi,restaurant,amenity=restaurant,53.3500022,-6.2696384,
n13556732201,Hana Izakaya by Musashi,restaurant,amenity=restaurant,53.3470076,-6.2684038,
n13566200999,Boom Coffee,restaurant,amenity=cafe,53.3417904,-6.2749438,
n13566797645,Brew’n@Frewen,restaurant,amenity=cafe,53.2930056,-6.138724,
n13585046517,Silver leaf,restaurant,amenity=restaurant,53.3504212,-6.2638756,
n13588862527,Sushiko,restaurant,amenity=restaurant,53.2884722,-6.3632653,
n13588862528,Olivez,restaurant,amenity=restaurant,53.2882509,-6.3633657,
n13588862529,,restaurant,amenity=restaurant,53.2881818,-6.3629582,
n13588862531,,restaurant,amenity=cafe,53.2876366,-6.3619094,
n13589705230,Coco Cha,restaurant,amenity=cafe,53.3607278,-6.2738287,
n13593556520,Eddie Rocket's,restaurant,amenity=restaurant,53.3503477,-6.2673119,
n13593601262,Fabi's Grill,restaurant,amenity=restaurant,53.3503961,-6.2671572,
n13667865301,Masa,restaurant,amenity=restaurant,53.3413427,-6.2641865,
n13667865401,Little Dumpling,restaurant,amenity=restaurant,53.3412429,-6.2645583,
n13670226773,,restaurant,amenity=cafe,53.2901781,-6.2985719,
n13697724307,Frank and Honest,restaurant,amenity=cafe,53.3511245,-6.252771,
n13700920901,Grindstone Specialty Coffee,restaurant,amenity=cafe,53.3415342,-6.2373264,
n13724230914,Bell Burritos,restaurant,amenity=restaurant,53.3374403,-6.265495,Dublin
n13724230916,Café Sofia,restaurant,amenity=restaurant,53.3373116,-6.2654846,Dublin
n13724230917,Nana's Tea,restaurant,amenity=cafe,53.3372625,-6.2655334,Dublin
n13724230918,Barebone,restaurant,amenity=bar,53.3370624,-6.2654728,"Dublin, Dublin"
n13739763830,Catherine's Cafe,restaurant,amenity=cafe,53.3417608,-6.2789973,
n13743418106,Giddy Up Cup,restaurant,amenity=cafe,53.5224728,-6.2681298,
n13745218833,BuJo,restaurant,amenity=restaurant,53.3102214,-6.2824592,Dublin
n13752069152,Evolve Eatery,restaurant,amenity=cafe,53.3179022,-6.3738439,
n13757930754,Bakeology In,restaurant,amenity=restaurant,53.3404717,-6.2780319,
n13760264861,La Caverna,restaurant,amenity=restaurant,53.3451086,-6.2632752,
n13767556601,Wok & Roll Bistro,restaurant,amenity=restaurant,53.3241543,-6.3291298,
n13785063001,River Cafe,restaurant,amenity=cafe,53.380609,-6.1782976,
n13787212737,Quinneens,restaurant,amenity=cafe,53.3636903,-6.2579373,
n13787847152,Zam Zam D1,restaurant,amenity=restaurant,53.3579518,-6.2476605,Dublin
n13788164314,The Coffee Box,restaurant,amenity=cafe,53.3574186,-6.2486277,Dublin
n13798501290,The Art of Coffee,restaurant,amenity=cafe,53.3488625,-6.236294,
n13817401833,,restaurant,amenity=cafe,53.5809877,-6.1069392,
n13830403001,Crema,restaurant,amenity=cafe,53.3299282,-6.2268796,
n13843812927,Insomnia,restaurant,amenity=cafe,53.3599087,-6.2614036,
n13891860901,Two Fifty Square HQ,restaurant,amenity=cafe,53.3091849,-6.2840621,
n13893366660,Díon,restaurant,amenity=restaurant,53.3446605,-6.263048,
n13893366661,,restaurant,amenity=cafe,53.3381248,-6.2538511,
n13893366664,Zakura,restaurant,amenity=restaurant,53.3378484,-6.2516112,
n13898596401,Perfect Day Cafe,restaurant,amenity=cafe,53.3886243,-6.1828821,
n13902116985,Rayan,restaurant,amenity=restaurant,53.355828,-6.2647962,
n13909150401,Elliot‘s,restaurant,amenity=cafe,53.3475561,-6.2704691,
n13912192803,So Coffee Luca,restaurant,amenity=cafe,53.347378,-6.4379928,
n13920061564,Koi,restaurant,amenity=restaurant,53.3379513,-6.2531586,
n13932223174,Bits & Pizzas,restaurant,amenity=restaurant,53.2917097,-6.1370994,
n13945071886,Table 45,restaurant,amenity=restaurant,53.3408905,-6.2448769,
n13951065894,Phoenix Lane,restaurant,amenity=cafe,53.422853,-6.2379531,Dublin Airport
n13955264904,Mantle,restaurant,amenity=cafe,53.3452237,-6.2619579,
w4421186,Bell+Bear Coffee House,restaurant,amenity=restaurant,53.4098894,-6.3690351,
w23653362,GM Hopkins International Centre and Restaurant,restaurant,amenity=restaurant,53.305393,-6.2207008,
w31362163,,restaurant,amenity=cafe,53.2778422,-6.2712382,
w35692463,Berman & Wallace,restaurant,amenity=restaurant,53.3123119,-6.2342647,
w44075413,The Old Dining Hall,restaurant,amenity=restaurant,53.3449927,-6.2575804,
w50823150,The Great Wood,restaurant,amenity=pub,53.3892256,-6.388858,"Blanchardstown, Dublin, Dublin"
w50903382,Johnnie Fox’s,restaurant,amenity=pub,53.2217488,-6.2192625,"Glencullen, Dublin"
w50904204,Costa,restaurant,amenity=cafe,53.2507281,-6.1846927,
w51915226,Beshoff’s The Market,restaurant,amenity=restaurant,53.3894538,-6.0729904,"Howth, Dublin"
w51915228,Beshoff’s The Market,restaurant,amenity=restaurant,53.3895696,-6.0728248,"Howth, Dublin"
w51963727,Avoca,restaurant,amenity=cafe,53.4452124,-6.1624979,Malahide
w51963731,,restaurant,amenity=restaurant,53.4481489,-6.1622031,
w55448506,Yoi Ramen,restaurant,amenity=restaurant,53.340774,-6.2361364,Dublin
w55888253,The Sallynoggin Inn,restaurant,amenity=pub,53.2770251,-6.1434641,
w57824173,Zero Zero Pizza,restaurant,amenity=restaurant,53.2912822,-6.1376349,
w57824239,Kyoto Asian Street Food,restaurant,amenity=restaurant,53.2918172,-6.1370715,
w58647401,Lobstar,restaurant,amenity=restaurant,53.2935428,-6.1544754,
w58647433,F.X.Buckley Steakhouse,restaurant,amenity=restaurant,53.294105,-6.1533887,
w58647451,Pine Cone Coffee,restaurant,amenity=cafe,53.2929996,-6.1522078,Monkstown
w58647461,Bresson,restaurant,amenity=restaurant,53.294081,-6.1532596,
w58647477,Cafe Du Journal,restaurant,amenity=cafe,53.2939562,-6.1510502,
w58647493,Amerta,restaurant,amenity=restaurant,53.294268,-6.1535772,
w58647502,Salt Cafe at Avoca Courtyard,restaurant,amenity=cafe,53.2939614,-6.1521313,
w58647531,That's Amore,restaurant,amenity=restaurant,53.2934836,-6.1541619,
w58693006,Gourmet Cafe,restaurant,amenity=cafe,53.2925948,-6.1364808,Dún Laoghaire
w59538647,Hartley's,restaurant,amenity=restaurant,53.2948118,-6.1339702,"Dún Laoghaire, Dublin"
w59546663,Zi Qi Chinese Restaurant (Nunki Tea House),restaurant,amenity=restaurant,53.2950115,-6.142456,Dún Laoghaire
w59546665,Harbour Kebab,restaurant,amenity=restaurant,53.2947927,-6.1425144,
w65473843,Man O' War Bar and Restaurant,restaurant,amenity=pub,53.5619107,-6.1842041,Courtlough
w70309028,Joels,restaurant,amenity=restaurant,53.3149463,-6.3845173,
w70749435,Rocket Foods,restaurant,amenity=cafe,53.2961056,-6.2128332,
w70749454,Michaels,restaurant,amenity=cafe,53.2961808,-6.2132584,Mount Merrion
w70750128,Cafe Divino,restaurant,amenity=cafe,53.2919546,-6.2153836,
w73924185,The Paddocks,restaurant,amenity=pub,53.4041048,-6.4261894,"Clonee, Dublin"
w75112313,Boathouse,restaurant,amenity=cafe,53.3654984,-6.3577991,
w78065693,Victorian Tea Rooms,restaurant,amenity=cafe,53.3239718,-6.2827435,
w83076970,Costa,restaurant,amenity=cafe,53.2642481,-6.2148328,
w83614077,The Blue Light,restaurant,amenity=pub,53.2546389,-6.2313642,"Sandyford, Dublin"
w83696341,Howards Way,restaurant,amenity=restaurant,53.2960389,-6.2603346,"Churchtown, Dublin"
w83696342,Insomnia,restaurant,amenity=cafe,53.2958871,-6.2604769,
w84018113,The Waterloo,restaurant,amenity=pub,53.3335013,-6.2430968,"Dublin, Dublin"
w84018115,Millers Pizza Kitchen,restaurant,amenity=restaurant,53.3332215,-6.2426405,
w84018117,Saba,restaurant,amenity=restaurant,53.333676,-6.2436573,
w84018119,Searsons,restaurant,amenity=pub,53.3334045,-6.2428187,"Dublin, Dublin"
w84018123,Tula,restaurant,amenity=restaurant,53.3337121,-6.243725,Dublin
w84018128,Langkawi,restaurant,amenity=restaurant,53.3332824,-6.2427851,Dublin
w84018130,Milano,restaurant,amenity=restaurant,53.334215,-6.2451048,
w85394202,Konkan,restaurant,amenity=restaurant,53.2891156,-6.2430645,
w90611807,O'Dywers,restaurant,amenity=pub,53.2886235,-6.2160141,
w96255000,Juniors' Deli & Cafe,restaurant,amenity=cafe,53.3372881,-6.2341592,
w96255067,The Cow,restaurant,amenity=pub,53.3370411,-6.2340402,
w96255110,The Old Spot,restaurant,amenity=restaurant,53.3373579,-6.2331879,"Dublin, Dublin"
w102694943,The Ferryman,restaurant,amenity=pub,53.3460084,-6.2407017,Dublin
w102694975,KC Peaches,restaurant,amenity=cafe,53.3423266,-6.2401682,Dublin
w104268865,The Stone Grill,restaurant,amenity=restaurant,53.2530174,-6.2138847,
w104268909,The Step Inn,restaurant,amenity=pub,53.2531058,-6.2140186,
w105915542,The Revolution,restaurant,amenity=restaurant,53.3120157,-6.2751651,
w105915655,Denj Persian Cuisine,restaurant,amenity=restaurant,53.3116249,-6.2741611,Dublin
w106056173,The Dropping Well,restaurant,amenity=pub,53.3080649,-6.254892,"Milltown, Dublin"
w107425314,Thindi,restaurant,amenity=restaurant,53.2931944,-6.2454489,
w109246531,Yoi Izakaya,restaurant,amenity=restaurant,53.3336583,-6.2457256,
w109246572,Oxhorn Grill,restaurant,amenity=restaurant,53.333736,-6.2456986,
w109370661,Angelina's,restaurant,amenity=restaurant,53.3345523,-6.2444821,Dublin
w110901730,Sandyford House,restaurant,amenity=pub,53.2697048,-6.2250523,"Sandyford, Dublin"
w111184757,3FE,restaurant,amenity=cafe,53.3399601,-6.2419899,Dublin
w111845358,Gloria Osteria,restaurant,amenity=restaurant,53.3454491,-6.2587631,Dublin
w115772293,Farmer Brown’s,restaurant,amenity=pub,53.3141392,-6.2388098,"Dublin, Dublin"
w116716326,The Elephant's Ear,restaurant,amenity=restaurant,53.2998507,-6.2680243,
w120440392,The Press Cafe,restaurant,amenity=cafe,53.3350714,-6.2353359,
w123090921,Margie's Big Breakfast,restaurant,amenity=restaurant,53.2810185,-6.3909997,
w127529552,Finnegan’s,restaurant,amenity=pub,53.2764682,-6.1029586,"Dalkey, Dublin"
w128521560,Orchid Szechuan,restaurant,amenity=restaurant,53.3324082,-6.2363158,
w128942373,"John Kavanagh’s ""The Gravediggers""",restaurant,amenity=pub,53.3696681,-6.2719312,"Dublin, Dublin"
w129750575,The Bottle Tower,restaurant,amenity=pub,53.2949868,-6.2568591,"Churchtown, Dublin"
w137929822,Insomnia,restaurant,amenity=cafe,53.2690712,-6.1668037,Cornelscourt
w137929853,Shanai,restaurant,amenity=restaurant,53.2680785,-6.1663062,Cornelscourt
w138138405,The Grange,restaurant,amenity=pub,53.2787751,-6.1636229,
w138249347,Cabinteely Tearooms,restaurant,amenity=cafe,53.2601195,-6.16106,
w154508548,Bóbós,restaurant,amenity=restaurant,53.3364806,-6.2657351,
w158267660,,restaurant,amenity=restaurant,53.3342328,-6.2660701,
w227766040,O’Connell’s,restaurant,amenity=pub,53.3474403,-6.2602855,"Dublin, Dublin"
w228011498,Pomodorino,restaurant,amenity=restaurant,53.4587928,-6.2206111,
w228284419,The Vintage Kitchen,restaurant,amenity=restaurant,53.3469239,-6.2557689,
w228284420,Starbucks,restaurant,amenity=cafe,53.3473518,-6.2557982,Dublin
w228287769,Good World,restaurant,amenity=restaurant,53.3464194,-6.2587391,Dublin
w228313886,McCabe's Deli,restaurant,amenity=cafe,53.3458245,-6.2553588,Dublin
w228762031,Tucano,restaurant,amenity=restaurant,53.3467788,-6.2678965,Dublin
w228762032,Romano's,restaurant,amenity=restaurant,53.3468172,-6.2679883,Dublin
w228762040,Capel Kebab & Pizza House,restaurant,amenity=restaurant,53.3472015,-6.2681553,Dublin
w228762047,Musashi,restaurant,amenity=restaurant,53.3469543,-6.2680517,Dublin
w228966389,Noble House,restaurant,amenity=restaurant,53.3439836,-6.2650605,Dublin
w228966390,Kathmandu Kitchen,restaurant,amenity=restaurant,53.3439832,-6.2649581,Dublin
w229057391,Dash Burger,restaurant,amenity=restaurant,53.3468027,-6.268348,Dublin
w229057392,Hana Izakaya,restaurant,amenity=restaurant,53.3470154,-6.2684723,Dublin
w229407221,The Hazel House,restaurant,amenity=cafe,53.2566758,-6.290636,
w229925756,The Orange Goat,restaurant,amenity=restaurant,53.3711814,-6.2074726,"Killester, Dublin"
w230143024,chiya,restaurant,amenity=restaurant,53.3443458,-6.2659671,"Dublin, Dublin"
w230356665,Busyfeet & Coco Cafe,restaurant,amenity=cafe,53.3410909,-6.2630852,Dublin
w230566037,Caffè Nero,restaurant,amenity=cafe,53.3402677,-6.2613445,Dublin
w230567949,Dada,restaurant,amenity=restaurant,53.3412654,-6.2628402,Dublin
w230567953,Bar Rua,restaurant,amenity=pub,53.3410894,-6.2624304,"Dublin, Dublin"
w230567956,Handsome Burger,restaurant,amenity=restaurant,53.341159,-6.2627329,
w230569648,Peruke & Periwig,restaurant,amenity=restaurant,53.3400886,-6.2587781,Dublin
w230948516,The Yacht,restaurant,amenity=pub,53.3617505,-6.2151527,"Clontarf, Dublin"
w231082837,NLI (HR),restaurant,amenity=cafe,53.3416381,-6.2545712,Dublin
w231112845,Darwins,restaurant,amenity=restaurant,53.3413069,-6.265659,
w231112850,It's a trap,restaurant,amenity=cafe,53.3413531,-6.2655974,
w231192203,Café Sol,restaurant,amenity=cafe,53.3413424,-6.2516987,Dublin
w231199021,Hugo's,restaurant,amenity=restaurant,53.338498,-6.254426,
w231199026,Caffè Nero,restaurant,amenity=cafe,53.3384714,-6.2543187,Dublin
w231245954,Restaurant Patrick Guilbaud,restaurant,amenity=restaurant,53.3383502,-6.2528733,Dublin
w231245956,Bambino,restaurant,amenity=restaurant,53.3381587,-6.2532854,
w231250678,Vice,restaurant,amenity=restaurant,53.3417378,-6.2505611,Dublin
w231263829,The Morehampton,restaurant,amenity=restaurant,53.3228276,-6.2385353,Donnybrook
w231551374,Cafe Sol,restaurant,amenity=cafe,53.3418439,-6.250453,Dublin
w232012710,CoffeeAngel,restaurant,amenity=cafe,53.3393449,-6.246059,Dublin
w233243884,McGrattan’s Café Bar,restaurant,amenity=pub,53.3385974,-6.2511587,"Dublin, Dublin"
w233248398,Sanai,restaurant,amenity=restaurant,53.3378807,-6.2515417,Dublin
w233487773,Internet Call Shop,restaurant,amenity=cafe,53.3506839,-6.2541135,Dublin
w233487775,Art Café,restaurant,amenity=cafe,53.3499083,-6.253603,
w233507000,Picasso,restaurant,amenity=restaurant,53.3593135,-6.1957861,
w233507002,Sand Bar Takeaway,restaurant,amenity=restaurant,53.3593351,-6.1963569,
w233507010,Kennedys,restaurant,amenity=cafe,53.3591796,-6.1958934,
w233516830,Le Centre-Ville,restaurant,amenity=cafe,53.348911,-6.2573144,Dublin
w233666288,T.P. Smith’s,restaurant,amenity=pub,53.347476,-6.265962,"Dublin, Dublin"
w233790935,The Grand Central Bar,restaurant,amenity=pub,53.3483218,-6.2591879,"Dublin, Dublin"
w233790941,Caffè Nero,restaurant,amenity=cafe,53.3482505,-6.2591024,Dublin
w233801730,Ronan's,restaurant,amenity=cafe,53.3482808,-6.2563489,Dublin
w233801731,The Wiley Fox,restaurant,amenity=pub,53.3483444,-6.2559662,"Dublin, Dublin"
w233804869,Parmezza,restaurant,amenity=restaurant,53.3468611,-6.2631616,Dublin
w233845081,Grove Road,restaurant,amenity=cafe,53.3298642,-6.2644754,
w233883868,Wright’s Findlater,restaurant,amenity=restaurant,53.3885738,-6.0723998,"Howth, Dublin"
w234082876,The Star Bar,restaurant,amenity=pub,53.336836,-6.2487033,"Dublin, Dublin"
w234082880,Café Sol,restaurant,amenity=cafe,53.336725,-6.2484889,Dublin
w236891732,Meerkat Restaurant,restaurant,amenity=restaurant,53.3537881,-6.3038461,
w237684532,Canteen,restaurant,amenity=restaurant,53.3165219,-6.2115164,
w239628782,The Yellow House,restaurant,amenity=pub,53.296694,-6.2849597,"Rathfarnham, Dublin, Dublin"
w241524671,Taste of Provence,restaurant,amenity=cafe,53.3884136,-6.3814907,Blanchardstown
w249196120,Café Boulevard,restaurant,amenity=cafe,53.3375481,-6.2516946,Dublin
w249260468,Gotham Cafe,restaurant,amenity=restaurant,53.341235,-6.2595485,Dublin
w249263083,Bewley's Café,restaurant,amenity=cafe,53.3417105,-6.2603609,Dublin
w249629276,Jo Jo's,restaurant,amenity=cafe,53.3513901,-6.3680096,
w249630726,D'Lepak,restaurant,amenity=restaurant,53.3515045,-6.3686606,
w249634355,The Coach House,restaurant,amenity=cafe,53.355536,-6.3688477,
w249754982,Chai Yo,restaurant,amenity=restaurant,53.3357414,-6.2478092,Dublin
w249785474,Bennett & Nolan,restaurant,amenity=cafe,53.3364461,-6.2488323,Dublin
w250369418,Java Republic,restaurant,amenity=restaurant,53.4128592,-6.3465885,
w250501870,W.Plunket,restaurant,amenity=pub,53.3479359,-6.262467,"Dublin, Dublin"
w250755940,P. McCormack and Sons,restaurant,amenity=pub,53.286358,-6.1457905,Dún Laoghaire
w251168713,,restaurant,amenity=restaurant,53.3452946,-6.2616436,Dublin
w251198077,Mongolian Barbeque,restaurant,amenity=restaurant,53.344999,-6.2619526,Dublin
w251400325,Sweet Nosh,restaurant,amenity=cafe,53.3407584,-6.2615656,
w251580558,Hawksmoor,restaurant,amenity=restaurant,53.3440609,-6.2600657,Dublin
w252786989,Cobalt Cafe & Gallery,restaurant,amenity=cafe,53.3542848,-6.2608208,Dublin
w252812513,Kimchi,restaurant,amenity=restaurant,53.353015,-6.2608753,Dublin
w256117105,Café Park,restaurant,amenity=cafe,53.4118661,-6.3647696,
w256624411,Fumbally Café,restaurant,amenity=cafe,53.3370646,-6.2730274,Dublin
w257075318,Café Jago's,restaurant,amenity=cafe,53.3372887,-6.2421003,Dublin
w259225218,Caracas,restaurant,amenity=cafe,53.2738056,-6.2073297,
w260292864,Ka Shing,restaurant,amenity=restaurant,53.3430745,-6.2607589,Dublin
w260308025,Lisboa Pastelaria,restaurant,amenity=cafe,53.343182,-6.2618052,Dublin
w260312368,Trocadero,restaurant,amenity=restaurant,53.3433788,-6.2617234,Dublin
w260313485,Salamanca,restaurant,amenity=restaurant,53.3434039,-6.2614771,
w262852093,Yang's,restaurant,amenity=restaurant,53.3668872,-6.1734991,Dublin
w264742301,Drury Buildings,restaurant,amenity=restaurant,53.3419246,-6.2634042,Dublin
w266357832,Main Restaurant,restaurant,amenity=restaurant,53.3857435,-6.2608816,
w266390284,Hole in the Wall,restaurant,amenity=pub,53.3660374,-6.3233419,"Dublin, Dublin"
w268836001,Maneki,restaurant,amenity=restaurant,53.3408829,-6.258606,Dublin
w268836006,Milano,restaurant,amenity=restaurant,53.3406395,-6.2590756,"Dublin, Dublin"
w268837279,37 Dawson Street,restaurant,amenity=restaurant,53.3405533,-6.2589116,"Dublin, Dublin"
w268843108,Beanhive,restaurant,amenity=cafe,53.3398284,-6.2588709,
w268844930,Featherblade,restaurant,amenity=restaurant,53.3417193,-6.2583854,"Dublin, Dublin"
w268844932,Marco Pierre White,restaurant,amenity=restaurant,53.3415914,-6.2584484,Dublin
w268846480,Carluccio’s,restaurant,amenity=restaurant,53.34191,-6.2583616,"Dublin, Dublin"
w269121131,The Greenhouse,restaurant,amenity=restaurant,53.3400032,-6.2583646,Dublin
w269122800,Sprout & Co,restaurant,amenity=restaurant,53.342471,-6.2576226,Dublin
w269122802,Costa,restaurant,amenity=cafe,53.3426891,-6.2575762,Dublin
w270805425,The Brew Dock,restaurant,amenity=pub,53.3501362,-6.2510425,"Dublin, Dublin"
w270976310,Carluccio's,restaurant,amenity=restaurant,53.341955,-6.2585276,Dublin
w271450113,Blackbird,restaurant,amenity=pub,53.3268693,-6.2646113,"Dublin, Dublin"
w271989540,Tapped,restaurant,amenity=pub,53.3430105,-6.2589346,"Dublin, Dublin"
w273206925,Coffeeangel,restaurant,amenity=cafe,53.3411241,-6.2587797,
w273520545,Yamamori South City,restaurant,amenity=restaurant,53.3428301,-6.2646422,"Dublin, Dublin"
w273636619,Mima,restaurant,amenity=cafe,53.3209936,-6.2548266,Dublin
w273646172,Lemon,restaurant,amenity=cafe,53.3429299,-6.2618925,Dublin
w273647934,Jewel in the Crown,restaurant,amenity=restaurant,53.3428384,-6.2622638,Dublin
w273647937,Dakota,restaurant,amenity=restaurant,53.3426874,-6.2624913,Dublin
w273647938,Alfie's,restaurant,amenity=restaurant,53.3426213,-6.2625474,Dublin
w273652102,SOLE,restaurant,amenity=restaurant,53.3420645,-6.2628408,"Dublin, Dublin"
w273674456,Insomnia,restaurant,amenity=cafe,53.3400221,-6.2601693,Dublin
w273908075,Taste Food Company,restaurant,amenity=restaurant,53.3410075,-6.2631442,Dublin
w273958442,Keogh's Cafe,restaurant,amenity=cafe,53.3440435,-6.2621534,Dublin
w273989880,Cafe 1920,restaurant,amenity=restaurant,53.3460248,-6.2594448,
w273992974,Butlers Chocolate Café,restaurant,amenity=cafe,53.3429828,-6.2618998,Dublin
w274213841,Metro Cafe,restaurant,amenity=cafe,53.3412261,-6.2629584,Dublin
w274479667,The Millstone,restaurant,amenity=restaurant,53.3440813,-6.2626808,Dublin
w275159990,The Old Stand,restaurant,amenity=pub,53.3431473,-6.2621411,"Dublin, Dublin"
w275160196,The Cedar Tree,restaurant,amenity=restaurant,53.3432546,-6.2620974,Dublin
w275160197,,restaurant,amenity=restaurant,53.3433079,-6.2620947,Dublin
w275474134,FIRE Steakhouse and Restaurant,restaurant,amenity=restaurant,53.3405101,-6.2577072,"Dublin, Dublin"
w279134296,Bang,restaurant,amenity=restaurant,53.3383498,-6.2548339,Dublin
w279140838,Etto,restaurant,amenity=restaurant,53.3381188,-6.2539264,Dublin
w279145273,Cirillos,restaurant,amenity=restaurant,53.337788,-6.2526357,Dublin
w279382544,Insomnia,restaurant,amenity=cafe,53.3420059,-6.2527361,Dublin
w280181974,The Larder Restaurant & Brewhouse,restaurant,amenity=cafe,53.3445689,-6.2671239,Dublin
w280190801,1900,restaurant,amenity=restaurant,53.3343568,-6.2627468,Dublin
w281357158,Montys Of Kathmandu,restaurant,amenity=restaurant,53.3444756,-6.2646063,Dublin
w281357163,The Mezz,restaurant,amenity=pub,53.3446946,-6.2646276,"Dublin, Dublin"
w281683058,Merchant's Arch,restaurant,amenity=pub,53.3459338,-6.2628178,"Dublin, Dublin"
w281768213,Java Republic,restaurant,amenity=cafe,53.3410087,-6.2570748,Dublin
w281772561,John O’Dywer’s,restaurant,amenity=pub,53.3384829,-6.2658954,"Dublin, Dublin"
w283771391,The Bleeding Horse,restaurant,amenity=pub,53.3334921,-6.264726,"Dublin, Dublin"
w284826827,Lottie's,restaurant,amenity=restaurant,53.3217662,-6.2667081,"Rathmines, Dublin"
w290652935,The Botanic,restaurant,amenity=restaurant,53.3667393,-6.2712225,"Dublin, Dublin"
w292099733,The Coach House,restaurant,amenity=pub,53.2763774,-6.2491433,"Balinteer, Dublin"
w292099734,Blue Orchid,restaurant,amenity=restaurant,53.2765219,-6.2489841,"Balinteer, Dublin"
w292692332,The Christchurch,restaurant,amenity=pub,53.3433881,-6.2733096,"Dublin, Dublin"
w293019430,Note,restaurant,amenity=restaurant,53.3414659,-6.248312,Dublin
w293274349,Angler's Rest,restaurant,amenity=restaurant,53.3591322,-6.358816,
w294423415,Red Torch Ginger,restaurant,amenity=restaurant,53.343453,-6.2620402,Dublin
w294818852,The Coliemore,restaurant,amenity=pub,53.2770631,-6.1030529,"Dalkey, Dublin"
w294962764,The Temple Bar,restaurant,amenity=pub,53.345459,-6.2640717,"Dublin, Dublin"
w299252486,Lifeboat Cafe Bar,restaurant,amenity=restaurant,53.5853625,-6.1050345,Skerries
w299257304,Stoop Your Head,restaurant,amenity=restaurant,53.584343,-6.1045208,"Skerries, Dublin"
w301007196,Govinda's,restaurant,amenity=restaurant,53.3484279,-6.2607986,Dublin
w301220523,Phoenix Park Tea Rooms,restaurant,amenity=cafe,53.3520881,-6.3046733,
w301851484,Brambles,restaurant,amenity=cafe,53.2753335,-6.2103586,
w302041736,Zaytoon,restaurant,amenity=restaurant,53.2764029,-6.2164326,Dublin
w302342926,,restaurant,amenity=restaurant,53.390647,-6.2885471,
w304267589,Overends,restaurant,amenity=restaurant,53.2878582,-6.2345125,
w308091556,Kerala Kitchen,restaurant,amenity=restaurant,53.3523584,-6.284233,Dublin
w308091565,Slice,restaurant,amenity=restaurant,53.3522379,-6.2846171,Dublin
w308731560,Ramen Co,restaurant,amenity=restaurant,53.3530222,-6.2853394,
w308731561,Joli Coffee & Wine,restaurant,amenity=cafe,53.3529662,-6.2853028,Dublin
w308731567,Korean Table,restaurant,amenity=restaurant,53.3531217,-6.2858946,
w313827642,Raheny Takeaway,restaurant,amenity=restaurant,53.3799201,-6.1767952,Raheny
w313829659,Mint Cottage,restaurant,amenity=restaurant,53.3799374,-6.1747939,
w313838456,The Manhattan,restaurant,amenity=pub,53.3806015,-6.1747725,"Raheny, Dublin"
w313953583,Bram's Café,restaurant,amenity=cafe,53.3647481,-6.2301233,
w314103943,Hillbillys,restaurant,amenity=restaurant,53.3633657,-6.2352175,Dublin
w314103944,Javaholics,restaurant,amenity=cafe,53.3635927,-6.2346369,Dublin
w314103949,The Strand House,restaurant,amenity=pub,53.3633643,-6.2357895,"Dublin, Dublin"
w314103962,Chopped,restaurant,amenity=restaurant,53.3633473,-6.2353966,
w314233869,Tuk Asian Street Food,restaurant,amenity=restaurant,53.3629082,-6.2373581,
w314866465,Tillie's Cafe,restaurant,amenity=cafe,53.3649863,-6.1839998,Dublin
w324346441,Nuthouse Bistro,restaurant,amenity=cafe,53.3706208,-6.2066387,
w325131328,The Parnell Heritage Pub,restaurant,amenity=pub,53.3521487,-6.262011,"Dublin, Dublin"
w325216524,,restaurant,amenity=restaurant,53.3455917,-6.2644292,Dublin
w325217018,Milano,restaurant,amenity=restaurant,53.3455565,-6.2647479,Dublin
w325350014,Butlers Chocolate Café,restaurant,amenity=cafe,53.3498195,-6.2607322,Dublin
w340474047,Daniel's,restaurant,amenity=cafe,53.3462139,-6.2675769,Dublin
w342712259,Little Venice,restaurant,amenity=restaurant,53.4043529,-6.2403861,Dublin
w346529440,Building 6 Canteen,restaurant,amenity=restaurant,53.4212515,-6.4186247,
w346529779,Building 2 Canteen,restaurant,amenity=restaurant,53.4199147,-6.4163637,
w346530538,Building 3 Canteen,restaurant,amenity=restaurant,53.41861,-6.4167293,
w346530733,Building 5 Canteen,restaurant,amenity=restaurant,53.419706,-6.4191583,
w349161808,Gourmet Shankill,restaurant,amenity=cafe,53.2260862,-6.1242355,
w350588958,Opium,restaurant,amenity=bar,53.3367014,-6.2660368,"Dublin, Dublin"
w352989510,BoCo,restaurant,amenity=restaurant,53.3513337,-6.2700795,"Dublin, Dublin"
w353239651,Sand Bar,restaurant,amenity=restaurant,53.3593258,-6.196269,
w356323487,Chilli Banana,restaurant,amenity=restaurant,53.3722813,-6.2523642,Dublin
w356323694,The Ivy House,restaurant,amenity=pub,53.3724149,-6.252173,"Dublin, Dublin"
w357121526,Il Caffé di Napoli,restaurant,amenity=restaurant,53.3426331,-6.2498017,Dublin
w362954595,Drop Dead Twice,restaurant,amenity=pub,53.3424468,-6.275358,"Dublin, Dublin"
w366214995,Lena,restaurant,amenity=restaurant,53.3299622,-6.2717715,Dublin
w368767237,Brambles Cafe,restaurant,amenity=cafe,53.58684,-6.1624652,
w369360050,Butlers Chocolate Café Ranelagh,restaurant,amenity=cafe,53.3244655,-6.2535777,Dublin
w369360052,scoff,restaurant,amenity=cafe,53.3245486,-6.2537782,
w369360054,gigi,restaurant,amenity=restaurant,53.3245699,-6.2538316,
w369361428,Suertudo,restaurant,amenity=restaurant,53.3247296,-6.2541818,Dublin
w369361430,Marios,restaurant,amenity=restaurant,53.324903,-6.2544946,Dublin
w370303889,The Gallery at Marlay Park,restaurant,amenity=cafe,53.2692782,-6.2722588,
w374559562,The Dog House Blues Tea Rooms,restaurant,amenity=restaurant,53.3889305,-6.0748254,"Howth, Dublin"
w374946094,Insomnia,restaurant,amenity=cafe,53.3882831,-6.0713371,
w374958547,The Pigeon House,restaurant,amenity=restaurant,53.3599497,-6.1956467,"Clontarf, Dublin"
w381661513,The Blackrock,restaurant,amenity=pub,53.3006765,-6.1770466,"Blackrock, Dublin"
w384344469,McGettigan’s,restaurant,amenity=pub,53.3473099,-6.2802604,"Smithfield, Dublin, Dublin"
w391799129,The Black Wolf,restaurant,amenity=pub,53.385976,-6.3744224,"Blanchardstown, Dublin"
w397314703,The Wishing Well,restaurant,amenity=pub,53.287642,-6.1777609,
w397314709,Volpe Nera,restaurant,amenity=restaurant,53.2876615,-6.1780482,
w397314717,Fable + Stey,restaurant,amenity=cafe,53.2876763,-6.1781443,
w397317291,Fu Moon,restaurant,amenity=restaurant,53.2878134,-6.1759788,
w404668620,,restaurant,amenity=restaurant,53.2919746,-6.4312444,
w410926446,Tower Tea Rooms,restaurant,amenity=cafe,53.2666573,-6.1148737,
w421229695,,restaurant,amenity=cafe,53.3321083,-6.3172106,
w427775182,The Tranquil Tea Rooms,restaurant,amenity=cafe,53.2816726,-6.1658057,
w435840488,Starbucks,restaurant,amenity=cafe,53.3496995,-6.2616286,Dublin
w449364757,Credo,restaurant,amenity=restaurant,53.3364581,-6.2641608,
w449364758,Green Bench Café,restaurant,amenity=cafe,53.3364622,-6.2640278,Dublin
w449364760,Wishbone,restaurant,amenity=restaurant,53.3364689,-6.2637935,Dublin
w450842274,Cool Hand,restaurant,amenity=cafe,53.3404858,-6.307814,Dublin
w483711535,Dead Man’s Inn,restaurant,amenity=pub,53.3560785,-6.3978172,"Dublin, Dublin"
w484399893,The Merrion Tree,restaurant,amenity=restaurant,53.2992539,-6.2090401,Mount Merrion
w491824092,Guzto,restaurant,amenity=restaurant,53.298267,-6.3035813,
w491824106,The Morgue,restaurant,amenity=pub,53.2982759,-6.3028112,"Templeogue, Dublin"
w492192131,Village Coffee House,restaurant,amenity=cafe,53.2983762,-6.3043763,
w498274925,I Monelli,restaurant,amenity=restaurant,53.3300514,-6.2690338,Dublin
w503456369,School Canteen,restaurant,amenity=restaurant,53.4317182,-6.1376043,
w507524192,Grill & Grain Restaurant,restaurant,amenity=restaurant,53.3496269,-6.2788297,Dublin
w507543523,Proper Order Coffee Co,restaurant,amenity=cafe,53.3475317,-6.2794942,
w517313133,The Coffee Shop,restaurant,amenity=cafe,53.3544756,-6.3044297,
w517592734,The Auld Dubliner,restaurant,amenity=pub,53.3455666,-6.2619765,"Dublin, Dublin"
w524119751,Costa,restaurant,amenity=cafe,53.2948593,-6.3556384,
w534275196,Red Cow Inn,restaurant,amenity=restaurant,53.3193994,-6.3628902,Dublin
w538065755,,restaurant,amenity=cafe,53.2855981,-6.3780086,
w549576985,Brasserie Sixty6,restaurant,amenity=restaurant,53.3425623,-6.2647453,Dublin
w549576995,Café Amore,restaurant,amenity=cafe,53.3422265,-6.2650527,Dublin
w553047965,An Poitín Stil,restaurant,amenity=pub,53.2810303,-6.4767921,"Rathcoole, Dublin"
w554672654,31 Lennox,restaurant,amenity=restaurant,53.3311213,-6.2667835,Dublin
w554690145,Wildflower,restaurant,amenity=restaurant,53.3318178,-6.2649446,
w559207138,Fallon & Byrne,restaurant,amenity=cafe,53.3227718,-6.2647632,
w570457137,Studio Cafe,restaurant,amenity=cafe,53.2992411,-6.2849116,
w570470623,The Mango Tree,restaurant,amenity=restaurant,53.299048,-6.2850501,
w586034253,Tram Cafe,restaurant,amenity=cafe,53.3434958,-6.4692645,
w586576112,O'Dwyer's Bar & Grill,restaurant,amenity=pub,53.4205171,-6.1378848,
w589373493,30 Church Street,restaurant,amenity=restaurant,53.3871706,-6.0659929,"Howth, Dublin"
w590023900,Summit Inn,restaurant,amenity=restaurant,53.3725903,-6.0580384,"Howth, Dublin"
w608742880,BaaBaa by Blacksheep Foods,restaurant,amenity=cafe,53.3496273,-6.3443506,
w619893950,Love is Art,restaurant,amenity=cafe,53.3464866,-6.267326,Dublin
w642161612,Bel Cibo,restaurant,amenity=restaurant,53.3311232,-6.372034,
w651183204,L'Vie Cafe,restaurant,amenity=restaurant,53.3614123,-6.28486,Dublin
w653945735,Costa,restaurant,amenity=cafe,53.4446348,-6.2156668,Swords
w655447232,Beaumont House,restaurant,amenity=pub,53.3856785,-6.2328703,Dublin
w657456424,The Silver Penny,restaurant,amenity=bar,53.349117,-6.2564359,
w660866726,Perky's,restaurant,amenity=cafe,53.3793233,-6.1749842,
w660917581,McHugh's Wine & Dine Raheny,restaurant,amenity=restaurant,53.3812485,-6.1655212,
w661026907,McGuinness Traditional Takeaway,restaurant,amenity=restaurant,53.3358673,-6.2657693,
w670757182,Seomra Tae,restaurant,amenity=cafe,53.2826558,-6.281434,
w672428807,Costa,restaurant,amenity=cafe,53.3019061,-6.377541,
w675300339,#NOFILTER,restaurant,amenity=cafe,53.3965961,-6.3159845,
w679933306,San Sab,restaurant,amenity=restaurant,53.3714412,-6.2529419,Dublin
w679933308,Patties,restaurant,amenity=restaurant,53.3715517,-6.2528719,Dublin
w679933311,Il Corvo,restaurant,amenity=restaurant,53.3719662,-6.2525815,Dublin
w679933313,Restaurant 104,restaurant,amenity=restaurant,53.3720876,-6.252498,Dublin
w679933316,Starry Kitchen,restaurant,amenity=restaurant,53.3722329,-6.2523976,Dublin
w680878171,Lao Chinese and Koren BBQ,restaurant,amenity=restaurant,53.3535917,-6.2586375,Dublin
w681374550,Kennedy’s,restaurant,amenity=pub,53.3671094,-6.2559512,"Dublin, Dublin"
w681454616,The Chocolate Café,restaurant,amenity=cafe,53.422905,-6.1769911,Kinsealy
w681866900,The Bald Eagle,restaurant,amenity=pub,53.3639618,-6.2716602,"Dublin, Dublin"
w681866902,The Back Page,restaurant,amenity=pub,53.3585193,-6.2729595,"Phibsborough, Dublin, Dublin"
w681976566,Café 53,restaurant,amenity=cafe,53.3721255,-6.2890776,
w682430066,Doyle’s Corner,restaurant,amenity=pub,53.3609282,-6.2724056,"Dublin, Dublin"
w683240615,The Black Sheep,restaurant,amenity=pub,53.3497611,-6.2690937,"Dublin, Dublin"
w684240820,Costa,restaurant,amenity=cafe,53.3891756,-6.3899722,
w689268905,Sichuan Chilli King,restaurant,amenity=restaurant,53.3535162,-6.2589632,Dublin
w689346945,Lee Kee,restaurant,amenity=restaurant,53.3535598,-6.2588424,Dublin
w689347365,Wok Station,restaurant,amenity=restaurant,53.3537366,-6.25833,
w689347797,Shi Wang Yun Chinese,restaurant,amenity=restaurant,53.3537083,-6.2584314,Dublin
w689348459,Lee's Charming Noodles,restaurant,amenity=restaurant,53.3536736,-6.2585478,Dublin
w696879584,Mint Leaf Indian Restaurant,restaurant,amenity=restaurant,53.3675987,-6.2550968,Dublin
w696901393,Xi'An Street Food,restaurant,amenity=restaurant,53.3502209,-6.258491,Dublin
w696901408,Brannigan’s,restaurant,amenity=pub,53.3503856,-6.2597882,"Dublin, Dublin"
w696901409,The Vintage Teapot,restaurant,amenity=cafe,53.3504025,-6.2596716,Dublin
w696901420,Starbucks,restaurant,amenity=cafe,53.3499053,-6.2589506,Dublin
w696909144,Jehan's Heaven,restaurant,amenity=restaurant,53.3505424,-6.2564465,Dublin
w696909146,The Wooden Whisk,restaurant,amenity=cafe,53.3502747,-6.2565765,
w696909148,Encha Asian Cuisine,restaurant,amenity=restaurant,53.3488425,-6.2593526,Dublin
w698895588,Rua Red Cafe,restaurant,amenity=cafe,53.2880527,-6.3729395,
w717153050,Gourmet Food Parlour,restaurant,amenity=cafe,53.5787648,-6.1085253,Skerries
w736806626,Camile,restaurant,amenity=restaurant,53.4446743,-6.2158078,Swords
w739818992,New Century,restaurant,amenity=restaurant,53.365943,-6.271906,Dublin
w739818995,Dall'Italiano,restaurant,amenity=restaurant,53.3660417,-6.2719188,Dublin
w741006509,Cafe Crema,restaurant,amenity=cafe,53.3484167,-6.2608945,Dublin
w741013940,Independent Pizza Co.,restaurant,amenity=restaurant,53.3628369,-6.2588577,Dublin
w741013944,Le Petit Breton Artisan Crêperie,restaurant,amenity=restaurant,53.3619429,-6.2595994,Dublin
w741013947,HOLI,restaurant,amenity=restaurant,53.3624401,-6.2592419,Dublin
w741013954,Ruposhe Indian,restaurant,amenity=restaurant,53.3620145,-6.2596965,Dublin
w744545070,Skinny Batch Food Co.,restaurant,amenity=cafe,53.5230622,-6.1675742,Lusk
w745324018,Bang Bang,restaurant,amenity=cafe,53.3642793,-6.27552,Dublin
w745669736,Spitalfields,restaurant,amenity=restaurant,53.339809,-6.275694,
w746623888,Matcha Matsukawa,restaurant,amenity=cafe,53.3495279,-6.2492662,Dublin
w746623889,The Harbourmaster Café,restaurant,amenity=cafe,53.3497916,-6.2490461,Dublin
w757721340,Costa,restaurant,amenity=cafe,53.2919616,-6.2685632,
w772264470,Costa,restaurant,amenity=cafe,53.3947721,-6.1897525,
w815206788,Mao at home,restaurant,amenity=restaurant,53.3214023,-6.3921673,
w815206790,Chilli Tandori,restaurant,amenity=restaurant,53.3213358,-6.3925316,
w815206791,East Village Coffee,restaurant,amenity=cafe,53.3213234,-6.3926108,
w818086251,Andersons,restaurant,amenity=cafe,53.3790342,-6.262047,Dublin
w821221210,The Art of Coffee,restaurant,amenity=cafe,53.3132348,-6.2041948,
w857910639,Costa,restaurant,amenity=cafe,53.3832732,-6.2959055,
w858465985,Coolquay Lodge,restaurant,amenity=restaurant,53.4590027,-6.3498183,Coolquay
w862826960,Cafe Sol,restaurant,amenity=cafe,53.2986694,-6.3594181,
w866339301,Costa,restaurant,amenity=cafe,53.3484148,-6.4066024,
w866361829,Starbucks,restaurant,amenity=cafe,53.2939144,-6.3706636,
w867005269,Mcgettigan's Cookhouse & Bar,restaurant,amenity=restaurant,53.3010577,-6.4187379,
w881968972,The Milestone,restaurant,amenity=pub,53.611045,-6.1851793,"Balbriggan, Dublin"
w881968987,The Harvest,restaurant,amenity=pub,53.6108901,-6.1856263,"Balbriggan, Dublin"
w893376289,TapHouse,restaurant,amenity=pub,53.3251743,-6.2541601,"Ranelagh, Dublin"
w893376290,Sano,restaurant,amenity=restaurant,53.325125,-6.2540702,
w893376291,Zaytoon,restaurant,amenity=restaurant,53.3250188,-6.253989,Dublin
w893413297,,restaurant,amenity=restaurant,53.3254068,-6.2547586,Dublin
w893445541,,restaurant,amenity=restaurant,53.3239748,-6.2510657,
w900804782,Costa,restaurant,amenity=cafe,53.2882038,-6.3546326,
w915756767,Coffee Pod,restaurant,amenity=cafe,53.3953868,-6.2950154,Finglas
w916905415,Golden Palace,restaurant,amenity=restaurant,53.3809026,-6.2457832,
w921876025,Brass Onion,restaurant,amenity=restaurant,53.3757429,-6.2397237,"Dublin, Dublin"
w922852942,Cinnamon,restaurant,amenity=restaurant,53.3239727,-6.2522177,"Ranelagh, Dublin"
w922852945,,restaurant,amenity=restaurant,53.3231234,-6.2499401,
w923978227,Bia Blasta,restaurant,amenity=cafe,53.3690416,-6.2556854,
w923978234,Yummy Oriental,restaurant,amenity=restaurant,53.3691937,-6.254402,
w923978240,Insomnia,restaurant,amenity=cafe,53.3688244,-6.2545145,
w926270284,Morton's Coffee Shop,restaurant,amenity=cafe,53.3210677,-6.2562576,Dublin
w926270285,Cafe 21,restaurant,amenity=cafe,53.321034,-6.2563477,
w926287970,Er Buchetto,restaurant,amenity=cafe,53.324182,-6.2526304,
w926287975,La Bodega,restaurant,amenity=restaurant,53.3238481,-6.2519415,"Ranelagh, Dublin"
w926386318,Jazz Chinese,restaurant,amenity=restaurant,53.3896908,-6.2007728,"Coolock Village, Dublin"
w927301368,The Duck,restaurant,amenity=cafe,53.3630039,-6.2565181,Dublin
w928261032,Brewdog Outpost,restaurant,amenity=pub,53.3446056,-6.2308212,"Dublin, Dublin"
w935376842,il Valentino,restaurant,amenity=cafe,53.3338255,-6.2454148,
w938113594,Pipers,restaurant,amenity=restaurant,53.4941435,-6.1096668,Portrane
w939468064,,restaurant,amenity=restaurant,53.3226705,-6.2367405,
w942944690,Small Changes,restaurant,amenity=cafe,53.3402529,-6.314762,Dublin
w943465099,,restaurant,amenity=restaurant,53.403379,-6.2075248,Dublin
w943465101,Thanh Cong,restaurant,amenity=restaurant,53.403369,-6.2070268,Dublin
w958454291,L'Antica,restaurant,amenity=restaurant,53.3216977,-6.2668107,Dublin
w958564208,Jumbo Wok,restaurant,amenity=restaurant,53.3823438,-6.2770149,
w958564209,Marcella's Takeaway Finglas,restaurant,amenity=restaurant,53.382369,-6.2771422,
w962695274,Mugs Cafe Bar,restaurant,amenity=cafe,53.2780153,-6.107109,Dalkey
w963331907,Macari's,restaurant,amenity=restaurant,53.3891999,-6.311297,Dublin
w965143718,Pizza Hut,restaurant,amenity=restaurant,53.3968284,-6.3043328,Dublin
w965148985,O'Briens,restaurant,amenity=cafe,53.3991106,-6.3044643,
w965411039,,restaurant,amenity=restaurant,53.3934434,-6.2861316,
w965434583,Keegan's Cafe,restaurant,amenity=cafe,53.3740773,-6.2911599,
w966165371,Caffé Italiano,restaurant,amenity=cafe,53.5752337,-6.1047725,Skerries
w966485439,Molly's Cafe,restaurant,amenity=cafe,53.580219,-6.1089016,Skerries
w966502741,D Café,restaurant,amenity=cafe,53.3527337,-6.2321848,Dublin
w967681081,Cafe 112,restaurant,amenity=cafe,53.355482,-6.234166,
w968293501,McMahon's,restaurant,amenity=cafe,53.3725601,-6.2681745,Dublin
w968498193,Little Washer,restaurant,amenity=restaurant,53.3754892,-6.2698951,Dublin
w969730696,Da Mimmo's,restaurant,amenity=restaurant,53.357387,-6.2425916,
w970119309,Filo,restaurant,amenity=cafe,53.3651788,-6.2714909,Dublin
w971724690,Couple of Mugs Coffee,restaurant,amenity=cafe,53.3637362,-6.3106394,Dublin
w972097332,Rua Wood Fired Pizza,restaurant,amenity=restaurant,53.3623707,-6.272314,
w972097333,Camille,restaurant,amenity=restaurant,53.3621607,-6.272376,
w972963378,Lemon Tree,restaurant,amenity=restaurant,53.367461,-6.2982036,Dublin
w983115827,Thindi,restaurant,amenity=restaurant,53.3622125,-6.2723606,
w989064783,Costa,restaurant,amenity=cafe,53.3707259,-6.3241513,
w995325596,Foodfare,restaurant,amenity=cafe,53.3906228,-6.2982396,
w995418107,Container Coffee,restaurant,amenity=cafe,53.3435658,-6.2841454,
w1002051408,Mugs,restaurant,amenity=cafe,53.278249,-6.1072665,Dalkey
w1002067888,Bella Cucina,restaurant,amenity=restaurant,53.2775152,-6.1041412,Dalkey
w1015987092,Costa,restaurant,amenity=cafe,53.349229,-6.3915755,
w1039726702,Kennedy's Food Store,restaurant,amenity=restaurant,53.3857748,-6.1744385,
w1041978456,,restaurant,amenity=restaurant,53.3649337,-6.2393671,
w1050700343,Bay,restaurant,amenity=restaurant,53.3630435,-6.1784455,"Clontarf, Dublin"
w1052152883,Brooks Cafe,restaurant,amenity=cafe,53.3820899,-6.2053991,Dublin
w1061196270,Costa,restaurant,amenity=cafe,53.3999847,-6.1713086,
w1075221492,Casa Mexico,restaurant,amenity=restaurant,53.3586441,-6.2735011,
w1075586682,Stay with us,restaurant,amenity=cafe,53.3606003,-6.2749952,
w1086239548,The Lombard,restaurant,amenity=bar,53.3442062,-6.2489599,Dublin
w1088000582,Costa,restaurant,amenity=cafe,53.2757266,-6.3539813,
w1088757463,,restaurant,amenity=cafe,53.3969378,-6.1371446,
w1090802290,The Edge,restaurant,amenity=cafe,53.287464,-6.3394935,
w1105621202,TGI Fridays,restaurant,amenity=restaurant,53.3459878,-6.2595599,Dublin
w1106071851,,restaurant,amenity=cafe,53.3484727,-6.2333809,
w1150715521,D5 Deli,restaurant,amenity=cafe,53.37965,-6.1776217,
w1155107516,Smokin Bones,restaurant,amenity=restaurant,53.4492866,-6.223978,Swords
w1156032507,The Tram Cafe,restaurant,amenity=cafe,53.3699228,-6.2603697,
w1174854836,Koffee and Gossip,restaurant,amenity=cafe,53.3563481,-6.371446,
w1230200834,Mango House,restaurant,amenity=restaurant,53.5787181,-6.1096941,Skerries
w1230714741,Chez Emily Chocolate,restaurant,amenity=cafe,53.458428,-6.3482825,The Ward
w1262537464,Starbucks,restaurant,amenity=cafe,53.3543902,-6.4006858,
w1302031351,Brew Coffee,restaurant,amenity=cafe,53.3811136,-6.1654438,
w1306272037,Musashi,restaurant,amenity=restaurant,53.2884274,-6.3741601,
w1309411481,Starbucks,restaurant,amenity=cafe,53.336734,-6.2431211,
w1316739335,Noshington,restaurant,amenity=cafe,53.3242118,-6.2795113,Dublin
w1349551189,Kennedys Coffee & Hot Food,restaurant,amenity=cafe,53.3548043,-6.2801694,
w1352202355,Macaris,restaurant,amenity=restaurant,53.4511181,-6.1526407,
w1352202356,Insomnia,restaurant,amenity=cafe,53.4510276,-6.1526527,
w1352202371,Taste of the Med,restaurant,amenity=cafe,53.4510165,-6.1531626,
w1352202374,,restaurant,amenity=restaurant,53.4509453,-6.1534957,
w1352501716,Chow Town,restaurant,amenity=restaurant,53.4504088,-6.1534017,
w1355674350,Hera,restaurant,amenity=restaurant,53.3610442,-6.259582,Dublin
w1358297407,The Yellow Door,restaurant,amenity=cafe,53.4513844,-6.1704072,
w1370309958,Ko San Thai Gastro Bar,restaurant,amenity=restaurant,53.4584585,-6.2198173,Swords
w1370354679,,restaurant,amenity=cafe,53.4575531,-6.2206343,
w1370622751,,restaurant,amenity=restaurant,53.4572205,-6.2201028,
w1374968620,Mr. Perri,restaurant,amenity=restaurant,53.3966485,-6.2449144,
w1374968621,Bun and Bowl,restaurant,amenity=restaurant,53.3967284,-6.2448836,
w1393580781,,restaurant,amenity=cafe,53.2752631,-6.2166201,
w1408645392,Ruff Café,restaurant,amenity=cafe,53.2611468,-6.3100576,
w1412069823,Mr French,restaurant,amenity=cafe,53.3435387,-6.2446257,Dublin
w1419385697,Mad Brothers,restaurant,amenity=cafe,53.3635427,-6.311053,
w1465307472,Thru the Green,restaurant,amenity=cafe,53.3014963,-6.2456927,
w1469949390,Jack's,restaurant,amenity=restaurant,53.3805998,-6.3556548,
w1483459878,505 Coffee,restaurant,amenity=cafe,53.3113501,-6.2377316,
w1488548224,Mr Beans,restaurant,amenity=cafe,53.2651272,-6.2119587,
w1504009243,McNally Family Farm Shop,restaurant,amenity=cafe,53.571901,-6.227072,Balrickard
w1523595134,Javaholics,restaurant,amenity=cafe,53.3636525,-6.234559,Dublin
