osm_id,name,category,subcategory,lat,lon,admin_division
w3796935,Liffey,water,waterway=river,53.3457454,-6.3320805,
w3796937,Liffey,water,waterway=river,53.348917,-6.3463299,
w3797126,Liffey,water,waterway=river,53.3613633,-6.3875751,
w3807687,Liffey,water,waterway=river,53.3573173,-6.4578667,
w4290334,Liffey,water,waterway=river,53.3680336,-6.4309316,
w4403875,,water,waterway=canal,53.3826656,-6.3627353,
w4403888,Royal Canal,water,waterway=canal,53.3817072,-6.3572717,
w4408412,10th Lock,water,waterway=canal,53.3754721,-6.3335652,
w4413866,Grand Canal,water,waterway=canal,53.3354201,-6.3023683,
w4417545,Royal Canal,water,waterway=canal,53.3573955,-6.2459007,
w4886700,Dodder,water,waterway=river,53.3259126,-6.2321043,
w4896092,Bohernabreena Reservoir Upper,water,natural=water,53.232863,-6.356583,
w4896093,Bohernabreena Reservoir Lower,water,natural=water,53.2445549,-6.3679943,
w4896094,Brittas Lake,water,natural=water,53.2427147,-6.4537285,
w6188246,Dodder,water,waterway=river,53.3104365,-6.2477241,
w6188248,Dodder,water,waterway=river,53.3049726,-6.2766072,
w6188672,Dodder,water,waterway=river,53.294497,-6.310437,
w7770197,,water,natural=water,53.3032785,-6.3400261,
w7770198,,water,natural=water,53.3036785,-6.3386353,
w7843136,,water,natural=water,53.2957038,-6.3269966,
w8584398,Wyckham Stream,water,waterway=stream,53.282578,-6.250136,
w8584404,Tolka,water,waterway=river,53.3852787,-6.3605081,
w10512303,Poddle,water,waterway=stream,53.3030478,-6.339188,
w10512306,Poddle,water,waterway=stream,53.3016358,-6.342035,
w10513599,Poddle,water,waterway=stream,53.305712,-6.3180849,
w12341795,George's Dock,water,natural=water,53.3486898,-6.2490999,
w14515478,Tolka,water,waterway=river,53.396227,-6.386931,
w18179106,Broadmeadow Water,water,waterway=river,53.4708074,-6.2116093,
w18179107,Broadmeadow Water,water,waterway=river,53.4698009,-6.2106215,
w18728400,Tolka,water,waterway=river,53.3986156,-6.389627,
w18728402,Tolka,water,waterway=river,53.3978214,-6.3888147,
w19352676,Carysfort-Maretimo Stream,water,waterway=stream,53.2964596,-6.1769077,
w22375764,Wyckham Stream,water,waterway=stream,53.2825658,-6.2627277,
w22375765,Little Dargle,water,waterway=stream,53.2777407,-6.2672566,
w22375787,Slang,water,waterway=stream,53.286822,-6.2418319,
w22747805,Tolka,water,waterway=river,53.3883133,-6.3746792,
w22747806,Tolka,water,waterway=river,53.3882432,-6.3732897,
w22747807,Tolka,water,waterway=river,53.3905287,-6.378898,
w22747808,Tolka,water,waterway=river,53.3893152,-6.3785345,
w22747811,Tolka,water,waterway=river,53.3913255,-6.3791982,
w22747812,Tolka,water,waterway=river,53.3920969,-6.379956,
w22776304,Loughlinstown River,water,waterway=river,53.2454016,-6.1339549,
w22951867,Tolka,water,waterway=river,53.3806129,-6.3438764,
w22970538,Tolka,water,waterway=river,53.4105305,-6.4335569,
w22970569,Tolka,water,waterway=river,53.4082547,-6.4103039,
w22970570,Tolka,water,waterway=river,53.4056011,-6.4035161,
w22970740,Tolka,water,waterway=river,53.4114036,-6.4258631,
w22970741,Tolka,water,waterway=river,53.4097661,-6.4225103,
w22978527,,water,waterway=canal,53.3670146,-6.281148,
w23020019,Elm Park Stream,water,waterway=stream,53.3129826,-6.2115719,
w23020031,,water,natural=water,53.3154059,-6.210657,
w23076387,Tolka,water,waterway=river,53.3731781,-6.2680989,
w23384657,Ward River,water,waterway=river,53.4564512,-6.2849094,
w23385696,,water,natural=water,53.5824308,-6.2034437,
w23388126,Portraine Asylum Reservoir,water,natural=water,53.4763197,-6.277313,
w23398420,Lecklinstown Reservoir,water,natural=water,53.5781241,-6.2751878,
w23404315,Mill Pond,water,natural=water,53.5728501,-6.1127142,
w23404323,,water,natural=water,53.5748535,-6.1069609,
w23404357,,water,waterway=river,53.5727623,-6.1122878,
w23414993,Sluice River,water,waterway=stream,53.4238385,-6.1569584,
w23414997,,water,waterway=stream,53.4241535,-6.1385368,
w23498526,,water,natural=water,53.4556617,-6.2880563,
w23576722,Owendoher,water,waterway=river,53.296979,-6.2867519,
w23641876,Slang,water,waterway=stream,53.2871488,-6.2432259,
w23652788,The Lake,water,natural=water,53.3077406,-6.2222211,
w23722229,Secret Lake,water,natural=water,53.3109551,-6.2231464,
w25836642,,water,natural=water,53.2885896,-6.3324214,
w25837154,City Watercourse,water,waterway=canal,53.2889587,-6.3311939,
w25946214,Dodder,water,waterway=river,53.2884907,-6.334102,
w25946267,Dodder,water,waterway=river,53.2533097,-6.3690362,
w25946535,Tallaght Stream,water,waterway=stream,53.263199,-6.4060413,
w25976884,Dodder,water,waterway=river,53.2467357,-6.3708118,
w25977397,Dodder,water,waterway=river,53.2091217,-6.3250515,
w26778135,Santry River,water,waterway=river,53.4043748,-6.249302,
w26800532,Santry River,water,waterway=river,53.4069571,-6.2629873,
w26809101,Broadmeadow River,water,waterway=river,53.4829162,-6.2519808,
w26834708,,water,waterway=canal,53.3836157,-6.4254404,
w26868837,,water,natural=water,53.345482,-6.31997,
w26928071,Millrace,water,waterway=stream,53.3594107,-6.3808084,
w26928073,,water,waterway=stream,53.3623445,-6.3783674,
w26966665,Dodder,water,waterway=river,53.27494,-6.3564145,
w26967234,Santry River,water,waterway=river,53.3992957,-6.2240445,
w26967238,Santry River,water,waterway=river,53.3973721,-6.2124462,
w27031143,Griffeen,water,waterway=river,53.3378173,-6.4449689,
w27272304,,water,waterway=stream,53.3367474,-6.4452665,
w27474702,,water,waterway=stream,53.3621354,-6.3754576,
w27836406,Tolka,water,waterway=river,53.4111941,-6.4365707,
w27836409,Tolka,water,waterway=river,53.4105896,-6.4330211,
w27836410,Tolka,water,waterway=river,53.4114158,-6.4294583,
w28112838,Delvin River,water,waterway=stream,53.5811212,-6.3703911,
w28113084,Ward River,water,waterway=river,53.454993,-6.2903861,
w28113139,Ward River,water,waterway=river,53.4395005,-6.3293647,
w28113156,,water,natural=water,53.4538623,-6.2951697,
w28776726,,water,natural=water,53.3790603,-6.0739903,
w28955588,Piperstown Stream,water,waterway=stream,53.2454362,-6.3492765,
w29029777,,water,natural=water,53.3566114,-6.492981,
w29203157,Sean Walsh Pond,water,natural=water,53.2847711,-6.3649528,
w29203177,Sean Walsh Pond,water,natural=water,53.2851713,-6.3632153,
w29203222,,water,waterway=stream,53.28483,-6.3662859,
w29203232,,water,waterway=stream,53.284317,-6.3653324,
w29203246,,water,waterway=stream,53.2833113,-6.3681776,
w29203278,,water,waterway=stream,53.2849526,-6.3638789,
w29203284,Whitestown Stream,water,waterway=stream,53.2856566,-6.3622131,
w29203731,Whitestown Stream,water,waterway=stream,53.2781675,-6.3876079,
w29291114,Glendoo Brook,water,waterway=stream,53.2403764,-6.315537,
w30415353,,water,natural=water,53.2818614,-6.4587145,
w30415395,,water,waterway=stream,53.280432,-6.4599643,
w30415402,,water,natural=water,53.2825558,-6.4580014,
w30415513,,water,waterway=stream,53.2829996,-6.4587741,
w30415519,,water,waterway=stream,53.2824571,-6.458235,
w30421250,Camac,water,waterway=river,53.3341977,-6.3271338,
w30428179,,water,natural=water,53.3454129,-6.3305611,
w30428288,,water,natural=water,53.3456247,-6.3382824,
w30428560,,water,natural=water,53.352457,-6.3513881,
w30428584,,water,natural=water,53.353762,-6.3572546,
w30428721,,water,natural=water,53.3594412,-6.3622512,
w30428769,,water,natural=water,53.3618137,-6.3685296,
w30428823,,water,natural=water,53.3624313,-6.3765755,
w30428866,,water,natural=water,53.3618904,-6.3846821,
w30428963,,water,natural=water,53.3609649,-6.3922804,
w30429128,,water,natural=water,53.3616141,-6.399941,
w30429180,,water,natural=water,53.3634667,-6.4069239,
w30429208,,water,natural=water,53.3666506,-6.4132679,
w30429285,,water,natural=water,53.3665265,-6.4201513,
w30429308,,water,natural=water,53.3667146,-6.4275078,
w30429355,,water,natural=water,53.3669309,-6.4351695,
w30429374,,water,natural=water,53.3635996,-6.4398301,
w30429388,,water,natural=water,53.3609643,-6.4435239,
w30429418,,water,natural=water,53.3588416,-6.449822,
w30429441,,water,natural=water,53.3566366,-6.4575752,
w30429460,,water,natural=water,53.3576529,-6.4640692,
w30429489,,water,natural=water,53.3604256,-6.4668367,
w30429533,,water,natural=water,53.3626366,-6.4675812,
w30466180,,water,natural=water,53.3390711,-6.2274196,
w30684944,Camac,water,waterway=river,53.3292775,-6.3312628,
w30684946,Camac,water,waterway=river,53.3326934,-6.3280272,
w31108100,,water,natural=water,53.2822482,-6.2842005,
w31267293,,water,waterway=stream,53.2658087,-6.3258089,
w31318957,Ward River,water,waterway=river,53.4701145,-6.2122114,
w31318958,Ward River,water,waterway=river,53.4701432,-6.2113521,
w31351902,,water,natural=water,53.2739517,-6.269953,
w31356776,,water,waterway=stream,53.2756232,-6.2706165,
w31993506,Griffeen,water,waterway=river,53.3498955,-6.4414895,
w32039682,,water,natural=water,53.3630902,-6.4723777,
w32039683,,water,natural=water,53.3629008,-6.478184,
w32040919,,water,natural=water,53.3620292,-6.4857458,
w32135989,,water,natural=water,53.2966595,-6.2826389,
w32819212,Trout Lake,water,natural=water,53.3109147,-6.4191688,
w33490935,Tolka,water,waterway=river,53.372957,-6.2672863,
w33582993,,water,natural=water,53.4566281,-6.1550221,
w33582997,,water,natural=water,53.4562931,-6.1550757,
w33582999,,water,natural=water,53.4564428,-6.1545955,
w33909976,,water,natural=water,53.4658959,-6.2102176,
w33909977,,water,natural=water,53.4657919,-6.2098304,
w33909979,,water,natural=water,53.4656806,-6.2094437,
w33909980,,water,natural=water,53.4663284,-6.2115947,
w33909981,,water,natural=water,53.4662263,-6.2112206,
w33909982,,water,natural=water,53.466833,-6.210811,
w33909983,,water,natural=water,53.4666898,-6.210252,
w33909987,,water,natural=water,53.4661086,-6.2108844,
w33909988,,water,natural=water,53.4660343,-6.2105717,
w34234102,,water,waterway=river,53.5755161,-6.1033932,
w34239227,,water,natural=water,53.2265819,-6.3092207,
w34561849,Glencullen,water,waterway=stream,53.2300898,-6.2702287,
w35018703,Santry River,water,waterway=river,53.4016585,-6.2296058,
w35093089,,water,waterway=stream,53.2325417,-6.1728011,
w35151042,,water,natural=water,53.2144838,-6.1665412,
w35151049,,water,natural=water,53.2099292,-6.1683125,
w35151060,,water,natural=water,53.2069948,-6.1634077,
w35151064,,water,natural=water,53.2045142,-6.1610416,
w35151070,,water,natural=water,53.2042957,-6.1583358,
w35151076,,water,natural=water,53.2080921,-6.1609708,
w35224173,,water,waterway=stream,53.2823317,-6.3439452,
w35263807,,water,natural=water,53.2093309,-6.1651209,
w35263813,,water,natural=water,53.2076809,-6.1624216,
w35263885,,water,natural=water,53.2047012,-6.1627412,
w35263888,,water,natural=water,53.2051412,-6.1553018,
w35263933,,water,natural=water,53.2100813,-6.1590698,
w35264007,,water,natural=water,53.2087313,-6.1675859,
w35272045,,water,natural=water,53.2080366,-6.1630046,
w35272095,,water,waterway=stream,53.2115003,-6.1677982,
w35314483,,water,waterway=stream,53.2156351,-6.2088566,
w35334728,,water,waterway=stream,53.2737802,-6.3426791,
w35334729,,water,waterway=stream,53.2730585,-6.3433361,
w35337513,,water,waterway=stream,53.223612,-6.2755545,
w35337599,,water,waterway=stream,53.2017921,-6.3146772,
w35337666,,water,waterway=stream,53.1954231,-6.3120442,
w35337694,,water,waterway=stream,53.1882957,-6.325083,
w35337702,,water,waterway=stream,53.1980196,-6.3222787,
w35337758,Cot Brook,water,waterway=stream,53.1878845,-6.3435747,
w35337839,Slade Brook,water,waterway=stream,53.2060697,-6.3582075,
w35337859,,water,waterway=stream,53.1915931,-6.3291767,
w35337868,,water,waterway=stream,53.1939454,-6.3479744,
w35337948,,water,waterway=stream,53.200261,-6.3467081,
w35356642,Booterstown Marsh,water,natural=wetland,53.3086122,-6.1929264,
w35356716,,water,waterway=stream,53.3126933,-6.1983105,
w35371859,,water,waterway=stream,53.2531112,-6.1995292,
w35371866,Ballyogan Stream,water,waterway=stream,53.2537605,-6.1896012,
w35371867,Ballyogan Stream,water,waterway=stream,53.2535549,-6.1796631,
w35371895,Ballyogan Stream,water,waterway=stream,53.2535913,-6.1760203,
w35371901,Ballyogan Stream,water,waterway=stream,53.254194,-6.1755082,
w35371929,"Loughlinstown River, North",water,waterway=river,53.245424,-6.1339512,
w35371935,Carrickmines River,water,waterway=stream,53.2524584,-6.1685574,
w35372021,Carrickmines River,water,waterway=stream,53.2523198,-6.1643408,
w35372042,St Bride's Stream,water,waterway=stream,53.2562681,-6.148637,
w35372046,St Bride's Stream,water,waterway=stream,53.2580503,-6.1499319,
w35372054,St Bride's Stream,water,waterway=stream,53.2646545,-6.1629689,
w35372066,,water,natural=water,53.2436173,-6.1390366,
w35372337,Kill o'the Grange Stream,water,waterway=stream,53.2654821,-6.1479905,
w35372384,Kill o'the Grange Stream,water,waterway=stream,53.2665245,-6.1493499,
w35372409,Kill o'the Grange Stream,water,waterway=stream,53.2679679,-6.1506707,
w35372503,Kill o'the Grange Stream,water,waterway=stream,53.2490222,-6.1260952,
w35767251,Ballycorus Pond,water,natural=water,53.2319956,-6.1728268,
w35767256,,water,waterway=stream,53.2304572,-6.1720596,
w37112677,,water,waterway=stream,53.4716928,-6.1230439,
w37803688,,water,natural=water,53.2800834,-6.4386132,
w37803689,,water,natural=water,53.2803404,-6.4357539,
w37803690,,water,natural=water,53.2806479,-6.4334958,
w37803691,,water,natural=water,53.2808304,-6.4327339,
w37803692,,water,natural=water,53.2812132,-6.4346723,
w37803693,,water,natural=water,53.2811018,-6.4338562,
w37803694,,water,natural=water,53.2835565,-6.4343119,
w37803695,,water,natural=water,53.283298,-6.4371427,
w37803696,,water,natural=water,53.282537,-6.4383919,
w37803697,,water,natural=water,53.2824371,-6.4355033,
w37803698,,water,natural=water,53.280834,-6.4373989,
w37803701,,water,natural=water,53.2839481,-6.4444419,
w37803702,,water,natural=water,53.2828876,-6.4455822,
w37803703,,water,natural=water,53.2833164,-6.446291,
w37803704,,water,natural=water,53.2838988,-6.4468188,
w37803705,,water,natural=water,53.2853339,-6.4491773,
w37803706,,water,natural=water,53.286894,-6.4445627,
w37803707,,water,natural=water,53.2876543,-6.4427637,
w37803708,,water,natural=water,53.2893709,-6.4410351,
w38484455,,water,natural=water,53.3657609,-6.3604477,
w38690384,,water,natural=water,53.3752059,-6.4180973,
w38690390,,water,natural=water,53.3695317,-6.4110531,
w38690394,,water,natural=water,53.3771233,-6.426109,
w38690395,,water,natural=water,53.379213,-6.4325279,
w38758261,,water,waterway=stream,53.5739135,-6.1116055,
w39505654,12th Lock,water,waterway=canal,53.3823833,-6.3664531,
w39955620,Bracken River,water,waterway=stream,53.5662311,-6.2103872,
w39986731,Warrenstown Stream,water,waterway=stream,53.4033549,-6.3802589,
w39986732,Warrenstown Stream,water,waterway=stream,53.4007809,-6.3856763,
w39986733,Warrenstown Stream,water,waterway=stream,53.4002854,-6.3871011,
w39989255,Warrenstown Stream,water,waterway=stream,53.4031325,-6.3815119,
w39989256,Warrenstown Stream,water,waterway=stream,53.4020338,-6.3835511,
w39989257,Warrenstown Stream,water,waterway=stream,53.4032409,-6.3808583,
w41191400,Glen Water,water,natural=water,53.3573988,-6.3503947,
w41456631,,water,natural=water,53.2808882,-6.3725705,
w41856953,,water,natural=water,53.2215851,-6.182339,
w41857112,,water,waterway=stream,53.2296925,-6.1730013,
w41857175,,water,waterway=stream,53.2326111,-6.1829031,
w41859941,,water,natural=water,53.2344649,-6.198486,
w41859942,,water,natural=water,53.2354876,-6.2048659,
w41859963,Loughlinstown River,water,waterway=stream,53.2404011,-6.2201771,
w41864859,,water,waterway=stream,53.2105827,-6.2504392,
w41864868,,water,waterway=stream,53.2120539,-6.2664752,
w41864872,,water,natural=water,53.2237974,-6.2227472,
w41864874,,water,waterway=stream,53.2275908,-6.224202,
w41864875,,water,natural=water,53.2270358,-6.2268473,
w41864879,,water,waterway=stream,53.2263147,-6.2260346,
w41864880,,water,waterway=stream,53.2273101,-6.2267053,
w41864904,,water,waterway=stream,53.2173218,-6.2181993,
w41865668,Whitechurch Stream,water,waterway=stream,53.244697,-6.2684209,
w41865677,Whitechurch Stream,water,waterway=stream,53.2718191,-6.2817748,
w41865682,,water,waterway=stream,53.2439282,-6.2749097,
w41865683,,water,waterway=stream,53.2417904,-6.2705522,
w41865684,,water,waterway=stream,53.241715,-6.2685509,
w41866075,,water,natural=water,53.262143,-6.2670465,
w41866076,,water,natural=water,53.2623086,-6.2668705,
w41866082,,water,waterway=stream,53.274176,-6.2687051,
w41900780,Dog Pond,water,natural=water,53.351437,-6.3085108,
w41921908,,water,natural=water,53.2434168,-6.1962264,
w42018199,Little Dargle,water,waterway=stream,53.2508898,-6.2519132,
w42018359,Little Dargle,water,waterway=stream,53.2682054,-6.2632298,
w42018417,,water,waterway=stream,53.2730847,-6.2674574,
w42018487,,water,waterway=stream,53.2755726,-6.2684066,
w42352119,,water,natural=water,53.3898538,-6.3274158,
w42509119,,water,waterway=stream,53.2097131,-6.4019486,
w42509255,,water,waterway=stream,53.2292575,-6.4117065,
w42509341,,water,waterway=stream,53.2396648,-6.3984166,
w42512958,,water,natural=water,53.2525332,-6.5319323,
w42513207,,water,waterway=stream,53.2494497,-6.515142,
w42514191,Slane River,water,waterway=stream,53.2593665,-6.5207276,
w42551353,Camac,water,waterway=stream,53.2426012,-6.4328686,
w42552451,,water,waterway=stream,53.2176858,-6.3212674,
w42552457,,water,waterway=stream,53.2097653,-6.3166767,
w42552462,,water,waterway=stream,53.2273045,-6.2291871,
w42552466,,water,waterway=stream,53.2204023,-6.3711732,
w42557234,,water,natural=water,53.4509999,-6.3026535,
w42566213,Griffeen,water,waterway=stream,53.3205178,-6.4566604,
w42566216,Griffeen,water,waterway=stream,53.3042296,-6.4766297,
w42566236,Griffeen,water,waterway=stream,53.3238805,-6.4513176,
w42566238,Griffeen,water,waterway=stream,53.3216008,-6.4545514,
w42566239,,water,natural=water,53.3210488,-6.4552954,
w42566246,Griffeen,water,waterway=stream,53.3251699,-6.4485523,
w42566248,,water,natural=water,53.3292687,-6.4381249,
w42576902,,water,waterway=stream,53.2189706,-6.3251382,
w42609242,,water,waterway=stream,53.1929078,-6.3643684,
w42609255,,water,waterway=stream,53.2017,-6.3582977,
w42621228,,water,waterway=stream,53.424685,-6.3970641,
w42621261,Pinkeen River,water,waterway=stream,53.4251099,-6.407923,
w42622717,,water,waterway=stream,53.4564742,-6.3227835,
w42622738,,water,natural=water,53.4587542,-6.3241676,
w42622809,,water,waterway=stream,53.4403289,-6.3821339,
w42679066,,water,waterway=stream,53.5494118,-6.4323247,
w42679112,Hurley River,water,waterway=stream,53.5393465,-6.4181054,
w42679117,,water,waterway=stream,53.5370321,-6.4222064,
w42703922,,water,waterway=stream,53.2194241,-6.2023085,
w42729295,,water,natural=water,53.428594,-6.3780064,
w42729298,,water,natural=water,53.4304357,-6.3784702,
w42729303,,water,natural=water,53.4312601,-6.3868234,
w42729307,,water,waterway=stream,53.4325094,-6.3857372,
w42729312,,water,waterway=stream,53.4306355,-6.3854059,
w42729344,,water,natural=water,53.430396,-6.3811387,
w42738016,Elm Park Stream,water,waterway=stream,53.3109986,-6.2245104,
w42738018,Elm Park Stream,water,waterway=stream,53.3106791,-6.2193964,
w42738277,Trimlestown Stream,water,waterway=stream,53.3117689,-6.1995759,
w42738287,Trimlestown Stream,water,waterway=stream,53.3059271,-6.2035823,
w42738323,,water,natural=water,53.2938879,-6.1840095,
w42739688,Crinken Stream,water,waterway=stream,53.2258664,-6.1449754,
w42739693,Crinken Stream,water,waterway=stream,53.2266028,-6.1373856,
w42739699,Carysfort-Maretimo Stream,water,waterway=stream,53.2900205,-6.1899054,
w42739700,Carysfort-Maretimo Stream,water,waterway=stream,53.2913122,-6.1895857,
w42739702,Crinken Stream,water,waterway=stream,53.2261656,-6.1504381,
w42739703,Carysfort-Maretimo Stream,water,waterway=stream,53.2939309,-6.1806965,
w42739704,Carysfort-Maretimo Stream,water,waterway=stream,53.2938496,-6.1818754,
w42739705,Carysfort-Maretimo Stream,water,waterway=stream,53.2937993,-6.1830152,
w42742021,,water,waterway=stream,53.2155441,-6.236095,
w42742022,,water,waterway=stream,53.2144029,-6.2332767,
w42748549,,water,waterway=stream,53.2513152,-6.2296281,
w42748553,Slang,water,waterway=stream,53.256233,-6.245668,
w42748556,Slang,water,waterway=stream,53.2696507,-6.2431986,
w42748558,Ballyogan Stream,water,waterway=stream,53.2567554,-6.2006789,
w42898042,Glendoo Brook,water,waterway=stream,53.2387794,-6.3140227,
w42898043,Owendoher River,water,waterway=river,53.2408521,-6.2913645,
w42918726,Camac,water,waterway=stream,53.2482948,-6.4241207,
w43017788,Loughlinstown River,water,waterway=river,53.2338424,-6.1973489,
w43017790,"Loughlinstown River, North",water,waterway=river,53.245525,-6.1350766,
w43017791,Loughlinstown River,water,waterway=river,53.2451754,-6.134126,
w43403936,Camac,water,waterway=river,53.3409659,-6.3077929,
w43403938,Camac,water,waterway=river,53.3412282,-6.3066229,
w43570586,Water habitat,water,natural=water,53.2844116,-6.2307449,
w43956331,,water,natural=water,53.4810667,-6.2220742,
w44845554,,water,waterway=stream,53.3734601,-6.2705335,
w44987930,,water,natural=water,53.3608079,-6.3107733,
w45405081,Camac,water,waterway=river,53.3414026,-6.3116075,
w45405082,Camac,water,waterway=river,53.3419754,-6.2997884,
w46427817,Poddle,water,waterway=stream,53.3203865,-6.2904117,
w46882623,,water,waterway=stream,53.293439,-6.1954753,
w46933011,Grand Canal Dock,water,natural=water,53.3419227,-6.2347831,
w47864604,,water,natural=water,53.344147,-6.21638,
w48932759,,water,natural=water,53.2518111,-6.2321704,
w48979873,,water,natural=water,53.2155803,-6.1147652,
w48979874,Crinken Stream,water,waterway=stream,53.2136899,-6.1136465,
w48979875,Crinken Stream,water,waterway=stream,53.2127615,-6.1093818,
w48980324,,water,natural=water,53.4265365,-6.1868866,
w48980327,Sluice River,water,waterway=stream,53.4261211,-6.1747958,
w49157297,Rathbeale Reservoir,water,natural=water,53.4710439,-6.2527662,
w50898075,,water,natural=water,53.3666779,-6.3939987,
w50898078,,water,natural=water,53.3657829,-6.4054142,
w50898081,,water,natural=water,53.3666526,-6.4054645,
w50898085,,water,natural=water,53.3650456,-6.3970066,
w50898088,,water,natural=water,53.364534,-6.3969707,
w50898090,,water,natural=water,53.3641565,-6.4028547,
w50898094,,water,natural=water,53.3651642,-6.3985857,
w50898102,,water,natural=water,53.3663147,-6.3914988,
w50898112,,water,natural=water,53.3661817,-6.3936155,
w50898114,,water,natural=water,53.3631421,-6.3927912,
w50898674,,water,natural=water,53.3654544,-6.3900148,
w51100774,,water,natural=water,53.4268986,-6.1503805,
w51100775,,water,natural=water,53.4250505,-6.1413318,
w51165342,,water,natural=water,53.4243335,-6.1317753,
w51165352,,water,natural=water,53.4200989,-6.1278832,
w51165355,,water,natural=water,53.41937,-6.1284227,
w51165358,,water,natural=water,53.4170128,-6.1249826,
w51165361,,water,natural=water,53.4172346,-6.1267952,
w51165363,,water,natural=water,53.4180518,-6.1273692,
w51165365,,water,natural=water,53.4243134,-6.1286862,
w51228053,,water,natural=water,53.4907375,-6.2668757,
w51228054,,water,natural=water,53.4914249,-6.2639082,
w51228851,,water,natural=water,53.4812129,-6.2722003,
w51228853,,water,natural=water,53.4840995,-6.2738599,
w51245820,,water,natural=water,53.2599166,-6.1864199,
w51245829,Racecourse Stream,water,waterway=stream,53.2681099,-6.2067799,
w51245830,Racecourse Stream,water,waterway=stream,53.2654139,-6.1984959,
w51245831,,water,natural=water,53.2595381,-6.187326,
w51366700,,water,natural=water,53.2680447,-6.2368408,
w51589826,Mayne,water,waterway=river,53.4080888,-6.1563051,
w51589827,Mayne,water,waterway=river,53.4090872,-6.1365866,
w51589839,,water,waterway=stream,53.4046278,-6.1383638,
w51589840,Mayne,water,waterway=river,53.4080445,-6.169305,
w51589841,,water,waterway=river,53.4097466,-6.1657254,
w51594000,,water,natural=water,53.3763213,-6.4409488,
w51594001,,water,natural=water,53.3788456,-6.4423316,
w51594002,,water,natural=water,53.3752719,-6.4500472,
w51747645,Little Dargle,water,waterway=stream,53.2714723,-6.2657456,
w51817246,,water,waterway=stream,53.2469961,-6.3359039,
w51817247,,water,waterway=stream,53.249754,-6.3198523,
w51824372,Tymon River,water,waterway=stream,53.2923337,-6.3620254,
w51824374,,water,natural=water,53.3005339,-6.3438657,
w51824375,Poddle,water,waterway=stream,53.3007394,-6.3431387,
w51877248,,water,natural=wetland,53.36631,-6.1620427,
w51877250,,water,natural=wetland,53.37702,-6.1351251,
w51878193,Poddle,water,waterway=stream,53.3173464,-6.2947787,
w51878194,,water,natural=water,53.3107484,-6.303058,
w51878195,Poddle,water,waterway=stream,53.3127073,-6.2999744,
w51911057,,water,natural=water,53.3909039,-6.1090221,
w51911058,,water,natural=water,53.3908338,-6.1107164,
w51911060,,water,natural=water,53.3922106,-6.1095243,
w51911061,,water,natural=water,53.3909983,-6.1074245,
w51993479,,water,waterway=river,53.3437774,-6.4395458,
w52156746,Kill o'the Grange Stream,water,waterway=stream,53.2656054,-6.1483125,
w52253471,Tymon River,water,waterway=stream,53.2930263,-6.349767,
w52253472,Tymon River,water,waterway=stream,53.2918427,-6.3571123,
w52783939,,water,waterway=stream,53.2262103,-6.2256975,
w52915306,,water,natural=water,53.3563766,-6.2247436,
w53102503,Ballymount Stream,water,waterway=stream,53.312291,-6.370895,
w53265306,Crinken Stream,water,waterway=stream,53.2146484,-6.114211,
w54532480,,water,natural=water,53.3681942,-6.0599396,
w54532481,,water,waterway=stream,53.3681862,-6.060166,
w54532482,,water,waterway=stream,53.3675614,-6.057635,
w55239642,,water,waterway=stream,53.2640856,-6.2306554,
w55239843,,water,natural=water,53.2519781,-6.234354,
w55239879,,water,waterway=stream,53.2585217,-6.2422394,
w55412146,Grand Canal,water,waterway=canal,53.3337243,-6.3334038,
w55412149,Grand Canal,water,waterway=canal,53.329438,-6.4065954,
w55412150,Grand Canal,water,waterway=canal,53.329115,-6.3976124,
w55412158,Grand Canal,water,waterway=canal,53.3299224,-6.3655326,
w55412161,Grand Canal,water,waterway=canal,53.33055,-6.4553658,
w55412164,Grand Canal,water,waterway=canal,53.3367346,-6.3076855,
w55412169,Grand Canal,water,waterway=canal,53.329574,-6.410479,
w55412170,Grand Canal,water,waterway=canal,53.3342411,-6.329004,
w55412176,Grand Canal,water,waterway=canal,53.330576,-6.4550892,
w55412179,Grand Canal,water,waterway=canal,53.3318525,-6.3493355,
w55412180,Grand Canal,water,waterway=canal,53.3305715,-6.3600806,
w55412181,Grand Canal,water,waterway=canal,53.3295124,-6.4086413,
w55412183,Grand Canal,water,waterway=canal,53.3339826,-6.3312044,
w55412188,Grand Canal,water,waterway=canal,53.3306486,-6.359428,
w55412190,Grand Canal,water,waterway=canal,53.3292741,-6.3709832,
w55412192,Grand Canal,water,waterway=canal,53.3360589,-6.3134693,
w55412195,Grand Canal,water,waterway=canal,53.3331888,-6.337969,
w55412196,Grand Canal,water,waterway=canal,53.3317414,-6.3502355,
w55412201,Grand Canal,water,waterway=canal,53.3361253,-6.3128683,
w55412204,Grand Canal,water,waterway=canal,53.3334564,-6.3356851,
w55412206,Grand Canal,water,waterway=canal,53.3294487,-6.4068032,
w55498355,Elm Park Stream,water,waterway=stream,53.3146809,-6.202881,
w55498357,,water,waterway=stream,53.3059138,-6.1866597,
w55498358,Trimlestown Stream,water,waterway=stream,53.3114262,-6.2007037,
w55498360,Trimlestown Stream,water,waterway=stream,53.3121132,-6.1985417,
w55498362,Nutley Stream,water,waterway=stream,53.3181376,-6.2121396,
w55498364,Priory Stream,water,waterway=stream,53.3028051,-6.1808538,
w55668402,,water,waterway=canal,53.3615444,-6.2598467,
w55668413,2nd Lock,water,waterway=canal,53.361592,-6.2600587,
w55668415,,water,waterway=canal,53.3628661,-6.2655664,
w55668421,,water,waterway=canal,53.3620519,-6.2620079,
w55888224,Carysfort-Maretimo Stream,water,waterway=stream,53.2906906,-6.1901599,
w56225655,Whitestown Stream,water,waterway=stream,53.283734,-6.3664669,
w56225663,Whitestown Stream,water,waterway=stream,53.2815147,-6.3732597,
w56225664,Whitestown Stream,water,waterway=stream,53.2812523,-6.3746236,
w56225665,Whitestown Stream,water,waterway=stream,53.2825901,-6.3692319,
w56225666,Whitestown Stream,water,waterway=stream,53.2863206,-6.3589584,
w56225667,Whitestown Stream,water,waterway=stream,53.2859114,-6.3615142,
w56227241,Whitestown Stream,water,waterway=stream,53.2790587,-6.3823841,
w56227242,Whitestown Stream,water,waterway=stream,53.2795628,-6.3925677,
w56227243,Whitestown Stream,water,waterway=stream,53.2787134,-6.3835454,
w56227244,Whitestown Stream,water,waterway=stream,53.2785231,-6.3840971,
w56227245,Whitestown Stream,water,waterway=stream,53.2786112,-6.3838468,
w56227246,Whitestown Stream,water,waterway=stream,53.2803218,-6.3779639,
w56227247,Whitestown Stream,water,waterway=stream,53.279392,-6.3812604,
w56348290,,water,natural=wetland,53.3582226,-6.4658994,
w57017888,Carrickmines River,water,waterway=stream,53.2533766,-6.1728274,
w57919908,Griffeen,water,waterway=river,53.3545953,-6.4498983,
w58416951,,water,natural=water,53.3145622,-6.415362,
w58416952,,water,natural=water,53.3144022,-6.4136196,
w58647484,Stradbrook Stream,water,waterway=stream,53.2928587,-6.1565721,
w58897668,6th Lock,water,waterway=canal,53.3655618,-6.2763916,
w59619593,Ballyogan Stream,water,waterway=stream,53.253731,-6.1805926,
w60115682,,water,waterway=canal,53.3653599,-6.2756456,
w60137875,5th Lock,water,waterway=canal,53.3645487,-6.2725742,
w62047294,Ward River,water,waterway=river,53.4287796,-6.3620033,
w62047306,Ward River,water,waterway=river,53.4366917,-6.3353069,
w62067674,,water,natural=water,53.2085475,-6.1639089,
w64059567,,water,natural=water,53.321109,-6.2473219,
w64059568,,water,natural=water,53.3210184,-6.2474137,
w64059604,,water,natural=water,53.3505072,-6.2472366,
w64059606,,water,natural=water,53.3503577,-6.2472671,
w64061982,,water,natural=water,53.3212052,-6.2471901,
w64062274,,water,natural=water,53.3152604,-6.2368143,
w64062276,Grand Canal,water,waterway=canal,53.3433091,-6.2310483,
w64062277,Grand Canal,water,waterway=canal,53.3433148,-6.2309445,
w64089374,,water,natural=water,53.4514667,-6.2960667,
w64089392,,water,natural=water,53.4504785,-6.2945775,
w64089395,,water,natural=water,53.4508327,-6.2953937,
w65259311,Camac,water,waterway=river,53.3177068,-6.408803,
w65259312,Camac,water,waterway=river,53.323734,-6.3934439,
w65259316,,water,natural=water,53.3202142,-6.3999294,
w65259318,Camac,water,waterway=river,53.3192945,-6.4029226,
w65259319,Camac,water,waterway=river,53.3199731,-6.4016335,
w65259321,Camac,water,waterway=river,53.3214898,-6.4016635,
w65259345,Camac,water,waterway=river,53.3275551,-6.3683727,
w65259347,Camac,water,waterway=river,53.3271203,-6.3633472,
w65259350,Camac,water,waterway=river,53.3274615,-6.3734879,
w65259354,Camac,water,waterway=river,53.32765,-6.3835336,
w65259358,Camac,water,waterway=river,53.3278514,-6.3802946,
w65476907,,water,natural=water,53.5497028,-6.1741645,
w65490579,,water,waterway=river,53.5269029,-6.1528946,
w65629779,,water,waterway=stream,53.5207848,-6.2037265,
w65629943,,water,waterway=stream,53.5225753,-6.2082992,
w65629984,,water,waterway=stream,53.5224663,-6.2069811,
w65644351,,water,natural=wetland,53.4999176,-6.1681001,
w65644355,Ballyboughal River,water,waterway=river,53.5013265,-6.2037843,
w65644388,,water,waterway=river,53.505618,-6.1693662,
w65644401,,water,natural=wetland,53.4997234,-6.1828823,
w68451850,Gaybrook Stream,water,waterway=stream,53.4457355,-6.1888789,
w69443356,,water,natural=water,53.5704327,-6.1390372,
w69443371,,water,natural=water,53.5709674,-6.1376626,
w69600919,,water,natural=wetland,53.4230751,-6.1420552,
w69600924,,water,natural=wetland,53.4238062,-6.1447961,
w70708625,,water,natural=water,53.4469924,-6.2166525,
w70708637,,water,natural=water,53.4466312,-6.2136797,
w71337314,Liffey,water,waterway=river,53.3537552,-6.3555651,
w71337316,Liffey,water,waterway=river,53.3629419,-6.4706012,
w71433690,Owendoher,water,waterway=river,53.2606226,-6.296876,
w71433703,Dodder,water,waterway=river,53.3040111,-6.2700141,
w71461563,Dodder,water,waterway=river,53.3143544,-6.2371492,
w71537240,Grand Canal,water,waterway=canal,53.3321591,-6.3466841,
w71537244,Grand Canal,water,waterway=canal,53.3288686,-6.3741861,
w71919324,,water,natural=water,53.390586,-6.3927875,
w72668393,Ballybetagh Bog,water,natural=wetland,53.216983,-6.1984518,
w73492976,Liffey,water,waterway=river,53.365703,-6.4378664,
w73492981,Liffey,water,waterway=river,53.3598832,-6.447495,
w74356618,,water,waterway=canal,53.3762903,-6.4715957,
w75094562,,water,natural=water,53.3513205,-6.2989349,
w75094576,,water,natural=water,53.3513959,-6.3003752,
w76300280,Liffey,water,waterway=river,53.3472218,-6.3089812,
w76300288,Royal Canal,water,waterway=canal,53.3755595,-6.3318807,
w76633333,,water,waterway=canal,53.3615197,-6.259746,
w76639108,Grand Canal,water,waterway=canal,53.3300773,-6.2643208,
w76645204,Liffey,water,waterway=river,53.3459235,-6.2294265,
w76726577,Grand Canal,water,waterway=canal,53.3326806,-6.3422565,
w76736544,,water,waterway=canal,53.3607705,-6.2565303,
w77531161,,water,waterway=canal,53.3641576,-6.2710696,
w77547362,Liffey,water,waterway=river,53.3535139,-6.3509928,
w77548902,Liffey,water,waterway=river,53.3625392,-6.3797356,
w77556986,Liffey,water,waterway=river,53.3683065,-6.4331264,
w77616821,Grand Canal,water,waterway=canal,53.3297121,-6.2756571,
w77616822,Dodder,water,waterway=river,53.3050935,-6.2833844,
w77618360,Dodder,water,waterway=river,53.2967876,-6.3009746,
w77619693,Dodder,water,waterway=river,53.2910586,-6.3220424,
w77623193,Poddle,water,waterway=stream,53.3048752,-6.3201312,
w77623200,Poddle,water,waterway=stream,53.3071968,-6.3149609,
w77626382,Grand Canal,water,waterway=canal,53.3293171,-6.4033052,
w77626390,Grand Canal,water,waterway=canal,53.3302351,-6.4280954,
w77638518,Dodder,water,waterway=river,53.2958591,-6.3096726,
w78331137,Liffey,water,waterway=river,53.3457087,-6.2677807,
w79641341,,water,natural=water,53.2268208,-6.1534957,
w79649241,Crinken Stream,water,waterway=stream,53.2268707,-6.1539852,
w80504205,Camac,water,waterway=river,53.3277731,-6.3770906,
w80504207,Camac,water,waterway=river,53.3275888,-6.3699041,
w80504208,Camac,water,waterway=river,53.327042,-6.3636349,
w80716703,Santry River,water,waterway=river,53.3902538,-6.1932145,
w80716705,Santry River,water,waterway=river,53.3913177,-6.1953402,
w81520531,St Bride's Stream,water,waterway=stream,53.25927,-6.1512228,
w81520535,St Bride's Stream,water,waterway=stream,53.2571598,-6.1492996,
w82204807,,water,waterway=stream,53.2253338,-6.1471198,
w83357057,Liffey,water,waterway=river,53.3472839,-6.2919148,
w83614022,,water,waterway=stream,53.262822,-6.2371796,
w83614028,,water,waterway=stream,53.2630709,-6.2362429,
w83997933,,water,waterway=stream,53.293808,-6.4761274,
w83997957,,water,waterway=stream,53.2895722,-6.4841309,
w83997994,,water,waterway=stream,53.2876304,-6.4899473,
w83998017,,water,waterway=stream,53.2871955,-6.4905278,
w83998059,,water,waterway=stream,53.2924384,-6.4772835,
w83998073,,water,waterway=stream,53.2934802,-6.476326,
w83998075,,water,waterway=stream,53.2915248,-6.4782946,
w84746363,Slang,water,waterway=stream,53.2849544,-6.2376118,
w84746381,Slang,water,waterway=stream,53.2851041,-6.2373839,
w86406174,,water,waterway=stream,53.2400781,-6.4524406,
w86406181,Camac,water,waterway=river,53.2522437,-6.4522967,
w87029204,Crinken Stream,water,waterway=stream,53.2158694,-6.1167951,
w87174643,Ballyogan Stream,water,waterway=stream,53.2553149,-6.2276391,
w87174650,Ballyogan Stream,water,waterway=stream,53.2566761,-6.2274965,
w87174652,,water,waterway=stream,53.2635721,-6.2340961,
w87234555,Ballyogan Stream,water,waterway=stream,53.2607363,-6.2253403,
w87234556,Ballyogan Stream,water,waterway=stream,53.2604054,-6.2255826,
w87355521,,water,waterway=stream,53.2255147,-6.2243841,
w87355522,,water,waterway=stream,53.2266784,-6.2263748,
w87355542,,water,waterway=stream,53.2268809,-6.2273132,
w87359567,,water,waterway=stream,53.2239641,-6.2044899,
w87359572,,water,waterway=stream,53.2224148,-6.2034299,
w87359616,Glencullen,water,waterway=river,53.2224335,-6.2486084,
w87377605,Ballyogan Stream,water,waterway=stream,53.2610789,-6.2251323,
w87377608,Ballyogan Stream,water,waterway=stream,53.2561839,-6.1994227,
w87377615,Ballyogan Stream,water,waterway=stream,53.2549379,-6.1969403,
w87377616,Ballyogan Stream,water,waterway=stream,53.2577066,-6.2047742,
w87377619,Ballyogan Stream,water,waterway=stream,53.2618944,-6.2209454,
w87377621,,water,waterway=stream,53.2649562,-6.2278771,
w88497736,Owendoher,water,waterway=river,53.2602792,-6.2969311,
w88497740,Glendoo Brook,water,waterway=stream,53.234508,-6.3094753,
w88497741,Whitechurch Stream,water,waterway=stream,53.2563366,-6.2881107,
w88497742,Glencullen,water,waterway=river,53.2159391,-6.2288617,
w88497746,Glencullen,water,waterway=stream,53.2271169,-6.263164,
w88497750,Whitechurch Stream,water,waterway=stream,53.265492,-6.2809108,
w88497751,Glendoo Brook,water,waterway=river,53.258445,-6.302162,
w88497761,Owendoher,water,waterway=river,53.2513836,-6.299564,
w88497765,Glendoo Brook,water,waterway=river,53.2558862,-6.3066308,
w88497770,Glendoo Brook,water,waterway=stream,53.2426013,-6.3173506,
w88676745,Racecourse Stream,water,waterway=stream,53.2572308,-6.1833778,
w88676746,Ballyogan Stream,water,waterway=stream,53.2535305,-6.1820927,
w88676750,Ballyogan Stream,water,waterway=stream,53.2533208,-6.1859027,
w88676751,Racecourse Stream,water,waterway=stream,53.2549972,-6.1785226,
w88676755,Racecourse Stream,water,waterway=stream,53.2590921,-6.1868272,
w88676763,Golf Stream,water,waterway=stream,53.2418869,-6.2084427,
w88697832,Carysfort-Maretimo Stream,water,waterway=stream,53.2923652,-6.1885024,
w88697835,Carysfort-Maretimo Stream,water,waterway=stream,53.2939051,-6.1811891,
w88697836,Carysfort-Maretimo Stream,water,waterway=stream,53.2919018,-6.189013,
w89405677,Racecourse Stream,water,waterway=stream,53.2669251,-6.202604,
w89405678,Ballyogan Stream,water,waterway=stream,53.2538751,-6.1756318,
w89405679,Ballyogan Stream,water,waterway=stream,53.2533118,-6.1776485,
w89405680,Ballyogan Stream,water,waterway=stream,53.2546208,-6.2275762,
w89405681,Ballyogan Stream,water,waterway=stream,53.2544576,-6.1942516,
w89405682,Racecourse Stream,water,waterway=stream,53.2665089,-6.2007238,
w95475097,,water,natural=water,53.3559622,-6.3058222,
w95514143,,water,waterway=stream,53.2610346,-6.2163868,
w98559532,,water,waterway=stream,53.3325472,-6.3498975,
w98559534,,water,waterway=stream,53.3324307,-6.345347,
w98559537,,water,waterway=stream,53.3328043,-6.3466428,
w98559538,,water,waterway=stream,53.3326648,-6.3458558,
w103407577,Golf Stream,water,waterway=stream,53.2431581,-6.1979883,
w103407581,Golf Stream,water,waterway=stream,53.2518774,-6.1783648,
w103407582,Golf Stream,water,waterway=stream,53.2530816,-6.176845,
w103407583,Golf Stream,water,waterway=stream,53.2424839,-6.2010017,
w103407584,,water,waterway=stream,53.2479287,-6.1843792,
w103407585,Golf Stream,water,waterway=stream,53.2425809,-6.201625,
w103407587,Golf Stream,water,waterway=stream,53.2426621,-6.1988328,
w103407588,Golf Stream,water,waterway=stream,53.2509264,-6.1796953,
w103510893,Piperstown Stream,water,waterway=stream,53.2509385,-6.362903,
w103510895,Piperstown Stream,water,waterway=stream,53.2508479,-6.3623351,
w103567148,Little Dargle,water,waterway=stream,53.2820832,-6.2628343,
w103567149,Little Dargle,water,waterway=stream,53.2843407,-6.2657312,
w103567153,Little Dargle,water,waterway=stream,53.2834601,-6.2637867,
w103567155,Little Dargle,water,waterway=stream,53.2857225,-6.2685209,
w103645881,,water,waterway=stream,53.2759296,-6.2659508,
w103645882,,water,waterway=stream,53.2721961,-6.2560411,
w103645884,,water,waterway=stream,53.2791364,-6.264474,
w104647927,Zaninja Stream,water,waterway=stream,53.4706529,-6.2532499,
w104748555,,water,natural=water,53.3715894,-6.0760546,
w106274366,,water,natural=water,53.2998311,-6.2916336,
w106274631,Whitechurch Stream,water,waterway=stream,53.2671045,-6.2800972,
w106649089,,water,waterway=stream,53.2448797,-6.2246265,
w109729388,Mooretown Water,water,waterway=stream,53.4698529,-6.2563169,
w110343257,,water,waterway=stream,53.4490282,-6.3487425,
w110345093,Pinkeen River,water,waterway=river,53.4164935,-6.42129,
w110542365,,water,natural=water,53.3393844,-6.2389287,
w110735039,Griffeen,water,waterway=stream,53.3352503,-6.4474692,
w110736565,Golf Stream,water,waterway=stream,53.2425066,-6.1992082,
w110736567,Golf Stream,water,waterway=stream,53.2423486,-6.2001648,
w111382832,Camac,water,waterway=river,53.3254902,-6.3889169,
w111382845,Camac,water,waterway=river,53.3248767,-6.3908996,
w111382855,Camac,water,waterway=river,53.3275133,-6.3837783,
w112953177,,water,waterway=stream,53.3064536,-6.223304,
w113603661,,water,waterway=stream,53.2664772,-6.2279025,
w115083071,,water,waterway=stream,53.25667,-6.2155835,
w115083076,,water,waterway=stream,53.2580721,-6.2148537,
w115083085,,water,waterway=stream,53.256574,-6.2156286,
w116749101,,water,natural=water,53.2355382,-6.4166787,
w119633760,,water,waterway=stream,53.2475464,-6.1829381,
w119633761,,water,waterway=stream,53.2469315,-6.1838487,
w119738326,,water,waterway=stream,53.2472767,-6.1833467,
w119738329,,water,waterway=stream,53.2470806,-6.1836422,
w119738331,,water,waterway=stream,53.2456705,-6.1857254,
w120231168,,water,waterway=stream,53.3589056,-6.3516974,
w120231173,,water,waterway=stream,53.3607256,-6.3491484,
w120231174,,water,waterway=stream,53.3582962,-6.3511239,
w120231176,,water,waterway=stream,53.3591984,-6.3524801,
w120356181,,water,waterway=stream,53.2812579,-6.4208385,
w120356182,,water,natural=water,53.2824608,-6.419018,
w120720367,,water,natural=water,53.4029927,-6.3754284,
w124755288,Dodder,water,waterway=river,53.3311914,-6.2296381,
w124755290,Dodder,water,waterway=river,53.3407219,-6.228503,
w124755293,Dodder,water,waterway=river,53.343329,-6.2293567,
w124755294,Dodder,water,waterway=river,53.3361676,-6.2258182,
w124755300,Dodder,water,waterway=river,53.3337984,-6.226737,
w124761428,Dodder,water,waterway=river,53.3188272,-6.2328965,
w127680072,Grand Canal,water,waterway=canal,53.3316946,-6.3506165,
w127681058,Dodder,water,waterway=river,53.2991143,-6.2912795,
w128624521,,water,natural=water,53.2940655,-6.4275575,
w128947245,,water,waterway=canal,53.3755424,-6.3194105,
w128947246,,water,waterway=canal,53.3755838,-6.3282652,
w128974792,,water,waterway=stream,53.3003108,-6.4163955,
w128974794,,water,natural=water,53.3010146,-6.4167936,
w129207209,Booterstown Marsh,water,natural=wetland,53.3106116,-6.1977628,
w129542135,Pill,water,waterway=stream,53.4813685,-6.164922,
w129542136,Pill,water,waterway=stream,53.484704,-6.1732162,
w129542137,Pill,water,waterway=stream,53.4808505,-6.1617176,
w129542138,,water,waterway=stream,53.4872942,-6.1789284,
w129542139,Pill,water,waterway=stream,53.4832443,-6.1698119,
w129744248,,water,waterway=stream,53.2336695,-6.4530757,
w137721008,,water,waterway=stream,53.5424566,-6.4309439,
w137721012,,water,waterway=stream,53.5503527,-6.4343709,
w137721013,,water,waterway=stream,53.5424618,-6.4284935,
w137721014,,water,waterway=stream,53.5497888,-6.4350469,
w138226731,Carysfort-Maretimo Stream,water,waterway=stream,53.2947609,-6.1784872,
w138226732,Carysfort-Maretimo Stream,water,waterway=stream,53.2950254,-6.1781054,
w142723536,,water,natural=water,53.3280774,-6.4790971,
w142723537,,water,natural=water,53.3279071,-6.4811644,
w142756260,,water,natural=water,53.3284796,-6.4794513,
w148087224,Camac,water,waterway=river,53.3368471,-6.3241475,
w148087225,Camac,water,waterway=river,53.3364321,-6.3248638,
w148087228,Camac,water,waterway=river,53.3361794,-6.3252541,
w148087824,Camac,water,waterway=river,53.3440395,-6.2956034,
w148091882,Camac,water,waterway=river,53.3270938,-6.3611955,
w148091883,Camac,water,waterway=river,53.3278313,-6.383147,
w148091884,Camac,water,waterway=river,53.323317,-6.3964383,
w148091885,Camac,water,waterway=river,53.3163995,-6.4116632,
w148091886,Camac,water,waterway=river,53.3277314,-6.3833709,
w148093745,Camac,water,waterway=river,53.3267865,-6.3593437,
w148093746,Camac,water,waterway=river,53.3272821,-6.3315975,
w148093748,Camac,water,waterway=river,53.3273532,-6.3671175,
w148093749,Camac,water,waterway=river,53.32772,-6.3341227,
w148093750,Camac,water,waterway=river,53.3302805,-6.3423312,
w148093751,Camac,water,waterway=river,53.3280994,-6.331485,
w148093753,Camac,water,waterway=river,53.3271036,-6.3649321,
w148093754,Camac,water,waterway=river,53.3270618,-6.3603736,
w148093755,Camac,water,waterway=river,53.327562,-6.3470328,
w148096539,,water,natural=water,53.3055686,-6.4211257,
w148096543,Camac,water,waterway=river,53.3050294,-6.4231882,
w148096546,Camac,water,waterway=river,53.3127154,-6.4176077,
w148096550,Camac,water,waterway=stream,53.3103101,-6.419479,
w148096553,Camac,water,waterway=river,53.3075531,-6.4226377,
w148096555,Camac,water,waterway=river,53.2917872,-6.4470316,
w148096559,Camac,water,waterway=river,53.318948,-6.4049605,
w148096561,Camac,water,waterway=river,53.3052112,-6.4223283,
w148096564,Camac,water,waterway=stream,53.3078118,-6.4195013,
w148098472,Camac,water,waterway=river,53.2862638,-6.4542351,
w148098473,Camac,water,waterway=river,53.2845739,-6.4541528,
w148098474,Camac,water,waterway=river,53.286944,-6.453152,
w148113247,Camac,water,waterway=river,53.2839923,-6.4538189,
w148113259,Camac,water,waterway=river,53.273764,-6.4482574,
w148113753,Camac,water,waterway=river,53.2983022,-6.4363585,
w148113757,Camac,water,waterway=river,53.2966845,-6.4405171,
w148120318,Drimnagh Castle Stream,water,waterway=stream,53.3262057,-6.3295918,
w148476035,,water,waterway=stream,53.2423919,-6.2956742,
w148593453,Camac,water,waterway=river,53.3384193,-6.321515,
w148593463,Camac,water,waterway=river,53.3373271,-6.3231289,
w148593475,Camac,water,waterway=river,53.3351984,-6.3265027,
w148595001,Camac,water,waterway=river,53.3447056,-6.2945059,
w148595002,Camac,water,waterway=river,53.3461405,-6.2931006,
w148846959,Slang,water,waterway=stream,53.292839,-6.2466347,
w148848893,Slang,water,waterway=stream,53.2896368,-6.2458193,
w148848895,Slang,water,waterway=stream,53.2935595,-6.2465967,
w148848896,Slang,water,waterway=stream,53.2910574,-6.2472302,
w148848897,Slang,water,waterway=stream,53.2837643,-6.2413557,
w148848898,Wyckham Stream,water,waterway=stream,53.2826046,-6.2604265,
w148848899,Slang,water,waterway=stream,53.2977209,-6.2472809,
w148848902,Wyckham Stream,water,waterway=stream,53.2824493,-6.2578934,
w148850272,Slang,water,waterway=stream,53.2796359,-6.2450413,
w148850274,Slang,water,waterway=stream,53.2790128,-6.2448108,
w148850275,Slang,water,waterway=stream,53.2820402,-6.2446767,
w148850277,Slang,water,waterway=stream,53.2807071,-6.2448857,
w148850279,Slang,water,waterway=stream,53.276601,-6.2431992,
w148851365,Slang,water,waterway=stream,53.2742079,-6.2401674,
w149599835,,water,waterway=stream,53.3456835,-6.3287761,
w149599839,,water,waterway=stream,53.3453902,-6.3207247,
w151077409,Priory Stream,water,waterway=stream,53.2976158,-6.1951526,
w151077412,Priory Stream,water,waterway=stream,53.2985718,-6.1917251,
w151077413,Priory Stream,water,waterway=stream,53.2970433,-6.1970216,
w151077414,Priory Stream,water,waterway=stream,53.2987198,-6.1888289,
w151077416,Priory Stream,water,waterway=stream,53.298178,-6.1940169,
w151077419,Priory Stream,water,waterway=stream,53.3017945,-6.1821071,
w151077420,Priory Stream,water,waterway=stream,53.2994547,-6.1851947,
w151077421,Priory Stream,water,waterway=stream,53.2987425,-6.187231,
w154387911,,water,waterway=stream,53.3496674,-6.3144154,
w154387912,,water,waterway=stream,53.3573885,-6.3505043,
w154387913,,water,waterway=stream,53.3503419,-6.3152874,
w154387915,,water,waterway=stream,53.3479481,-6.3112863,
w154387917,,water,waterway=stream,53.3558365,-6.3509958,
w154387919,,water,waterway=stream,53.3516687,-6.3177447,
w154387920,,water,waterway=stream,53.3484208,-6.3117954,
w154387921,,water,waterway=stream,53.3489505,-6.3130072,
w154388470,,water,natural=water,53.3470324,-6.3141239,
w159513082,Priory Stream,water,waterway=stream,53.2986686,-6.187803,
w159513084,Priory Stream,water,waterway=stream,53.2984379,-6.1939577,
w162476828,,water,waterway=stream,53.4575059,-6.2553191,
w162476867,Ward River,water,waterway=river,53.4569621,-6.2570827,
w162476868,Ward River,water,waterway=river,53.4570223,-6.2410419,
w162476950,Ushers Lake,water,natural=water,53.4575685,-6.2539659,
w162816241,Carysfort-Maretimo Stream,water,waterway=stream,53.299643,-6.1742274,
w164042080,Ballyogan Stream,water,waterway=stream,53.2529718,-6.2280903,
w164042081,Ballyogan Stream,water,waterway=stream,53.2537298,-6.2278977,
w165381869,Carysfort-Maretimo Stream,water,waterway=stream,53.2981599,-6.1748902,
w165394968,Trimlestown Stream,water,waterway=stream,53.3089979,-6.2032299,
w165394969,Trimlestown Stream,water,waterway=stream,53.3112637,-6.2010104,
w165516063,Dodder,water,waterway=river,53.3093036,-6.2485411,
w165516064,Dodder,water,waterway=river,53.3078206,-6.2558689,
w165567943,Dodder,water,waterway=river,53.3079862,-6.2516267,
w165567944,Dodder,water,waterway=river,53.3063807,-6.2628252,
w165568784,Dodder,water,waterway=river,53.304732,-6.2736638,
w165642619,Dodder,water,waterway=river,53.3124582,-6.2439758,
w165725356,Slang,water,waterway=stream,53.264594,-6.2443356,
w165741200,,water,waterway=stream,53.2691722,-6.2544506,
w165741207,,water,waterway=stream,53.2710884,-6.2552817,
w165754758,Slang,water,waterway=stream,53.2857686,-6.2372342,
w165754760,Slang,water,waterway=stream,53.2854016,-6.2370754,
w166157859,Deansgrange Stream,water,waterway=stream,53.2739354,-6.1580253,
w166399981,Deansgrange Stream,water,waterway=stream,53.2697042,-6.1533308,
w166562480,,water,waterway=stream,53.2608558,-6.2404107,
w166566492,Dodder,water,waterway=river,53.3072531,-6.2594877,
w166566493,Dodder,water,waterway=river,53.3063385,-6.2661817,
w166606382,Dodder,water,waterway=river,53.3047922,-6.2678626,
w166744625,,water,waterway=stream,53.2589142,-6.2431007,
w169051394,Dodder,water,waterway=river,53.3024206,-6.2865198,
w169068651,Poddle,water,waterway=stream,53.3040348,-6.3244856,
w169327014,Dodder,water,waterway=river,53.2933285,-6.3105787,
w169327015,Owendoher,water,waterway=river,53.2861482,-6.2939821,
w169327016,Owendoher,water,waterway=river,53.295575,-6.2876326,
w169327906,Poddle,water,waterway=stream,53.3063832,-6.3174493,
w169360572,Owendoher,water,waterway=river,53.2852765,-6.2949397,
w169360573,,water,waterway=stream,53.2746276,-6.3420929,
w169418653,Dodder,water,waterway=river,53.2957294,-6.3060874,
w169418654,Dodder,water,waterway=river,53.2968643,-6.3048244,
w169418655,Dodder,water,waterway=river,53.2954455,-6.3102774,
w169418657,Owendoher,water,waterway=river,53.2959171,-6.2867851,
w169418660,Owendoher,water,waterway=river,53.2988142,-6.2883562,
w169642491,Owendoher,water,waterway=river,53.2715051,-6.2995875,
w169642493,Owendoher,water,waterway=river,53.2778751,-6.2979417,
w169642496,Owendoher,water,waterway=river,53.2740865,-6.2992597,
w169642498,Owendoher,water,waterway=river,53.2692163,-6.2988907,
w169671404,Owendoher,water,waterway=river,53.2901491,-6.2902393,
w171604600,,water,waterway=stream,53.2471755,-6.3329528,
w173135081,Ballyogan Stream,water,waterway=stream,53.262098,-6.2230475,
w173135082,Ballyogan Stream,water,waterway=stream,53.2615988,-6.2243666,
w175426725,Camac,water,waterway=river,53.3240646,-6.3919536,
w175426727,Camac,water,waterway=river,53.3244655,-6.3914406,
w178222690,,water,waterway=stream,53.2402847,-6.2683384,
w178222703,,water,waterway=stream,53.2445191,-6.2639726,
w178222709,,water,waterway=stream,53.2419323,-6.2757078,
w178715111,,water,waterway=stream,53.2648883,-6.4201138,
w178715113,,water,waterway=stream,53.241542,-6.3967397,
w178715114,Whitestown Stream,water,waterway=stream,53.2803744,-6.398067,
w178715116,,water,waterway=stream,53.2775276,-6.4125156,
w178715118,Whitestown Stream,water,waterway=stream,53.2776233,-6.405179,
w178715121,,water,waterway=stream,53.2688874,-6.41839,
w178715123,,water,waterway=stream,53.2759107,-6.413183,
w179269175,,water,waterway=stream,53.2662442,-6.337261,
w179791626,Little Dargle,water,waterway=stream,53.2800344,-6.2644867,
w179791628,,water,natural=water,53.2735448,-6.2727784,
w179791634,Little Dargle,water,waterway=stream,53.2779451,-6.2669791,
w179792545,Poddle,water,waterway=stream,53.345608,-6.2653505,
w187183348,Camac,water,waterway=stream,53.310733,-6.4203839,
w187183351,Camac,water,waterway=stream,53.3100917,-6.4203587,
w187243456,,water,waterway=stream,53.3078141,-6.427364,
w187243457,,water,waterway=stream,53.3095761,-6.4272423,
w187243458,Griffeen,water,waterway=stream,53.3304677,-6.4511011,
w187243460,Griffeen,water,waterway=stream,53.3301339,-6.4499051,
w187243461,,water,waterway=stream,53.3095928,-6.4250133,
w187243463,Griffeen,water,waterway=stream,53.3223713,-6.4536373,
w187243464,Griffeen,water,waterway=stream,53.3207313,-6.4555938,
w187243465,,water,waterway=stream,53.3080475,-6.4350748,
w187243466,Griffeen,water,waterway=stream,53.3267948,-6.4479713,
w187243467,,water,waterway=stream,53.3111249,-6.4332284,
w187243468,,water,waterway=stream,53.3094762,-6.4242719,
w187243469,Griffeen,water,waterway=stream,53.3205412,-6.4560889,
w187243470,,water,waterway=stream,53.3110452,-6.4314647,
w187243473,,water,natural=water,53.3089086,-6.4328301,
w187243474,,water,natural=water,53.3126305,-6.43584,
w187243475,,water,natural=water,53.3155299,-6.4389532,
w187243477,,water,natural=water,53.3077682,-6.4348933,
w187243478,,water,natural=water,53.3117461,-6.4331279,
w187243479,,water,natural=water,53.3111401,-6.4325044,
w187243482,,water,natural=water,53.3142897,-6.4379532,
w187999243,Slang,water,waterway=stream,53.2827049,-6.2448721,
w188208977,,water,waterway=stream,53.2413727,-6.3875819,
w188208978,,water,natural=water,53.241683,-6.389267,
w191891109,,water,natural=water,53.3443293,-6.3004896,
w196117332,,water,waterway=stream,53.3033135,-6.418544,
w196389902,Owendoher,water,waterway=river,53.2942334,-6.2877132,
w196776927,Dodder,water,waterway=river,53.2953722,-6.3069323,
w197048023,Royal Canal,water,waterway=canal,53.3493491,-6.24027,
w206155763,Owendoher,water,waterway=river,53.2814355,-6.2978515,
w210630466,Liffey,water,waterway=river,53.3682929,-6.435514,
w210630467,Liffey,water,waterway=river,53.3593337,-6.4502195,
w210630476,,water,waterway=stream,53.3829068,-6.4469703,
w217945554,Poddle,water,waterway=stream,53.3248741,-6.2807245,
w220871851,Bracken River,water,waterway=river,53.5939216,-6.2116771,
w224260701,Kilnamanagh Stream,water,waterway=stream,53.3055018,-6.3535565,
w227935553,The Mill Pond,water,natural=water,53.2881548,-6.242934,
w228186781,,water,natural=water,53.2774438,-6.2166203,
w228555180,,water,natural=water,53.2547826,-6.1917542,
w228763406,,water,natural=water,53.3538215,-6.2640275,
w229012164,,water,waterway=stream,53.2559773,-6.3941235,
w229398470,,water,waterway=stream,53.2407348,-6.3185586,
w229407235,Whitechurch Stream,water,waterway=stream,53.2486908,-6.27912,
w229409915,Owendoher,water,waterway=river,53.2654543,-6.29651,
w229409934,Owendoher,water,waterway=river,53.2637993,-6.2966377,
w229419876,Little Dargle,water,waterway=stream,53.2729087,-6.2662053,
w229445312,Little Dargle,water,waterway=stream,53.2688708,-6.2636488,
w229445313,Little Dargle,water,waterway=stream,53.2690092,-6.2640134,
w229445315,Little Dargle,water,waterway=stream,53.2676339,-6.2628573,
w229469770,Slang,water,waterway=stream,53.3074895,-6.2482144,
w229471256,,water,natural=water,53.347721,-6.2904283,
w229540799,,water,natural=water,53.2705769,-6.2675591,
w229540803,,water,natural=water,53.2710181,-6.2703204,
w229540804,Little Dargle,water,waterway=stream,53.2825657,-6.2628538,
w229540809,Little Dargle,water,waterway=stream,53.2778465,-6.2671365,
w229592479,Whitechurch Stream,water,waterway=stream,53.2816917,-6.283683,
w229592481,Whitechurch Stream,water,waterway=stream,53.2841863,-6.2848663,
w229769424,,water,natural=water,53.5996476,-6.1964166,
w230060626,,water,waterway=stream,53.2268788,-6.2633832,
w230754748,Mill race (disused),water,waterway=canal,53.3467287,-6.3110112,
w231750300,Tolka,water,waterway=river,53.3755823,-6.2838978,
w231765178,Royal Canal,water,natural=water,53.3649969,-6.2742718,
w232067147,,water,natural=water,53.2670332,-6.3018622,
w232746932,,water,waterway=stream,53.2410492,-6.3206795,
w233401891,Slang,water,waterway=stream,53.2919969,-6.2470282,
w233422070,,water,natural=water,53.3716566,-6.2099717,
w234000379,Santry River,water,waterway=river,53.3900549,-6.1929396,
w234000380,Santry River,water,waterway=river,53.3869419,-6.1899696,
w235965142,Bracken River,water,waterway=river,53.6028979,-6.1862587,
w235965143,Bracken River,water,waterway=river,53.6035432,-6.186578,
w235965144,Bracken River,water,waterway=river,53.6032943,-6.1864459,
w235965145,Bracken River,water,waterway=river,53.604473,-6.1864701,
w235978583,,water,waterway=stream,53.2426688,-6.295888,
w235978585,,water,waterway=stream,53.2427948,-6.2958922,
w236891746,,water,natural=water,53.3562778,-6.3056347,
w237999143,,water,waterway=stream,53.2953785,-6.2783498,
w237999145,,water,waterway=stream,53.2972584,-6.277083,
w237999149,,water,waterway=stream,53.2989846,-6.2760848,
w237999155,,water,waterway=stream,53.2963582,-6.2775805,
w237999156,,water,natural=water,53.2969274,-6.2771259,
w237999162,,water,natural=water,53.2955872,-6.2781169,
w238046074,,water,waterway=stream,53.2354674,-6.3172413,
w238046076,,water,waterway=stream,53.2368277,-6.3221293,
w238747860,,water,natural=water,53.3036595,-6.2556844,
w238761201,,water,waterway=stream,53.2522375,-6.2547162,
w238765897,,water,waterway=stream,53.2948718,-6.277552,
w238778360,,water,waterway=stream,53.2950694,-6.2788478,
w238778361,Little Dargle,water,waterway=stream,53.2921297,-6.270604,
w238778362,,water,waterway=stream,53.2978689,-6.2768009,
w238778363,Little Dargle,water,waterway=stream,53.2938714,-6.2703503,
w238778364,,water,waterway=stream,53.3033457,-6.2710684,
w238778365,Little Dargle,water,waterway=stream,53.3032288,-6.2695563,
w238779308,Little Dargle,water,waterway=stream,53.3008593,-6.2684029,
w238779309,Little Dargle,water,waterway=stream,53.2984212,-6.2686847,
w238779310,Little Dargle,water,waterway=stream,53.2962216,-6.2696024,
w238807157,Elm Park Stream,water,waterway=stream,53.3105987,-6.2216119,
w238807787,,water,waterway=stream,53.3045834,-6.2354989,
w238807789,,water,waterway=stream,53.3033911,-6.2383895,
w238807792,,water,waterway=stream,53.3049529,-6.2337806,
w238807794,,water,waterway=stream,53.3046823,-6.2310039,
w238961314,,water,natural=water,53.3583163,-6.2495589,
w239578413,Elm Park Stream,water,waterway=stream,53.314184,-6.2051501,
w239578418,,water,waterway=stream,53.3139022,-6.2073156,
w240190239,,water,waterway=stream,53.259839,-6.3266899,
w240190241,,water,waterway=stream,53.2573299,-6.3289836,
w240190242,,water,waterway=stream,53.2558861,-6.3288249,
w240932625,,water,waterway=stream,53.2625156,-6.3387144,
w242285859,Dodder,water,waterway=river,53.2775884,-6.3531777,
w243194045,,water,waterway=stream,53.2632572,-6.4273046,
w243194049,,water,waterway=stream,53.2813375,-6.4236451,
w243241207,Camac,water,waterway=river,53.2853877,-6.4549135,
w243281108,,water,waterway=stream,53.2315873,-6.337658,
w243281111,,water,waterway=stream,53.2309601,-6.3380643,
w243281112,,water,waterway=stream,53.2246594,-6.3354792,
w243281113,,water,waterway=stream,53.2311539,-6.3419315,
w243289377,,water,waterway=stream,53.2476928,-6.3035878,
w243289378,,water,waterway=stream,53.2433034,-6.3069949,
w243289386,,water,waterway=stream,53.2437473,-6.3019106,
w243289388,,water,waterway=stream,53.24676,-6.3055727,
w250964196,Liffey,water,waterway=river,53.3600712,-6.4452916,
w251542541,Loughlinstown River,water,waterway=river,53.2336261,-6.179557,
w251618689,Ballymount Stream,water,waterway=stream,53.3168263,-6.3530328,
w251620245,Abbey Stream,water,waterway=stream,53.3289762,-6.2803666,
w251621974,,water,waterway=stream,53.320353,-6.2905986,
w251621975,,water,waterway=stream,53.3068446,-6.316471,
w251621976,Source of the Poddle,water,waterway=stream,53.2935588,-6.3788545,
w251623879,Ballymount Stream,water,waterway=stream,53.3130255,-6.3677873,
w252044659,Walkinstown Stream,water,waterway=stream,53.3181317,-6.3388827,
w252045477,Robinhood Stream,water,waterway=stream,53.3164585,-6.3477061,
w252046914,Poddle,water,waterway=stream,53.3145897,-6.2975036,
w252048982,Poddle,water,waterway=stream,53.3098812,-6.3072666,
w252130247,Dodder,water,waterway=river,53.2370801,-6.3628349,
w252130248,Dodder,water,waterway=canal,53.2282476,-6.3531054,
w252148169,,water,waterway=stream,53.3041113,-6.2871221,
w252422933,,water,natural=water,53.3206622,-6.2867793,
w252630320,Glencullen,water,waterway=stream,53.232565,-6.2791875,
w252729222,Ballymount Stream,water,waterway=stream,53.3102603,-6.3724425,
w252729223,,water,waterway=stream,53.3097123,-6.3731536,
w252729225,,water,waterway=stream,53.3054414,-6.3723915,
w252729228,,water,waterway=stream,53.3120633,-6.3897157,
w253099557,Delvin River,water,waterway=stream,53.5754302,-6.3515629,
w253099558,Delvin River,water,waterway=stream,53.5750768,-6.3503941,
w253099577,,water,waterway=stream,53.5692533,-6.3732954,
w253129499,Owendoher River,water,waterway=river,53.2427759,-6.2952667,
w253223514,Ballyboughal River,water,waterway=stream,53.5502455,-6.3607723,
w253345476,,water,waterway=stream,53.5476385,-6.3355705,
w253345488,,water,waterway=stream,53.5506063,-6.3367692,
w253345490,,water,waterway=stream,53.5456935,-6.3301217,
w253697915,Hurley River,water,waterway=stream,53.5394499,-6.4226459,
w253697937,,water,waterway=stream,53.5462466,-6.4339882,
w253697939,,water,waterway=stream,53.5421123,-6.4267254,
w253744988,Hurley River,water,waterway=stream,53.5407948,-6.4039713,
w253745008,Hurley River,water,waterway=stream,53.5428914,-6.3932548,
w253745010,Hurley River,water,waterway=stream,53.5395166,-6.4132963,
w253745011,Hurley River,water,waterway=stream,53.5416365,-6.3979834,
w254166355,Bracken River,water,waterway=stream,53.5685369,-6.2105222,
w254166356,Bracken River,water,waterway=stream,53.5689872,-6.2114819,
w254250092,,water,waterway=stream,53.2509359,-6.3779724,
w254250093,,water,waterway=stream,53.2475705,-6.3840315,
w254252912,,water,waterway=stream,53.2544443,-6.3745191,
w254252923,,water,waterway=stream,53.253788,-6.3751004,
w254258404,Tallaght Stream,water,waterway=stream,53.2736375,-6.4060827,
w254258405,Tallaght Stream,water,waterway=stream,53.2729875,-6.4061685,
w254557348,,water,waterway=stream,53.2442833,-6.2773174,
w254911318,Griffeen,water,waterway=stream,53.3322355,-6.450475,
w254911325,Griffeen,water,waterway=stream,53.3024987,-6.473927,
w254911326,Griffeen,water,waterway=stream,53.3005959,-6.4720525,
w254911328,Griffeen,water,waterway=stream,53.330887,-6.4520322,
w254911330,Griffeen,water,waterway=stream,53.3002284,-6.4722549,
w254911334,Griffeen,water,waterway=stream,53.3010463,-6.4717929,
w254911342,Griffeen,water,waterway=stream,53.334231,-6.4482572,
w254911345,Griffeen,water,waterway=stream,53.3007498,-6.4719667,
w254911346,Griffeen,water,waterway=stream,53.2998449,-6.4724622,
w254911349,Griffeen,water,waterway=stream,53.3004561,-6.4721316,
w254913090,Griffeen,water,waterway=stream,53.3294936,-6.4486302,
w254913092,Griffeen,water,waterway=stream,53.3286884,-6.4476614,
w254916754,Camac,water,waterway=river,53.3052209,-6.4228204,
w255232443,,water,waterway=stream,53.2487986,-6.2876218,
w255242184,Walkinstown Stream,water,waterway=stream,53.3245799,-6.3493598,
w255242187,Walkinstown Stream,water,waterway=stream,53.325112,-6.3494313,
w255448183,Camac,water,waterway=river,53.3272507,-6.3665757,
w255448198,Camac,water,waterway=river,53.3272058,-6.3661626,
w256183883,,water,waterway=stream,53.3348501,-6.4449514,
w256183885,,water,waterway=stream,53.3351393,-6.4450373,
w256628102,Griffeen,water,waterway=river,53.344689,-6.4405835,
w256628125,Griffeen,water,waterway=river,53.3402387,-6.4425012,
w256826237,Ballyogan Stream,water,waterway=stream,53.2614684,-6.2169308,
w257129430,,water,natural=water,53.3497387,-6.3462885,
w257152701,,water,waterway=stream,53.3498141,-6.3619928,
w258338551,Royal Canal,water,waterway=canal,53.3754936,-6.3330641,
w258338569,Royal Canal,water,waterway=canal,53.380521,-6.3515148,
w258338584,11th Lock,water,waterway=canal,53.3806769,-6.3520749,
w258341364,,water,waterway=canal,53.3631596,-6.2668597,
w258341367,4th Lock,water,waterway=canal,53.363363,-6.2676425,
w258341369,1st Lock,water,waterway=canal,53.3566998,-6.2445816,
w258343760,Royal Canal,water,waterway=canal,53.3747759,-6.308825,
w258343762,,water,waterway=canal,53.3751678,-6.3125611,
w258343763,9th Lock,water,waterway=canal,53.3755355,-6.3163186,
w258343764,Royal Canal,water,waterway=canal,53.3713682,-6.2915184,
w258343765,,water,waterway=canal,53.3737528,-6.3035762,
w258343766,,water,waterway=canal,53.3700907,-6.2886797,
w258382941,Royal Canal Sea Lock,water,waterway=canal,53.3479556,-6.240489,
w258382944,,water,waterway=canal,53.3825573,-6.3647202,
w258382945,Royal Canal,water,waterway=canal,53.3472913,-6.2405935,
w258518968,Grand Canal,water,waterway=canal,53.3368253,-6.3068827,
w258518970,Grand Canal,water,waterway=canal,53.329101,-6.3972168,
w258518972,Grand Canal,water,waterway=canal,53.3343051,-6.3284641,
w258628481,,water,natural=water,53.2617542,-6.1550283,
w259371083,6th Lock,water,waterway=canal,53.3654634,-6.2760246,
w259371088,5th Lock,water,waterway=canal,53.3644495,-6.2722068,
w259371096,4th Lock,water,waterway=canal,53.3632838,-6.2673245,
w259371101,3rd Lock,water,waterway=canal,53.3625562,-6.2641384,
w260607174,Grand Canal,water,waterway=canal,53.3373997,-6.2405514,
w260607176,Grand Canal,water,waterway=canal,53.3439749,-6.2304986,
w260607177,Grand Canal,water,waterway=canal,53.3300747,-6.2643984,
w260607178,Grand Canal,water,waterway=canal,53.3320451,-6.2528904,
w260607179,Grand Canal,water,waterway=canal,53.3319893,-6.2531441,
w260607180,Grand Canal,water,waterway=canal,53.3300676,-6.2646004,
w260607184,Grand Canal,water,waterway=canal,53.3375128,-6.2403802,
w260607185,Grand Canal,water,waterway=canal,53.3437146,-6.2306508,
w260607190,Grand Canal,water,waterway=canal,53.3337213,-6.2471674,
w260607191,Grand Canal,water,waterway=canal,53.3304422,-6.2602423,
w260607194,Grand Canal,water,waterway=canal,53.3438192,-6.2307958,
w260607195,Grand Canal,water,waterway=canal,53.3440979,-6.2303747,
w260607196,Grand Canal,water,waterway=canal,53.3362053,-6.2423797,
w260607198,Grand Canal,water,waterway=canal,53.3339965,-6.2462652,
w260607199,Grand Canal,water,waterway=canal,53.3385461,-6.2388325,
w260607200,Grand Canal,water,waterway=canal,53.3445081,-6.2300614,
w260607201,Grand Canal,water,waterway=canal,53.3436358,-6.2308961,
w260607203,Grand Canal,water,waterway=canal,53.3361029,-6.2425463,
w260607205,Grand Canal,water,waterway=canal,53.3384366,-6.239002,
w260607208,Grand Canal,water,waterway=canal,53.3303933,-6.2604695,
w260610476,Grand Canal,water,waterway=canal,53.3367796,-6.3072868,
w260611132,Grand Canal,water,waterway=canal,53.3342787,-6.3286859,
w260615859,Poddle,water,waterway=stream,53.3226034,-6.2826192,
w260619837,Poddle,water,waterway=stream,53.3198104,-6.2920653,
w260619839,Poddle,water,waterway=stream,53.3106039,-6.3046634,
w261937260,,water,natural=water,53.227909,-6.2975969,
w263865516,,water,waterway=stream,53.2967156,-6.4337048,
w265431692,,water,natural=water,53.3580705,-6.2271147,
w265704170,Ballyboughal River,water,waterway=river,53.5002226,-6.196943,
w265704176,Ballyboughal River,water,waterway=river,53.5010855,-6.2000295,
w266605865,,water,waterway=river,53.3736795,-6.1803568,
w266605866,,water,waterway=river,53.3736329,-6.1800966,
w266605867,,water,waterway=river,53.3737227,-6.1806002,
w266605868,,water,waterway=river,53.3736062,-6.1799789,
w266605869,,water,waterway=river,53.373622,-6.1800382,
w266605870,Naniken River,water,waterway=river,53.3732171,-6.1784924,
w269691950,Poddle,water,waterway=stream,53.3029246,-6.3343288,
w269694510,,water,waterway=stream,53.3087428,-6.3100853,
w269694512,,water,waterway=stream,53.3094437,-6.3086081,
w269694513,,water,waterway=stream,53.3083997,-6.3106162,
w269697527,Poddle,water,waterway=stream,53.3384842,-6.2728269,
w269697528,Poddle,water,waterway=stream,53.3365089,-6.2765216,
w269699024,Poddle,water,waterway=stream,53.337953,-6.2736458,
w269728454,Poddle,water,waterway=stream,53.3427859,-6.2686464,
w270540774,Poddle,water,waterway=stream,53.3078825,-6.3119645,
w270672290,Glencullen,water,waterway=river,53.2250459,-6.2565281,
w273755073,Camac,water,waterway=river,53.3268782,-6.3851634,
w273755075,Grand Canal,water,waterway=canal,53.328679,-6.3855347,
w273755077,Grand Canal,water,waterway=canal,53.3284845,-6.3804028,
w273755088,Liffey,water,waterway=river,53.362102,-6.3842899,
w273755093,Liffey,water,waterway=river,53.3608156,-6.3902492,
w273755105,,water,waterway=stream,53.3096412,-6.3768535,
w273755108,,water,waterway=stream,53.3107057,-6.3799994,
w273789432,,water,waterway=canal,53.3846564,-6.4373827,
w273789436,,water,waterway=canal,53.3827348,-6.4420665,
w273789446,,water,waterway=stream,53.3870159,-6.4567123,
w273789455,,water,waterway=stream,53.3814686,-6.4437742,
w273964593,Tolka,water,waterway=river,53.3796155,-6.3257718,
w273972266,,water,natural=water,53.3788335,-6.3170745,
w273972278,,water,natural=water,53.3787563,-6.3161303,
w273972280,,water,natural=water,53.3789508,-6.3181136,
w273985058,,water,waterway=stream,53.379348,-6.3218688,
w273992792,Carrickmines River,water,waterway=stream,53.2539254,-6.1742838,
w273992797,Carrickmines River,water,waterway=stream,53.2519772,-6.1650807,
w273992798,St Bride's Stream,water,waterway=stream,53.2551718,-6.1476805,
w273992799,St Bride's Stream,water,waterway=stream,53.2531338,-6.1464906,
w273992800,"Loughlinstown River, North",water,waterway=river,53.2487007,-6.1404349,
w273992801,"Loughlinstown River, North",water,waterway=river,53.2523452,-6.1459382,
w273992802,St Bride's Stream,water,waterway=stream,53.2541224,-6.14693,
w273993142,Tolka,water,waterway=river,53.3796562,-6.322587,
w273993148,,water,waterway=stream,53.3795278,-6.3257718,
w274316802,Santry River,water,waterway=river,53.4006651,-6.2272887,
w274597340,Grand Canal,water,waterway=canal,53.3299636,-6.4209753,
w274597341,Grand Canal,water,waterway=canal,53.3300874,-6.4240772,
w274597342,Grand Canal,water,waterway=canal,53.3320355,-6.347792,
w274597343,Grand Canal,water,waterway=canal,53.3297108,-6.4142826,
w274597344,Grand Canal,water,waterway=canal,53.3289264,-6.3923204,
w274597348,Liffey,water,waterway=river,53.3457736,-6.3389756,
w274597351,Liffey,water,waterway=river,53.3465435,-6.3438889,
w275007935,Scribblestown Stream,water,waterway=stream,53.3798735,-6.3234145,
w275360277,,water,natural=water,53.3850873,-6.3600969,
w275506099,,water,waterway=stream,53.2829255,-6.5032188,
w275506100,,water,waterway=stream,53.2812934,-6.5170703,
w275581246,Glencullen,water,waterway=river,53.2133291,-6.2211709,
w275581247,Glencullen,water,waterway=river,53.2195208,-6.2397589,
w275899534,Ballymount Stream,water,waterway=stream,53.3219886,-6.3486693,
w275899538,Ballymount Stream,water,waterway=stream,53.3201138,-6.3491382,
w275899541,Camac,water,waterway=river,53.3253827,-6.3502322,
w275899543,Camac,water,waterway=river,53.3256219,-6.3524932,
w275899546,Camac,water,waterway=river,53.3261325,-6.356217,
w275899549,Camac,water,waterway=river,53.327177,-6.3624772,
w275899566,Walkinstown Stream,water,waterway=stream,53.3226389,-6.3481717,
w276127853,Griffeen,water,waterway=stream,53.3050393,-6.4770481,
w276127859,Griffeen,water,waterway=stream,53.3066108,-6.4778191,
w276145736,Dodder,water,waterway=canal,53.2311461,-6.3557709,
w276145739,Dodder,water,waterway=canal,53.2308913,-6.3554024,
w276145742,Dodder,water,waterway=canal,53.2314245,-6.3560448,
w276145743,Dodder,water,waterway=canal,53.2336777,-6.3584239,
w276145744,Dodder,water,waterway=canal,53.2312846,-6.355908,
w276145745,Dodder,water,waterway=canal,53.2315874,-6.3561698,
w276145747,Dodder,water,waterway=canal,53.2308084,-6.355243,
w276145748,Dodder,water,waterway=canal,53.2310169,-6.3555873,
w276299014,Tolka,water,waterway=river,53.3732117,-6.2690325,
w276299015,Tolka,water,waterway=river,53.3738404,-6.2708025,
w276390332,Liffey,water,waterway=river,53.3536132,-6.3539205,
w276390345,Liffey,water,waterway=river,53.3672421,-6.4126529,
w276390347,Liffey,water,waterway=river,53.3608875,-6.3929575,
w276405717,Owendoher,water,waterway=stream,53.2357564,-6.2904708,
w276455926,Liffey,water,waterway=river,53.3667127,-6.4199466,
w276455927,Liffey,water,waterway=river,53.359913,-6.4657604,
w276455928,,water,waterway=canal,53.3844908,-6.4295741,
w276455929,,water,waterway=canal,53.3850662,-6.4327714,
w276455940,,water,waterway=stream,53.3802381,-6.4389496,
w277066813,,water,waterway=stream,53.2379573,-6.3599813,
w277250878,,water,natural=water,53.2377715,-6.3632219,
w277250884,,water,natural=water,53.2343487,-6.3594801,
w277374655,Dodder,water,waterway=river,53.2890764,-6.3279837,
w278491765,,water,waterway=stream,53.2351996,-6.2678074,
w285648360,,water,natural=water,53.3965783,-6.2776806,
w292182017,,water,natural=water,53.3771425,-6.3133675,
w293981439,Dodder,water,waterway=river,53.2247328,-6.3490242,
w293981442,Dodder,water,waterway=river,53.243899,-6.3676566,
w293981444,Dodder,water,waterway=canal,53.2365052,-6.3622221,
w293981445,Dodder,water,waterway=river,53.2216461,-6.3410623,
w293981446,Dodder,water,waterway=canal,53.2359056,-6.3612566,
w293981447,Dodder,water,waterway=river,53.2408179,-6.3634572,
w293981448,Dodder,water,waterway=river,53.2174289,-6.332111,
w293981450,Mareens Brook,water,waterway=stream,53.1981199,-6.3158447,
w293981451,Troman Allison,water,waterway=stream,53.1909988,-6.3198818,
w293981452,,water,waterway=stream,53.2280899,-6.3442707,
w293981453,,water,waterway=stream,53.2267497,-6.348237,
w293981454,,water,waterway=stream,53.1986987,-6.3660223,
w293981455,,water,waterway=stream,53.22719,-6.3454749,
w293981456,,water,waterway=stream,53.2275298,-6.3570405,
w293981457,,water,waterway=stream,53.2235546,-6.3657243,
w293981458,,water,waterway=stream,53.2269197,-6.3504741,
w293981478,,water,waterway=stream,53.1980646,-6.3663915,
w294193416,,water,waterway=stream,53.1994646,-6.1316268,
w294193417,,water,waterway=stream,53.2104212,-6.1719411,
w295067697,Machine Lake,water,natural=water,53.3672503,-6.3413776,
w295310743,Pinkeen River,water,waterway=river,53.4132903,-6.4045924,
w295310744,Pinkeen River,water,waterway=river,53.4122136,-6.4044558,
w295432229,,water,waterway=stream,53.2767921,-6.2622215,
w295806410,,water,waterway=stream,53.3540303,-6.3521161,
w295806413,,water,waterway=stream,53.3545489,-6.3514841,
w296098336,Owendoher,water,waterway=river,53.2612565,-6.2970861,
w297744523,Pinkeen River,water,waterway=river,53.4055761,-6.3999983,
w297744524,Pinkeen River,water,waterway=river,53.4078519,-6.4017488,
w298141475,Griffeen,water,waterway=river,53.3580005,-6.4508457,
w298141476,Griffeen,water,waterway=river,53.3563822,-6.4504694,
w298141477,Griffeen,water,waterway=river,53.357303,-6.4500523,
w298141478,Griffeen,water,waterway=river,53.3568197,-6.4502264,
w298149511,Griffeen,water,waterway=river,53.3556545,-6.450133,
w298149512,Griffeen,water,waterway=river,53.3549532,-6.4498012,
w301725471,,water,natural=water,53.2751055,-6.2096226,
w301976134,,water,natural=water,53.2695967,-6.1997995,
w302079309,,water,natural=water,53.3047535,-6.268149,
w302079310,,water,natural=water,53.3041273,-6.2707403,
w302088530,,water,natural=water,53.3047904,-6.2775749,
w302157600,,water,natural=water,53.3062843,-6.2659376,
w302157605,,water,natural=water,53.3092641,-6.2508497,
w302157620,,water,natural=water,53.3072172,-6.2595921,
w302159440,,water,natural=water,53.3122128,-6.2428836,
w302160605,,water,natural=water,53.3028777,-6.2855168,
w302161724,,water,natural=water,53.297518,-6.3009018,
w302162656,,water,natural=water,53.2779216,-6.3519256,
w302162659,,water,natural=water,53.2887171,-6.3297458,
w302162660,,water,natural=water,53.2802727,-6.3479196,
w302163650,,water,natural=water,53.267623,-6.3615217,
w302164388,,water,natural=water,53.2551778,-6.3691893,
w302164389,,water,natural=water,53.2486557,-6.3701289,
w302164897,,water,natural=water,53.2845282,-6.340898,
w302167822,,water,natural=water,53.3183827,-6.2336751,
w302167823,,water,natural=water,53.2996602,-6.2923728,
w302167824,,water,natural=water,53.2906566,-6.3235863,
w302167825,,water,natural=water,53.32195,-6.2327832,
w302167826,,water,natural=water,53.3339103,-6.2266076,
w302329411,,water,natural=water,53.2402821,-6.3639247,
w302331351,,water,natural=water,53.2260053,-6.3512579,
w302331352,,water,natural=water,53.2266491,-6.3511947,
w302411391,Dodder,water,waterway=river,53.329144,-6.2313714,
w303327414,Camac,water,waterway=stream,53.3151336,-6.4138697,
w303839196,,water,waterway=stream,53.3103652,-6.388079,
w303839203,,water,waterway=stream,53.3101163,-6.3863597,
w303930871,,water,waterway=stream,53.3083588,-6.3750249,
w304095886,,water,waterway=stream,53.4721408,-6.201129,
w304101241,,water,natural=wetland,53.4665116,-6.2055052,
w304101243,,water,waterway=river,53.4658142,-6.2037617,
w304795226,,water,natural=water,53.3283191,-6.4791882,
w304961832,,water,waterway=stream,53.2501379,-6.2566165,
w304961836,,water,waterway=stream,53.2508236,-6.255511,
w304961843,,water,waterway=stream,53.2505703,-6.2557965,
w305298218,,water,waterway=stream,53.3123964,-6.527824,
w306068849,,water,natural=water,53.3965061,-6.2789944,
w306183281,,water,waterway=stream,53.2322053,-6.3658463,
w307343969,,water,natural=water,53.3413964,-6.3104425,
w307343974,,water,natural=water,53.3414312,-6.3044524,
w307344604,,water,natural=water,53.3409648,-6.3179144,
w307347565,,water,natural=water,53.3424004,-6.2983395,
w307347568,,water,natural=water,53.3412105,-6.306615,
w307347573,,water,natural=water,53.3415771,-6.3011635,
w307347582,,water,natural=water,53.3414032,-6.3020392,
w307347588,,water,natural=water,53.341413,-6.3028895,
w307348514,,water,natural=water,53.33676,-6.3062027,
w307509514,,water,natural=water,53.2688706,-6.3003447,
w307639214,Glendoo Brook,water,waterway=river,53.2653177,-6.2989533,
w307925058,,water,natural=water,53.2702716,-6.2992321,
w308129442,,water,natural=water,53.2461651,-6.1131261,
w308873181,,water,natural=water,53.4048145,-6.160008,
w308873476,,water,natural=water,53.4288697,-6.1461744,
w308873477,,water,natural=water,53.4288683,-6.145971,
w308874316,,water,natural=water,53.4258127,-6.1477731,
w308874317,,water,waterway=stream,53.4272324,-6.1486085,
w308874318,,water,waterway=stream,53.4260445,-6.1495444,
w308874319,,water,waterway=stream,53.4262091,-6.1495082,
w308874320,,water,waterway=stream,53.4258643,-6.1494354,
w308874321,,water,waterway=stream,53.4257565,-6.1491967,
w308874322,,water,waterway=stream,53.4265283,-6.1491569,
w308874323,,water,waterway=stream,53.4268421,-6.1488014,
w309303968,Brittas,water,waterway=river,53.2295311,-6.4567435,
w309943744,,water,natural=water,53.207626,-6.3269732,
w309958578,Camac,water,waterway=river,53.3114485,-6.4198193,
w309958579,Camac,water,waterway=river,53.3102705,-6.4221794,
w310403922,,water,waterway=stream,53.2387279,-6.4686324,
w310403951,Dodder,water,waterway=river,53.2886463,-6.3300353,
w310899587,Dodder,water,waterway=river,53.2885532,-6.3305071,
w310899588,Dodder,water,waterway=river,53.2265599,-6.3512088,
w310899589,Poddle,water,waterway=stream,53.3090191,-6.3091405,
w312594765,,water,natural=water,53.5561336,-6.2753515,
w312594766,,water,natural=water,53.5560828,-6.2754984,
w312786198,,water,waterway=stream,53.5876467,-6.2665855,
w312798088,,water,waterway=stream,53.5731854,-6.2647874,
w312798336,,water,natural=water,53.5880294,-6.2891611,
w312996602,Broadmeadow River,water,waterway=river,53.4899331,-6.2993301,
w313061732,,water,waterway=stream,53.4609067,-6.3499121,
w313111846,,water,waterway=stream,53.458067,-6.3269677,
w313111848,,water,waterway=stream,53.4519803,-6.3336859,
w313111850,,water,waterway=stream,53.4583339,-6.3381818,
w313111851,,water,waterway=stream,53.4534851,-6.3221277,
w313204460,Ward River,water,waterway=river,53.4359181,-6.3371638,
w313204461,Ward River,water,waterway=river,53.4515101,-6.31888,
w313204462,Ward River,water,waterway=river,53.446865,-6.3207531,
w313204463,Ward River,water,waterway=river,53.4426285,-6.3231521,
w313204464,Ward River,water,waterway=river,53.4342839,-6.3401788,
w313204465,Ward River,water,waterway=river,53.4523498,-6.3170518,
w313204466,Ward River,water,waterway=river,53.4531148,-6.3129277,
w313216145,,water,waterway=stream,53.2261872,-6.2656365,
w313216146,,water,waterway=stream,53.2218714,-6.2675953,
w313309587,Santry River,water,waterway=river,53.3955963,-6.2033363,
w313309588,Santry River,water,waterway=river,53.3928931,-6.1978666,
w313459123,Santry River,water,waterway=river,53.3973895,-6.2093731,
w313737201,Dodder,water,waterway=river,53.2847261,-6.3423939,
w313765393,Dodder,water,waterway=river,53.2929509,-6.3148329,
w313765394,Dodder,water,waterway=river,53.2958751,-6.3091919,
w313966939,Dodder,water,waterway=river,53.3108686,-6.2474006,
w313966941,Dodder,water,waterway=river,53.3138151,-6.2379919,
w313966944,Dodder,water,waterway=river,53.3079035,-6.2531812,
w314244398,Grand Canal,water,waterway=canal,53.3305877,-6.4549618,
w314594591,Royal Canal,water,natural=water,53.360987,-6.2575402,
w314594592,Royal Canal,water,natural=water,53.3620599,-6.2620014,
w314594594,Royal Canal,water,natural=water,53.3615344,-6.2598449,
w314594596,Royal Canal,water,natural=water,53.3625508,-6.2641451,
w314594599,Royal Canal,water,natural=water,53.362925,-6.2658148,
w314594601,Royal Canal,water,natural=water,53.3632997,-6.2674056,
w314594603,Royal Canal,water,natural=water,53.3638914,-6.2698697,
w314596885,Royal Canal,water,natural=water,53.364488,-6.2723679,
w314596887,Royal Canal,water,natural=water,53.3655009,-6.2761773,
w314600027,Royal Canal,water,natural=water,53.3713606,-6.2914895,
w314600028,Royal Canal,water,natural=water,53.3684631,-6.2839585,
w314601683,Royal Canal,water,natural=water,53.373057,-6.3001456,
w314603377,Royal Canal,water,natural=water,53.3747688,-6.3087865,
w314603378,Royal Canal,water,natural=water,53.3751681,-6.3125463,
w314924083,Loughlinstown River,water,waterway=river,53.2426302,-6.1254952,
w314932335,,water,waterway=stream,53.4619915,-6.3539828,
w314943094,Little Dargle,water,waterway=stream,53.2784072,-6.2662601,
w314943095,Wyckham Stream,water,waterway=stream,53.2824666,-6.2561909,
w314943097,Slang,water,waterway=stream,53.283352,-6.2451488,
w316406616,Dodder,water,waterway=river,53.3152381,-6.2367757,
w316432484,,water,waterway=stream,53.3040541,-6.2706285,
w316960051,,water,waterway=stream,53.2297928,-6.2992017,
w316970027,Camac,water,waterway=river,53.3409708,-6.3076607,
w316970030,Grand Canal,water,waterway=canal,53.3368493,-6.3066721,
w316970031,Grand Canal,water,waterway=canal,53.3352574,-6.3203321,
w316970032,Grand Canal,water,waterway=canal,53.3302228,-6.2805345,
w316970033,Grand Canal,water,waterway=canal,53.329725,-6.2721644,
w317003258,Liffey,water,waterway=river,53.3473787,-6.3035697,
w317003260,Liffey,water,waterway=river,53.3463841,-6.2804208,
w317003261,Liffey,water,waterway=river,53.3472995,-6.2918104,
w317027059,Grand Canal,water,waterway=canal,53.3299546,-6.2668046,
w317027060,Grand Canal,water,waterway=canal,53.3302186,-6.2624478,
w317027061,Grand Canal,water,waterway=canal,53.3311577,-6.2569519,
w317101095,Dodder,water,waterway=river,53.3332005,-6.2279051,
w317101096,Dodder,water,waterway=river,53.3386967,-6.2273112,
w317101098,Grand Canal,water,waterway=canal,53.3316887,-6.2904843,
w317101100,Liffey,water,waterway=river,53.3469092,-6.242025,
w317127422,,water,waterway=canal,53.3614561,-6.2594999,
w317127423,Tolka,water,waterway=river,53.3719481,-6.2643818,
w317127424,Tolka,water,waterway=river,53.3683035,-6.2551964,
w317145972,Camac,water,waterway=river,53.3290212,-6.3313459,
w317145975,Grand Canal,water,waterway=canal,53.3364406,-6.3101757,
w317145976,Grand Canal,water,waterway=canal,53.3330577,-6.2958874,
w317183893,Santry River,water,waterway=river,53.3838639,-6.1866991,
w317183896,Santry River,water,waterway=river,53.3807815,-6.1778733,
w317183901,Santry River,water,waterway=river,53.3907945,-6.1942367,
w317219092,Liffey,water,waterway=river,53.3463798,-6.235164,
w317219093,Liffey,water,waterway=river,53.3474746,-6.2486938,
w317219102,Tolka,water,waterway=river,53.35821,-6.2329744,
w317219104,Royal Canal,water,waterway=canal,53.3559463,-6.2434759,
w317219105,Tolka,water,waterway=river,53.3598454,-6.2370814,
w317219106,Royal Canal,water,waterway=canal,53.352932,-6.24127,
w317312600,Dodder,water,waterway=river,53.3213447,-6.2327521,
w317312601,Dodder,water,waterway=river,53.3345545,-6.2253277,
w317312603,Grand Canal,water,waterway=canal,53.339343,-6.2389136,
w317312604,Grand Canal,water,waterway=canal,53.3379677,-6.2397023,
w317619310,Liffey,water,waterway=river,53.3453993,-6.3234011,
w317619311,Liffey,water,waterway=river,53.34531,-6.328931,
w317697977,Royal Canal,water,waterway=canal,53.3581105,-6.2472602,
w317697978,,water,waterway=canal,53.3587409,-6.2487017,
w317738685,Tolka,water,waterway=river,53.3675338,-6.2533143,
w318353553,,water,waterway=stream,53.2124953,-6.3230423,
w318417990,Camac,water,waterway=river,53.3292594,-6.3372506,
w318417991,Camac,water,waterway=river,53.3270809,-6.33222,
w318417993,Dodder,water,waterway=river,53.3049978,-6.2808412,
w318418000,Walkinstown Stream,water,waterway=stream,53.3203558,-6.3438778,
w318442057,,water,waterway=stream,53.3036608,-6.2708735,
w318442058,,water,waterway=stream,53.301941,-6.2729183,
w318442059,,water,waterway=stream,53.300355,-6.2750066,
w318452719,Little Dargle,water,waterway=stream,53.2881519,-6.2712353,
w318578644,Dodder,water,waterway=river,53.3081088,-6.2503697,
w318601735,Dodder,water,waterway=river,53.3082024,-6.2577784,
w318765013,Tolka,water,waterway=river,53.3762501,-6.2997213,
w318765014,Tolka,water,waterway=river,53.3781742,-6.311346,
w318873409,Santry River,water,waterway=river,53.3972833,-6.2152356,
w318873410,Santry River,water,waterway=river,53.3970346,-6.2076376,
w319018504,Dodder,water,waterway=river,53.2980501,-6.2953375,
w319018507,Owendoher,water,waterway=river,53.2868409,-6.293,
w319144049,Grand Canal,water,waterway=canal,53.3153868,-6.5240927,
w319162058,Grand Canal,water,waterway=canal,53.3267103,-6.4965529,
w319324199,,water,waterway=stream,53.2304808,-6.3030168,
w319324202,Owendoher,water,waterway=stream,53.2275423,-6.2949224,
w319324203,Owendoher,water,waterway=stream,53.2301417,-6.294206,
w319760569,Poddle,water,waterway=stream,53.3042872,-6.3219996,
w319760570,Tymon River,water,waterway=stream,53.2969985,-6.3406598,
w319952543,Delvin River,water,waterway=stream,53.5867943,-6.3889995,
w319952546,Delvin River,water,waterway=stream,53.5745589,-6.3398081,
w320118168,Delvin River,water,waterway=stream,53.5749671,-6.3497033,
w321082962,Broadmeadow River,water,waterway=river,53.4907833,-6.343727,
w321204949,Camac,water,waterway=river,53.2822199,-6.4543849,
w321204950,Camac,water,waterway=river,53.2800647,-6.4540844,
w321204953,Dodder,water,waterway=river,53.2885236,-6.3308202,
w321204969,,water,waterway=stream,53.2796677,-6.4269618,
w321204970,,water,waterway=stream,53.271326,-6.4278751,
w321265673,,water,waterway=stream,53.283785,-6.5012778,
w321265674,,water,waterway=stream,53.2828409,-6.4999252,
w321265675,,water,waterway=stream,53.2844103,-6.4959287,
w321265676,,water,waterway=stream,53.2828926,-6.5020033,
w321279630,Camac,water,waterway=river,53.2658234,-6.4443386,
w321279632,Grand Canal,water,waterway=canal,53.3175111,-6.5194325,
w321279643,,water,waterway=stream,53.2818762,-6.5095337,
w321313483,,water,waterway=stream,53.2862925,-6.4920504,
w321404926,Grand Canal,water,waterway=canal,53.3196956,-6.5146035,
w321404927,Grand Canal,water,waterway=canal,53.322516,-6.5083399,
w321404928,Grand Canal,water,waterway=canal,53.3272929,-6.490349,
w321417025,Grand Canal,water,waterway=canal,53.3279259,-6.4835261,
w321417026,Grand Canal,water,waterway=canal,53.3248629,-6.5031022,
w321417027,Grand Canal,water,waterway=canal,53.3287541,-6.4744716,
w321607545,,water,waterway=stream,53.2570746,-6.3710188,
w321607546,,water,waterway=stream,53.2558924,-6.3734113,
w321616212,Griffeen,water,waterway=stream,53.3095823,-6.4739438,
w321616215,Griffeen,water,waterway=stream,53.3121838,-6.4684669,
w321670197,Camac,water,waterway=river,53.319627,-6.4009736,
w321670198,Camac,water,waterway=river,53.3184942,-6.4064672,
w322758213,,water,waterway=stream,53.3135038,-6.5280248,
w322896441,Little Dargle,water,waterway=stream,53.2582861,-6.2592261,
w322896444,Little Dargle,water,waterway=stream,53.2553974,-6.2564453,
w322897021,Little Dargle,water,waterway=stream,53.2599247,-6.2607426,
w323933462,Tallaght Stream,water,waterway=stream,53.2702635,-6.4065987,
w323933463,Tallaght Stream,water,waterway=stream,53.2660251,-6.406157,
w323933464,Tallaght Stream,water,waterway=stream,53.2738924,-6.4057257,
w323933470,,water,waterway=stream,53.2720824,-6.4156276,
w323933471,,water,waterway=stream,53.2815434,-6.4221774,
w323933472,,water,waterway=stream,53.2733749,-6.4145014,
w323958351,,water,waterway=stream,53.2807234,-6.4206768,
w324016688,,water,waterway=stream,53.3099287,-6.3874586,
w324049810,,water,waterway=stream,53.2585404,-6.3682773,
w324049811,,water,waterway=stream,53.2585007,-6.3695909,
w324049812,,water,waterway=stream,53.2587683,-6.3719101,
w324049813,,water,waterway=stream,53.2558595,-6.3903581,
w325382839,Poddle,water,waterway=stream,53.345856,-6.2654755,
w325435511,Grand Canal,water,waterway=canal,53.3291628,-6.3989997,
w325688211,Camac,water,waterway=river,53.3042361,-6.4251052,
w325688212,Camac,water,waterway=river,53.3024853,-6.4285237,
w325709489,Glendoo Brook,water,waterway=stream,53.2450089,-6.316401,
w325709490,Griffeen,water,waterway=stream,53.3192455,-6.4588367,
w325709491,Griffeen,water,waterway=stream,53.316267,-6.462534,
w325775088,Grand Canal,water,waterway=canal,53.3308735,-6.446435,
w325775089,Grand Canal,water,waterway=canal,53.3309665,-6.4511569,
w325775092,Liffey,water,waterway=river,53.3617383,-6.4419419,
w325906671,Camac,water,waterway=stream,53.2402072,-6.4434528,
w325924952,Grand Canal,water,waterway=canal,53.3343955,-6.3277006,
w325924970,Walkinstown Stream,water,waterway=stream,53.3248112,-6.3494648,
w326053661,Dodder,water,waterway=river,53.2619406,-6.3663283,
w326053662,Dodder,water,waterway=river,53.2690382,-6.3619822,
w326080266,Owendoher,water,waterway=river,53.2671657,-6.2976929,
w326080268,Piperstown Stream,water,waterway=stream,53.2516895,-6.3649295,
w326080269,Piperstown Stream,water,waterway=stream,53.2521151,-6.3681305,
w326194829,Camac,water,waterway=river,53.3225344,-6.3998128,
w326194830,Camac,water,waterway=river,53.3201898,-6.3998596,
w326219216,,water,waterway=stream,53.2268537,-6.2489902,
w326219217,,water,waterway=stream,53.2262707,-6.2495078,
w326219218,,water,waterway=stream,53.2284783,-6.2504747,
w326219219,,water,waterway=stream,53.225901,-6.2495518,
w326233180,,water,natural=water,53.2258691,-6.2049688,
w326309491,,water,waterway=stream,53.5016168,-6.188085,
w326587464,,water,waterway=stream,53.2775693,-6.4267856,
w326722390,Dodder,water,waterway=river,53.2924788,-6.3113329,
w326772513,Tolka,water,waterway=river,53.3786641,-6.3308992,
w326874931,Santry River,water,waterway=river,53.3912755,-6.1952241,
w326974425,Grand Canal,water,waterway=canal,53.3311872,-6.3548863,
w327221106,Loughlinstown River,water,waterway=river,53.2445702,-6.1160251,
w327221108,Kill o'the Grange Stream,water,waterway=stream,53.2480407,-6.1144139,
w327221110,Kill o'the Grange Stream,water,waterway=stream,53.2475166,-6.1166605,
w327221111,Kill o'the Grange Stream,water,waterway=stream,53.2471524,-6.1187029,
w328132029,Loughlinstown River,water,waterway=river,53.2358364,-6.1621803,
w328132030,Loughlinstown River,water,waterway=river,53.2339938,-6.1714647,
w328211849,Loughlinstown River,water,waterway=river,53.2388182,-6.1484525,
w328211850,Loughlinstown River,water,waterway=river,53.2337781,-6.1757029,
w328211851,Loughlinstown River,water,waterway=river,53.2340478,-6.1852916,
w328211852,Loughlinstown River,water,waterway=river,53.2394562,-6.1404998,
w328231377,Loughlinstown River,water,waterway=river,53.2380668,-6.1528128,
w328253366,Golf Stream,water,waterway=stream,53.243052,-6.2042848,
w328253369,Loughlinstown River,water,waterway=stream,53.2384363,-6.2091532,
w328253370,Loughlinstown River,water,waterway=stream,53.2378867,-6.2082391,
w328253371,Loughlinstown River,water,waterway=stream,53.2366156,-6.2064514,
w328547629,Griffeen,water,waterway=river,53.3531372,-6.4488233,
w328547630,Griffeen,water,waterway=river,53.3519369,-6.4458154,
w328562413,Liffey,water,waterway=river,53.3597907,-6.4488018,
w328832196,Loughlinstown River,water,waterway=river,53.2424563,-6.1228296,
w328985680,,water,waterway=stream,53.3631913,-6.0810954,
w328988093,,water,waterway=stream,53.3689686,-6.077812,
w328988094,,water,waterway=stream,53.3676091,-6.0805927,
w328988095,Balnaggart Stream,water,waterway=stream,53.3660562,-6.0814145,
w329747155,Dodder,water,waterway=river,53.3135548,-6.2395131,
w329909013,,water,waterway=stream,53.5246744,-6.0931275,
w330193767,Loughlinstown River,water,waterway=river,53.2446044,-6.1347851,
w330193768,Loughlinstown River,water,waterway=river,53.2437365,-6.1357001,
w330377508,Grand Canal,water,waterway=canal,53.3304446,-6.4339411,
w330615388,Grand Canal,water,waterway=canal,53.330734,-6.4535277,
w330869104,Ward River,water,waterway=river,53.4272502,-6.3564234,
w330869105,Ward River,water,waterway=river,53.4277387,-6.3543911,
w331390240,Camac,water,waterway=river,53.3404204,-6.317707,
w333644547,,water,natural=water,53.2103482,-6.2359551,
w333903163,Tolka,water,waterway=river,53.3762007,-6.3047148,
w333903183,Tolka,water,waterway=river,53.3761559,-6.30225,
w333903185,Tolka,water,waterway=river,53.3789146,-6.3178077,
w334128596,Carysfort-Maretimo Stream,water,waterway=stream,53.2931011,-6.1866496,
w334138115,Carysfort-Maretimo Stream,water,waterway=stream,53.293754,-6.184852,
w334277922,Santry River,water,waterway=river,53.3898823,-6.1926975,
w334873783,Santry River,water,waterway=river,53.3986842,-6.2218408,
w335074995,Mayne,water,waterway=river,53.4068506,-6.1862538,
w336044134,Elm Park Stream,water,waterway=stream,53.3173875,-6.2005947,
w337844860,Mayne,water,waterway=river,53.4103875,-6.1344037,
w337844861,Mayne,water,waterway=river,53.4068385,-6.1481412,
w338675973,Tolka,water,waterway=river,53.3842051,-6.3584498,
w341058731,Donnycarney Bridge,water,waterway=stream,53.375875,-6.2180548,
w342696412,Santry River,water,waterway=river,53.4051163,-6.2511597,
w342696413,Santry River,water,waterway=river,53.4049249,-6.2508717,
w342696620,Santry River,water,waterway=river,53.4036634,-6.243707,
w344548753,Liffey,water,waterway=river,53.3471838,-6.2908975,
w344740887,Saint Patrick's Well,water,natural=water,53.3402148,-6.2711824,
w352055040,Naniken Valley Pond,water,natural=water,53.3717586,-6.1699143,
w352055704,,water,natural=water,53.3716127,-6.1763347,
w352055705,,water,natural=water,53.3716923,-6.1768244,
w352874965,Crinken Stream,water,waterway=stream,53.21226,-6.1043657,
w352874966,Crinken Stream,water,waterway=stream,53.212154,-6.1052082,
w353224850,Angel Fountain,water,natural=water,53.3349423,-6.2608164,
w353224856,Angel Fountain,water,natural=water,53.3353718,-6.2605561,
w353224859,,water,natural=water,53.3354236,-6.2619267,
w359170297,Santry River,water,waterway=river,53.3819795,-6.1820537,
w359170298,Santry River,water,waterway=river,53.3828637,-6.1851906,
w360132934,Santry River,water,waterway=river,53.3811991,-6.1790107,
w360143259,Sluice River,water,waterway=river,53.4181633,-6.138217,
w360143260,Sluice River,water,waterway=river,53.4183656,-6.1423783,
w360143262,Mayne,water,waterway=river,53.4071127,-6.1501562,
w360143263,Mayne,water,waterway=river,53.4070404,-6.1437428,
w360460528,Santry River,water,waterway=river,53.3775179,-6.1689663,
w360493695,Tolka,water,waterway=river,53.3768436,-6.295865,
w360493697,Tolka,water,waterway=river,53.3782449,-6.3127623,
w360583706,Naniken River,water,waterway=river,53.3709226,-6.1671761,
w360583715,Naniken River,water,waterway=river,53.3725381,-6.1750924,
w360583717,Santry River,water,waterway=river,53.3785501,-6.1721166,
w360583720,,water,waterway=river,53.374778,-6.1851081,
w360583721,,water,waterway=river,53.3737635,-6.1808015,
w360679899,,water,waterway=river,53.3772216,-6.1918675,
w360692763,Santry River,water,waterway=river,53.3802304,-6.1767271,
w360692764,Santry River,water,waterway=river,53.3797039,-6.1760398,
w360731542,Priory Stream,water,waterway=stream,53.3010352,-6.1831253,
w360731543,Priory Stream,water,waterway=stream,53.3020341,-6.1815662,
w360912546,Liffey,water,waterway=river,53.3684745,-6.4346322,
w360912547,Liffey,water,waterway=river,53.3667025,-6.4276595,
w360912548,Liffey,water,waterway=river,53.3641455,-6.4073868,
w360912553,,water,waterway=canal,53.3800003,-6.3866499,
w360912554,,water,waterway=canal,53.3823807,-6.4202397,
w360929188,Liffey,water,waterway=river,53.3567797,-6.3606746,
w360929190,Liffey,water,waterway=river,53.3613136,-6.3977756,
w360929193,Tolka,water,waterway=river,53.393706,-6.3826469,
w360929194,,water,waterway=canal,53.3807786,-6.4121289,
w361126281,,water,natural=water,53.3644774,-6.2540256,
w361132968,Camac,water,waterway=river,53.347087,-6.2925902,
w361196882,Tolka,water,waterway=river,53.3881123,-6.3765285,
w361196883,Tolka,water,waterway=river,53.3858112,-6.3615793,
w361224683,Tolka,water,waterway=river,53.3792239,-6.3384396,
w361224684,Tolka,water,waterway=river,53.3825716,-6.3539947,
w361248900,Royal Canal,water,waterway=canal,53.3778995,-6.3425401,
w361248901,Tolka,water,waterway=river,53.3808867,-6.3471531,
w361263841,Tolka,water,waterway=river,53.3763615,-6.2813653,
w361263842,Tolka,water,waterway=river,53.3774753,-6.2915663,
w361263843,Tolka,water,waterway=river,53.3759749,-6.2791967,
w361285998,Tolka,water,waterway=river,53.3869107,-6.3695784,
w361459017,Tolka,water,waterway=river,53.376779,-6.2885431,
w361459018,Tolka,water,waterway=river,53.3762665,-6.304788,
w361459020,Tolka,water,waterway=river,53.3775228,-6.2904012,
w362089727,Priory Stream,water,waterway=stream,53.2997861,-6.1848671,
w362089728,Priory Stream,water,waterway=stream,53.3000762,-6.1843784,
w362395654,,water,waterway=stream,53.5543038,-6.1711476,
w362395661,,water,waterway=stream,53.5561943,-6.1727051,
w362803797,,water,waterway=river,53.523503,-6.1422818,
w362803798,,water,waterway=river,53.5246073,-6.1452194,
w363327940,Tolka,water,waterway=river,53.3751684,-6.2760195,
w363327941,Tolka,water,waterway=river,53.3743748,-6.2731992,
w363359611,Sluice River,water,waterway=river,53.4243007,-6.1414818,
w363359612,Sluice River,water,waterway=river,53.420658,-6.1416313,
w363463462,Sluice River,water,waterway=river,53.4253982,-6.1482576,
w363575634,Pinkeen River,water,waterway=river,53.4186386,-6.4059948,
w363575635,Pinkeen River,water,waterway=river,53.4159789,-6.4038096,
w363575636,Pinkeen River,water,waterway=river,53.415734,-6.4037584,
w363575641,Pinkeen River,water,waterway=river,53.4144956,-6.4041562,
w363575643,,water,waterway=stream,53.4274237,-6.4017333,
w363577051,Tolka,water,waterway=river,53.4088893,-6.4153579,
w363577052,Tolka,water,waterway=river,53.4087833,-6.4109029,
w363599324,Pinkeen River,water,waterway=river,53.4101594,-6.4028362,
w363599325,Pinkeen River,water,waterway=river,53.4085794,-6.4013701,
w363602112,Ward River,water,waterway=river,53.427251,-6.3590522,
w363602113,Ward River,water,waterway=river,53.4281506,-6.3503808,
w363692597,Ward River,water,waterway=river,53.4280641,-6.3606247,
w363692598,Tolka,water,waterway=river,53.3992944,-6.3901673,
w363692599,Tolka,water,waterway=river,53.403148,-6.3968356,
w363692600,Tolka,water,waterway=river,53.401484,-6.3936792,
w363872663,,water,waterway=stream,53.4749954,-6.283404,
w363872689,Ward River,water,waterway=river,53.4562679,-6.2815043,
w363872690,Ward River,water,waterway=river,53.4558402,-6.2746702,
w363908746,Ward River,water,waterway=river,53.457399,-6.2530057,
w363908747,Ward River,water,waterway=river,53.4571205,-6.2627495,
w363908748,Ward River,water,waterway=river,53.4565157,-6.2699448,
w363908749,Ward River,water,waterway=river,53.4569675,-6.2684213,
w364419882,,water,waterway=stream,53.5641591,-6.2247126,
w364419907,Bracken River,water,waterway=stream,53.5677824,-6.2098942,
w364419908,Bracken River,water,waterway=stream,53.5718047,-6.2109125,
w364604912,,water,waterway=stream,53.5436144,-6.1578497,
w364649367,,water,waterway=stream,53.5442731,-6.2080686,
w364649386,,water,waterway=stream,53.5499588,-6.215748,
w364684628,,water,waterway=stream,53.6259617,-6.2311518,
w364686918,Bracken River,water,waterway=river,53.6061828,-6.1858055,
w364686919,Bracken River,water,waterway=river,53.6081313,-6.1845892,
w364720503,,water,waterway=stream,53.5863292,-6.1924637,
w364720514,,water,waterway=stream,53.585511,-6.193166,
w364720541,,water,waterway=stream,53.5957868,-6.1872213,
w364720543,,water,waterway=stream,53.5981065,-6.1869075,
w364720545,Bracken River,water,waterway=stream,53.5900437,-6.2123934,
w364720546,Bracken River,water,waterway=stream,53.5885536,-6.2113097,
w364720547,Bracken River,water,waterway=stream,53.5865658,-6.2107411,
w364721148,Bracken River,water,waterway=stream,53.5777669,-6.2090346,
w364733974,Bracken River,water,waterway=stream,53.5745435,-6.2102687,
w364733976,Bracken River,water,waterway=stream,53.5760134,-6.2097146,
w364788171,,water,waterway=stream,53.5399247,-6.2070668,
w364788182,,water,waterway=stream,53.5383735,-6.2075597,
w364788183,,water,waterway=stream,53.5374703,-6.2079512,
w364788204,,water,waterway=stream,53.5075921,-6.1947497,
w364864799,,water,waterway=stream,53.4948067,-6.2257092,
w364882811,Broadmeadow Water,water,waterway=river,53.4801239,-6.2401879,
w364882812,Broadmeadow Water,water,waterway=river,53.477315,-6.2373244,
w364882813,Broadmeadow River,water,waterway=river,53.4809389,-6.2420912,
w364882814,Broadmeadow River,water,waterway=river,53.4738686,-6.2244221,
w364882815,Broadmeadow River,water,waterway=river,53.4787581,-6.2388521,
w364882816,Mooretown Water,water,waterway=stream,53.4749712,-6.2385168,
w364882817,Mooretown Water,water,waterway=stream,53.4765234,-6.2370113,
w365237367,,water,waterway=stream,53.4571416,-6.3316953,
w365237368,,water,waterway=stream,53.4860326,-6.3092359,
w365237369,,water,waterway=stream,53.4811138,-6.3137433,
w365244827,,water,waterway=stream,53.4592206,-6.3423418,
w365288485,,water,waterway=stream,53.5370309,-6.2064154,
w365288498,,water,waterway=stream,53.5371029,-6.2074861,
w365288503,,water,waterway=stream,53.5367373,-6.205417,
w365397619,Ward River,water,waterway=river,53.4331519,-6.3420048,
w365461942,,water,waterway=stream,53.408557,-6.3246882,
w365461948,,water,waterway=stream,53.4075122,-6.3260768,
w365487017,Ward River,water,waterway=river,53.4340522,-6.3405117,
w365568183,,water,waterway=stream,53.4341565,-6.3041816,
w365639916,,water,waterway=stream,53.4385286,-6.2967721,
w365639924,Ward River,water,waterway=river,53.4544079,-6.3037475,
w365639925,Ward River,water,waterway=river,53.4543865,-6.2962626,
w365689108,,water,waterway=stream,53.4264534,-6.1796553,
w365689109,,water,waterway=stream,53.4259868,-6.1830457,
w365764731,,water,waterway=stream,53.5034758,-6.1661266,
w365764737,,water,waterway=river,53.5050176,-6.1717427,
w365854373,,water,waterway=stream,53.471126,-6.1977386,
w365854374,,water,waterway=stream,53.4672777,-6.1907809,
w365945839,,water,waterway=stream,53.5050337,-6.1926941,
w365972720,,water,waterway=stream,53.4919883,-6.184465,
w366003362,,water,waterway=stream,53.4962032,-6.2089782,
w366003363,,water,waterway=stream,53.4972356,-6.2153144,
w366085344,Broadmeadow Water,water,waterway=river,53.4769279,-6.2368517,
w366089584,Broadmeadow Water,water,waterway=river,53.4682327,-6.2077532,
w366089585,Broadmeadow Water,water,waterway=river,53.4710303,-6.2121606,
w366257317,Glebe stream,water,waterway=stream,53.456051,-6.2231163,
w366257345,Ward River,water,waterway=river,53.4643532,-6.2173549,
w366257346,Ward River,water,waterway=river,53.4579427,-6.2221896,
w366257347,Ward River,water,waterway=river,53.4571329,-6.2228084,
w366260892,Ward River,water,waterway=river,53.4566331,-6.2232329,
w366985527,,water,natural=water,53.3015986,-6.5052496,
w367619707,,water,natural=water,53.518403,-6.261149,
w367619708,,water,natural=water,53.5182853,-6.261104,
w367626937,,water,natural=water,53.5562679,-6.2542815,
w367641816,,water,waterway=stream,53.5538545,-6.2240447,
w367642195,,water,waterway=stream,53.5610233,-6.2458458,
w367644939,,water,waterway=stream,53.5573207,-6.2322748,
w367695255,Tolka,water,waterway=river,53.3732112,-6.2684937,
w367850399,4th Lock,water,waterway=canal,53.3632391,-6.2671396,
w367873919,Tolka,water,waterway=river,53.3648607,-6.2475672,
w367985461,Liffey,water,waterway=river,53.3460916,-6.3179972,
w367985462,Liffey,water,waterway=river,53.3469723,-6.2937956,
w368121371,,water,waterway=stream,53.4506415,-6.3420327,
w368505006,Dodder,water,waterway=river,53.3245048,-6.233042,
w368644019,,water,natural=water,53.5885553,-6.1649039,
w368646805,Grand Canal,water,waterway=canal,53.3327393,-6.2504326,
w368729639,Poddle,water,waterway=stream,53.3210328,-6.2863005,
w368729640,Poddle,water,waterway=stream,53.3201816,-6.291151,
w368729641,Poddle,water,waterway=stream,53.3205868,-6.2893793,
w368752313,Grand Canal,water,waterway=canal,53.3297391,-6.2764429,
w368755021,Grand Canal,water,waterway=canal,53.3309101,-6.2856045,
w368768705,,water,natural=water,53.5863936,-6.1618729,
w368784432,Bracken River,water,waterway=river,53.6007219,-6.1882669,
w368784433,Bracken River,water,waterway=river,53.6013193,-6.1870591,
w368784435,,water,natural=water,53.5897871,-6.1944899,
w368784437,Bracken River,water,waterway=river,53.6004422,-6.1894779,
w368877933,Tolka,water,waterway=river,53.3731128,-6.26774,
w368877935,Tolka,water,waterway=river,53.3706236,-6.262367,
w368880130,Tolka,water,waterway=river,53.3727054,-6.2664218,
w368901442,Poddle,water,waterway=stream,53.3195439,-6.2926407,
w368932689,Tolka,water,waterway=river,53.3667759,-6.251407,
w368932690,Tolka,water,waterway=river,53.3735427,-6.2696914,
w369104274,Camac,water,waterway=river,53.3358304,-6.3257898,
w369154728,,water,waterway=stream,53.3602121,-6.3500279,
w369281712,Tolka,water,waterway=river,53.3689173,-6.2594829,
w369281714,Tolka,water,waterway=river,53.3680689,-6.2561607,
w369558633,Grand Canal,water,waterway=canal,53.343402,-6.2373874,
w369564014,Liffey,water,waterway=river,53.3461625,-6.2642562,
w369577705,Liffey,water,waterway=river,53.3462476,-6.2797273,
w369577707,Liffey,water,waterway=river,53.3469032,-6.2870174,
w369897001,Liffey,water,waterway=river,53.3475211,-6.2578875,
w369897002,Liffey,water,waterway=river,53.3442433,-6.2068124,
w369988982,Poddle,water,waterway=stream,53.3372562,-6.2746717,
w369988983,Poddle,water,waterway=stream,53.3394486,-6.2723922,
w370154350,Dodder,water,waterway=river,53.3331736,-6.2279196,
w370303873,Liffey,water,waterway=river,53.3468513,-6.3133816,
w370381578,Liffey,water,waterway=river,53.3456627,-6.2681807,
w371357472,Gaybrook Stream,water,waterway=stream,53.4461141,-6.1844953,
w371391167,,water,waterway=canal,53.3659032,-6.2776399,
w371391168,,water,waterway=canal,53.3601192,-6.253683,
w371651127,Dodder,water,waterway=river,53.3275916,-6.2314339,
w371975314,,water,natural=water,53.332606,-6.3772807,
w372089984,Dodder,water,waterway=river,53.3165605,-6.2361336,
w372089985,Dodder,water,waterway=river,53.3174276,-6.2348063,
w372175004,,water,waterway=stream,53.2458199,-6.1855149,
w372175006,,water,waterway=stream,53.2462407,-6.1849115,
w372175008,,water,waterway=stream,53.2465962,-6.1843622,
w372175009,,water,waterway=stream,53.2460431,-6.1851999,
w372176008,Loughlinstown River,water,waterway=river,53.2410588,-6.1365823,
w372176011,Loughlinstown River,water,waterway=river,53.2422357,-6.1358793,
w372223885,Grand Canal,water,waterway=canal,53.3351299,-6.2440816,
w372256223,,water,waterway=canal,53.3636618,-6.2689709,
w372284308,Liffey,water,waterway=river,53.3470917,-6.2447479,
w372284309,Liffey,water,waterway=river,53.3473277,-6.2588773,
w372341253,,water,waterway=canal,53.3596824,-6.2517585,
w372436736,Liffey,water,waterway=river,53.3449255,-6.2176937,
w372877911,,water,natural=water,53.4681376,-6.207299,
w373882762,Santry River,water,waterway=river,53.4039738,-6.2478455,
w373882763,Santry River,water,waterway=river,53.4037856,-6.2469799,
w373882766,Santry River,water,waterway=river,53.4064846,-6.2565536,
w373882767,Santry River,water,waterway=river,53.406762,-6.2623504,
w373882768,Santry River,water,waterway=river,53.4068582,-6.2611386,
w373882769,Santry River,water,waterway=stream,53.4074808,-6.2649946,
w373882770,Santry River,water,waterway=stream,53.4080641,-6.266882,
w373882771,Santry River,water,waterway=stream,53.4089613,-6.2677739,
w373882772,Santry River,water,waterway=stream,53.410492,-6.2737366,
w373882773,Santry River,water,waterway=stream,53.4104729,-6.2731908,
w373882774,,water,natural=water,53.4105243,-6.2727905,
w373882775,Santry River,water,waterway=stream,53.4100734,-6.2706597,
w374685113,,water,natural=wetland,53.3564064,-6.1953094,
w374838586,Tolka,water,waterway=river,53.3584959,-6.229811,
w375106870,Duck Pond,water,natural=water,53.487804,-6.1709254,
w375403867,,water,natural=wetland,53.3656911,-6.1698364,
w375772039,Grand Canal,water,waterway=canal,53.336783,-6.2414919,
w375776675,Tolka,water,waterway=river,53.3619231,-6.2412488,
w376282510,Liffey,water,waterway=river,53.3452732,-6.2721278,
w376394512,Liffey,water,waterway=river,53.345994,-6.2654762,
w376394513,Liffey,water,waterway=river,53.3477451,-6.256126,
w376394514,Liffey,water,waterway=river,53.3458241,-6.2283198,
w376509674,,water,natural=water,53.3834881,-6.2581028,
w376509678,,water,natural=water,53.383618,-6.2579375,
w376816621,Grand Canal,water,waterway=canal,53.3368713,-6.3064162,
w376816623,Grand Canal,water,waterway=canal,53.3321665,-6.2931906,
w377477769,,water,natural=water,53.2104544,-6.1305603,
w377477773,,water,natural=water,53.2105994,-6.1305941,
w378015789,,water,natural=water,53.3390372,-6.3323753,
w378365525,Camac,water,waterway=river,53.3304133,-6.3299987,
w378365528,Dodder,water,waterway=river,53.2971823,-6.3039805,
w378365529,Dodder,water,waterway=river,53.2996211,-6.2898375,
w378365530,Dodder,water,waterway=river,53.3162452,-6.2364663,
w378365536,Poddle,water,waterway=stream,53.3113343,-6.3019679,
w378470549,,water,waterway=canal,53.3687502,-6.2858343,
w378470550,,water,waterway=canal,53.3717086,-6.2933209,
w378890960,Liffey,water,waterway=river,53.3471495,-6.3082991,
w379046134,Dodder,water,waterway=river,53.3454487,-6.2293487,
w379046135,Grand Canal,water,waterway=canal,53.3455302,-6.2297437,
w379071741,Tolka,water,waterway=river,53.3608861,-6.2387024,
w381387933,Tolka,water,waterway=river,53.375907,-6.2864489,
w381973241,,water,natural=wetland,53.3197652,-6.194551,
w382732224,,water,waterway=stream,53.2485111,-6.453768,
w383494757,,water,waterway=stream,53.2244549,-6.2499686,
w384320425,,water,natural=water,53.4204701,-6.1413914,
w384330743,Liffey,water,waterway=river,53.3472282,-6.2922825,
w384330744,Liffey,water,waterway=river,53.3470985,-6.2969395,
w384401182,Liffey,water,waterway=river,53.3464403,-6.2625677,
w384401187,Royal Canal,water,waterway=canal,53.3505764,-6.2400726,
w384662853,,water,natural=water,53.3074874,-6.2036751,
w385558487,Camac,water,waterway=river,53.3434344,-6.2958995,
w385901920,,water,natural=water,53.2255414,-6.2999828,
w386704586,Owendoher,water,waterway=stream,53.2266955,-6.2946488,
w386704589,Owendoher,water,waterway=stream,53.2257697,-6.2939649,
w386912408,Slang,water,waterway=stream,53.308239,-6.2489883,
w386930127,Slang,water,waterway=stream,53.2711109,-6.2402501,
w386930128,,water,natural=water,53.2699101,-6.2433981,
w386930129,,water,natural=water,53.2699775,-6.2437727,
w389361130,,water,waterway=stream,53.2475052,-6.3814273,
w389366315,,water,natural=water,53.2387369,-6.4011936,
w389366334,,water,waterway=stream,53.2349232,-6.4109292,
w391790301,,water,waterway=stream,53.3532857,-6.3212101,
w392174368,,water,waterway=stream,53.3093333,-6.2205312,
w392528714,,water,natural=water,53.3556146,-6.304277,
w392528718,,water,natural=water,53.3559435,-6.3045732,
w392865240,,water,waterway=stream,53.3594428,-6.3088909,
w392865241,,water,waterway=stream,53.3590482,-6.308764,
w395753367,Pill,water,waterway=river,53.4745005,-6.1551169,
w395753368,Pill,water,waterway=river,53.4724399,-6.1534047,
w399060904,,water,natural=water,53.2679426,-6.2072236,
w399064006,Carrickmines River,water,waterway=stream,53.2532656,-6.1578127,
w399064007,Carrickmines River,water,waterway=stream,53.2527425,-6.1636817,
w400751596,,water,natural=water,53.3557526,-6.360658,
w401692933,,water,natural=water,53.2821819,-6.1044577,
w403287344,Cooling Water Outfall,water,waterway=canal,53.3401164,-6.1840158,
w407983492,Camac,water,waterway=river,53.3145622,-6.4151651,
w407983493,Camac,water,waterway=stream,53.3115154,-6.4186483,
w407983494,Camac,water,waterway=river,53.3207045,-6.4020601,
w407983495,Camac,water,waterway=river,53.3055138,-6.4214688,
w409768058,,water,waterway=stream,53.5631055,-6.2699327,
w409768059,,water,waterway=stream,53.5638037,-6.2815655,
w409768903,,water,waterway=stream,53.5624528,-6.2863484,
w409768904,,water,waterway=stream,53.5507368,-6.2772411,
w409770171,,water,waterway=stream,53.5450726,-6.2723368,
w409773905,,water,waterway=stream,53.5310564,-6.2435038,
w409773906,,water,waterway=stream,53.5301051,-6.239864,
w413468173,,water,waterway=stream,53.5504116,-6.4341607,
w413468174,,water,waterway=stream,53.5504399,-6.4339676,
w416216524,,water,waterway=stream,53.5304343,-6.1628593,
w422277401,,water,natural=water,53.4027396,-6.25074,
w422429242,St Bride's Stream,water,waterway=stream,53.2616276,-6.1559024,
w422429243,St Bride's Stream,water,waterway=stream,53.2635899,-6.1600839,
w422429244,Loughlinstown River,water,waterway=river,53.2440677,-6.1304386,
w422681069,,water,natural=water,53.4106039,-6.227054,
w422681070,,water,natural=water,53.4104093,-6.2260819,
w426225836,Ward River,water,waterway=river,53.4319859,-6.3438802,
w426225837,Ward River,water,waterway=river,53.4302396,-6.3462963,
w429558760,Ballyboughal River,water,waterway=river,53.4993682,-6.1941873,
w429558761,Ballyboughal River,water,waterway=river,53.498141,-6.1922942,
w430221703,St Bride's Stream,water,waterway=stream,53.2661004,-6.1673634,
w430221704,St Bride's Stream,water,waterway=stream,53.2658945,-6.1714127,
w434514932,,water,waterway=stream,53.3207419,-6.3987076,
w434514950,,water,natural=water,53.3213287,-6.3982076,
w434916491,,water,waterway=stream,53.232232,-6.2661786,
w434916494,,water,waterway=stream,53.237112,-6.284816,
w434916496,,water,waterway=stream,53.2290193,-6.2640883,
w434916503,,water,waterway=stream,53.2279114,-6.263884,
w436554722,,water,waterway=stream,53.1896151,-6.3216406,
w436554725,Dodder,water,waterway=river,53.2187913,-6.3335877,
w436554727,,water,waterway=stream,53.2180519,-6.3304004,
w436554728,Troman Allison,water,waterway=stream,53.1938969,-6.3203618,
w436554729,,water,waterway=stream,53.1974905,-6.3359528,
w439444482,Santry River,water,waterway=river,53.3996579,-6.2250596,
w440093349,Slang,water,waterway=stream,53.2609254,-6.2456505,
w440093350,Slang,water,waterway=stream,53.2685262,-6.2431789,
w440349409,Clonard Brook,water,waterway=stream,53.6045167,-6.2141285,
w440358582,Clonard Brook,water,waterway=stream,53.6107905,-6.1983732,
w440366866,Clonard Brook,water,waterway=stream,53.6162329,-6.1858683,
w440366868,Clonard Brook,water,waterway=stream,53.6152879,-6.1906861,
w440366869,Clonard Brook,water,waterway=stream,53.6157003,-6.1884518,
w440366871,Clonard Brook,water,waterway=stream,53.6124845,-6.1956461,
w440366872,Clonard Brook,water,waterway=stream,53.6138434,-6.1933285,
w440840142,,water,natural=water,53.2912741,-6.3583469,
w440845002,,water,waterway=stream,53.277609,-6.4123196,
w440845004,,water,natural=water,53.277833,-6.4123053,
w440869134,,water,natural=water,53.290161,-6.4204979,
w440869135,,water,natural=water,53.2890396,-6.4212596,
w440869136,,water,natural=water,53.2894978,-6.421266,
w440869137,,water,waterway=stream,53.289228,-6.4213468,
w440869138,,water,waterway=stream,53.2898191,-6.4210227,
w441664680,,water,waterway=river,53.5228535,-6.1413564,
w441664681,,water,waterway=river,53.5207129,-6.1355456,
w442437395,Dodder,water,waterway=river,53.238793,-6.3631463,
w444604559,Camac,water,waterway=stream,53.314251,-6.415118,
w448006179,Liffey,water,waterway=river,53.3473084,-6.3449007,
w448006181,Liffey,water,waterway=river,53.3515264,-6.3483143,
w449340635,,water,waterway=stream,53.2497036,-6.1860184,
w449340641,,water,waterway=stream,53.249184,-6.1892288,
w449352336,,water,natural=water,53.2539215,-6.1897934,
w449520268,,water,natural=water,53.5285559,-6.2357875,
w454415311,,water,natural=water,53.3468596,-6.311698,
w460342129,,water,natural=water,53.3751012,-6.1382731,
w460536684,Santry River,water,waterway=river,53.3768228,-6.1673095,
w461008804,,water,natural=water,53.451374,-6.2002099,
w465205748,Daws River,water,waterway=stream,53.528245,-6.3646807,
w465205754,,water,waterway=stream,53.5262357,-6.3596753,
w465205756,,water,waterway=stream,53.525428,-6.3526023,
w465205757,,water,waterway=stream,53.5259535,-6.3456045,
w465205759,,water,waterway=stream,53.5264032,-6.3428925,
w465205764,Daws River,water,waterway=stream,53.5265431,-6.325575,
w469917338,Little Dargle,water,waterway=stream,53.2615028,-6.2620914,
w469917341,Little Dargle,water,waterway=stream,53.2602282,-6.2610471,
w471094402,,water,natural=water,53.4794801,-6.2707239,
w474005887,Grand Canal,water,waterway=canal,53.3277772,-6.4851648,
w474005889,,water,natural=water,53.3279463,-6.4834108,
w475282335,Dodder,water,waterway=river,53.2254509,-6.3505081,
w475282336,Slade Brook,water,waterway=stream,53.2226187,-6.3470337,
w475296928,Glendoo Brook,water,waterway=stream,53.2509797,-6.312387,
w475336479,,water,waterway=stream,53.2337833,-6.4604405,
w475704042,,water,waterway=stream,53.2558437,-6.3866109,
w475704043,,water,waterway=stream,53.2576311,-6.3792178,
w475708238,Camac,water,waterway=river,53.2540178,-6.4517581,
w475708239,Camac,water,waterway=river,53.2592455,-6.4485398,
w475825675,,water,waterway=stream,53.2077154,-6.1677316,
w475870358,Little Dargle,water,waterway=stream,53.2649784,-6.2629063,
w476052279,,water,waterway=stream,53.2735629,-6.2595681,
w476052280,,water,waterway=stream,53.2655795,-6.2527322,
w476052282,,water,waterway=stream,53.2738171,-6.2600892,
w476052284,,water,waterway=stream,53.2729091,-6.2576635,
w476053471,,water,waterway=stream,53.266895,-6.2534096,
w476053472,,water,waterway=stream,53.2676031,-6.2541708,
w476055462,,water,waterway=stream,53.278453,-6.263773,
w476056987,,water,waterway=stream,53.2741427,-6.2600074,
w476056988,,water,waterway=stream,53.2748202,-6.2603354,
w476112586,,water,waterway=stream,53.2680486,-6.2541982,
w476267649,,water,waterway=stream,53.2317645,-6.4174774,
w476267658,,water,waterway=stream,53.2331409,-6.4140181,
w476268770,Brittas,water,waterway=river,53.2307498,-6.423799,
w477535060,Slang,water,waterway=stream,53.2869771,-6.2396457,
w477535061,Slang,water,waterway=stream,53.2868819,-6.2392679,
w477535062,Slang,water,waterway=stream,53.2870573,-6.2404399,
w477535063,Slang,water,waterway=stream,53.2867702,-6.2390837,
w478331211,,water,waterway=stream,53.2430911,-6.4542329,
w478331212,,water,waterway=stream,53.2359934,-6.4535708,
w478941249,,water,waterway=stream,53.4983865,-6.1717601,
w479262622,,water,natural=water,53.4594553,-6.3295904,
w479267724,,water,natural=water,53.4870108,-6.2745983,
w479267725,,water,natural=water,53.487673,-6.2745528,
w479267726,,water,natural=water,53.4861977,-6.2750356,
w479267727,,water,natural=water,53.4852473,-6.2741147,
w479267728,,water,natural=water,53.4846874,-6.2739662,
w479267729,,water,natural=water,53.4833413,-6.2734455,
w480630250,,water,natural=water,53.4048819,-6.1216224,
w482003417,,water,natural=water,53.4590183,-6.3128793,
w482005770,,water,natural=water,53.4299693,-6.1454549,
w482005771,,water,natural=water,53.4296432,-6.1447607,
w482006659,,water,natural=water,53.4584483,-6.3309312,
w482010185,,water,natural=water,53.478797,-6.1375746,
w482010219,,water,natural=water,53.4740498,-6.1310065,
w482010220,,water,natural=water,53.4752838,-6.1305742,
w482010221,,water,natural=water,53.4745672,-6.1310362,
w482010222,,water,natural=water,53.4758903,-6.1333757,
w482010223,,water,natural=water,53.4777557,-6.1313073,
w482010224,,water,natural=water,53.4768243,-6.1317096,
w482010225,,water,natural=water,53.4769023,-6.1330084,
w482010226,,water,natural=water,53.4739639,-6.1336025,
w482010227,,water,natural=water,53.4728309,-6.127912,
w482929358,Grand Canal,water,waterway=canal,53.3344779,-6.3269988,
w482929361,Camac,water,waterway=river,53.3346368,-6.326937,
w483115745,,water,waterway=stream,53.3089623,-6.3098723,
w483115746,,water,waterway=stream,53.3088848,-6.3099006,
w483115765,Poddle,water,waterway=stream,53.3207386,-6.288386,
w483115767,Poddle,water,waterway=stream,53.3207066,-6.2886313,
w484580560,Tymon River,water,waterway=stream,53.2998568,-6.3430989,
w484580561,Tymon River,water,waterway=stream,53.2996165,-6.3424098,
w485443029,,water,natural=water,53.5305056,-6.1220866,
w489093771,,water,waterway=stream,53.2341372,-6.3602496,
w492565945,,water,waterway=stream,53.477874,-6.273758,
w492565946,,water,waterway=stream,53.4771341,-6.2747405,
w492565947,,water,waterway=stream,53.4786242,-6.2726342,
w492565948,,water,waterway=stream,53.4789515,-6.272248,
w492565949,,water,waterway=stream,53.4792116,-6.2718779,
w492565950,,water,waterway=stream,53.4792439,-6.2714431,
w492565951,,water,natural=water,53.4792087,-6.2713251,
w492565952,,water,waterway=stream,53.4794729,-6.2708267,
w492565953,,water,waterway=stream,53.479711,-6.2704337,
w492565954,,water,waterway=stream,53.4814024,-6.2684393,
w492568040,,water,waterway=stream,53.483087,-6.2668586,
w493046984,Liffey,water,waterway=river,53.3455883,-6.2763141,
w493046985,Liffey,water,waterway=river,53.3452925,-6.2730434,
w493046986,Liffey,water,waterway=river,53.3458694,-6.2664823,
w493046987,Liffey,water,waterway=river,53.3454769,-6.2698878,
w493046988,Liffey,water,waterway=river,53.3455645,-6.2690828,
w493046990,Liffey,water,waterway=river,53.3465788,-6.2822698,
w493046991,Liffey,water,waterway=river,53.3454193,-6.2746632,
w493514869,Liffey,water,waterway=river,53.3469038,-6.2606374,
w493660043,Ballyboughal River,water,waterway=stream,53.5240968,-6.2865054,
w493660044,Ballyboughal River,water,waterway=stream,53.5168085,-6.2612607,
w494014744,Liffey,water,waterway=river,53.3457549,-6.2773455,
w494955656,,water,natural=water,53.3500243,-6.3473416,
w494955658,Liffey,water,waterway=river,53.3492301,-6.346438,
w494955659,,water,natural=water,53.3477048,-6.3446347,
w496424324,,water,waterway=stream,53.301174,-6.4171847,
w496424325,,water,waterway=stream,53.3012731,-6.4172411,
w496424326,,water,waterway=stream,53.3014061,-6.4172947,
w499081367,,water,natural=water,53.3766263,-6.3137745,
w500979398,,water,natural=water,53.5304085,-6.1382583,
w500979399,,water,natural=water,53.5270551,-6.1387159,
w500979407,,water,waterway=stream,53.5269864,-6.138387,
w500979412,,water,natural=wetland,53.5268854,-6.1390718,
w504300110,Liffey,water,waterway=river,53.3610961,-6.3696811,
w505074947,Clonard Brook,water,waterway=stream,53.6056634,-6.2095034,
w505074950,Clonard Brook,water,waterway=stream,53.6049235,-6.2108926,
w505077172,Clonard Brook,water,waterway=stream,53.608768,-6.2037729,
w505078944,Clonard Brook,water,waterway=stream,53.6073533,-6.2060404,
w505288099,,water,waterway=stream,53.4353814,-6.2950694,
w505288100,,water,waterway=stream,53.4361883,-6.2938431,
w505288101,,water,waterway=stream,53.4369885,-6.2937188,
w505288102,,water,waterway=stream,53.437798,-6.294104,
w505288103,,water,waterway=stream,53.4392218,-6.2960407,
w505288104,,water,waterway=stream,53.4406695,-6.2978896,
w505288105,,water,waterway=stream,53.4458463,-6.2963274,
w505288106,,water,waterway=river,53.4533069,-6.2969337,
w505303110,,water,waterway=stream,53.4645685,-6.2435722,
w505303111,,water,waterway=stream,53.4675255,-6.2419233,
w505320566,,water,natural=water,53.4841854,-6.2654842,
w505320567,,water,natural=water,53.4847542,-6.2650721,
w505320568,,water,natural=water,53.4834436,-6.260848,
w505320569,,water,waterway=stream,53.4837205,-6.2658381,
w505320570,,water,waterway=stream,53.4846893,-6.2650787,
w505320571,,water,waterway=stream,53.4851376,-6.2650648,
w505320572,,water,waterway=stream,53.485295,-6.2643082,
w505320573,,water,waterway=stream,53.4853148,-6.263734,
w505320574,,water,waterway=stream,53.4853556,-6.262346,
w505383287,,water,waterway=stream,53.578113,-6.2921185,
w505383288,,water,waterway=stream,53.5796759,-6.2930447,
w505383289,,water,waterway=stream,53.5820431,-6.291728,
w505383290,,water,waterway=stream,53.5844059,-6.2904,
w505383291,,water,waterway=stream,53.5847521,-6.2904389,
w505383292,,water,waterway=stream,53.5851002,-6.2904988,
w505383293,,water,waterway=stream,53.585166,-6.2905062,
w505383294,,water,waterway=stream,53.5863415,-6.2910171,
w505383296,,water,waterway=stream,53.5876886,-6.2916634,
w505383298,,water,waterway=stream,53.5879487,-6.291844,
w505383300,,water,waterway=stream,53.5881055,-6.2919371,
w505383301,,water,waterway=stream,53.5849574,-6.2943309,
w505383302,,water,waterway=stream,53.5858329,-6.2910436,
w505837577,,water,waterway=stream,53.5392576,-6.0977073,
w506493449,,water,waterway=stream,53.5624495,-6.211767,
w506493450,,water,waterway=stream,53.5639365,-6.2101628,
w506493451,,water,waterway=stream,53.5643719,-6.2103114,
w506493452,,water,waterway=stream,53.5648828,-6.2105106,
w506493453,,water,waterway=stream,53.5611341,-6.2143847,
w506493454,,water,waterway=stream,53.5624661,-6.2180133,
w506493455,,water,waterway=stream,53.5616055,-6.2163306,
w506493456,,water,waterway=stream,53.5623058,-6.2175614,
w507480436,,water,waterway=stream,53.3455208,-6.3208016,
w507480438,,water,waterway=stream,53.3455048,-6.3207924,
w508142658,,water,natural=water,53.4867496,-6.1799403,
w508461277,Santry River,water,waterway=river,53.4036194,-6.2407861,
w508461278,Santry River,water,waterway=river,53.4032926,-6.2370484,
w508461279,Santry River,water,waterway=river,53.4027034,-6.2333668,
w508461280,Santry River,water,waterway=river,53.4023861,-6.2316429,
w508464424,Santry River,water,waterway=river,53.3792631,-6.1752575,
w508464425,Santry River,water,waterway=river,53.3792077,-6.1745461,
w508464427,Santry River,water,waterway=river,53.3744434,-6.1641106,
w508464428,Santry River,water,waterway=river,53.3748596,-6.1650511,
w509024859,Mooretown Water,water,waterway=stream,53.4711181,-6.242026,
w509024860,,water,waterway=stream,53.4704507,-6.2442997,
w509024861,Mooretown Water,water,waterway=stream,53.4726125,-6.240598,
w509223630,,water,natural=water,53.477069,-6.2388747,
w509223633,,water,natural=water,53.476479,-6.237074,
w509435791,River Daws,water,waterway=stream,53.5305374,-6.3061205,
w509442145,Ballyboughal River,water,waterway=stream,53.5548536,-6.3767916,
w509442146,Ballyboughal River,water,waterway=stream,53.5515462,-6.3664669,
w509442147,Attenuation Pond,water,natural=water,53.5556601,-6.3782883,
w509442150,Ballyboughal River,water,waterway=stream,53.551768,-6.3457139,
w509442151,Ballyboughal River,water,waterway=stream,53.5512869,-6.3499175,
w509442152,Ballyboughal River,water,waterway=stream,53.5506062,-6.355206,
w509442153,Ballyboughal River,water,waterway=stream,53.5502266,-6.3605607,
w509442154,Ballyboughal River,water,waterway=stream,53.5522989,-6.3414648,
w509442155,Ballyboughal River,water,waterway=stream,53.5525843,-6.3394098,
w509449813,,water,waterway=stream,53.5785221,-6.3039134,
w509449814,,water,waterway=stream,53.5790298,-6.3108423,
w509449815,,water,waterway=stream,53.5789718,-6.3106178,
w509449816,,water,waterway=stream,53.5790754,-6.3110703,
w509449817,,water,waterway=stream,53.5792865,-6.3123861,
w509449819,,water,waterway=stream,53.5790763,-6.3081409,
w509449820,,water,waterway=stream,53.5796115,-6.3056849,
w509471794,,water,natural=water,53.5595212,-6.3092747,
w509618499,,water,natural=water,53.6043305,-6.2059173,
w509631221,,water,natural=water,53.6040301,-6.1901886,
w509886948,Bracken River,water,waterway=stream,53.5812866,-6.2092974,
w509903389,Bracken River,water,waterway=river,53.6101981,-6.1820008,
w509903391,Bracken River,water,waterway=river,53.6094135,-6.1838149,
w510222101,Bracken River,water,waterway=stream,53.5775825,-6.2091138,
w510243127,,water,natural=wetland,53.4566125,-6.2464788,
w510292008,Santry River,water,waterway=river,53.3973156,-6.2157696,
w512633019,,water,waterway=stream,53.3120715,-6.215565,
w512633020,Elm Park Stream,water,waterway=stream,53.3114291,-6.2169076,
w513702197,Pill,water,waterway=stream,53.4804171,-6.1598786,
w514543140,,water,waterway=stream,53.4919336,-6.1453933,
w514543141,,water,waterway=stream,53.497768,-6.1549164,
w516752880,,water,natural=water,53.4132727,-6.4261332,
w517332534,,water,waterway=stream,53.5345261,-6.1656015,
w517332535,,water,waterway=stream,53.5308984,-6.164665,
w517332536,,water,waterway=stream,53.5310907,-6.1653074,
w517332537,,water,waterway=stream,53.532403,-6.1643797,
w517604821,Tolka,water,waterway=river,53.3775255,-6.2907108,
w517604828,Tolka,water,waterway=river,53.3774859,-6.3078943,
w517779981,Little Dargle,water,waterway=stream,53.2790795,-6.2652201,
w518124232,,water,natural=water,53.4104409,-6.4143994,
w518124235,,water,natural=water,53.4115545,-6.4195777,
w518124236,,water,natural=water,53.4123151,-6.4205865,
w518347346,Tolka,water,waterway=river,53.3765713,-6.3050363,
w518347350,Tolka,water,waterway=river,53.3781601,-6.3109103,
w518363790,,water,waterway=stream,53.4242168,-6.3935816,
w518363791,,water,waterway=stream,53.4234966,-6.3891127,
w518363792,,water,waterway=stream,53.4226657,-6.3836012,
w518363793,,water,waterway=stream,53.4224069,-6.3827582,
w518363794,,water,waterway=stream,53.4222386,-6.3815394,
w518363795,,water,waterway=stream,53.4221516,-6.3804985,
w518363796,,water,waterway=stream,53.4219857,-6.379644,
w518363797,,water,waterway=stream,53.4219286,-6.3793491,
w518363798,,water,waterway=stream,53.4215433,-6.3795556,
w518363799,,water,waterway=stream,53.4211494,-6.3797872,
w518363800,,water,waterway=stream,53.4210797,-6.3795333,
w518363802,,water,waterway=stream,53.4215435,-6.3750161,
w518363803,,water,waterway=stream,53.420759,-6.3705024,
w518363804,,water,waterway=stream,53.4207243,-6.3701202,
w518363805,,water,waterway=stream,53.4207224,-6.3698809,
w518363806,,water,waterway=stream,53.4207284,-6.369764,
w518363807,,water,waterway=stream,53.420748,-6.3697055,
w518363808,,water,natural=water,53.4209637,-6.3695059,
w521473639,Kill o'the Grange Stream,water,waterway=stream,53.255755,-6.1377467,
w521473640,Kill o'the Grange Stream,water,waterway=stream,53.2479926,-6.1149014,
w521473641,Kill o'the Grange Stream,water,waterway=stream,53.2478261,-6.1153328,
w521473642,Kill o'the Grange Stream,water,waterway=stream,53.2480018,-6.1137794,
w521548241,Mayne,water,waterway=river,53.4092903,-6.1361155,
w521548242,Mayne,water,waterway=river,53.4081776,-6.1383696,
w521548243,Mayne,water,waterway=river,53.4091876,-6.164359,
w527528130,,water,waterway=stream,53.4320703,-6.4095816,
w529810557,,water,waterway=stream,53.2612331,-6.3245872,
w530512868,,water,natural=water,53.3931994,-6.3358137,
w530512875,,water,natural=water,53.3927713,-6.333737,
w530589791,Santry River,water,waterway=river,53.4067673,-6.2622053,
w530589792,Santry River,water,waterway=river,53.4055862,-6.2521102,
w530614620,,water,waterway=stream,53.4070542,-6.2649598,
w530614621,,water,waterway=stream,53.4067625,-6.2669764,
w530614623,,water,waterway=stream,53.4070574,-6.2693535,
w530874694,,water,waterway=stream,53.3042229,-6.2360493,
w532076364,Slang,water,waterway=stream,53.2879204,-6.2439832,
w532076365,Slang,water,waterway=stream,53.2877116,-6.2437947,
w532076366,Slang,water,waterway=stream,53.2885577,-6.2445205,
w532076367,Slang,water,waterway=stream,53.2882953,-6.2442987,
w538878009,,water,natural=water,53.3217586,-6.4579353,
w538902304,,water,natural=water,53.3291215,-6.4508953,
w539013973,,water,waterway=stream,53.3801454,-6.4388222,
w539013974,,water,waterway=stream,53.3802596,-6.4390439,
w539013975,,water,waterway=stream,53.380025,-6.4387169,
w539013976,,water,waterway=stream,53.380842,-6.4413402,
w539013977,,water,waterway=stream,53.3815489,-6.4440391,
w539013979,,water,waterway=stream,53.3822324,-6.4455915,
w539013980,,water,waterway=stream,53.382967,-6.4469544,
w539013981,,water,waterway=stream,53.3841512,-6.4496236,
w539013982,,water,waterway=stream,53.3853062,-6.4538817,
w539138498,,water,natural=water,53.3230725,-6.4541827,
w539764009,,water,natural=water,53.324805,-6.4467287,
w543124397,Jobstown Stream,water,waterway=stream,53.2807126,-6.3979431,
w544835171,,water,natural=water,53.2894503,-6.4196343,
w544835173,,water,natural=water,53.2895641,-6.4192975,
w545466844,,water,natural=water,53.4243893,-6.1396916,
w546545521,,water,natural=water,53.3600381,-6.1701001,
w546545522,,water,natural=water,53.3595264,-6.1727456,
w546545524,,water,natural=water,53.3590341,-6.1683371,
w546545533,,water,natural=water,53.3638098,-6.161061,
w546545541,,water,waterway=stream,53.3644129,-6.1648507,
w546545542,,water,natural=water,53.3668045,-6.1592911,
w546547870,Alder Marsh,water,natural=wetland,53.3771966,-6.1290319,
w546548742,,water,natural=water,53.36877,-6.1509404,
w546614641,,water,natural=water,53.3676356,-6.1548475,
w546856019,Priory Stream,water,waterway=stream,53.2988251,-6.1864753,
w547064103,Trimlestown Stream,water,waterway=stream,53.3106694,-6.2018422,
w547075345,,water,natural=water,53.2999224,-6.2834087,
w547075346,,water,natural=water,53.2996527,-6.2829398,
w547114152,Dodder,water,waterway=river,53.3059416,-6.2666941,
w547114154,Dodder,water,waterway=river,53.3083306,-6.2587262,
w547144814,Liffey,water,waterway=river,53.3478632,-6.253336,
w547144823,Grand Canal,water,waterway=canal,53.3412212,-6.2383236,
w547158068,,water,natural=water,53.2945785,-6.4012304,
w547428058,Broadmeadow Water,water,waterway=river,53.4671539,-6.2049197,
w547567649,,water,waterway=river,53.346836,-6.3147747,
w547766098,,water,waterway=canal,53.3614988,-6.259661,
w547843632,Grand Canal,water,waterway=canal,53.3402846,-6.2389947,
w547994122,River Broadmeadow,water,waterway=river,53.476801,-6.236574,
w547994124,Broadmeadow River,water,waterway=river,53.485988,-6.2640796,
w548074231,Tolka,water,waterway=river,53.3984459,-6.3894666,
w548187916,Loughlinstown River,water,waterway=river,53.2426812,-6.1202262,
w548203760,,water,natural=water,53.3331207,-6.2960519,
w548203764,,water,natural=water,53.3318382,-6.2914046,
w548203771,,water,natural=water,53.33122,-6.287734,
w548205919,Abbey Stream,water,waterway=stream,53.3335093,-6.2835662,
w548248892,,water,natural=water,53.3352775,-6.3020408,
w548432735,Camac,water,waterway=river,53.3153896,-6.4139373,
w548432736,Camac,water,waterway=river,53.3137513,-6.4160459,
w548432738,Camac,water,waterway=river,53.3092629,-6.4239679,
w548432757,Broadmeadow Water,water,waterway=river,53.4664766,-6.203544,
w548432759,Ward River,water,waterway=river,53.4577439,-6.2500775,
w548550121,Cot Brook,water,waterway=stream,53.2001249,-6.3433388,
w548550132,,water,waterway=stream,53.2016072,-6.3365021,
w548551187,,water,waterway=stream,53.1927292,-6.3531489,
w548551188,,water,waterway=stream,53.1890912,-6.3413023,
w548551189,,water,waterway=stream,53.1957979,-6.3452357,
w548551190,,water,waterway=stream,53.1866742,-6.341105,
w548551191,,water,waterway=stream,53.1847658,-6.3434418,
w548551192,Cot Brook,water,waterway=stream,53.1970654,-6.344285,
w548551664,Ward River,water,waterway=river,53.4561907,-6.2278173,
w548551968,Cot Brook,water,waterway=stream,53.1940467,-6.3438161,
w548551969,,water,waterway=stream,53.1965045,-6.3308551,
w548551970,,water,waterway=stream,53.20407,-6.3409752,
w548551971,Cot Brook,water,waterway=stream,53.2118507,-6.3409796,
w548551972,,water,waterway=stream,53.1967521,-6.3376846,
w548552229,,water,waterway=stream,53.1878692,-6.3217153,
w548552230,,water,waterway=stream,53.1883526,-6.322235,
w548552231,,water,waterway=stream,53.1888599,-6.3214197,
w548553687,,water,waterway=stream,53.2105384,-6.320666,
w548554195,Troman Allison,water,waterway=stream,53.1949961,-6.319907,
w548554196,,water,waterway=stream,53.1925526,-6.3213409,
w548554562,Troman Allison,water,waterway=stream,53.1976752,-6.3192864,
w548554563,Troman Allison,water,waterway=stream,53.2009886,-6.319797,
w548557593,Slade Brook,water,waterway=stream,53.216385,-6.3489494,
w548557594,,water,waterway=stream,53.203311,-6.3606953,
w548557595,Slade Brook,water,waterway=stream,53.2099011,-6.3541391,
w548557928,,water,waterway=stream,53.1908456,-6.3600281,
w548558705,,water,waterway=stream,53.1974102,-6.3666472,
w548558706,,water,waterway=stream,53.2001536,-6.3646912,
w548558707,,water,waterway=stream,53.2018023,-6.3627079,
w548561529,,water,waterway=stream,53.2003856,-6.3574415,
w548561530,,water,waterway=stream,53.1930864,-6.3466221,
w548561532,,water,waterway=stream,53.1933354,-6.3470706,
w548561534,,water,waterway=stream,53.196402,-6.3653991,
w548691831,,water,natural=water,53.2476599,-6.3698727,
w548695353,,water,natural=water,53.2385805,-6.3633986,
w548696244,,water,waterway=stream,53.2329285,-6.3611234,
w548747709,Santry River,water,waterway=river,53.3888819,-6.1916532,
w548747711,Santry River,water,waterway=river,53.3853474,-6.1886257,
w548853758,Slang,water,waterway=stream,53.2847472,-6.2376536,
w548954811,,water,waterway=canal,53.3747389,-6.3085698,
w548978819,Liffey,water,waterway=river,53.3618126,-6.4022455,
w550520502,Racecourse Stream,water,waterway=stream,53.2545216,-6.1762048,
w550682324,,water,waterway=stream,53.2629403,-6.3385833,
w550682330,,water,waterway=stream,53.263443,-6.3385753,
w550948162,,water,natural=water,53.2608818,-6.3295579,
w550953998,,water,waterway=stream,53.2463154,-6.3390103,
w551409513,,water,natural=water,53.4237873,-6.2199072,
w554295361,,water,waterway=stream,53.2209036,-6.2677214,
w554331025,Camac,water,waterway=stream,53.2437581,-6.4275298,
w554331026,Camac,water,waterway=stream,53.2458026,-6.4256179,
w554331037,,water,waterway=stream,53.2388234,-6.4002853,
w554331038,,water,waterway=stream,53.2370938,-6.4062666,
w554331040,,water,waterway=stream,53.242756,-6.3962139,
w554331041,,water,waterway=stream,53.2448202,-6.3976377,
w554331042,,water,waterway=stream,53.2383779,-6.3900137,
w554331043,,water,waterway=stream,53.2322343,-6.3881811,
w556333552,Tolka,water,waterway=river,53.3983509,-6.3893765,
w556534691,Dodder,water,waterway=river,53.2958695,-6.3093227,
w556534693,Dodder,water,waterway=river,53.2956446,-6.3080721,
w556974193,Dodder,water,waterway=river,53.2878698,-6.3376277,
w556974199,Dodder,water,waterway=river,53.2805096,-6.3488936,
w558037001,,water,natural=water,53.3898447,-6.2496944,
w558037006,,water,natural=water,53.3893683,-6.2513196,
w558087389,Millrace,water,waterway=stream,53.3308012,-6.4545507,
w559156628,Whitestown Stream,water,waterway=stream,53.2874147,-6.3409695,
w559156630,Whitestown Stream,water,waterway=stream,53.2875558,-6.3393942,
w562011804,Naniken River,water,waterway=river,53.3708368,-6.1668595,
w563920573,,water,natural=water,53.3349062,-6.2448264,
w563920581,Grand Canal,water,waterway=canal,53.3300778,-6.2642759,
w567418433,Santry River,water,waterway=river,53.3758821,-6.1662251,
w567418435,Santry River,water,waterway=river,53.3743592,-6.1631007,
w568709827,,water,natural=water,53.3449985,-6.2787923,
w568710997,,water,natural=water,53.3439601,-6.3174357,
w568712696,,water,natural=water,53.3440063,-6.316622,
w569303600,,water,natural=water,53.4772284,-6.1786207,
w569303601,,water,natural=water,53.4762891,-6.1754884,
w569303603,,water,natural=water,53.4757437,-6.1745217,
w569303611,,water,waterway=river,53.473635,-6.1572343,
w571263256,,water,natural=water,53.3302865,-6.2754131,
w572459720,Grand Canal,water,waterway=canal,53.332243,-6.2521685,
w572459722,Grand Canal,water,waterway=canal,53.3320681,-6.2527798,
w576298581,Bracken River,water,waterway=river,53.6022995,-6.1860458,
w577866052,,water,natural=water,53.3220689,-6.2496365,
w581947660,Camac,water,waterway=river,53.2965698,-6.4409336,
w583352287,,water,waterway=stream,53.5407471,-6.0898332,
w583352291,,water,natural=water,53.5394943,-6.0844923,
w583352295,,water,waterway=stream,53.5392014,-6.0844144,
w584651443,Bracken River,water,waterway=stream,53.5925653,-6.2126352,
w584651444,Bracken River,water,waterway=river,53.5949912,-6.2099711,
w584651445,Bracken River,water,waterway=river,53.5942652,-6.2111823,
w584712457,,water,waterway=stream,53.5395047,-6.2613756,
w584887711,Bracken River,water,waterway=river,53.5941095,-6.2114575,
w586398442,Airside Monument,water,natural=water,53.4474022,-6.2197594,
w586586734,,water,waterway=stream,53.4740461,-6.1517747,
w586586735,,water,waterway=stream,53.4738825,-6.1516094,
w586586736,,water,waterway=stream,53.4739088,-6.1520813,
w586586737,,water,waterway=stream,53.4740015,-6.1517429,
w586586738,,water,waterway=stream,53.4738315,-6.1515055,
w586586739,,water,waterway=stream,53.4738297,-6.1515973,
w586586740,,water,waterway=stream,53.4742489,-6.1516584,
w586586741,,water,waterway=stream,53.4743447,-6.1522217,
w586586742,,water,waterway=stream,53.4743806,-6.1518059,
w586586743,,water,waterway=stream,53.4744061,-6.1517094,
w586586744,,water,waterway=stream,53.4742871,-6.1513669,
w586586745,,water,waterway=stream,53.4748184,-6.1519387,
w586586746,,water,waterway=stream,53.4749025,-6.1521862,
w586586747,,water,waterway=stream,53.4749621,-6.1520138,
w586586748,,water,waterway=stream,53.4749755,-6.1518082,
w586586749,,water,waterway=stream,53.4752894,-6.1517901,
w586586750,,water,waterway=stream,53.4752738,-6.1519924,
w586586751,,water,waterway=stream,53.4754382,-6.1517121,
w586586752,,water,waterway=stream,53.4753978,-6.151215,
w586586753,,water,waterway=stream,53.4750375,-6.1512923,
w586586754,,water,waterway=stream,53.4749359,-6.151122,
w586586755,,water,waterway=stream,53.4747781,-6.1507675,
w586586756,,water,waterway=stream,53.4749481,-6.1504165,
w586586757,,water,waterway=stream,53.4751054,-6.1509557,
w586586758,,water,waterway=stream,53.4751373,-6.1510814,
w586586759,,water,waterway=stream,53.4751006,-6.1512547,
w586586760,,water,waterway=stream,53.4751373,-6.1511984,
w586586761,,water,waterway=stream,53.4750946,-6.1508431,
w586586762,,water,waterway=stream,53.4750004,-6.1504642,
w586586763,,water,waterway=stream,53.4751612,-6.1505668,
w586586764,,water,waterway=stream,53.475181,-6.150292,
w586586765,,water,waterway=stream,53.4752914,-6.150887,
w586586766,,water,waterway=stream,53.4753616,-6.1507639,
w586586767,,water,waterway=stream,53.4755434,-6.1501484,
w586586768,,water,waterway=stream,53.4750211,-6.1501943,
w586586769,,water,waterway=stream,53.4751324,-6.1502624,
w586586770,,water,waterway=stream,53.475027,-6.1503906,
w586586771,,water,waterway=stream,53.4745798,-6.1517224,
w586586772,,water,waterway=stream,53.4746025,-6.152156,
w586586773,,water,waterway=stream,53.4745061,-6.1518962,
w586586774,,water,waterway=stream,53.4742176,-6.1522442,
w586586775,,water,waterway=stream,53.4741273,-6.1521777,
w586586777,,water,waterway=stream,53.4734713,-6.1521352,
w586586778,,water,waterway=stream,53.4735309,-6.1521701,
w586914762,,water,natural=water,53.2945468,-6.3117514,
w586998619,,water,waterway=stream,53.4750553,-6.1514442,
w586998620,,water,waterway=stream,53.4745147,-6.1520487,
w588613389,,water,waterway=stream,53.6233111,-6.2318592,
w588613391,,water,waterway=stream,53.6279516,-6.230574,
w589970746,,water,waterway=stream,53.3680599,-6.0592825,
w589970747,,water,waterway=stream,53.3680988,-6.0594606,
w592195713,,water,waterway=stream,53.4019107,-6.1367225,
w592195714,,water,waterway=stream,53.4018021,-6.1367655,
w593151041,,water,natural=water,53.2708575,-6.2052245,
w594191235,,water,waterway=stream,53.545885,-6.3355037,
w594191236,,water,waterway=stream,53.5448422,-6.3332881,
w594191241,Ballyboughal River,water,waterway=stream,53.5432531,-6.3272179,
w594191243,Ballyboughal River,water,waterway=stream,53.5403074,-6.323779,
w594191244,Ballyboughal River,water,waterway=stream,53.5397729,-6.3230876,
w594191245,Ballyboughal River,water,waterway=stream,53.5391018,-6.3218068,
w594191249,Ballyboughal River,water,waterway=stream,53.5382425,-6.3203697,
w594191250,,water,waterway=stream,53.5380051,-6.3200493,
w594191251,Ballyboughal River,water,waterway=stream,53.5377616,-6.3200027,
w594191256,Ballyboughal River,water,waterway=stream,53.5366504,-6.3182346,
w594191258,Ballyboughal River,water,waterway=stream,53.5350153,-6.3146661,
w594195609,Ballyboughal River,water,waterway=stream,53.5330318,-6.3096302,
w594195610,Ballyboughal River,water,waterway=stream,53.5321318,-6.307626,
w594195611,Ballyboughal River,water,waterway=stream,53.5320148,-6.307733,
w594195616,,water,waterway=stream,53.5327494,-6.3100967,
w594195618,Ballyboughal River,water,waterway=stream,53.526651,-6.2932336,
w594195619,Ballyboughal River,water,waterway=stream,53.5312359,-6.306231,
w594195620,,water,waterway=stream,53.5320086,-6.3080382,
w610535461,,water,natural=water,53.3739506,-6.1441218,
w612719566,Grand Canal,water,waterway=canal,53.3333703,-6.2483026,
w612927129,,water,natural=water,53.2925717,-6.4270747,
w612927130,,water,waterway=stream,53.291606,-6.4253846,
w612927131,,water,waterway=stream,53.2916585,-6.4255604,
w612927132,,water,waterway=stream,53.2919536,-6.4262934,
w623089322,,water,waterway=stream,53.2422127,-6.126993,
w626688678,Naniken River,water,waterway=river,53.3716158,-6.1702911,
w631925373,Dodder,water,waterway=river,53.3037961,-6.2693728,
w634043725,,water,waterway=stream,53.2849381,-6.366147,
w634043726,,water,waterway=stream,53.2849319,-6.3649699,
w634773750,Ballyboughal River,water,waterway=river,53.4985418,-6.1877159,
w634796757,,water,waterway=stream,53.4936323,-6.191777,
w634822831,,water,waterway=stream,53.4900267,-6.179206,
w634822832,Pill,water,waterway=stream,53.4856859,-6.1767663,
w634822833,Pill,water,waterway=stream,53.4863405,-6.1792878,
w636636982,Dodder,water,waterway=river,53.3043531,-6.2714839,
w638320159,"Loughlinstown River, North",water,waterway=river,53.2454635,-6.1343933,
w640103608,,water,natural=water,53.4675088,-6.2170665,
w640112684,,water,natural=water,53.3862045,-6.0594628,
w642657516,Mayne,water,waterway=river,53.4069205,-6.1737293,
w642657517,Mayne,water,waterway=river,53.40684,-6.1758295,
w642657518,Mayne,water,waterway=river,53.4069698,-6.177713,
w642657520,,water,natural=water,53.4065597,-6.1879502,
w647086224,,water,natural=water,53.4068751,-6.1506686,
w659395903,Who made the world?,water,natural=water,53.3285117,-6.2317633,
w659617625,,water,natural=water,53.2720482,-6.2423998,
w662868302,,water,waterway=stream,53.2802918,-6.1450629,
w662868304,,water,waterway=stream,53.2806719,-6.1458799,
w662868923,,water,natural=wetland,53.2806738,-6.1459172,
w666914569,Bracken River,water,waterway=river,53.5995284,-6.1923798,
w666914570,Bracken River,water,waterway=river,53.5964781,-6.2067631,
w667790284,,water,natural=water,53.4084522,-6.2686755,
w667790285,,water,natural=water,53.4067981,-6.2700087,
w667790290,,water,natural=water,53.4057588,-6.2664038,
w668608736,,water,natural=water,53.292693,-6.4762251,
w668615977,Griffeen,water,waterway=stream,53.29681,-6.4701106,
w668615978,Griffeen,water,waterway=stream,53.2938817,-6.4716166,
w668615979,Griffeen,water,waterway=stream,53.29854,-6.4712154,
w668615981,Griffeen,water,waterway=stream,53.2994805,-6.4726629,
w668615982,Griffeen,water,waterway=stream,53.2966405,-6.4702592,
w668615983,Griffeen,water,waterway=stream,53.2973077,-6.4698263,
w669201154,Whitechurch Stream,water,waterway=stream,53.2889881,-6.286507,
w669201155,Whitechurch Stream,water,waterway=stream,53.289913,-6.2867588,
w669201156,Whitechurch Stream,water,waterway=stream,53.2908948,-6.287028,
w669201157,Whitechurch Stream,water,waterway=stream,53.2920816,-6.2874311,
w669201158,Whitechurch Stream,water,waterway=stream,53.293016,-6.2877196,
w669324420,,water,natural=water,53.3326787,-6.3422195,
w669576102,Grand Canal,water,waterway=canal,53.3300304,-6.4608006,
w669576103,Grand Canal,water,waterway=canal,53.3306184,-6.439241,
w672422828,Griffeen,water,waterway=stream,53.2960142,-6.4706045,
w672422829,Griffeen,water,waterway=stream,53.2954438,-6.4708815,
w672955040,Pinkeen River,water,waterway=river,53.413602,-6.4178768,
w672955041,Pinkeen River,water,waterway=river,53.4159868,-6.4207047,
w672955042,Pinkeen River,water,waterway=river,53.4098009,-6.4143269,
w672955043,Pinkeen River,water,waterway=river,53.4102117,-6.4147437,
w672955044,Pinkeen River,water,waterway=river,53.4107576,-6.4149377,
w672955045,Pinkeen River,water,waterway=river,53.4112197,-6.4151346,
w673339671,Little Dargle,water,waterway=stream,53.2874709,-6.2710926,
w673449091,Little Dargle,water,waterway=stream,53.2871155,-6.2709829,
w674094339,Whitechurch Stream,water,waterway=stream,53.286592,-6.2861284,
w674094340,Whitechurch Stream,water,waterway=stream,53.2870166,-6.2861074,
w674094341,Whitechurch Stream,water,waterway=stream,53.2881201,-6.2863035,
w674094342,Whitechurch Stream,water,waterway=stream,53.2875525,-6.2861719,
w675058717,,water,natural=water,53.4439473,-6.27926,
w675058718,,water,natural=water,53.4438251,-6.2776802,
w675058719,,water,natural=water,53.4438778,-6.2783146,
w675058720,,water,natural=water,53.4437788,-6.2770526,
w675058721,,water,natural=water,53.4437396,-6.2764182,
w675058722,,water,natural=water,53.4466087,-6.2679705,
w675741571,Mooretown Water,water,waterway=stream,53.4693132,-6.2480452,
w675741573,Mooretown Water,water,waterway=stream,53.4696865,-6.2547168,
w675882012,,water,natural=wetland,53.2811679,-6.1449519,
w675989993,,water,natural=water,53.2722326,-6.504913,
w676087480,,water,waterway=stream,53.2496909,-6.5289417,
w676999959,Owendoher,water,waterway=river,53.2835084,-6.2967397,
w676999960,Owendoher,water,waterway=river,53.2821926,-6.2980122,
w677025466,Whitestown Stream,water,waterway=stream,53.2869106,-6.3488235,
w677025471,Whitestown Stream,water,waterway=stream,53.2866585,-6.3566743,
w677710444,,water,waterway=stream,53.226979,-6.2269092,
w677710449,,water,waterway=stream,53.2269027,-6.2272141,
w678015632,,water,waterway=stream,53.3104022,-6.3834317,
w678017547,,water,waterway=stream,53.3109299,-6.3885831,
w678963519,Little Dargle,water,waterway=stream,53.2793755,-6.2647893,
w678963521,Little Dargle,water,waterway=stream,53.2812249,-6.263583,
w678963522,,water,waterway=stream,53.2787154,-6.2641018,
w684385297,Gaybrook Stream (North),water,waterway=stream,53.4486366,-6.2292032,
w684386188,Gaybrook Stream (North),water,waterway=stream,53.4493476,-6.2200455,
w684386189,Gaybrook Stream North,water,waterway=stream,53.4496903,-6.2182581,
w684386190,Gaybrook Stream North,water,waterway=stream,53.4491469,-6.2149037,
w684386191,Gaybrook Stream North,water,waterway=stream,53.4492906,-6.2136072,
w684387281,,water,waterway=stream,53.4169073,-6.4007174,
w684387282,,water,waterway=stream,53.4164199,-6.4018831,
w684387283,,water,waterway=stream,53.416367,-6.4023831,
w684387284,,water,waterway=stream,53.4161558,-6.4029119,
w684387285,,water,waterway=stream,53.4158087,-6.4034002,
w684387807,,water,natural=wetland,53.4153515,-6.4033489,
w684391107,Gaybrook Stream (North),water,waterway=stream,53.4494475,-6.225666,
w684391109,Gaybrook Stream (North),water,waterway=stream,53.4495753,-6.2252167,
w684391110,Gaybrook Stream (North),water,waterway=stream,53.4495091,-6.2248547,
w684391111,,water,waterway=stream,53.4490557,-6.2229398,
w684391112,,water,waterway=stream,53.4493076,-6.2264283,
w684391113,,water,waterway=stream,53.4507559,-6.2180039,
w684575996,,water,natural=water,53.3090225,-6.2450335,
w686953599,Liffey,water,waterway=river,53.3437143,-6.1949733,
w690994650,Camac,water,waterway=river,53.3006025,-6.4314358,
w697555659,Grand Canal,water,waterway=canal,53.3297023,-6.2754885,
w698905704,,water,natural=water,53.3913248,-6.3623756,
w698905705,,water,waterway=stream,53.3895404,-6.364714,
w698905706,,water,waterway=stream,53.3879587,-6.3663073,
w698905707,Tolka,water,waterway=river,53.3858974,-6.3643294,
w698905708,,water,waterway=stream,53.3870327,-6.365604,
w698905709,,water,waterway=stream,53.3861731,-6.3663738,
w698905710,,water,waterway=stream,53.3859473,-6.3663821,
w701271959,Griffeen,water,waterway=river,53.3509123,-6.4433308,
w701271960,Griffeen,water,waterway=river,53.35123,-6.4436937,
w701273373,,water,waterway=river,53.3760082,-6.1900461,
w707110955,,water,waterway=stream,53.3644627,-6.0804384,
w707110956,,water,waterway=stream,53.3688964,-6.0778703,
w707110957,,water,waterway=stream,53.3682642,-6.0791292,
w707110958,,water,waterway=stream,53.3619899,-6.0818416,
w707110959,,water,waterway=stream,53.362011,-6.0822442,
w707969852,,water,waterway=stream,53.3114181,-6.3890956,
w709106881,,water,waterway=stream,53.298215,-6.4780128,
w709106882,,water,waterway=stream,53.2943715,-6.4756182,
w709137749,,water,natural=water,53.3278111,-6.4474624,
w709143743,,water,natural=water,53.330119,-6.4539574,
w709151463,Griffeen,water,waterway=stream,53.3199348,-6.4578143,
w709300732,,water,natural=water,53.3917751,-6.0961267,
w710572595,,water,waterway=stream,53.3668448,-6.0550711,
w710572596,,water,waterway=stream,53.3670303,-6.0558778,
w712447003,Sluice River,water,waterway=stream,53.4242307,-6.1640638,
w712447004,Sluice River,water,waterway=stream,53.4255705,-6.1724668,
w714018197,,water,natural=water,53.4091167,-6.2020756,
w714018198,,water,natural=water,53.4087162,-6.2016585,
w714018199,,water,natural=water,53.4089032,-6.2018161,
w714516819,,water,natural=water,53.4160868,-6.325859,
w715545018,,water,natural=water,53.2688767,-6.1946551,
w716756169,Mooretown Water,water,waterway=stream,53.4695379,-6.2540199,
w717253391,,water,waterway=stream,53.5753388,-6.2694616,
w717253392,,water,waterway=stream,53.5763006,-6.271301,
w717253393,,water,waterway=stream,53.5782118,-6.2747608,
w717797274,,water,natural=water,53.3157255,-6.451142,
w718851401,Pill,water,waterway=stream,53.4796661,-6.1586057,
w718851402,Pill,water,waterway=stream,53.4773617,-6.1566977,
w718851403,Pill,water,waterway=stream,53.4800025,-6.1588337,
w718851404,Pill,water,waterway=stream,53.4798952,-6.1586868,
w718851405,,water,natural=water,53.4798614,-6.1590026,
w718851406,,water,natural=water,53.4792823,-6.1570783,
w720896827,,water,natural=water,53.4786249,-6.1404638,
w720912578,,water,waterway=stream,53.5846969,-6.1938778,
w720912580,,water,waterway=stream,53.5870322,-6.1912462,
w720912583,,water,waterway=stream,53.5868658,-6.1917296,
w720912585,,water,waterway=stream,53.5896895,-6.1903874,
w720912590,,water,waterway=stream,53.5919912,-6.1894135,
w720912591,,water,waterway=stream,53.593527,-6.1887239,
w720912594,,water,waterway=stream,53.5964569,-6.1848179,
w720912597,,water,waterway=stream,53.6004084,-6.1868459,
w720912598,Mill Pond (Disused),water,natural=water,53.6004552,-6.1892404,
w721178217,,water,natural=water,53.4131838,-6.3718453,
w721292793,,water,natural=water,53.4077443,-6.376805,
w722170459,,water,waterway=stream,53.4921006,-6.1462239,
w722170460,,water,waterway=stream,53.4924776,-6.1482477,
w722792211,,water,waterway=stream,53.5320428,-6.1647099,
w722792212,,water,waterway=stream,53.5315475,-6.1650607,
w722792213,,water,waterway=stream,53.5295324,-6.1600095,
w722792214,,water,waterway=stream,53.5301199,-6.1616161,
w723489954,,water,waterway=stream,53.473821,-6.3479545,
w723489959,,water,waterway=stream,53.4886892,-6.3308133,
w723489960,,water,waterway=stream,53.4914727,-6.3296693,
w723489961,,water,waterway=stream,53.4918143,-6.329437,
w723489962,,water,waterway=stream,53.4712019,-6.3465898,
w723489963,,water,waterway=stream,53.4705353,-6.3440734,
w723491942,,water,waterway=stream,53.4597247,-6.345052,
w723491943,,water,waterway=stream,53.4602679,-6.3475183,
w723491944,Coolatrath Bridge,water,waterway=stream,53.4619494,-6.3535107,
w723491945,,water,waterway=stream,53.4617074,-6.3528262,
w724158236,,water,waterway=stream,53.5343984,-6.0880719,
w724158237,,water,waterway=stream,53.5350299,-6.0900934,
w724158238,,water,waterway=stream,53.5338943,-6.086028,
w724158239,,water,waterway=stream,53.5366593,-6.0918394,
w724158240,,water,waterway=stream,53.5383171,-6.093618,
w724158241,,water,waterway=stream,53.5385376,-6.0834777,
w724158242,,water,waterway=stream,53.5384709,-6.0833246,
w729942363,,water,waterway=stream,53.2781563,-6.3731129,
w729942364,,water,waterway=stream,53.2791945,-6.3726189,
w729942365,,water,waterway=stream,53.280525,-6.3721318,
w737022310,,water,natural=water,53.3305563,-6.4553532,
w737022311,,water,natural=water,53.3295418,-6.4660365,
w737022312,,water,natural=water,53.3270129,-6.4925546,
w737022313,,water,natural=water,53.3219515,-6.5095429,
w737022314,,water,natural=water,53.3122958,-6.5307968,
w737060362,,water,natural=water,53.3374092,-6.2405474,
w737060363,,water,natural=water,53.3380818,-6.2395132,
w737060364,,water,natural=water,53.3367603,-6.2415414,
w737060365,,water,natural=water,53.3361094,-6.2425382,
w737060366,,water,natural=water,53.333726,-6.24715,
w737060367,,water,natural=water,53.3328552,-6.250133,
w737060368,,water,natural=water,53.3319935,-6.2531244,
w737060369,,water,natural=water,53.3303987,-6.2604552,
w737060370,,water,natural=water,53.3302075,-6.2625171,
w737060371,,water,natural=water,53.3300713,-6.2645889,
w737060372,,water,natural=water,53.3311961,-6.256797,
w737060373,,water,natural=water,53.3367593,-6.307467,
w737060375,,water,natural=water,53.3364144,-6.3105551,
w737060376,,water,natural=water,53.3360634,-6.3134488,
w737060377,,water,natural=water,53.3358011,-6.315635,
w737060378,,water,natural=water,53.3349618,-6.3230736,
w737060379,,water,natural=water,53.3342607,-6.3288334,
w737060380,,water,natural=water,53.3339864,-6.3311921,
w737060381,,water,natural=water,53.3337252,-6.3333874,
w737060382,,water,natural=water,53.3334682,-6.3356718,
w737060383,,water,natural=water,53.3331931,-6.3379566,
w737060384,,water,natural=water,53.3319876,-6.3481859,
w737060385,,water,natural=water,53.3317421,-6.350222,
w737060386,,water,natural=water,53.3311717,-6.3551422,
w737060387,,water,natural=water,53.3305745,-6.3600665,
w737060388,,water,natural=water,53.3299239,-6.3655167,
w737060389,,water,natural=water,53.3292773,-6.3709695,
w737060390,,water,natural=water,53.3288066,-6.3748086,
w737060391,,water,natural=water,53.3287344,-6.3878917,
w737060392,,water,natural=water,53.3291152,-6.3975995,
w737060393,,water,natural=water,53.3292756,-6.4022775,
w737060394,,water,natural=water,53.3294479,-6.4067926,
w737060395,,water,natural=water,53.3294994,-6.4086282,
w737060396,,water,natural=water,53.3295713,-6.4104643,
w737060397,,water,natural=water,53.329994,-6.4213693,
w737060398,,water,natural=water,53.3307176,-6.443658,
w737111358,,water,natural=water,53.3437667,-6.2308345,
w737111359,,water,natural=water,53.3437234,-6.2306504,
w737111360,,water,natural=water,53.3436493,-6.230429,
w739173536,,water,waterway=stream,53.30799,-6.4274085,
w739173537,,water,waterway=stream,53.3081318,-6.4273241,
w739173538,,water,waterway=stream,53.3082722,-6.4272614,
w739173539,,water,waterway=stream,53.3089098,-6.4268443,
w741666169,Dodder,water,waterway=river,53.3136694,-6.2405875,
w745423945,Ward River,water,waterway=river,53.4346573,-6.3396558,
w745423946,Ward River,water,waterway=river,53.4350334,-6.3390847,
w745680178,,water,waterway=stream,53.2702996,-6.3270428,
w745755379,,water,natural=water,53.2935782,-6.4210462,
w746611098,Whitestown Stream,water,waterway=stream,53.2790985,-6.3916082,
w746611099,Whitestown Stream,water,waterway=stream,53.2817494,-6.3720333,
w746611100,Whitestown Stream,water,waterway=stream,53.2821548,-6.370672,
w751074199,,water,waterway=stream,53.4928687,-6.1503427,
w751074200,,water,waterway=stream,53.494469,-6.1521849,
w754514977,,water,natural=water,53.3329032,-6.338039,
w754514978,,water,natural=water,53.3329852,-6.3375508,
w754514979,,water,natural=water,53.3330364,-6.3371385,
w754514980,,water,natural=water,53.3330697,-6.3368262,
w754514981,,water,natural=water,53.3328049,-6.3385284,
w754514982,,water,natural=water,53.3325876,-6.3384402,
w754514983,,water,natural=water,53.3328336,-6.3372854,
w755668685,,water,natural=wetland,53.2391918,-6.3365604,
w757583935,,water,natural=water,53.2513215,-6.1574737,
w758443324,,water,waterway=stream,53.2823142,-6.4210737,
w759599394,,water,waterway=stream,53.2289162,-6.2275512,
w762221104,,water,natural=water,53.3579266,-6.3083084,
w762554351,,water,natural=water,53.3055232,-6.2267111,
w763506239,,water,waterway=stream,53.2999153,-6.2754344,
w766734712,,water,waterway=stream,53.2152374,-6.2686633,
w766734713,Glendoo Brook,water,waterway=stream,53.2293244,-6.3052853,
w768005658,Slang,water,waterway=stream,53.2670199,-6.2434138,
w768005659,Slang,water,waterway=stream,53.2660464,-6.2434815,
w768005660,,water,waterway=stream,53.2639446,-6.2322784,
w768005661,,water,waterway=stream,53.2639035,-6.2327236,
w768005662,Slang,water,waterway=stream,53.2658886,-6.2434668,
w768005663,Slang,water,waterway=stream,53.2657926,-6.2435126,
w768005664,,water,waterway=stream,53.2641127,-6.2296371,
w768005665,,water,waterway=stream,53.2640705,-6.2305542,
w768005666,,water,waterway=stream,53.2640688,-6.2312231,
w768005667,,water,waterway=stream,53.2639678,-6.2318179,
w768012572,,water,waterway=stream,53.2459073,-6.2998515,
w768012573,,water,waterway=stream,53.2458831,-6.3000148,
w768012574,,water,waterway=stream,53.2485833,-6.3043193,
w768012575,,water,waterway=stream,53.2470359,-6.3054906,
w768012576,,water,waterway=stream,53.2490501,-6.3026604,
w768012577,,water,waterway=stream,53.2489623,-6.3026727,
w768012578,,water,waterway=stream,53.2429278,-6.295816,
w768553231,Kill o'the Grange Stream,water,waterway=stream,53.2629639,-6.1453719,
w768553232,Kill o'the Grange Stream,water,waterway=stream,53.2654022,-6.1478496,
w769059420,Grand Canal,water,waterway=canal,53.3441678,-6.2302997,
w769059421,Grand Canal,water,waterway=canal,53.3432452,-6.2308549,
w769059423,Liffey,water,waterway=river,53.3478547,-6.2548033,
w770704378,Slang,water,waterway=stream,53.2863773,-6.2384375,
w770704379,Slang,water,waterway=stream,53.2859707,-6.2377158,
w770762021,Forebay,water,natural=water,53.4767599,-6.2392018,
w771181725,,water,waterway=stream,53.22397,-6.2230605,
w771181726,,water,waterway=stream,53.2244906,-6.2230415,
w771181727,,water,waterway=stream,53.2245372,-6.2230475,
w771181728,,water,waterway=stream,53.2245817,-6.2230541,
w771370785,Griffeen,water,waterway=stream,53.3210567,-6.4553363,
w774685757,,water,waterway=stream,53.2966804,-6.2832986,
w777087792,Ballyogan Stream,water,waterway=stream,53.2555924,-6.1984475,
w777087793,Ballyogan Stream,water,waterway=stream,53.2560531,-6.1992834,
w777606929,,water,waterway=stream,53.2571498,-6.3697823,
w777606930,,water,waterway=stream,53.2571704,-6.3699132,
w778038894,Ballymount Stream,water,waterway=stream,53.3179118,-6.3509966,
w778038895,Ballymount Stream,water,waterway=stream,53.3170528,-6.3524633,
w778038896,Walkinstown Stream,water,waterway=stream,53.3240392,-6.3491834,
w778038897,Walkinstown Stream,water,waterway=stream,53.3234477,-6.3490608,
w778038898,Robinhood Stream,water,waterway=stream,53.3184933,-6.3456548,
w778038899,Robinhood Stream,water,waterway=stream,53.3166154,-6.3464855,
w791327450,,water,waterway=canal,53.4770049,-6.2393762,
w798548267,Golf Stream,water,waterway=stream,53.2500589,-6.1820914,
w798548268,Golf Stream,water,waterway=stream,53.2435862,-6.1972239,
w798548919,Ballymount Stream,water,waterway=stream,53.3130668,-6.3668654,
w798548920,Ballymount Stream,water,waterway=stream,53.3130614,-6.367766,
w798548921,Ballymount Stream,water,waterway=stream,53.3110954,-6.3718818,
w798548922,Ballymount Stream,water,waterway=stream,53.3108307,-6.3717561,
w798548923,Ballymount Stream,water,waterway=stream,53.3115001,-6.3720606,
w798548924,Ballymount Stream,water,waterway=stream,53.3113589,-6.3720165,
w798548925,,water,waterway=stream,53.3090686,-6.3740462,
w798548926,,water,waterway=stream,53.3096769,-6.373195,
w798548927,,water,waterway=stream,53.3084798,-6.374875,
w798548928,,water,waterway=stream,53.3084478,-6.3749146,
w798630286,,water,natural=water,53.4265075,-6.3507194,
w798630301,,water,waterway=stream,53.4293255,-6.4050807,
w798630302,,water,waterway=stream,53.4295314,-6.4055905,
w800550867,,water,natural=water,53.4015162,-6.31383,
w802208605,,water,waterway=stream,53.3594721,-6.3512327,
w802208606,,water,waterway=stream,53.3600078,-6.350668,
w805286812,,water,waterway=stream,53.4891576,-6.2853385,
w805286813,,water,waterway=stream,53.5006611,-6.3028121,
w805286814,,water,waterway=stream,53.5002475,-6.3009446,
w805286815,,water,waterway=stream,53.4958951,-6.2931343,
w805286816,,water,waterway=stream,53.4917082,-6.28536,
w805286817,,water,waterway=stream,53.4905626,-6.2850794,
w805286818,,water,waterway=stream,53.4917011,-6.2850196,
w805286819,,water,waterway=stream,53.4894391,-6.2852627,
w805310189,,water,natural=water,53.330791,-6.3857253,
w805310190,,water,natural=water,53.3305955,-6.3857039,
w805580168,,water,waterway=stream,53.5257803,-6.0887296,
w805580169,,water,waterway=stream,53.5247648,-6.0912491,
w808823655,,water,natural=water,53.3402097,-6.3292633,
w808823680,,water,natural=water,53.3394525,-6.3330484,
w809301527,,water,waterway=stream,53.3625468,-6.3408562,
w809301528,,water,waterway=stream,53.3631776,-6.3422712,
w809301529,,water,waterway=stream,53.3613146,-6.3380596,
w809301530,,water,waterway=stream,53.3614899,-6.3389591,
w809301531,,water,waterway=stream,53.3620145,-6.339963,
w812722390,,water,waterway=stream,53.2450248,-6.3063825,
w812722391,,water,waterway=stream,53.2434694,-6.3069834,
w820545662,,water,waterway=stream,53.2426143,-6.1256428,
w820545663,,water,waterway=stream,53.242551,-6.1256548,
w820545664,,water,waterway=stream,53.2422612,-6.1257478,
w820545665,,water,waterway=stream,53.2420197,-6.1258802,
w821088841,,water,waterway=stream,53.2505092,-6.2884405,
w821088842,,water,waterway=stream,53.2496413,-6.2876117,
w821088843,,water,waterway=stream,53.2525239,-6.2891853,
w821088844,,water,waterway=stream,53.251367,-6.2892848,
w821511292,,water,waterway=stream,53.2974093,-6.2845218,
w821511293,,water,waterway=stream,53.2971952,-6.2843165,
w821511294,,water,waterway=stream,53.2979963,-6.2871353,
w821511295,,water,waterway=stream,53.2978057,-6.285919,
w821906548,,water,waterway=stream,53.2381034,-6.3037131,
w821906549,,water,waterway=stream,53.2381522,-6.3026832,
w821906550,,water,waterway=stream,53.2381562,-6.3024985,
w821906551,,water,waterway=stream,53.2381632,-6.3037175,
w821906552,,water,waterway=stream,53.2382224,-6.3037213,
w821906553,,water,waterway=stream,53.2382628,-6.302677,
w821906554,,water,waterway=stream,53.2382056,-6.30268,
w821906555,,water,waterway=stream,53.2382729,-6.3025384,
w821906556,,water,waterway=stream,53.2382104,-6.302517,
w822374605,Carysfort-Maretimo Stream,water,waterway=stream,53.2943331,-6.179128,
w822374606,Carysfort-Maretimo Stream,water,waterway=stream,53.2939933,-6.1798493,
w822374608,Carysfort-Maretimo Stream,water,waterway=stream,53.2939641,-6.180189,
w823727914,,water,natural=water,53.4052977,-6.2295177,
w828726346,,water,natural=water,53.2928379,-6.2783719,
w831300261,Liffey,water,waterway=river,53.3452678,-6.2723941,
w831300262,Liffey,water,waterway=river,53.3453702,-6.271009,
w831300265,Liffey,water,waterway=river,53.3478158,-6.2516628,
w831300268,Grand Canal,water,waterway=canal,53.3401728,-6.2390362,
w831300270,Grand Canal,water,waterway=canal,53.3427026,-6.2378513,
w831300272,Grand Canal,water,waterway=canal,53.3432839,-6.2341219,
w837479044,,water,waterway=stream,53.3087072,-6.4344462,
w837479045,,water,waterway=stream,53.3091384,-6.4337818,
w837842846,,water,waterway=stream,53.3128356,-6.4364428,
w837842882,,water,waterway=stream,53.3155071,-6.4378982,
w837842906,,water,waterway=stream,53.3121064,-6.4352218,
w837842907,,water,waterway=stream,53.3121532,-6.4347874,
w837842908,,water,waterway=stream,53.3117883,-6.4341909,
w837848003,,water,waterway=stream,53.3129052,-6.4365594,
w837848004,,water,waterway=stream,53.3130371,-6.4367196,
w837848009,,water,waterway=stream,53.3090161,-6.4325532,
w837848010,,water,waterway=stream,53.3100005,-6.4314123,
w837848011,,water,waterway=stream,53.3097588,-6.4321049,
w837848012,,water,waterway=stream,53.3093909,-6.4325135,
w838261931,,water,waterway=stream,53.3083321,-6.4348259,
w838261932,,water,waterway=stream,53.3081957,-6.4351085,
w840184658,,water,natural=water,53.2684131,-6.3027836,
w840184659,,water,natural=water,53.268634,-6.3022235,
w840184660,,water,natural=water,53.2686207,-6.3016625,
w840184661,,water,natural=water,53.2686856,-6.3029404,
w840184662,,water,waterway=stream,53.2685349,-6.3030751,
w840184663,,water,waterway=stream,53.2686306,-6.302562,
w840184664,,water,waterway=stream,53.2686427,-6.301928,
w840184665,,water,natural=water,53.2686197,-6.3011652,
w840184666,,water,waterway=stream,53.2685977,-6.3013878,
w840184667,,water,waterway=stream,53.2685723,-6.3046374,
w840184674,,water,natural=water,53.2683108,-6.2998193,
w840188649,,water,waterway=stream,53.2635934,-6.3030369,
w840188650,,water,waterway=stream,53.2645517,-6.301578,
w840188651,,water,waterway=stream,53.2642757,-6.3019679,
w840188652,,water,waterway=stream,53.2636174,-6.3029575,
w840188653,,water,waterway=stream,53.2639259,-6.3024926,
w840240487,,water,natural=water,53.2758827,-6.2941119,
w840604873,,water,natural=water,53.2599869,-6.2656917,
w840604874,,water,natural=water,53.2599238,-6.2660023,
w840958421,,water,natural=water,53.2759367,-6.2736121,
w841074550,Whitechurch Stream,water,waterway=stream,53.2904014,-6.2868676,
w841074551,Whitechurch Stream,water,waterway=stream,53.2904171,-6.2868715,
w843083544,,water,natural=water,53.3530033,-6.4739011,
w843171886,,water,natural=water,53.3611063,-6.4084413,
w844043711,St Bride's Stream,water,waterway=stream,53.2656531,-6.1657598,
w844327134,,water,waterway=stream,53.2331092,-6.3221824,
w844327135,,water,waterway=stream,53.2362043,-6.3218781,
w844327136,,water,waterway=stream,53.2365018,-6.3219827,
w850945020,,water,natural=water,53.4591597,-6.1400144,
w852188477,,water,natural=water,53.206835,-6.1616363,
w852190159,,water,natural=water,53.2088651,-6.1646081,
w852190161,,water,natural=water,53.2092361,-6.1674613,
w858431078,,water,natural=water,53.4064361,-6.3355112,
w858437234,,water,natural=water,53.4153703,-6.4132944,
w859467656,Slang,water,waterway=stream,53.2776564,-6.2444195,
w859467657,Slang,water,waterway=stream,53.2768699,-6.2436818,
w859467658,Slang,water,waterway=stream,53.2832251,-6.2451196,
w859467659,Slang,water,waterway=stream,53.2831324,-6.2450697,
w859467660,Slang,water,waterway=stream,53.2833014,-6.2451558,
w862522067,,water,natural=water,53.3993198,-6.300473,
w865470825,Terrace,water,waterway=stream,53.3629613,-6.377114,
w865470826,Terrace,water,waterway=stream,53.3629914,-6.3772006,
w868009295,Liffey,water,waterway=river,53.3461585,-6.3172007,
w868092862,,water,waterway=stream,53.3129354,-6.4134503,
w868092882,,water,waterway=stream,53.311003,-6.417554,
w868092892,,water,waterway=stream,53.3129913,-6.4151153,
w868151890,,water,waterway=stream,53.3111643,-6.4137844,
w868803596,,water,waterway=stream,53.3114771,-6.4193345,
w868803597,,water,waterway=stream,53.311555,-6.4193705,
w868803598,,water,waterway=stream,53.3112585,-6.4191418,
w868905190,,water,waterway=stream,53.2385282,-6.4016949,
w868905191,,water,waterway=stream,53.2382241,-6.4030844,
w870558172,,water,waterway=stream,53.5593178,-6.3389209,
w870558173,,water,waterway=stream,53.5593362,-6.3390309,
w870558174,,water,waterway=stream,53.5592571,-6.338247,
w870558681,,water,waterway=stream,53.55918,-6.3419143,
w871451860,,water,waterway=canal,53.3649514,-6.2741023,
w872752528,Stradbrook Stream,water,waterway=stream,53.29236,-6.1540916,
w872752529,Stradbrook Stream,water,waterway=stream,53.2923645,-6.1547039,
w875158917,Loughlinstown River,water,waterway=river,53.2388665,-6.1457881,
w876321317,,water,waterway=stream,53.5724066,-6.3573832,
w876321318,,water,waterway=stream,53.5702157,-6.3607898,
w876578181,Liffey,water,waterway=river,53.3459891,-6.2784748,
w878871067,,water,natural=water,53.5975361,-6.1619053,
w878900861,,water,natural=water,53.5930688,-6.181659,
w878900869,,water,natural=water,53.5941238,-6.1830859,
w879779340,Carrickmines River,water,waterway=stream,53.2529183,-6.1490653,
w879779341,Carrickmines River,water,waterway=stream,53.2532027,-6.1518756,
w879784615,Loughlinstown River,water,waterway=river,53.2402139,-6.137724,
w879784616,Loughlinstown River,water,waterway=river,53.2395201,-6.138765,
w880155068,,water,natural=water,53.4031815,-6.3121672,
w881755367,,water,waterway=stream,53.2899276,-6.4208189,
w881755368,,water,waterway=stream,53.2898769,-6.4209141,
w881755369,,water,waterway=stream,53.2897632,-6.4211278,
w888450582,Little Dargle,water,waterway=stream,53.2899177,-6.2710378,
w889359369,D Pond,water,natural=water,53.5282748,-6.1395457,
w891087026,,water,waterway=stream,53.3045411,-6.2288048,
w891087027,,water,waterway=stream,53.3051026,-6.2260577,
w894283187,Liffey,water,waterway=river,53.345513,-6.2246009,
w896341529,Nutley Stream,water,waterway=stream,53.3086017,-6.1929463,
w896341530,Nutley Stream,water,waterway=stream,53.3096803,-6.1953056,
w896341533,Nutley Stream,water,waterway=stream,53.3120359,-6.1987125,
w896341534,Nutley Stream,water,waterway=stream,53.3155669,-6.2038472,
w896341535,Nutley Stream,water,waterway=stream,53.3163349,-6.2050025,
w896341536,Nutley Stream,water,waterway=stream,53.3145538,-6.2023369,
w896341537,Nutley Stream,water,waterway=stream,53.3147951,-6.2026867,
w896346526,Trimlestown Stream,water,waterway=stream,53.303348,-6.2076652,
w896346527,Trimlestown Stream,water,waterway=stream,53.3040594,-6.2057574,
w896346528,,water,waterway=stream,53.3066161,-6.2061547,
w896346529,,water,waterway=stream,53.3075156,-6.2040549,
w896346530,,water,waterway=stream,53.3071803,-6.2043567,
w896347031,Nutley Stream,water,waterway=stream,53.3077774,-6.1904417,
w896347032,Nutley Stream,water,waterway=stream,53.3076499,-6.1905786,
w896752063,Ballyogan Stream,water,waterway=stream,53.2598745,-6.2258665,
w896752064,Ballyogan Stream,water,waterway=stream,53.2593744,-6.2260875,
w896772196,Ballyogan Stream,water,waterway=stream,53.2589334,-6.2263884,
w896772197,Ballyogan Stream,water,waterway=stream,53.2587676,-6.2264394,
w896772198,Ballyogan Stream,water,waterway=stream,53.2580699,-6.2266711,
w896772199,Ballyogan Stream,water,waterway=stream,53.2575818,-6.2268908,
w896772268,Ballyogan Stream,water,waterway=stream,53.259316,-6.2261293,
w896772269,Ballyogan Stream,water,waterway=stream,53.2591824,-6.2262558,
w897221521,,water,natural=water,53.3249151,-6.333056,
w900211619,Ballyogan Stream,water,waterway=stream,53.2586563,-6.2264843,
w900211620,Ballyogan Stream,water,waterway=stream,53.2585397,-6.2265407,
w900494689,,water,waterway=stream,53.2758727,-6.2685842,
w900494690,,water,waterway=stream,53.2759222,-6.2688569,
w903371234,Little Dargle,water,waterway=stream,53.2674875,-6.2629073,
w904861527,Crinken Stream,water,waterway=stream,53.2262712,-6.1424346,
w904861528,Crinken Stream,water,waterway=stream,53.2263827,-6.1428941,
w904861530,,water,waterway=stream,53.2260304,-6.1423315,
w904861531,Crinken Stream,water,waterway=stream,53.2246552,-6.1324642,
w904861532,Crinken Stream,water,waterway=stream,53.2256573,-6.1357336,
w904861533,Crinken Stream,water,waterway=stream,53.2267517,-6.1407177,
w904861534,Crinken Stream,water,waterway=stream,53.22746,-6.1390772,
w905640464,Slane River,water,waterway=stream,53.2534547,-6.5329704,
w905640465,Slane River,water,waterway=stream,53.2535574,-6.5324948,
w905898565,,water,natural=water,53.4139576,-6.3295737,
w905898566,,water,natural=water,53.4135612,-6.3293216,
w905898567,,water,natural=water,53.4138545,-6.3290453,
w905928190,,water,waterway=canal,53.3601017,-6.253609,
w905949911,,water,waterway=stream,53.3512892,-6.3402936,
w905949912,,water,natural=water,53.35182,-6.340815,
w906237422,Poddle,water,waterway=stream,53.3386586,-6.2727704,
w906849621,Priory Stream,water,waterway=stream,53.2997496,-6.1849555,
w906849626,Priory Stream,water,waterway=stream,53.2991464,-6.1854304,
w906849627,Priory Stream,water,waterway=stream,53.2990694,-6.1855216,
w906849628,Priory Stream,water,waterway=stream,53.2991113,-6.1854593,
w906849629,Priory Stream,water,waterway=stream,53.2990235,-6.1855884,
w907544542,Priory Stream,water,waterway=stream,53.2989764,-6.1856451,
w907544543,Priory Stream,water,waterway=stream,53.2989321,-6.1857172,
w908863192,Ballyboughal River,water,waterway=stream,53.5299437,-6.3023111,
w908863193,Ballyboughal River,water,waterway=stream,53.5292381,-6.2999607,
w909163651,,water,waterway=stream,53.5636532,-6.2548185,
w909163652,,water,waterway=stream,53.5610233,-6.2458462,
w910882943,,water,natural=water,53.4920418,-6.1305612,
w910882951,,water,natural=water,53.4798902,-6.1586337,
w914090483,Grand Canal,water,waterway=canal,53.3311769,-6.2875101,
w915818302,Liffey,water,waterway=river,53.345741,-6.2675194,
w917214007,Tymon River,water,waterway=stream,53.294338,-6.3422148,
w917534828,,water,natural=water,53.2108706,-6.1409698,
w917839630,,water,natural=water,53.3288931,-6.2295516,
w931769574,,water,waterway=stream,53.2224662,-6.2682811,
w931780080,,water,natural=water,53.2274575,-6.2985144,
w931780081,,water,waterway=stream,53.2276603,-6.298246,
w931780082,,water,natural=water,53.2229478,-6.2876212,
w931780108,,water,natural=water,53.2065025,-6.3259167,
w933825464,,water,waterway=stream,53.2200071,-6.2676871,
w933825468,,water,waterway=stream,53.2226634,-6.2566615,
w934035577,Elm Park Stream,water,waterway=stream,53.3090739,-6.2307585,
w934035578,Elm Park Stream,water,waterway=stream,53.3108487,-6.2266411,
w934035579,Elm Park Stream,water,waterway=stream,53.3107627,-6.2269257,
w938232626,,water,natural=wetland,53.228217,-6.3519846,
w938232638,,water,natural=wetland,53.2430522,-6.3671646,
w938232639,,water,natural=wetland,53.2429262,-6.3658189,
w938232640,,water,natural=wetland,53.2422154,-6.3659288,
w945879943,,water,waterway=stream,53.3045539,-6.2154479,
w955275030,Carysfort-Maretimo Stream,water,waterway=stream,53.2869751,-6.191852,
w955275537,Carysfort-Maretimo Stream,water,waterway=stream,53.2892302,-6.1893057,
w955275538,Carysfort-Maretimo Stream,water,waterway=stream,53.2879754,-6.1897661,
w955275539,Carysfort-Maretimo Stream,water,waterway=stream,53.2885329,-6.1893015,
w957896024,Nutley Stream,water,waterway=stream,53.3186679,-6.2238061,
w963683101,,water,natural=water,53.246177,-6.2088349,
w967572122,Camac,water,waterway=river,53.3261406,-6.3868659,
w967572123,Camac,water,waterway=river,53.3262732,-6.3865358,
w969274518,Clonard Brook,water,waterway=stream,53.6090071,-6.2023051,
w969540619,,water,natural=water,53.3931026,-6.1118566,
w971420266,,water,natural=water,53.4003554,-6.115809,
w971420267,,water,natural=water,53.400241,-6.1171286,
w976995506,Slane River,water,waterway=stream,53.2549134,-6.5293909,
w976995507,Slane River,water,waterway=stream,53.2566827,-6.5253168,
w976995508,Slane River,water,waterway=stream,53.2564711,-6.5257905,
w976995509,Slane River,water,waterway=stream,53.2562664,-6.5262709,
w984563156,,water,waterway=stream,53.570008,-6.3639748,
w984563157,,water,waterway=stream,53.5702247,-6.367171,
w984563158,,water,waterway=stream,53.5699941,-6.3691582,
w984563159,,water,waterway=stream,53.5697401,-6.3707475,
w985804492,,water,waterway=stream,53.5246546,-6.0966332,
w985804493,,water,waterway=stream,53.5245258,-6.0949759,
w986212672,,water,natural=water,53.447198,-6.1800717,
w986822411,,water,natural=water,53.421919,-6.171213,
w986965537,,water,waterway=stream,53.2955406,-6.2824491,
w986965538,,water,waterway=stream,53.2958919,-6.2823335,
w986965541,,water,waterway=stream,53.2954017,-6.2825781,
w987004802,,water,natural=water,53.2151029,-6.1365924,
w993264182,,water,natural=water,53.4119637,-6.3133233,
w995231539,,water,waterway=stream,53.4708205,-6.246792,
w998380560,Sallynoggin Stream,water,waterway=stream,53.2916572,-6.1505027,
w998380946,,water,waterway=stream,53.2923536,-6.1534992,
w998380947,Stradbrook Stream,water,waterway=stream,53.2923361,-6.153043,
w1000317451,,water,waterway=stream,53.4513756,-6.3394913,
w1000317452,,water,waterway=stream,53.4513527,-6.3395831,
w1000319527,,water,waterway=stream,53.2246771,-6.2230806,
w1000319528,,water,waterway=stream,53.2247784,-6.2231502,
w1000321397,Glendoo Brook,water,waterway=river,53.2614195,-6.2996695,
w1000321398,Glendoo Brook,water,waterway=river,53.2603778,-6.3000342,
w1000610270,,water,waterway=stream,53.5327308,-6.24684,
w1000610271,,water,waterway=stream,53.5343507,-6.2503738,
w1000904008,,water,natural=water,53.4765216,-6.1631489,
w1000905122,,water,waterway=stream,53.559168,-6.2391119,
w1000908686,,water,natural=water,53.4931661,-6.2846769,
w1004945715,,water,natural=water,53.2360772,-6.2190284,
w1004945724,Loughlinstown River,water,waterway=stream,53.2402111,-6.2130091,
w1004945725,Loughlinstown River,water,waterway=stream,53.2414073,-6.2159917,
w1004945728,Loughlinstown River,water,waterway=stream,53.2404006,-6.2295296,
w1004945729,Loughlinstown River,water,waterway=stream,53.2392419,-6.2243977,
w1004945730,Loughlinstown River,water,waterway=stream,53.2395659,-6.2252839,
w1004945731,Loughlinstown River,water,waterway=stream,53.2398836,-6.2261602,
w1005057983,Sluice River,water,waterway=river,53.4243165,-6.1540847,
w1005057984,Sluice River,water,waterway=river,53.4246596,-6.1534064,
w1005057985,Sluice River,water,waterway=river,53.42384,-6.1552301,
w1005057986,Sluice River,water,waterway=river,53.4239754,-6.1547823,
w1006966589,Little Dargle,water,waterway=stream,53.2451657,-6.2470263,
w1006966590,Little Dargle,water,waterway=stream,53.2456456,-6.2469864,
w1006966591,Little Dargle,water,waterway=stream,53.2466776,-6.2478168,
w1006966592,Little Dargle,water,waterway=stream,53.2477211,-6.2486668,
w1007050575,,water,natural=water,53.3665893,-6.3818595,
w1009229225,,water,waterway=stream,53.3476247,-6.3112665,
w1013488725,Grand Canal,water,waterway=canal,53.3319057,-6.2535173,
w1017966038,Elm Park Stream,water,waterway=stream,53.3109164,-6.2264044,
w1019036796,,water,natural=water,53.2858874,-6.1910703,
w1019255964,,water,natural=water,53.293198,-6.1941773,
w1019261927,Priory Stream,water,waterway=stream,53.2964184,-6.1970573,
w1019261928,Priory Stream,water,waterway=stream,53.2963637,-6.1970298,
w1019506988,,water,waterway=stream,53.2380758,-6.2859488,
w1019527570,,water,waterway=stream,53.2344921,-6.2864359,
w1019694593,Liffey,water,waterway=river,53.3479471,-6.3456245,
w1019738091,Carysfort-Maretimo Stream,water,waterway=stream,53.2921014,-6.1888157,
w1019807620,Carysfort-Maretimo Stream,water,waterway=stream,53.3009922,-6.1738045,
w1019807621,Carysfort-Maretimo Stream,water,waterway=stream,53.3013535,-6.1736946,
w1019833453,,water,natural=water,53.3120639,-6.1986339,
w1020600105,Dodder,water,waterway=river,53.3037531,-6.2690907,
w1020646955,Santry River,water,waterway=river,53.3811663,-6.1789067,
w1020658285,,water,natural=water,53.325452,-6.4709748,
w1020713466,,water,waterway=stream,53.272213,-6.3431995,
w1020713467,,water,waterway=stream,53.2709585,-6.3413818,
w1020992672,Griffeen,water,waterway=river,53.3540158,-6.44995,
w1020992673,Griffeen,water,waterway=river,53.354282,-6.449984,
w1025237591,Santry River,water,waterway=river,53.3976108,-6.21767,
w1030476984,,water,natural=water,53.4089517,-6.2849966,
w1030564752,,water,waterway=stream,53.2812251,-6.4244614,
w1030564753,,water,waterway=stream,53.2811265,-6.4251512,
w1030564754,,water,waterway=stream,53.2812247,-6.4259979,
w1030564755,,water,waterway=stream,53.2809128,-6.4267846,
w1030564756,,water,waterway=stream,53.2807088,-6.426771,
w1030564757,,water,waterway=stream,53.2805039,-6.4267559,
w1030564758,,water,waterway=stream,53.281014,-6.4267876,
w1030564759,,water,waterway=stream,53.2811148,-6.4267905,
w1035480046,Wyckham Stream,water,waterway=stream,53.2833119,-6.245344,
w1036090855,Ballyogan Stream,water,waterway=stream,53.2571453,-6.2021599,
w1036090856,Ballyogan Stream,water,waterway=stream,53.2570302,-6.2025107,
w1036090857,Ballyogan Stream,water,waterway=stream,53.2605985,-6.2135164,
w1036090858,Ballyogan Stream,water,waterway=stream,53.2597404,-6.2109082,
w1036408245,Whitechurch Stream,water,waterway=stream,53.2794728,-6.2830109,
w1036408246,Whitechurch Stream,water,waterway=stream,53.276128,-6.2825485,
w1040221321,,water,natural=water,53.4363285,-6.1775103,
w1044281483,Gaybrook Stream,water,waterway=stream,53.4538696,-6.1753592,
w1044281484,Gaybrook Stream,water,waterway=stream,53.4504871,-6.1782396,
w1044281485,Gaybrook Stream,water,waterway=stream,53.4529686,-6.176135,
w1046345001,,water,waterway=stream,53.3066922,-6.2135611,
w1046345002,,water,waterway=stream,53.3066437,-6.2136463,
w1046345003,,water,waterway=stream,53.30633,-6.214153,
w1046345004,,water,waterway=stream,53.3060074,-6.2146659,
w1046345007,,water,waterway=stream,53.3057118,-6.2149849,
w1046345008,,water,waterway=stream,53.3053924,-6.2151085,
w1051580041,,water,waterway=stream,53.5214127,-6.1297667,
w1051580044,,water,waterway=river,53.5160327,-6.1253271,
w1051580045,,water,waterway=river,53.5181439,-6.1262174,
w1051580046,,water,waterway=river,53.5184718,-6.1272449,
w1051580047,,water,waterway=river,53.5191976,-6.1305357,
w1051580048,,water,waterway=river,53.5223211,-6.1398187,
w1051580049,,water,waterway=river,53.5218128,-6.1383102,
w1051580050,,water,waterway=stream,53.5270515,-6.1331514,
w1051580051,,water,waterway=stream,53.5246561,-6.1333098,
w1051580052,,water,waterway=stream,53.5191271,-6.1282327,
w1052579160,,water,waterway=stream,53.59621,-6.2693149,
w1052579161,,water,waterway=stream,53.5945952,-6.2664086,
w1053140508,Carysfort-Maretimo Stream,water,waterway=stream,53.2859795,-6.1938971,
w1054535160,,water,waterway=stream,53.2799002,-6.2338771,
w1054535162,,water,waterway=stream,53.2794188,-6.2339498,
w1058688423,,water,natural=water,53.5157241,-6.1126262,
w1072431172,,water,natural=water,53.3184238,-6.2063024,
w1075668624,,water,natural=water,53.2466859,-6.3707132,
w1075668627,,water,natural=water,53.2371742,-6.3625818,
w1075914674,,water,waterway=stream,53.2568354,-6.3723071,
w1075914675,,water,waterway=stream,53.2568992,-6.3721534,
w1075921506,Bracken River,water,waterway=river,53.6108548,-6.1805189,
w1075923293,,water,waterway=stream,53.2955853,-6.2781259,
w1075925343,,water,waterway=stream,53.4514637,-6.2960389,
w1075925344,,water,waterway=stream,53.4509324,-6.2959116,
w1075925422,,water,waterway=stream,53.4962053,-6.1540025,
w1075926341,,water,waterway=stream,53.5262765,-6.1940719,
w1075926342,,water,waterway=stream,53.5344011,-6.2008823,
w1075926347,,water,waterway=stream,53.5064868,-6.1934666,
w1075926349,,water,waterway=stream,53.5067369,-6.1935171,
w1075926350,,water,waterway=stream,53.5067519,-6.1936517,
w1075926351,,water,waterway=stream,53.5479307,-6.2106438,
w1075926352,,water,waterway=stream,53.5483026,-6.2077108,
w1075926353,,water,waterway=stream,53.5503923,-6.2164376,
w1075926354,,water,waterway=stream,53.5490733,-6.2141379,
w1079928750,,water,waterway=stream,53.3120271,-6.4169751,
w1079928751,,water,waterway=stream,53.3122252,-6.4165091,
w1081142319,,water,waterway=stream,53.4951266,-6.2013219,
w1081142320,,water,waterway=stream,53.4950098,-6.2005667,
w1081142321,,water,waterway=stream,53.4949849,-6.199739,
w1081142322,,water,waterway=stream,53.4949211,-6.1989074,
w1081142323,,water,waterway=stream,53.4948035,-6.1978005,
w1081142327,,water,waterway=stream,53.4944151,-6.1950666,
w1081142328,,water,waterway=stream,53.4943606,-6.1948973,
w1081149712,,water,waterway=stream,53.4967924,-6.2201502,
w1081149713,,water,waterway=stream,53.4986399,-6.2203835,
w1081150457,,water,waterway=stream,53.4945735,-6.1959713,
w1081723246,,water,waterway=stream,53.4956405,-6.2041048,
w1081725610,,water,waterway=stream,53.3725743,-6.4212645,
w1083637544,Whitestown Stream,water,waterway=stream,53.2874407,-6.3408528,
w1084311353,,water,natural=water,53.2862718,-6.2382335,
w1086384603,,water,waterway=canal,53.3755549,-6.3239126,
w1086384605,,water,waterway=canal,53.3746493,-6.3079015,
w1086384607,,water,waterway=canal,53.3724823,-6.2974408,
w1086451612,,water,waterway=canal,53.3682405,-6.2846155,
w1087512867,Middle Wad,water,waterway=stream,53.364612,-6.2198106,
w1087908442,,water,natural=water,53.2286544,-6.3534967,
w1088636993,Ward River,water,waterway=river,53.4285627,-6.3526124,
w1088636994,Ward River,water,waterway=river,53.4285409,-6.3527173,
w1089130779,Santry River,water,waterway=river,53.3979253,-6.219325,
w1089130780,Santry River,water,waterway=river,53.3980249,-6.2197777,
w1096405425,,water,waterway=stream,53.4228128,-6.3259228,
w1100732732,,water,natural=wetland,53.2793983,-6.3520782,
w1100732733,,water,natural=wetland,53.2811787,-6.3480298,
w1101774821,Whitechurch Stream,water,waterway=stream,53.2767938,-6.2828061,
w1101774822,Whitechurch Stream,water,waterway=stream,53.277363,-6.2829208,
w1101774823,,water,waterway=stream,53.2475577,-6.287396,
w1101774824,,water,waterway=stream,53.2480008,-6.2874882,
w1101775004,Whitechurch Stream,water,waterway=stream,53.2761722,-6.2825619,
w1101775005,Whitechurch Stream,water,waterway=stream,53.2762185,-6.2825767,
w1102170586,Whitechurch Stream,water,waterway=stream,53.2762103,-6.2825736,
w1102170587,Whitechurch Stream,water,waterway=stream,53.2762278,-6.2825816,
w1103385622,Glebe Stream,water,waterway=stream,53.4531528,-6.2268071,
w1103385630,,water,waterway=stream,53.4521531,-6.2286048,
w1103385631,,water,waterway=stream,53.4524247,-6.2281029,
w1106644138,,water,waterway=stream,53.2802031,-6.4207391,
w1106644139,,water,waterway=stream,53.279607,-6.4207848,
w1106644140,,water,waterway=stream,53.279802,-6.4208172,
w1107158567,,water,natural=water,53.3302011,-6.4534073,
w1107589964,,water,natural=water,53.3254708,-6.4723711,
w1107589965,,water,natural=water,53.3254111,-6.4733688,
w1107589973,,water,natural=wetland,53.3265262,-6.4684986,
w1107589974,,water,natural=wetland,53.3265602,-6.4689071,
w1107589975,,water,natural=wetland,53.3266017,-6.469514,
w1107589976,,water,natural=wetland,53.3264854,-6.4699493,
w1107589977,,water,natural=wetland,53.3260683,-6.4699086,
w1108070517,,water,natural=water,53.4058054,-6.1436328,
w1112730040,,water,waterway=canal,53.2888105,-6.3306812,
w1112730041,The City Watercourse,water,waterway=canal,53.2890901,-6.3308653,
w1112730042,The City Watercourse,water,waterway=canal,53.2890894,-6.3309096,
w1122069212,,water,waterway=stream,53.2488082,-6.2574702,
w1122252642,,water,waterway=stream,53.2335037,-6.3165023,
w1122593997,,water,natural=water,53.4984449,-6.1719589,
w1123650853,,water,natural=water,53.5689789,-6.3733376,
w1123650854,,water,natural=water,53.568968,-6.37356,
w1123751865,,water,natural=water,53.4243002,-6.1706899,
w1124356008,,water,waterway=stream,53.4228644,-6.3841332,
w1124356009,,water,waterway=stream,53.4230125,-6.3846303,
w1124571777,,water,waterway=stream,53.423934,-6.3655912,
w1124571778,,water,waterway=stream,53.4246633,-6.3644668,
w1124571779,,water,waterway=stream,53.4245998,-6.3645649,
w1124571780,,water,waterway=stream,53.4244803,-6.3647607,
w1124571781,,water,waterway=stream,53.4243649,-6.3649517,
w1124571782,,water,waterway=stream,53.4234991,-6.366243,
w1124571783,,water,waterway=stream,53.4232854,-6.3670758,
w1124635359,,water,waterway=stream,53.3057074,-6.3732678,
w1124635360,,water,waterway=stream,53.3055853,-6.3728654,
w1124875826,,water,waterway=stream,53.4387706,-6.296394,
w1124875827,,water,waterway=stream,53.4387703,-6.2966328,
w1124875828,,water,waterway=stream,53.4369452,-6.2991497,
w1124875829,,water,waterway=stream,53.4356384,-6.3014375,
w1124884179,,water,waterway=stream,53.4245304,-6.393719,
w1125052323,Camac,water,waterway=river,53.3427396,-6.2962678,
w1125052326,Camac,water,waterway=river,53.341437,-6.3043883,
w1131973585,Grand Canal,water,waterway=canal,53.3339448,-6.2985631,
w1135677072,Ward River,water,waterway=river,53.4269927,-6.3580927,
w1135677073,Ward River,water,waterway=river,53.4270531,-6.3572449,
w1135677074,Ward River,water,waterway=river,53.4275988,-6.3598884,
w1135677075,Ward River,water,waterway=river,53.4274767,-6.3596663,
w1136408272,Liffey,water,waterway=river,53.343474,-6.1888468,
w1137257989,Ballyboughal River,water,waterway=stream,53.5341062,-6.3123122,
w1137257990,Ballyboughal River,water,waterway=stream,53.5339178,-6.3116937,
w1137309882,Pinkeen River,water,waterway=stream,53.4291022,-6.4047627,
w1137309883,Pinkeen River,water,waterway=stream,53.4290472,-6.4049571,
w1137609461,Whitechurch Stream,water,waterway=stream,53.260688,-6.2856768,
w1137828999,Little Dargle,water,waterway=stream,53.2442485,-6.2472126,
w1137829000,Little Dargle,water,waterway=stream,53.24468,-6.2470959,
w1140025336,,water,waterway=stream,53.5295385,-6.385088,
w1143770604,,water,waterway=stream,53.438258,-6.2968677,
w1145027617,Liffey,water,waterway=river,53.3538487,-6.3575909,
w1146988313,,water,natural=water,53.6092984,-6.2188652,
w1147442317,Tolka,water,waterway=river,53.3780985,-6.3116927,
w1147470868,,water,waterway=stream,53.5479943,-6.2074324,
w1147470869,,water,waterway=stream,53.5476859,-6.207154,
w1147995641,Mayne,water,waterway=river,53.4068209,-6.1489453,
w1147995643,Mayne,water,waterway=river,53.4089761,-6.1624311,
w1149115745,,water,waterway=stream,53.5243792,-6.16963,
w1149739044,,water,waterway=stream,53.5363133,-6.1665907,
w1149739045,,water,waterway=stream,53.5401892,-6.1707955,
w1149739046,,water,waterway=stream,53.5440294,-6.1751163,
w1149739047,,water,waterway=stream,53.5468569,-6.1790388,
w1149739048,,water,waterway=stream,53.5327115,-6.1641433,
w1149739049,,water,waterway=stream,53.5327611,-6.1642674,
w1150471926,,water,waterway=stream,53.2806209,-6.4206643,
w1150477469,,water,waterway=river,53.5065672,-6.1671661,
w1150477470,,water,waterway=river,53.5054157,-6.171068,
w1150487636,Ballyboughal River,water,waterway=river,53.4989803,-6.1938004,
w1150957538,,water,waterway=stream,53.5583302,-6.175992,
w1150957544,,water,waterway=stream,53.5579788,-6.1743279,
w1150957548,,water,waterway=stream,53.5533612,-6.1690176,
w1150957550,,water,waterway=stream,53.5516141,-6.1674307,
w1150957553,,water,waterway=stream,53.5503403,-6.1669704,
w1150957558,,water,waterway=stream,53.5498527,-6.1658626,
w1150957561,,water,waterway=stream,53.5490981,-6.1647222,
w1150957565,,water,waterway=stream,53.5483408,-6.1632759,
w1150957566,,water,waterway=stream,53.5479232,-6.1618775,
w1150957567,,water,waterway=stream,53.5467871,-6.161143,
w1150957573,,water,waterway=stream,53.5455986,-6.1608689,
w1150957574,,water,waterway=stream,53.5448288,-6.1600255,
w1150957576,,water,waterway=stream,53.542056,-6.1535394,
w1150957577,,water,waterway=stream,53.5428085,-6.1552786,
w1150957578,,water,waterway=stream,53.5442905,-6.1595687,
w1150957579,Collinstown Bridge,water,waterway=stream,53.5441495,-6.1594926,
w1150957580,,water,waterway=stream,53.5297732,-6.136629,
w1151333508,,water,waterway=stream,53.5429851,-6.1557114,
w1151333509,,water,waterway=stream,53.5431713,-6.156189,
w1152775985,,water,natural=water,53.4029634,-6.1190299,
w1152777671,,water,natural=water,53.4022466,-6.1169355,
w1152782582,,water,natural=water,53.4062967,-6.1156938,
w1152784456,,water,natural=water,53.4073635,-6.1159408,
w1152787133,,water,natural=water,53.4049142,-6.1192725,
w1152789171,,water,natural=water,53.4099593,-6.1190127,
w1152800193,,water,natural=water,53.4149393,-6.125825,
w1157445177,Whitechurch Stream,water,waterway=stream,53.2642696,-6.2821235,
w1157445178,Whitechurch Stream,water,waterway=stream,53.2630384,-6.2833362,
w1163903605,,water,natural=water,53.3476146,-6.4818724,
w1165240343,,water,natural=water,53.3441362,-6.4573957,
w1165750615,Wyckham Stream,water,waterway=stream,53.2833332,-6.2452385,
w1165920498,Mayne,water,waterway=river,53.4071941,-6.1965192,
w1166308401,Little Dargle,water,waterway=stream,53.2772281,-6.267314,
w1167878210,,water,waterway=river,53.5055083,-6.1716728,
w1167878211,,water,waterway=river,53.5055452,-6.1716232,
w1169198273,Bartramstown River,water,waterway=stream,53.5847224,-6.3703391,
w1169703947,,water,waterway=stream,53.2742412,-6.3175727,
w1169703948,,water,waterway=stream,53.2733115,-6.3172968,
w1169703949,Woodstown Stream,water,waterway=stream,53.2745036,-6.3191739,
w1169703951,,water,waterway=stream,53.2702166,-6.3193759,
w1169703952,,water,waterway=stream,53.2718299,-6.3205079,
w1169703953,,water,waterway=stream,53.2719028,-6.320497,
w1169703954,Woodstown Stream,water,waterway=stream,53.2719645,-6.3204877,
w1169703955,Woodstown Stream,water,waterway=stream,53.2727165,-6.3203942,
w1169711441,Woodstown Stream,water,waterway=stream,53.275285,-6.3179757,
w1169711442,Woodstown Stream,water,waterway=stream,53.2756217,-6.3180135,
w1169711443,Woodstown Stream,water,waterway=stream,53.275579,-6.3180337,
w1169711444,,water,waterway=stream,53.2752404,-6.3178468,
w1169711445,,water,waterway=stream,53.2751572,-6.3178342,
w1169711446,,water,waterway=stream,53.2742336,-6.3173846,
w1169711447,,water,waterway=stream,53.2725204,-6.3159164,
w1169711448,,water,waterway=stream,53.2732862,-6.3167841,
w1169711449,,water,waterway=stream,53.2733884,-6.3169169,
w1169711450,,water,waterway=stream,53.2733489,-6.3168656,
w1169711451,,water,waterway=stream,53.2734123,-6.3169479,
w1172478548,,water,natural=water,53.5892412,-6.1836344,
w1172479378,,water,natural=water,53.5888619,-6.1826708,
w1173182366,,water,waterway=stream,53.3676521,-6.418424,
w1173182367,,water,waterway=stream,53.3678817,-6.4185453,
w1173182368,,water,waterway=stream,53.3681215,-6.418653,
w1173182369,,water,waterway=stream,53.3683603,-6.4187227,
w1173182370,,water,waterway=stream,53.3692844,-6.4191138,
w1173182371,,water,waterway=stream,53.3701701,-6.4195832,
w1178752585,,water,waterway=stream,53.2881273,-6.3605108,
w1178754414,,water,waterway=stream,53.288142,-6.3625526,
w1178754415,,water,waterway=stream,53.2887834,-6.3634132,
w1178754416,,water,waterway=stream,53.2880603,-6.3615537,
w1178754417,,water,waterway=stream,53.2882274,-6.3595042,
w1180668177,,water,natural=water,53.5316478,-6.1609276,
w1180668178,,water,natural=water,53.5317047,-6.1618732,
w1181285291,,water,natural=water,53.4847855,-6.1699046,
w1187411507,,water,natural=water,53.633289,-6.2149519,
w1189154633,,water,natural=water,53.3755293,-6.3162719,
w1193026586,,water,natural=water,53.3439108,-6.3183024,
w1193026587,,water,natural=water,53.3440607,-6.315752,
w1196095336,,water,waterway=stream,53.2246108,-6.223058,
w1196095337,,water,waterway=stream,53.2246327,-6.2230628,
w1202392308,,water,waterway=stream,53.2571362,-6.2297,
w1204045235,,water,waterway=stream,53.2414256,-6.3023599,
w1204045236,,water,waterway=stream,53.2415809,-6.3022956,
w1205081010,,water,natural=water,53.2730645,-6.5000354,
w1205081011,,water,natural=water,53.2732314,-6.4966966,
w1207131833,,water,natural=water,53.524179,-6.1590048,
w1211640431,,water,natural=wetland,53.4685133,-6.1335835,
w1211640437,,water,natural=wetland,53.4732487,-6.1496501,
w1211640443,,water,natural=wetland,53.4566747,-6.1393365,
w1211640444,,water,natural=wetland,53.4557772,-6.1448279,
w1211640445,,water,natural=wetland,53.45575,-6.1472372,
w1211999718,,water,natural=wetland,53.4162689,-6.1394879,
w1211999724,,water,waterway=stream,53.4178875,-6.1343587,
w1211999725,,water,waterway=stream,53.4175622,-6.1389653,
w1211999726,,water,waterway=stream,53.4174784,-6.1393012,
w1211999727,,water,waterway=stream,53.4165386,-6.1392526,
w1211999737,,water,waterway=stream,53.4181682,-6.1358053,
w1211999738,,water,waterway=stream,53.4083955,-6.1338291,
w1211999739,,water,waterway=stream,53.4086185,-6.1341611,
w1211999740,,water,waterway=stream,53.4089838,-6.134831,
w1211999741,,water,waterway=stream,53.4078474,-6.1338513,
w1211999742,,water,waterway=stream,53.4078111,-6.1336287,
w1211999743,,water,waterway=stream,53.4022017,-6.120115,
w1211999744,,water,waterway=stream,53.4019455,-6.1207331,
w1211999745,,water,waterway=stream,53.4163604,-6.131229,
w1211999746,,water,waterway=stream,53.4152105,-6.1293922,
w1211999747,,water,waterway=stream,53.4148137,-6.1296995,
w1211999748,,water,waterway=stream,53.4145687,-6.1295275,
w1211999749,,water,waterway=stream,53.4149642,-6.129954,
w1211999750,,water,waterway=stream,53.415448,-6.130292,
w1211999751,,water,waterway=stream,53.4154056,-6.1306715,
w1211999752,,water,waterway=stream,53.416051,-6.1308009,
w1211999753,,water,waterway=stream,53.4160742,-6.1301391,
w1211999754,,water,waterway=stream,53.4161218,-6.1300922,
w1211999755,,water,waterway=stream,53.4163542,-6.1302579,
w1211999756,,water,waterway=stream,53.4166617,-6.1299078,
w1211999757,,water,waterway=stream,53.4178517,-6.1379812,
w1211999758,,water,waterway=stream,53.4177627,-6.1382916,
w1211999759,,water,waterway=stream,53.4178191,-6.1387899,
w1211999760,,water,waterway=stream,53.4178075,-6.1384597,
w1211999761,,water,waterway=stream,53.4175666,-6.1376255,
w1211999762,,water,waterway=stream,53.4175673,-6.1378004,
w1211999763,,water,waterway=stream,53.4170034,-6.1307124,
w1211999764,,water,waterway=stream,53.4166769,-6.1311557,
w1211999765,,water,waterway=stream,53.4167361,-6.1317344,
w1211999766,,water,waterway=stream,53.4172581,-6.1315964,
w1211999767,,water,waterway=stream,53.4172577,-6.1324089,
w1211999768,,water,waterway=stream,53.4177138,-6.1312377,
w1211999769,,water,waterway=stream,53.4173527,-6.1306304,
w1211999770,,water,waterway=stream,53.4173097,-6.1302998,
w1211999771,,water,waterway=stream,53.4175501,-6.1304104,
w1211999772,,water,waterway=stream,53.417639,-6.1306063,
w1211999773,,water,waterway=stream,53.4182476,-6.1306547,
w1211999774,,water,waterway=stream,53.4179701,-6.1314766,
w1211999775,,water,waterway=stream,53.4180446,-6.1310097,
w1211999776,,water,waterway=stream,53.4181779,-6.1316672,
w1211999777,,water,waterway=stream,53.418074,-6.1313166,
w1211999778,,water,waterway=stream,53.4178516,-6.1321682,
w1211999779,,water,waterway=stream,53.4176898,-6.1324703,
w1211999780,,water,waterway=stream,53.4185915,-6.1316049,
w1211999781,,water,waterway=stream,53.4188728,-6.1321749,
w1211999782,,water,waterway=stream,53.4185931,-6.1323944,
w1211999783,,water,waterway=stream,53.4186083,-6.1326021,
w1211999784,,water,waterway=stream,53.4185947,-6.132763,
w1211999785,,water,waterway=stream,53.4190103,-6.1332974,
w1211999786,,water,waterway=stream,53.4187697,-6.134194,
w1211999787,,water,waterway=stream,53.4187398,-6.1348732,
w1211999788,,water,waterway=stream,53.4187698,-6.1347733,
w1211999789,,water,waterway=stream,53.4186906,-6.1359917,
w1211999790,,water,waterway=stream,53.4184318,-6.1361444,
w1211999791,,water,waterway=stream,53.4183816,-6.1368769,
w1211999792,,water,waterway=stream,53.4183893,-6.1370724,
w1211999793,,water,waterway=stream,53.4183751,-6.1373019,
w1211999794,,water,waterway=stream,53.4183496,-6.1375757,
w1211999795,,water,waterway=stream,53.4184317,-6.1380603,
w1211999796,,water,waterway=stream,53.4182785,-6.1380963,
w1211999797,,water,waterway=stream,53.418311,-6.1391353,
w1211999798,,water,waterway=stream,53.4181804,-6.1387193,
w1211999799,,water,waterway=stream,53.4180573,-6.1392757,
w1211999800,,water,waterway=stream,53.4180485,-6.1395719,
w1211999801,,water,waterway=stream,53.4181724,-6.1389448,
w1211999802,,water,waterway=stream,53.4180091,-6.1401863,
w1211999803,,water,waterway=stream,53.4176492,-6.1420544,
w1211999804,,water,waterway=stream,53.4172909,-6.1387735,
w1211999805,,water,waterway=stream,53.4172779,-6.1384064,
w1211999806,,water,waterway=stream,53.418024,-6.1367821,
w1211999807,,water,waterway=stream,53.4180025,-6.1364557,
w1211999808,,water,waterway=stream,53.4179437,-6.1362981,
w1211999809,,water,waterway=stream,53.4180752,-6.1364138,
w1211999810,,water,waterway=stream,53.4181164,-6.1350985,
w1211999811,,water,waterway=stream,53.4182243,-6.1351877,
w1211999812,,water,waterway=stream,53.4179783,-6.1344366,
w1211999814,,water,waterway=stream,53.416945,-6.1339337,
w1211999815,,water,waterway=stream,53.4176923,-6.1339411,
w1211999816,,water,waterway=stream,53.4173875,-6.1342442,
w1211999817,,water,natural=wetland,53.4196517,-6.1353337,
w1211999824,,water,natural=wetland,53.4025987,-6.1202243,
w1211999826,,water,natural=wetland,53.4069836,-6.1338823,
w1211999828,,water,natural=wetland,53.4033229,-6.1311637,
w1211999829,,water,natural=wetland,53.4138606,-6.1382016,
w1211999830,,water,natural=water,53.4177347,-6.1382822,
w1211999831,,water,natural=wetland,53.4157965,-6.1346935,
w1211999832,,water,natural=wetland,53.4053757,-6.1276136,
w1211999835,,water,natural=wetland,53.3962606,-6.0936545,
w1214913261,Camac,water,waterway=river,53.3371957,-6.3233846,
w1214913262,Camac,water,waterway=river,53.337147,-6.3235593,
w1214913275,Camac,water,waterway=river,53.3302644,-6.3395094,
w1223212260,,water,waterway=canal,53.4859532,-6.2748347,
w1223212264,,water,natural=water,53.485662,-6.2746478,
w1223212267,,water,waterway=canal,53.4873322,-6.2744076,
w1223233074,,water,natural=water,53.3722505,-6.4640372,
w1223283525,,water,waterway=stream,53.4768824,-6.2351103,
w1224640779,,water,natural=water,53.4439443,-6.2410065,
w1225321121,,water,natural=water,53.4670273,-6.1893444,
w1225323257,,water,waterway=stream,53.4639991,-6.2021333,
w1225323777,,water,waterway=stream,53.4671106,-6.1793033,
w1225323778,,water,waterway=stream,53.467564,-6.1799709,
w1225484522,,water,natural=water,53.4547498,-6.2976115,
w1225484531,,water,natural=water,53.4514068,-6.301952,
w1225726962,,water,natural=water,53.3741963,-6.4532381,
w1225727970,,water,natural=water,53.3757285,-6.443629,
w1228588556,,water,natural=water,53.2541038,-6.1140616,
w1229554084,,water,waterway=stream,53.5962071,-6.1834141,
w1230180992,,water,waterway=river,53.5747768,-6.1046143,
w1230180993,,water,waterway=river,53.5744534,-6.1069447,
w1230321992,,water,natural=wetland,53.5735833,-6.1111008,
w1230702006,,water,natural=water,53.4134908,-6.2543388,
w1230706986,,water,natural=water,53.4482212,-6.3292016,
w1230712521,,water,natural=water,53.4596465,-6.3311594,
w1230897717,Mayne,water,waterway=river,53.4086717,-6.206464,
w1230897718,Mayne,water,waterway=river,53.4088491,-6.2072566,
w1230897719,Mayne,water,waterway=river,53.4082416,-6.2037603,
w1230897720,Mayne,water,waterway=river,53.4078019,-6.2009669,
w1230897721,Mayne,water,waterway=river,53.4075453,-6.1995704,
w1231568629,,water,waterway=stream,53.5488515,-6.2449014,
w1231573478,,water,natural=water,53.5526804,-6.2684995,
w1231763361,,water,natural=water,53.4884345,-6.2870766,
w1231765152,,water,natural=water,53.4892248,-6.2845217,
w1231892317,,water,natural=water,53.5063998,-6.2142545,
w1231893305,Ballyboughal River,water,waterway=stream,53.5059136,-6.2215277,
w1231893306,Ballyboughal River,water,waterway=stream,53.5095194,-6.236001,
w1231897061,,water,waterway=stream,53.5269716,-6.2253642,
w1231899998,,water,waterway=stream,53.5354754,-6.2372039,
w1231899999,,water,waterway=stream,53.5359153,-6.2386537,
w1231900000,,water,waterway=stream,53.5343856,-6.2336803,
w1231900791,,water,waterway=stream,53.5439788,-6.2259088,
w1231901368,,water,waterway=stream,53.5476372,-6.2385916,
w1232055032,Pill,water,waterway=stream,53.4820955,-6.16745,
w1232234180,,water,waterway=stream,53.4857367,-6.1629506,
w1232989132,,water,waterway=canal,53.3745601,-6.3072546,
w1235679947,,water,natural=water,53.3186414,-6.4497601,
w1235679948,,water,natural=water,53.318564,-6.4500336,
w1235679949,,water,natural=water,53.3176304,-6.448095,
w1235679950,,water,natural=water,53.3175356,-6.4487353,
w1235679955,,water,natural=water,53.3179953,-6.4455531,
w1235679956,,water,natural=water,53.3180498,-6.4453717,
w1237823293,Liffey,water,waterway=river,53.3624612,-6.3825904,
w1237850092,Tolka,water,waterway=river,53.3847569,-6.3593575,
w1239681640,,water,waterway=stream,53.2320439,-6.3154687,
w1239681641,,water,waterway=stream,53.2323966,-6.3160001,
w1239681642,,water,waterway=stream,53.2357797,-6.3175894,
w1239681643,,water,waterway=stream,53.2346056,-6.3169754,
w1239681644,,water,waterway=stream,53.234791,-6.3170282,
w1239681645,,water,waterway=stream,53.2349752,-6.3170953,
w1239681646,,water,waterway=stream,53.2365792,-6.3180385,
w1239681647,,water,waterway=stream,53.2366231,-6.3180395,
w1240207844,,water,waterway=stream,53.2379024,-6.3189358,
w1240207845,,water,waterway=stream,53.2391801,-6.3197585,
w1240764722,,water,waterway=stream,53.2422727,-6.2955122,
w1240764723,,water,waterway=stream,53.2423023,-6.2955763,
w1240764724,,water,waterway=stream,53.2425211,-6.2958071,
w1240764725,,water,waterway=stream,53.2424795,-6.2957792,
w1240764726,,water,waterway=stream,53.2425689,-6.2958368,
w1242096143,,water,waterway=stream,53.556482,-6.2818789,
w1242096144,,water,waterway=stream,53.5594867,-6.2841063,
w1242236311,Broadmeadow,water,waterway=river,53.468008,-6.2094938,
w1242238835,Broadmeadow,water,waterway=river,53.4685363,-6.2099445,
w1242238836,Broadmeadow,water,waterway=river,53.4688204,-6.2098947,
w1242238838,Broadmeadow,water,waterway=river,53.4674964,-6.2072063,
w1243130145,,water,natural=water,53.4665878,-6.2024872,
w1243142279,Gaybrook Stream,water,waterway=stream,53.4470717,-6.1817235,
w1243142280,Gaybrook Stream,water,waterway=stream,53.4478185,-6.1804005,
w1243142281,,water,waterway=stream,53.4474538,-6.1808474,
w1243145723,,water,waterway=stream,53.4455355,-6.1913628,
w1243150559,,water,natural=wetland,53.4547445,-6.1725295,
w1243157639,,water,natural=wetland,53.4658955,-6.1980559,
w1243158146,Gaybrook Stream,water,waterway=stream,53.4455427,-6.1938008,
w1250416557,,water,waterway=stream,53.4798452,-6.1587585,
w1250416558,,water,waterway=stream,53.4798319,-6.1588321,
w1250416559,,water,waterway=stream,53.4798558,-6.1587014,
w1256628803,,water,natural=water,53.4256613,-6.146962,
w1256628804,,water,natural=water,53.4285454,-6.1460354,
w1256646334,,water,natural=water,53.423382,-6.1246216,
w1257920481,Camac,water,waterway=stream,53.3060631,-6.4198782,
w1257920482,Camac,water,waterway=stream,53.3061924,-6.419498,
w1257920483,Camac,water,waterway=stream,53.3059359,-6.4206581,
w1257920484,Camac,water,waterway=stream,53.3059485,-6.4202616,
w1259525848,Nutley Stream,water,waterway=stream,53.318894,-6.2210656,
w1259525849,Nutley Stream,water,waterway=stream,53.3189872,-6.2200979,
w1263242922,,water,waterway=stream,53.4760716,-6.2756946,
w1268218843,Slang,water,waterway=stream,53.2768529,-6.2439332,
w1268218844,Slang,water,waterway=stream,53.2768711,-6.2441943,
w1272097462,,water,natural=water,53.2248487,-6.1210793,
w1273196620,Kill o'the Grange Stream,water,waterway=stream,53.2690014,-6.1519562,
w1274657549,,water,natural=water,53.4063259,-6.2814273,
w1275579277,,water,natural=water,53.4012605,-6.3023136,
w1276703742,,water,natural=water,53.3003186,-6.4819647,
w1277645277,,water,natural=wetland,53.2410651,-6.4552097,
w1277645278,,water,natural=wetland,53.2457462,-6.4555822,
w1277645279,,water,natural=wetland,53.2453256,-6.454681,
w1277645280,,water,natural=wetland,53.2401253,-6.4520441,
w1277645281,,water,natural=wetland,53.2427391,-6.4520056,
w1279345430,,water,natural=water,53.2909555,-6.4817393,
w1279784693,,water,natural=water,53.305834,-6.4766637,
w1279936469,,water,waterway=stream,53.3039395,-6.476634,
w1280241138,Carysfort-Maretimo Stream,water,waterway=stream,53.2938715,-6.1839771,
w1280414311,,water,waterway=stream,53.2890238,-6.4542162,
w1280693684,Griffeen,water,waterway=stream,53.3078765,-6.4771189,
w1280943255,,water,natural=water,53.30046,-6.4821581,
w1280943256,,water,natural=water,53.3005237,-6.4821574,
w1280943257,,water,natural=water,53.3004927,-6.4821947,
w1280993059,,water,natural=water,53.3593011,-6.3095653,
w1281067824,,water,waterway=stream,53.2933364,-6.4763066,
w1281067825,,water,waterway=stream,53.2933034,-6.4763475,
w1281853730,,water,natural=water,53.2924314,-6.5113846,
w1281886851,,water,natural=water,53.2907066,-6.509139,
w1281886858,,water,natural=water,53.2969398,-6.5080929,
w1282024237,,water,natural=water,53.2886443,-6.4966082,
w1282056075,,water,natural=water,53.2979509,-6.5055065,
w1282241394,,water,natural=water,53.2932566,-6.4935187,
w1282252213,,water,natural=water,53.3181754,-6.456266,
w1282891489,,water,waterway=stream,53.3638773,-6.1605208,
w1282997764,,water,natural=water,53.3161386,-6.508705,
w1284515015,,water,natural=water,53.3772206,-6.074777,
w1284671131,,water,natural=water,53.2988781,-6.4978627,
w1284948800,,water,natural=water,53.296319,-6.5104043,
w1284966557,,water,waterway=stream,53.6212459,-6.2316332,
w1285558861,,water,natural=water,53.2727845,-6.1988569,
w1286885696,,water,natural=water,53.2966492,-6.4981248,
w1289214769,,water,natural=water,53.2921981,-6.4388678,
w1289762396,,water,natural=wetland,53.294684,-6.4478879,
w1290269884,,water,natural=water,53.4956788,-6.1737943,
w1290269885,,water,natural=water,53.4953213,-6.1752455,
w1290269886,,water,natural=water,53.4955547,-6.1766824,
w1291905681,,water,waterway=stream,53.2962932,-6.4456364,
w1291905682,,water,waterway=stream,53.2912411,-6.4531429,
w1291905683,,water,waterway=stream,53.291308,-6.4530101,
w1291905684,,water,waterway=stream,53.2919465,-6.4522685,
w1291905685,,water,waterway=stream,53.2927316,-6.4511092,
w1291905686,,water,waterway=stream,53.292813,-6.4509175,
w1291905687,,water,waterway=stream,53.2928288,-6.4508773,
w1291905688,,water,waterway=stream,53.2938621,-6.4493959,
w1291905689,,water,waterway=stream,53.2934584,-6.4500275,
w1291905690,,water,waterway=stream,53.2941796,-6.4489563,
w1291905696,,water,waterway=stream,53.2947443,-6.4479322,
w1291905697,,water,waterway=stream,53.2948872,-6.4478554,
w1291905698,,water,waterway=stream,53.2955922,-6.4467519,
w1291905699,,water,waterway=stream,53.2969121,-6.4445178,
w1291905700,,water,waterway=stream,53.2963874,-6.4434549,
w1291905701,,water,waterway=stream,53.2968925,-6.4444603,
w1291905702,,water,waterway=stream,53.2895158,-6.455167,
w1291905703,,water,waterway=stream,53.2894129,-6.4549645,
w1291905704,,water,waterway=stream,53.2966754,-6.4410254,
w1291905705,,water,waterway=stream,53.296597,-6.4409691,
w1291905706,,water,waterway=stream,53.2964527,-6.4416024,
w1291905707,,water,natural=water,53.2965147,-6.4416781,
w1291905709,,water,waterway=stream,53.2925379,-6.4473947,
w1291905710,,water,waterway=stream,53.2892428,-6.4508953,
w1291905711,,water,waterway=stream,53.2914343,-6.448324,
w1291905712,,water,waterway=stream,53.2905257,-6.4490736,
w1291905713,,water,waterway=stream,53.2899874,-6.4499752,
w1291905714,,water,waterway=stream,53.2911685,-6.4483785,
w1291905715,,water,waterway=stream,53.2909032,-6.4485383,
w1291905716,,water,waterway=stream,53.2909829,-6.4484527,
w1291905717,,water,waterway=stream,53.2913527,-6.4483204,
w1291905718,,water,waterway=stream,53.2917572,-6.4484894,
w1291905720,,water,natural=water,53.2884127,-6.4532237,
w1291905721,,water,waterway=stream,53.2900592,-6.449818,
w1291905722,,water,waterway=stream,53.2901578,-6.4496189,
w1291905723,,water,waterway=stream,53.2903214,-6.454738,
w1291905724,,water,waterway=stream,53.2911111,-6.4535648,
w1291939979,,water,waterway=stream,53.2991681,-6.4331312,
w1292204983,,water,natural=water,53.2865278,-6.4421831,
w1292213640,,water,natural=water,53.2917207,-6.4336438,
w1292213641,,water,natural=water,53.2917605,-6.4342386,
w1292908633,,water,waterway=stream,53.2860837,-6.4329461,
w1292908634,,water,waterway=stream,53.2851245,-6.4331412,
w1292908635,,water,waterway=stream,53.2854758,-6.4331883,
w1292964829,,water,natural=water,53.3277063,-6.4784006,
w1293281739,,water,natural=water,53.3170179,-6.4542265,
w1293393932,,water,waterway=stream,53.3157257,-6.4385848,
w1293393933,Millrace,water,waterway=stream,53.3309811,-6.4527364,
w1293393934,Millrace,water,waterway=stream,53.3308789,-6.4536086,
w1293697769,,water,natural=water,53.3121589,-6.440391,
w1293697770,,water,natural=water,53.3123085,-6.4404352,
w1293697771,,water,natural=water,53.3122781,-6.4402384,
w1295487986,,water,waterway=stream,53.331382,-6.4675635,
w1295487987,,water,waterway=stream,53.3407682,-6.4728412,
w1295487988,,water,waterway=stream,53.3357416,-6.4698465,
w1295487989,,water,waterway=stream,53.3358757,-6.4701981,
w1295487990,,water,waterway=stream,53.3358178,-6.4700492,
w1295487991,,water,waterway=stream,53.3362518,-6.4715153,
w1295487992,,water,waterway=stream,53.3367521,-6.4730564,
w1295487993,,water,waterway=stream,53.3369864,-6.4746173,
w1295487994,,water,waterway=stream,53.3343522,-6.4689111,
w1295487995,,water,waterway=stream,53.3332855,-6.4682006,
w1295487996,,water,waterway=stream,53.3236521,-6.470829,
w1295487997,,water,waterway=stream,53.3293443,-6.4675699,
w1295487998,,water,waterway=stream,53.3359416,-6.4703565,
w1295487999,,water,waterway=stream,53.3378884,-6.4764166,
w1295488000,,water,waterway=stream,53.3387884,-6.4765539,
w1295488001,,water,waterway=stream,53.3392695,-6.4757352,
w1295488002,,water,waterway=stream,53.3245675,-6.4723552,
w1295488013,,water,waterway=stream,53.3262754,-6.4692821,
w1295488014,,water,waterway=stream,53.3257378,-6.4701545,
w1295488015,,water,waterway=stream,53.3253742,-6.4709145,
w1295488016,,water,waterway=stream,53.324907,-6.4715818,
w1295488017,,water,waterway=stream,53.3211262,-6.4662428,
w1295488018,,water,waterway=stream,53.3225642,-6.4698623,
w1295689995,,water,waterway=stream,53.3266357,-6.4684152,
w1295689996,,water,waterway=stream,53.3266103,-6.4684099,
w1295689997,,water,waterway=stream,53.3266627,-6.4684252,
w1295689998,,water,waterway=stream,53.3253899,-6.4674066,
w1295689999,,water,waterway=stream,53.3242144,-6.4684443,
w1295690000,,water,waterway=stream,53.3233275,-6.468991,
w1295708947,,water,waterway=stream,53.3168351,-6.4599303,
w1295708948,,water,waterway=stream,53.3174636,-6.4605096,
w1295708949,,water,waterway=stream,53.3173683,-6.4604234,
w1295708950,,water,waterway=stream,53.3162526,-6.4594204,
w1295847445,Griffeen,water,waterway=stream,53.3220972,-6.4535753,
w1295847446,Griffeen,water,waterway=stream,53.3219707,-6.4538018,
w1296287416,,water,waterway=stream,53.3179428,-6.4438446,
w1296287417,,water,waterway=stream,53.3178154,-6.445533,
w1296287418,,water,waterway=stream,53.3179239,-6.4451016,
w1296287420,,water,waterway=stream,53.3180442,-6.4447362,
w1296287421,,water,waterway=stream,53.3181315,-6.4443151,
w1296287422,,water,waterway=stream,53.3175239,-6.4432634,
w1296287423,,water,waterway=stream,53.3177039,-6.4434192,
w1296383262,,water,natural=water,53.3329509,-6.4318869,
w1296411764,,water,natural=water,53.3100891,-6.4275562,
w1296411765,,water,natural=water,53.3103565,-6.4286714,
w1296411766,,water,natural=water,53.3098326,-6.4291085,
w1303040278,,water,natural=water,53.392778,-6.1980346,
w1303122622,,water,waterway=stream,53.4174949,-6.1425957,
w1306267906,Millrace,water,waterway=stream,53.3600845,-6.4472407,
w1307970305,,water,waterway=stream,53.4171519,-6.141709,
w1307970306,,water,waterway=stream,53.4178692,-6.1433373,
w1308049365,,water,waterway=stream,53.3850697,-6.4525987,
w1308049366,,water,waterway=stream,53.3851968,-6.4533091,
w1308049367,,water,waterway=stream,53.3852718,-6.4537672,
w1308049368,,water,waterway=stream,53.3852471,-6.4536369,
w1308824098,,water,natural=water,53.3542506,-6.4686274,
w1309232985,,water,natural=water,53.345242,-6.2419925,
w1309885664,,water,natural=water,53.4671051,-6.2099747,
w1310454197,,water,natural=water,53.4151117,-6.2886086,
w1310467032,Ward River,water,waterway=river,53.4584578,-6.2220866,
w1312854384,,water,natural=water,53.4525471,-6.226216,
w1314016421,,water,waterway=stream,53.4965052,-6.2118107,
w1314016422,,water,waterway=stream,53.4967578,-6.2129888,
w1315138499,,water,natural=water,53.3648619,-6.0873202,
w1315550097,,water,waterway=stream,53.1987894,-6.3207686,
w1315550787,,water,waterway=stream,53.2076993,-6.3406117,
w1319257540,,water,natural=water,53.4963384,-6.1764112,
w1319257541,,water,natural=water,53.4964997,-6.1775351,
w1319609731,Ballyogan Stream,water,waterway=stream,53.2517883,-6.2305979,
w1319609740,,water,natural=water,53.2516381,-6.2320704,
w1322627390,,water,waterway=stream,53.2492739,-6.5283332,
w1322627391,,water,waterway=stream,53.2489673,-6.5276748,
w1322627407,,water,waterway=stream,53.2486606,-6.5269886,
w1322627408,,water,waterway=stream,53.2484748,-6.5265553,
w1322627411,,water,waterway=stream,53.2502552,-6.5308284,
w1322627412,,water,waterway=stream,53.2501098,-6.5295932,
w1323183448,,water,waterway=stream,53.2382369,-6.4540481,
w1323183450,Camac,water,waterway=stream,53.2394717,-6.4502239,
w1323571493,Lakelands River,water,waterway=stream,53.2826955,-6.208646,
w1324247966,,water,natural=wetland,53.3205425,-6.4560448,
w1327102981,Ballyogan Stream,water,waterway=stream,53.2590696,-6.2090911,
w1327102982,Ballyogan Stream,water,waterway=stream,53.2584782,-6.2072226,
w1327888390,,water,natural=water,53.2486658,-6.1425873,
w1327888391,,water,natural=water,53.2483764,-6.1422021,
w1328700922,,water,natural=water,53.4845169,-6.1110847,
w1334380373,,water,natural=water,53.4149096,-6.423499,
w1337343185,,water,natural=water,53.4450834,-6.1613513,
w1338967817,,water,natural=water,53.4986902,-6.1170843,
w1339341500,,water,natural=water,53.3088916,-6.4205961,
w1339694674,,water,natural=water,53.4924314,-6.168959,
w1339956193,,water,natural=water,53.4930485,-6.1510805,
w1339956194,,water,natural=water,53.4915594,-6.1516649,
w1339956195,,water,natural=water,53.4916778,-6.1524166,
w1339956196,,water,natural=water,53.4910545,-6.1517741,
w1339956197,,water,natural=water,53.4923588,-6.1522554,
w1340514956,Pill,water,waterway=stream,53.4788387,-6.1584035,
w1340514957,Pill,water,waterway=stream,53.4781873,-6.1578167,
w1340908244,,water,waterway=stream,53.4714834,-6.1338878,
w1340908245,,water,waterway=stream,53.4728575,-6.1318333,
w1340908246,,water,waterway=stream,53.4727271,-6.1326901,
w1340908247,,water,waterway=stream,53.4727614,-6.1323924,
w1340908248,,water,waterway=stream,53.4727774,-6.1325735,
w1341013407,,water,waterway=stream,53.4691432,-6.1949598,
w1341013408,,water,waterway=stream,53.4701697,-6.1951463,
w1341266217,,water,waterway=stream,53.4886632,-6.1783403,
w1341266218,,water,waterway=stream,53.4882851,-6.1785164,
w1341396685,,water,natural=water,53.4710398,-6.2128468,
w1341687112,,water,waterway=stream,53.4715993,-6.1252999,
w1341687113,,water,waterway=stream,53.4717634,-6.1240834,
w1341687114,,water,waterway=stream,53.4717365,-6.1244109,
w1341687115,,water,waterway=stream,53.4717055,-6.1247488,
w1344621678,,water,waterway=stream,53.4378192,-6.1622102,
w1344621679,,water,waterway=stream,53.4377389,-6.1618623,
w1344908126,,water,waterway=stream,53.2387463,-6.3965916,
w1344908129,,water,waterway=stream,53.241318,-6.3945284,
w1344908134,,water,waterway=stream,53.2419674,-6.3934006,
w1344908135,,water,waterway=stream,53.2387624,-6.3985563,
w1344908136,,water,waterway=stream,53.2390116,-6.3994897,
w1344908137,,water,waterway=stream,53.2258667,-6.3862159,
w1344908138,,water,waterway=stream,53.226085,-6.3863069,
w1344908139,,water,waterway=stream,53.239547,-6.3944292,
w1344908140,,water,waterway=stream,53.2391123,-6.3949314,
w1344908141,,water,waterway=stream,53.2395102,-6.3917163,
w1344908142,,water,waterway=stream,53.2403052,-6.3934391,
w1344908143,,water,waterway=stream,53.240255,-6.3950037,
w1344908144,,water,waterway=stream,53.2404815,-6.3965811,
w1345148416,,water,waterway=stream,53.4922281,-6.1291586,
w1345148417,,water,waterway=stream,53.4924568,-6.1300213,
w1345148418,,water,waterway=stream,53.4922016,-6.1295738,
w1345148420,,water,waterway=stream,53.4883715,-6.1338983,
w1345148421,,water,waterway=stream,53.4879617,-6.1356974,
w1345161734,,water,waterway=stream,53.4835969,-6.1375126,
w1346080508,,water,waterway=stream,53.4793303,-6.1692333,
w1346080509,,water,waterway=stream,53.4801688,-6.1685346,
w1346080510,,water,waterway=stream,53.4800379,-6.1686316,
w1346803790,,water,waterway=stream,53.4950982,-6.1257136,
w1346803791,,water,waterway=stream,53.497658,-6.1253897,
w1346803792,,water,waterway=stream,53.4969093,-6.1254831,
w1346803793,,water,waterway=stream,53.4927689,-6.1261864,
w1346803794,,water,waterway=stream,53.4932343,-6.1259245,
w1346803795,,water,waterway=stream,53.4986524,-6.1252518,
w1346803796,,water,waterway=stream,53.4984211,-6.1252951,
w1346803797,,water,natural=water,53.4923981,-6.126861,
w1346803798,,water,waterway=stream,53.4914684,-6.1279494,
w1346803799,,water,natural=water,53.4898549,-6.1292753,
w1347099075,,water,natural=water,53.3284365,-6.4818907,
w1347099076,,water,natural=water,53.3281939,-6.4831332,
w1347585536,,water,natural=water,53.4770696,-6.1638482,
w1347680769,,water,natural=wetland,53.4539951,-6.2932831,
w1347680777,,water,natural=wetland,53.4549698,-6.2897887,
w1347695977,,water,natural=wetland,53.456338,-6.2868764,
w1348391213,,water,natural=water,53.4627189,-6.220614,
w1349589810,,water,natural=water,53.3726738,-6.2746666,
w1349810254,Glebe Stream,water,waterway=stream,53.4545943,-6.2246759,
w1349810255,Glebe stream,water,waterway=stream,53.4552427,-6.2229874,
w1349810256,Glebe stream,water,waterway=stream,53.4555086,-6.2229643,
w1349810257,,water,waterway=stream,53.4540722,-6.225534,
w1349810259,Glebe Stream,water,waterway=stream,53.454823,-6.2237521,
w1350760278,,water,natural=wetland,53.4385853,-6.2534219,
w1350760299,,water,natural=wetland,53.4394403,-6.2631846,
w1350760313,,water,natural=wetland,53.4385407,-6.2543553,
w1350861024,,water,natural=water,53.2806939,-6.1932062,
w1351617111,,water,natural=water,53.5250831,-6.1013524,
w1351622539,,water,waterway=stream,53.5246327,-6.0992027,
w1351622540,,water,waterway=stream,53.5246973,-6.0983266,
w1351622542,,water,waterway=stream,53.5246061,-6.1002734,
w1351622543,,water,waterway=stream,53.5245795,-6.1000661,
w1351622544,,water,waterway=stream,53.5250619,-6.1006215,
w1351664242,,water,natural=water,53.5409074,-6.111754,
w1351877203,,water,natural=water,53.5411006,-6.1099138,
w1352122089,,water,waterway=stream,53.5294462,-6.1348493,
w1355234774,,water,waterway=stream,53.4164762,-6.4219341,
w1355234775,,water,waterway=stream,53.4165469,-6.4221668,
w1355633468,,water,natural=water,53.516132,-6.1306503,
w1355767650,,water,natural=water,53.4109672,-6.280283,
w1356389432,,water,waterway=stream,53.5161145,-6.1176196,
w1356389433,,water,waterway=stream,53.5143442,-6.1216773,
w1356389434,,water,waterway=stream,53.5145475,-6.1205711,
w1356389435,,water,waterway=stream,53.5148894,-6.1189837,
w1356389436,,water,waterway=stream,53.5153119,-6.1186199,
w1356389437,,water,waterway=stream,53.5156916,-6.11871,
w1356389438,,water,waterway=stream,53.5194378,-6.1175417,
w1356389439,,water,waterway=stream,53.5165286,-6.1162743,
w1356389440,,water,waterway=stream,53.5173913,-6.1164704,
w1356389441,,water,waterway=stream,53.5183791,-6.1169113,
w1356389442,,water,waterway=stream,53.520753,-6.1217159,
w1356389443,,water,waterway=stream,53.5203527,-6.1192027,
w1356389444,,water,waterway=stream,53.5147497,-6.1195735,
w1356389445,,water,waterway=stream,53.5146678,-6.1199191,
w1356659390,,water,waterway=stream,53.5399815,-6.085844,
w1356659391,,water,waterway=stream,53.5401808,-6.0864696,
w1357712550,,water,waterway=stream,53.5408838,-6.1055287,
w1357712551,,water,natural=water,53.5421604,-6.1119932,
w1357712552,,water,waterway=stream,53.5428159,-6.1171772,
w1357712553,,water,waterway=stream,53.5424026,-6.1166344,
w1357712554,,water,waterway=stream,53.5420016,-6.1130072,
w1357712555,,water,waterway=stream,53.54162,-6.109414,
w1357737018,,water,natural=water,53.5147833,-6.1994108,
w1357737019,,water,natural=water,53.5142308,-6.1996352,
w1357737020,,water,natural=water,53.5165523,-6.2011826,
w1357912871,,water,waterway=stream,53.2828155,-6.3686258,
w1357912872,,water,waterway=stream,53.2828905,-6.3685742,
w1357912873,,water,waterway=stream,53.2842294,-6.367081,
w1357912874,,water,waterway=stream,53.2837092,-6.3677944,
w1357912875,,water,waterway=stream,53.2849639,-6.3660819,
w1357912876,,water,waterway=stream,53.2849717,-6.3660537,
w1357912877,,water,waterway=stream,53.2849648,-6.3637063,
w1357912878,,water,waterway=stream,53.2849595,-6.3638415,
w1357912879,Whitestown Stream,water,waterway=stream,53.2851638,-6.3632323,
w1357912880,Whitestown Stream,water,waterway=stream,53.2848525,-6.3637855,
w1357912881,Whitestown Stream,water,waterway=stream,53.2854697,-6.3626584,
w1357912882,Whitestown Stream,water,waterway=stream,53.2854756,-6.3625967,
w1358096970,,water,waterway=stream,53.5148616,-6.1687244,
w1358096971,,water,waterway=stream,53.5118356,-6.1689137,
w1358096972,,water,waterway=stream,53.5109608,-6.1671788,
w1358096973,,water,waterway=stream,53.5109784,-6.1672721,
w1358096974,,water,waterway=stream,53.512631,-6.1683148,
w1358096975,,water,waterway=stream,53.5137356,-6.16806,
w1358751412,,water,waterway=stream,53.514287,-6.1986503,
w1358751413,,water,waterway=stream,53.5201948,-6.1985614,
w1358880327,Gaybrook Stream,water,waterway=stream,53.4455143,-6.1926151,
w1358880328,Gaybrook Stream,water,waterway=stream,53.4455634,-6.1931897,
w1358883057,Gaybrook Stream,water,waterway=stream,53.4459341,-6.1868165,
w1359037003,,water,natural=water,53.5050926,-6.1756408,
w1359037004,,water,natural=water,53.5111962,-6.1704108,
w1359037005,,water,waterway=stream,53.511262,-6.1704311,
w1359367543,,water,natural=water,53.554167,-6.09425,
w1359398098,,water,natural=water,53.5289386,-6.1471253,
w1359398101,,water,natural=water,53.5365975,-6.1511096,
w1359720897,,water,natural=water,53.5278883,-6.1715617,
w1360454743,,water,natural=water,53.4430358,-6.179562,
w1360454744,,water,natural=water,53.4421445,-6.1758733,
w1360459806,Gaybrook Stream,water,waterway=stream,53.4482953,-6.1799204,
w1360459807,Gaybrook Stream,water,waterway=stream,53.4481946,-6.1800101,
w1360767705,,water,natural=water,53.4983777,-6.1554407,
w1360771768,,water,natural=water,53.558866,-6.1327282,
w1360805928,,water,natural=water,53.5561684,-6.1289849,
w1360846625,,water,waterway=stream,53.560844,-6.1355866,
w1360846626,,water,waterway=stream,53.5609723,-6.1451027,
w1360846627,,water,waterway=stream,53.5604,-6.1440266,
w1360846630,,water,waterway=stream,53.5618212,-6.1467166,
w1360846631,,water,waterway=stream,53.5615009,-6.1460925,
w1360846632,,water,waterway=stream,53.5600898,-6.1431368,
w1360846633,,water,waterway=stream,53.5598955,-6.142492,
w1360846634,,water,waterway=stream,53.5598186,-6.1408423,
w1360846635,,water,waterway=stream,53.5601437,-6.1387303,
w1360846636,,water,waterway=stream,53.5602161,-6.1381886,
w1360846637,,water,waterway=stream,53.5607269,-6.1380215,
w1360846638,,water,waterway=stream,53.5612676,-6.1378424,
w1360846639,,water,waterway=stream,53.5639776,-6.1359964,
w1360885945,,water,natural=water,53.5584762,-6.1786855,
w1362386227,,water,waterway=stream,53.4554079,-6.1695788,
w1362386228,,water,waterway=stream,53.4559708,-6.1695041,
w1362386229,,water,waterway=stream,53.4560678,-6.1694477,
w1362458815,,water,waterway=stream,53.5512881,-6.1077094,
w1362458816,,water,waterway=stream,53.5520477,-6.1100885,
w1362458817,,water,waterway=stream,53.5520307,-6.1099565,
w1362458818,,water,waterway=stream,53.5530181,-6.0946878,
w1362458819,,water,waterway=stream,53.5505397,-6.1054486,
w1362458839,,water,waterway=stream,53.5505779,-6.1033948,
w1362458840,,water,waterway=stream,53.5512223,-6.0983405,
w1362458841,,water,waterway=stream,53.5596836,-6.0913856,
w1362458842,,water,waterway=stream,53.5551606,-6.0939983,
w1362458843,,water,waterway=stream,53.5568313,-6.0944744,
w1362458844,,water,waterway=stream,53.557716,-6.0938316,
w1364933454,,water,waterway=stream,53.5775329,-6.126728,
w1364933457,,water,waterway=stream,53.5776335,-6.1261767,
w1364933458,,water,waterway=stream,53.5797473,-6.1312349,
w1364933459,,water,waterway=stream,53.5796368,-6.1311481,
w1365070194,Gaybrook Stream North,water,waterway=stream,53.4483163,-6.2095068,
w1365070195,Gaybrook Stream North,water,waterway=stream,53.4485679,-6.2099937,
w1365070196,Gaybrook Stream North,water,waterway=stream,53.4485456,-6.2101886,
w1365506140,,water,waterway=stream,53.3830446,-6.4469389,
w1365506141,,water,waterway=stream,53.3831558,-6.4469814,
w1365506142,,water,waterway=stream,53.3830184,-6.4469398,
w1365506144,,water,waterway=stream,53.3832852,-6.4470643,
w1365720512,,water,waterway=stream,53.5701034,-6.1165667,
w1365720515,,water,waterway=stream,53.5711926,-6.1160273,
w1365930550,,water,waterway=stream,53.5683582,-6.1054909,
w1365930551,,water,waterway=stream,53.5672457,-6.1040767,
w1365930552,,water,waterway=stream,53.5682237,-6.1056984,
w1365930553,,water,waterway=stream,53.5682782,-6.1056143,
w1365930554,,water,waterway=stream,53.568227,-6.106051,
w1368371779,,water,waterway=stream,53.5841529,-6.1947377,
w1368371780,,water,waterway=stream,53.5845187,-6.1965163,
w1368371781,,water,waterway=stream,53.5832791,-6.1955565,
w1368371782,,water,waterway=stream,53.584967,-6.1938357,
w1368371783,,water,waterway=stream,53.5849492,-6.19399,
w1369081023,Loughlinstown River,water,waterway=river,53.2393016,-6.1431761,
w1369360622,,water,waterway=stream,53.524485,-6.2081541,
w1369360623,,water,waterway=stream,53.5638013,-6.2101274,
w1369360625,,water,natural=water,53.5389608,-6.2091794,
w1369360631,,water,natural=water,53.5731404,-6.2099002,
w1369360632,,water,natural=water,53.5731996,-6.2101263,
w1369395696,,water,natural=water,53.4936068,-6.2246499,
w1369799690,,water,natural=water,53.3878239,-6.3654725,
w1370377942,,water,natural=water,53.4450386,-6.283811,
w1370377943,,water,natural=water,53.4450789,-6.2836872,
w1370377944,,water,natural=water,53.4449865,-6.2836935,
w1370389400,,water,natural=water,53.4626681,-6.2204164,
w1370389403,,water,natural=water,53.4631761,-6.2200564,
w1370389404,,water,natural=water,53.4629591,-6.2202588,
w1370406110,,water,waterway=stream,53.4759026,-6.2071873,
w1371934635,,water,natural=water,53.5015462,-6.2796859,
w1372684187,Carrickmines River,water,waterway=stream,53.2532231,-6.1725007,
w1372684188,Carrickmines River,water,waterway=stream,53.2530528,-6.1721616,
w1372774934,,water,natural=water,53.2515963,-6.2339104,
w1372792823,Ballyogan Stream,water,waterway=stream,53.2602007,-6.2115644,
w1372792824,Ballyogan Stream,water,waterway=stream,53.2610762,-6.216036,
w1372992728,,water,natural=water,53.527786,-6.2607787,
w1373481132,,water,waterway=stream,53.2600247,-6.2141069,
w1373481133,,water,waterway=stream,53.2606358,-6.2140381,
w1373504380,Ballyogan Stream,water,waterway=stream,53.2615547,-6.2180653,
w1373504381,Ballyogan Stream,water,waterway=stream,53.2616314,-6.2192365,
w1373665687,,water,waterway=stream,53.2718357,-6.2156139,
w1373665688,,water,waterway=stream,53.2692001,-6.2095002,
w1373665689,,water,waterway=stream,53.2694707,-6.2096377,
w1373665690,,water,waterway=stream,53.2699466,-6.2249745,
w1373665691,,water,waterway=stream,53.2727663,-6.2216651,
w1373666589,Racecourse Stream,water,waterway=stream,53.2621384,-6.1921682,
w1373666722,,water,waterway=stream,53.52853,-6.2522164,
w1373666726,,water,waterway=stream,53.5277862,-6.2493612,
w1373666727,,water,waterway=stream,53.5279819,-6.2506458,
w1373673527,,water,waterway=stream,53.2785589,-6.1979708,
w1373673528,,water,waterway=stream,53.2801949,-6.196791,
w1373673529,,water,waterway=stream,53.2831565,-6.1954087,
w1373673530,Carysfort-Maretimo Stream,water,waterway=stream,53.2922135,-6.1887174,
w1373673531,Carysfort-Maretimo Stream,water,waterway=stream,53.2922365,-6.1886962,
w1373739688,,water,waterway=stream,53.2643578,-6.2264586,
w1373739689,,water,waterway=stream,53.2632023,-6.2256118,
w1373739690,,water,waterway=stream,53.2623863,-6.2246844,
w1373901242,,water,natural=wetland,53.2621915,-6.2205899,
w1374227873,,water,natural=water,53.243168,-6.1966794,
w1374393635,Daws River,water,waterway=stream,53.5300948,-6.3092378,
w1374393636,Daws River,water,waterway=stream,53.5297732,-6.3108902,
w1374393884,,water,waterway=stream,53.488736,-6.305569,
w1374393885,,water,waterway=stream,53.4883267,-6.3069724,
w1374655280,,water,waterway=stream,53.2529985,-6.2154353,
w1374655281,,water,waterway=stream,53.252709,-6.2162321,
w1374655282,,water,waterway=stream,53.2527724,-6.2160582,
w1374655283,,water,natural=water,53.255922,-6.2166815,
w1374655286,,water,natural=water,53.2435235,-6.2033877,
w1374655287,,water,waterway=stream,53.2434787,-6.2032882,
w1374663601,,water,waterway=stream,53.2548729,-6.2293607,
w1374663602,,water,waterway=stream,53.2541116,-6.2310691,
w1374663603,,water,waterway=stream,53.2542395,-6.2308072,
w1374864880,,water,waterway=stream,53.5760865,-6.2718922,
w1374864881,,water,waterway=stream,53.5758083,-6.2724815,
w1375071802,,water,waterway=river,53.5003856,-6.1731847,
w1375071804,,water,waterway=river,53.4995432,-6.1823486,
w1375071805,,water,waterway=river,53.500787,-6.1790961,
w1375071806,,water,waterway=river,53.5004822,-6.1774099,
w1375092028,,water,waterway=stream,53.506551,-6.1686288,
w1375092029,,water,waterway=stream,53.5065689,-6.1701613,
w1375092030,,water,waterway=stream,53.5065373,-6.1697874,
w1375092031,,water,waterway=river,53.5037617,-6.1707143,
w1375092033,,water,waterway=river,53.5023839,-6.1694779,
w1375092034,,water,natural=water,53.5039322,-6.1625076,
w1375092035,,water,waterway=river,53.5010444,-6.1671898,
w1375092037,,water,waterway=stream,53.5039192,-6.1625006,
w1375109647,,water,waterway=stream,53.2601284,-6.2272782,
w1375109648,,water,natural=water,53.2606828,-6.2267079,
w1375109649,,water,waterway=stream,53.2590512,-6.2280548,
w1375109650,,water,waterway=stream,53.2605441,-6.2268869,
w1375109651,,water,waterway=stream,53.2594789,-6.2277946,
w1375109652,,water,waterway=stream,53.2597677,-6.2275418,
w1375316533,,water,natural=water,53.5882949,-6.2683571,
w1375316540,,water,natural=water,53.5732139,-6.2648995,
w1375316541,,water,natural=water,53.5471407,-6.2692173,
w1375353113,Glebe stream,water,waterway=stream,53.4549743,-6.2232651,
w1375543047,,water,natural=water,53.3297769,-6.4559793,
w1375543048,,water,natural=water,53.3298507,-6.4576535,
w1375543049,,water,natural=water,53.3291822,-6.459802,
w1375673332,,water,natural=water,53.251493,-6.2246153,
w1376723334,,water,natural=water,53.3748663,-6.3539489,
w1376867540,,water,waterway=stream,53.454422,-6.2252922,
w1377698582,,water,natural=water,53.2778312,-6.1999575,
w1378148459,,water,waterway=stream,53.259259,-6.210332,
w1379192385,,water,waterway=stream,53.2567109,-6.2123776,
w1379192397,,water,natural=water,53.247088,-6.2189393,
w1379358169,,water,waterway=stream,53.3764476,-6.3046766,
w1379850466,Grand Canal,water,waterway=canal,53.3339397,-6.2985506,
w1380112811,,water,natural=water,53.2552181,-6.1695187,
w1383244528,Santry River,water,waterway=stream,53.4125779,-6.2763105,
w1383244529,Santry River,water,waterway=stream,53.4105998,-6.2747046,
w1383244530,Santry River,water,waterway=stream,53.4156101,-6.2779695,
w1383244531,Santry River,water,waterway=stream,53.4144852,-6.277397,
w1383342139,Carysfort-Maretimo Stream,water,waterway=stream,53.293806,-6.1826276,
w1383878186,Priory Stream,water,waterway=stream,53.3038747,-6.181593,
w1383878187,Priory Stream,water,waterway=stream,53.3045772,-6.1823686,
w1383878188,Priory Stream,water,waterway=stream,53.3044013,-6.1825777,
w1385194865,,water,natural=water,53.2205894,-6.1415192,
w1387416750,Dodder,water,waterway=river,53.2323097,-6.356854,
w1387797704,,water,waterway=stream,53.4179891,-6.1435442,
w1388040143,,water,natural=water,53.4148694,-6.423196,
w1390818884,Stradbrook Stream,water,waterway=stream,53.2924569,-6.1647288,
w1390818885,Stradbrook Stream,water,waterway=stream,53.2919827,-6.1662576,
w1390818886,Stradbrook Stream,water,waterway=stream,53.2920446,-6.16604,
w1390818889,Stradbrook Stream,water,waterway=stream,53.293399,-6.158523,
w1390818890,Stradbrook Stream,water,waterway=stream,53.2934487,-6.1587401,
w1390818892,,water,waterway=stream,53.2792682,-6.1434321,
w1390818893,,water,waterway=stream,53.2796201,-6.1425938,
w1390818894,,water,waterway=stream,53.2879201,-6.148918,
w1390818895,,water,waterway=stream,53.2797229,-6.1438104,
w1390854700,,water,natural=water,53.2081657,-6.1547658,
w1392237690,,water,waterway=stream,53.564155,-6.0961489,
w1392239086,,water,waterway=stream,53.2488491,-6.1833374,
w1392239087,,water,waterway=stream,53.2491444,-6.1831808,
w1392239088,Golf Stream,water,waterway=stream,53.2446389,-6.1952301,
w1392239089,Golf Stream,water,waterway=stream,53.2454743,-6.1938229,
w1392239092,Golf Stream,water,waterway=stream,53.2437215,-6.1969874,
w1392239093,Golf Stream,water,waterway=stream,53.2438745,-6.1967368,
w1396712778,Slang,water,waterway=stream,53.2942944,-6.2467942,
w1396712779,Slang,water,waterway=stream,53.2946396,-6.2469564,
w1408936824,,water,waterway=stream,53.248616,-6.1834804,
w1408936825,,water,waterway=stream,53.2484759,-6.1837346,
w1409340576,,water,natural=water,53.3171902,-6.2298272,
w1412622393,Priory Stream,water,waterway=stream,53.2974803,-6.1956447,
w1412622394,Priory Stream,water,waterway=stream,53.2974801,-6.1963349,
w1413242955,,water,natural=water,53.2772705,-6.4477195,
w1413250188,,water,waterway=stream,53.3212976,-6.2056736,
w1414669296,,water,waterway=stream,53.3042925,-6.1827367,
w1414679036,,water,natural=water,53.300164,-6.1827294,
w1416910023,,water,waterway=stream,53.260964,-6.2257241,
w1416910024,,water,waterway=stream,53.2608099,-6.2264842,
w1416910028,Ballyogan Stream,water,waterway=stream,53.252787,-6.228264,
w1416910029,Ballyogan Stream,water,waterway=stream,53.2526426,-6.2285172,
w1417617531,Ballybetagh Bog,water,natural=wetland,53.2228547,-6.2028503,
w1417617535,Ballybetagh Bog,water,natural=wetland,53.2243479,-6.2050056,
w1417725203,Delvin River,water,waterway=stream,53.6100963,-6.2725846,
w1417731641,,water,waterway=stream,53.6270602,-6.2303945,
w1417731642,,water,waterway=stream,53.6271907,-6.230342,
w1419477206,Racecourse Stream,water,waterway=stream,53.2595065,-6.187382,
w1421701467,,water,waterway=stream,53.2372245,-6.2106389,
w1421701468,,water,waterway=stream,53.2369561,-6.2086812,
w1421701469,,water,waterway=stream,53.2370195,-6.2093285,
w1421701470,,water,waterway=stream,53.2278123,-6.2264863,
w1421701471,,water,waterway=stream,53.2299283,-6.2245534,
w1421701472,,water,waterway=stream,53.231623,-6.2225531,
w1421701473,,water,waterway=stream,53.2310627,-6.2231024,
w1424990333,,water,natural=water,53.3805409,-6.3591052,
w1425622385,,water,natural=water,53.3024668,-6.4025211,
w1425622386,,water,natural=water,53.3026627,-6.4012886,
w1425622387,,water,natural=water,53.3026135,-6.4008186,
w1425622388,,water,natural=water,53.302432,-6.4031682,
w1425622389,,water,natural=water,53.3021185,-6.4035135,
w1425626251,,water,natural=water,53.3018104,-6.3994417,
w1425626252,,water,natural=water,53.3014048,-6.3985011,
w1429815559,,water,natural=water,53.2364611,-6.16302,
w1429815575,,water,natural=water,53.2372797,-6.1653693,
w1430908022,,water,natural=water,53.2775987,-6.3044942,
w1431247700,,water,waterway=stream,53.297453,-6.4440569,
w1431247701,,water,natural=water,53.2894125,-6.4549634,
w1431247702,,water,waterway=stream,53.2959613,-6.4422864,
w1431337177,Priory Stream,water,waterway=stream,53.2989022,-6.1858452,
w1431821627,,water,natural=water,53.2480211,-6.1133633,
w1433170993,,water,waterway=stream,53.2300557,-6.341245,
w1433170994,,water,waterway=stream,53.2293885,-6.3430674,
w1434378433,,water,natural=water,53.4035077,-6.2854444,
w1435414904,Crinken Stream,water,waterway=stream,53.2239062,-6.1288286,
w1435414905,Crinken Stream,water,waterway=stream,53.2186908,-6.1233898,
w1435414906,Crinken Stream,water,waterway=stream,53.2158664,-6.1186083,
w1435414907,Crinken Stream,water,waterway=stream,53.2159022,-6.1189735,
w1435414908,Crinken Stream,water,waterway=stream,53.2160803,-6.1192633,
w1435414909,Crinken Stream,water,waterway=stream,53.2162834,-6.1194357,
w1435414910,Crinken Stream,water,waterway=stream,53.2163396,-6.1194714,
w1435414911,Crinken Stream,water,waterway=stream,53.2163607,-6.119584,
w1435414912,Crinken Stream,water,waterway=stream,53.2225102,-6.1276199,
w1435414913,Crinken Stream,water,waterway=stream,53.2211802,-6.126768,
w1436286703,,water,waterway=stream,53.2559224,-6.2285074,
w1436286704,,water,waterway=stream,53.2552554,-6.2318377,
w1443456407,,water,natural=water,53.4071338,-6.355749,
w1444510447,Drainage Ditch,water,waterway=stream,53.2514412,-6.2927542,
w1444519861,,water,natural=water,53.2477246,-6.1851337,
w1444519862,,water,natural=water,53.25049,-6.1805841,
w1444521468,,water,natural=water,53.24112,-6.1424948,
w1444521474,,water,natural=water,53.2411628,-6.1393496,
w1444523275,,water,natural=water,53.4146613,-6.423317,
w1444523276,,water,natural=water,53.4146597,-6.4235071,
w1444523277,,water,natural=water,53.4147591,-6.4234216,
w1444589344,,water,natural=water,53.2468251,-6.1904469,
w1445293077,,water,natural=water,53.2487476,-6.3225309,
w1445293078,,water,waterway=stream,53.2586484,-6.3284739,
w1445293079,,water,waterway=stream,53.2582408,-6.3287684,
w1445848916,,water,waterway=stream,53.2268175,-6.138345,
w1446366123,,water,natural=water,53.2770964,-6.1607657,
w1446366133,,water,natural=water,53.2666253,-6.149114,
w1447523021,,water,natural=wetland,53.2631893,-6.1454297,
w1447523022,,water,natural=wetland,53.2611405,-6.1432575,
w1447523023,,water,natural=water,53.2637438,-6.1460538,
w1447523024,,water,natural=water,53.2634351,-6.1457426,
w1447523025,,water,natural=water,53.2632376,-6.1453033,
w1447523026,,water,natural=water,53.2629296,-6.144909,
w1447523027,,water,natural=water,53.2622743,-6.1441564,
w1447523030,,water,natural=wetland,53.2607539,-6.1429813,
w1448332273,,water,waterway=stream,53.2958761,-6.4223527,
w1448332274,,water,waterway=stream,53.2951824,-6.4217528,
w1448332275,,water,waterway=stream,53.2953966,-6.4219468,
w1448332276,,water,waterway=stream,53.2955848,-6.4221172,
w1448332277,,water,waterway=stream,53.2963569,-6.4222156,
w1448332278,,water,waterway=stream,53.2975421,-6.4228101,
w1448332279,,water,waterway=stream,53.2903795,-6.419563,
w1448332280,,water,waterway=stream,53.2996445,-6.4238006,
w1448332281,,water,waterway=stream,53.3014849,-6.4238883,
w1448332282,,water,waterway=stream,53.3023963,-6.4245376,
w1448332283,,water,waterway=stream,53.3022138,-6.424065,
w1448332284,,water,waterway=stream,53.3026653,-6.4250526,
w1448332285,,water,waterway=stream,53.3030628,-6.4259775,
w1448332286,,water,waterway=stream,53.282326,-6.4187307,
w1448332287,,water,waterway=stream,53.2790456,-6.4204504,
w1449541038,,water,waterway=stream,53.2253025,-6.2051196,
w1449541039,Ballybetagh Bog,water,natural=wetland,53.2222155,-6.2033715,
w1450703131,,water,waterway=stream,53.2150767,-6.1711854,
w1450703132,,water,waterway=stream,53.2151008,-6.1706537,
w1450703133,,water,waterway=stream,53.2151072,-6.1705841,
w1450703134,,water,waterway=stream,53.215115,-6.1705096,
w1450703135,,water,waterway=stream,53.2151688,-6.1698153,
w1450703136,,water,waterway=stream,53.2292923,-6.1962146,
w1450703137,,water,waterway=stream,53.2304506,-6.194572,
w1450703138,,water,waterway=stream,53.2304877,-6.1945437,
w1450703139,,water,waterway=stream,53.2314056,-6.194097,
w1452655951,,water,waterway=stream,53.2712745,-6.183009,
w1452655952,,water,waterway=stream,53.269214,-6.1800747,
w1452655953,,water,waterway=stream,53.2705632,-6.1819556,
w1452655954,St Bride's Stream,water,waterway=stream,53.2667563,-6.1786726,
w1452655955,St Bride's Stream,water,waterway=stream,53.2665689,-6.1758941,
w1452655956,St Bride's Stream,water,waterway=stream,53.2669376,-6.1769798,
w1452655957,St Bride's Stream,water,waterway=stream,53.2661391,-6.1747705,
w1452655958,St Bride's Stream,water,waterway=stream,53.2659281,-6.1741891,
w1452655959,St Bride's Stream,water,waterway=stream,53.2656767,-6.1735041,
w1452655960,St Bride's Stream,water,waterway=stream,53.2662533,-6.1689239,
w1452655961,St Bride's Stream,water,waterway=stream,53.2657498,-6.1661536,
w1452928473,,water,waterway=stream,53.2247404,-6.1454734,
w1452928474,,water,waterway=stream,53.2253573,-6.144858,
w1452928475,,water,waterway=stream,53.225848,-6.1435188,
w1452928476,,water,waterway=stream,53.2248551,-6.1422572,
w1452928478,,water,waterway=stream,53.2257178,-6.1403182,
w1452928479,,water,waterway=stream,53.2259545,-6.1400658,
w1452928480,,water,waterway=stream,53.2261651,-6.1398395,
w1452928481,,water,waterway=stream,53.2263495,-6.1395919,
w1452928482,,water,waterway=stream,53.2265685,-6.1391909,
w1452928483,,water,waterway=stream,53.2265891,-6.1390505,
w1452928484,,water,waterway=stream,53.2265302,-6.1393508,
w1452928485,,water,waterway=stream,53.2245687,-6.1465071,
w1452928493,Crinken Stream,water,waterway=stream,53.2163822,-6.1198232,
w1453214966,,water,natural=water,53.2537266,-6.187772,
w1454550844,,water,natural=water,53.2639734,-6.1317164,
w1454562857,,water,waterway=stream,53.3025861,-6.418022,
w1454562858,,water,waterway=stream,53.3021325,-6.417894,
w1454706689,,water,waterway=stream,53.2668174,-6.1261251,
w1454706690,,water,waterway=stream,53.2733228,-6.1357443,
w1454736960,,water,waterway=stream,53.2825467,-6.1468848,
w1454736961,,water,waterway=stream,53.2928195,-6.150261,
w1454736962,,water,waterway=stream,53.2924478,-6.1524512,
w1454736963,,water,waterway=stream,53.2928077,-6.1515676,
w1454736964,,water,waterway=stream,53.2934903,-6.1594195,
w1454736965,,water,waterway=stream,53.2936889,-6.1605369,
w1454736966,,water,waterway=stream,53.2935734,-6.1601155,
w1454736967,,water,waterway=stream,53.293336,-6.1621579,
w1454738157,,water,waterway=stream,53.2806868,-6.1257746,
w1454740333,,water,waterway=stream,53.276709,-6.1137137,
w1454740591,,water,waterway=stream,53.2674916,-6.177644,
w1454742284,,water,waterway=stream,53.2789188,-6.1649038,
w1454742285,,water,waterway=stream,53.280198,-6.1638012,
w1454742286,,water,waterway=stream,53.28126,-6.163234,
w1454764457,,water,waterway=stream,53.2819811,-6.1626898,
w1454772459,,water,waterway=stream,53.2919291,-6.1669811,
w1454772460,,water,waterway=stream,53.2915008,-6.1666905,
w1454772461,,water,waterway=stream,53.2910116,-6.1677441,
w1454772462,,water,waterway=stream,53.2900099,-6.1678968,
w1454772463,,water,waterway=stream,53.2896832,-6.1699846,
w1454772464,,water,waterway=stream,53.2885285,-6.1725616,
w1454772465,,water,waterway=stream,53.2872927,-6.1704614,
w1454777074,,water,waterway=stream,53.2714564,-6.1633077,
w1454777075,,water,waterway=stream,53.2679122,-6.1561766,
w1454777076,,water,waterway=stream,53.2691009,-6.1535593,
w1454943534,Abbey Stream,water,waterway=stream,53.3318185,-6.2816909,
w1454943535,Abbey Stream,water,waterway=stream,53.3325643,-6.2823421,
w1454943537,Poddle,water,waterway=stream,53.335248,-6.2771009,
w1454943538,Poddle,water,waterway=stream,53.3363461,-6.2773546,
w1455013492,,water,waterway=stream,53.3774746,-6.430778,
w1455013493,,water,natural=wetland,53.379123,-6.4295425,
w1455110284,,water,natural=water,53.359676,-6.4055414,
w1456200525,,water,waterway=stream,53.335594,-6.4694748,
w1456200526,,water,waterway=stream,53.3354951,-6.4692287,
w1456460701,,water,waterway=stream,53.3254112,-6.4713487,
w1456460702,,water,waterway=stream,53.325298,-6.4710376,
w1456460703,,water,waterway=stream,53.3254336,-6.4723599,
w1456460704,,water,waterway=stream,53.3253907,-6.470975,
w1456460705,,water,waterway=stream,53.3253974,-6.4738209,
w1456460708,,water,waterway=stream,53.3285865,-6.4677371,
w1456460709,,water,waterway=stream,53.3278844,-6.4680338,
w1457506502,,water,waterway=stream,53.4109185,-6.2253883,
w1457506503,,water,waterway=stream,53.412163,-6.2346706,
w1457506504,,water,waterway=stream,53.4114441,-6.2313339,
w1457506505,,water,waterway=stream,53.4114148,-6.2306162,
w1457506506,,water,waterway=stream,53.4113859,-6.2291875,
w1457506507,,water,waterway=stream,53.4113558,-6.2278211,
w1457506508,,water,waterway=stream,53.4104883,-6.2220839,
w1457596170,,water,waterway=stream,53.4103126,-6.2129585,
w1457596193,,water,natural=water,53.4212035,-6.1812909,
w1457901782,,water,natural=water,53.3931289,-6.23951,
w1458070297,,water,waterway=stream,53.3950183,-6.2366447,
w1458070298,,water,waterway=stream,53.3954343,-6.2353341,
w1458070301,,water,natural=water,53.3951208,-6.2367019,
w1458070302,,water,natural=water,53.395308,-6.2359204,
w1458070303,,water,waterway=stream,53.3956148,-6.235236,
w1458070306,,water,waterway=stream,53.3954809,-6.2344053,
w1458070307,,water,waterway=stream,53.3954303,-6.2345622,
w1458070308,,water,waterway=stream,53.3956084,-6.2342656,
w1458070309,,water,waterway=stream,53.3955152,-6.2351471,
w1458070310,,water,waterway=stream,53.3953823,-6.2356953,
w1458070323,,water,natural=water,53.413145,-6.4279711,
w1458111513,,water,waterway=stream,53.4093838,-6.4146258,
w1458130217,,water,natural=water,53.411656,-6.40174,
w1458130218,,water,natural=water,53.4121099,-6.4010919,
w1458130219,,water,natural=water,53.4123992,-6.4006461,
w1458177782,,water,natural=water,53.4163868,-6.1410946,
w1458177786,,water,waterway=stream,53.4169052,-6.1412702,
w1458177787,,water,waterway=stream,53.4170916,-6.1413216,
w1458177788,,water,natural=water,53.4094578,-6.1396872,
w1458177797,,water,natural=water,53.417781,-6.1442094,
w1458191253,,water,natural=water,53.4399418,-6.138362,
w1458307455,,water,natural=water,53.4263271,-6.3789345,
w1458481258,,water,natural=water,53.4285312,-6.3847368,
w1458668932,,water,natural=water,53.4292029,-6.3837346,
w1458670740,,water,natural=water,53.425989,-6.3840906,
w1458796265,,water,waterway=stream,53.3272561,-6.4682175,
w1458796266,,water,waterway=stream,53.3267147,-6.4684143,
w1458803805,,water,natural=water,53.2517486,-6.1620985,
w1459068035,,water,natural=water,53.3361832,-6.2474512,
w1459157037,,water,natural=water,53.4684798,-6.2479415,
w1459809805,,water,natural=water,53.4143707,-6.3775171,
w1459809807,,water,natural=water,53.4174339,-6.3775547,
w1459880374,,water,waterway=stream,53.4270483,-6.1690566,
w1459880375,,water,waterway=stream,53.4268206,-6.1692667,
w1460833188,,water,waterway=stream,53.2369694,-6.2083674,
w1460833189,,water,waterway=stream,53.2369926,-6.2090887,
w1460833190,,water,waterway=stream,53.2369836,-6.2089816,
w1460833191,,water,waterway=stream,53.2370729,-6.2082541,
w1461264487,,water,natural=water,53.3729487,-6.2121793,
w1461265170,,water,natural=water,53.3715395,-6.2106694,
w1461945305,,water,waterway=stream,53.356945,-6.3507184,
w1462887314,,water,waterway=stream,53.2280477,-6.1974432,
w1462887320,,water,waterway=stream,53.228125,-6.1979507,
w1463011890,,water,waterway=stream,53.273842,-6.4269077,
w1463011891,,water,waterway=stream,53.27404,-6.4269402,
w1463011892,,water,waterway=stream,53.2752171,-6.4269259,
w1463159668,,water,waterway=stream,53.2419533,-6.2147189,
w1463159669,,water,waterway=stream,53.2420877,-6.2228376,
w1463159670,,water,waterway=stream,53.2421699,-6.2222193,
w1463159671,,water,waterway=stream,53.2422797,-6.2214279,
w1463159672,,water,waterway=stream,53.2424859,-6.219211,
w1463159673,,water,waterway=stream,53.2421151,-6.2172981,
w1463159674,,water,waterway=stream,53.2436196,-6.2156671,
w1463159675,,water,waterway=stream,53.2320009,-6.197768,
w1463159676,,water,waterway=stream,53.229831,-6.1984514,
w1463214125,,water,waterway=stream,53.2384444,-6.2146047,
w1463216518,,water,waterway=stream,53.2367431,-6.2141317,
w1463216519,,water,waterway=stream,53.2359764,-6.2169642,
w1463216520,,water,waterway=stream,53.2360477,-6.2165027,
w1463216521,,water,waterway=stream,53.2362533,-6.2159473,
w1463216522,,water,waterway=stream,53.2364159,-6.2162546,
w1463216523,,water,waterway=stream,53.2355556,-6.2157954,
w1463216524,,water,waterway=stream,53.2358934,-6.2154885,
w1463216525,,water,waterway=stream,53.2355147,-6.2158301,
w1464112667,Ballymount Stream,water,waterway=stream,53.3215065,-6.3486685,
w1464884689,Loughlinstown River,water,waterway=river,53.2341427,-6.1893731,
w1464884698,,water,natural=water,53.2349972,-6.1866133,
w1464884701,Loughlinstown River,water,waterway=river,53.2346101,-6.1883179,
w1464884702,Loughlinstown River,water,waterway=river,53.2345418,-6.1885378,
w1465298261,Slang,water,waterway=stream,53.3052531,-6.246816,
w1465298262,Slang,water,waterway=stream,53.3036375,-6.2460113,
w1465302165,Slang,water,waterway=stream,53.3024818,-6.24608,
w1465302166,Slang,water,waterway=stream,53.3013253,-6.2464622,
w1465411463,Ballyogan Stream,water,waterway=stream,53.2533009,-6.1842763,
w1465411464,Ballyogan Stream,water,waterway=stream,53.2534084,-6.1835163,
w1466250212,,water,waterway=stream,53.2506049,-6.1982419,
w1466250213,,water,waterway=stream,53.2488248,-6.2034415,
w1466439018,,water,natural=water,53.2635213,-6.1986024,
w1467343938,,water,waterway=stream,53.2093335,-6.1328639,
w1469129515,Slang,water,waterway=stream,53.3010632,-6.2466934,
w1469129516,Slang,water,waterway=stream,53.3008343,-6.2468683,
w1469129517,Slang,water,waterway=stream,53.3007887,-6.2469235,
w1471824235,,water,natural=water,53.3388439,-6.2377125,
w1473378488,,water,waterway=stream,53.2428061,-6.2209899,
w1473378489,,water,waterway=stream,53.2429611,-6.2227141,
w1473378490,,water,waterway=stream,53.2426918,-6.2222398,
w1473378491,,water,waterway=stream,53.2433748,-6.2231218,
w1473378492,,water,waterway=stream,53.2432439,-6.2231276,
w1473561855,,water,waterway=stream,53.2250083,-6.253464,
w1473561856,,water,waterway=stream,53.227075,-6.2528485,
w1473561857,,water,waterway=stream,53.2265041,-6.2531147,
w1473672361,,water,waterway=stream,53.2572572,-6.2735123,
w1473672362,,water,waterway=stream,53.2583593,-6.2743491,
w1473672363,,water,waterway=stream,53.2581225,-6.274245,
w1473672365,,water,waterway=stream,53.2587727,-6.2745055,
w1473672366,,water,waterway=stream,53.2585936,-6.2744303,
w1473708110,,water,natural=water,53.2512705,-6.2552081,
w1473708111,,water,natural=water,53.2507511,-6.255515,
w1473708112,,water,natural=water,53.2506104,-6.255663,
w1473708113,,water,natural=water,53.2503484,-6.256432,
w1473708114,,water,natural=water,53.250371,-6.2565328,
w1473708115,,water,natural=water,53.2496405,-6.2568732,
w1473708116,,water,waterway=stream,53.2639587,-6.2525839,
w1473708117,,water,waterway=stream,53.2566736,-6.2026642,
w1473708118,,water,waterway=stream,53.2496206,-6.1637018,
w1473708121,,water,waterway=stream,53.2172582,-6.2097416,
w1473708122,,water,waterway=stream,53.2207804,-6.2471453,
w1473708123,,water,waterway=stream,53.2200464,-6.2478782,
w1473708124,,water,waterway=stream,53.2172549,-6.2494045,
w1473708125,,water,waterway=stream,53.214438,-6.250934,
w1475616523,,water,natural=water,53.2503829,-6.1318346,
w1475616526,,water,natural=water,53.2493144,-6.1296613,
w1475616527,,water,natural=water,53.2487797,-6.1282048,
w1475616529,,water,natural=water,53.2477293,-6.1265375,
w1475616530,,water,natural=water,53.2472921,-6.1256414,
w1475616531,,water,natural=water,53.2472554,-6.124374,
w1479836686,,water,waterway=stream,53.2108204,-6.2376186,
w1479836687,,water,waterway=stream,53.2173691,-6.2381845,
w1479836688,,water,waterway=stream,53.2159882,-6.2403172,
w1479836689,,water,waterway=stream,53.2162885,-6.2399027,
w1482298089,"Loughlinstown River, North",water,waterway=river,53.2493883,-6.143146,
w1484171928,Golf Stream,water,waterway=stream,53.2465288,-6.1908543,
w1484171929,Golf Stream,water,waterway=stream,53.2474892,-6.1877497,
w1484592442,,water,waterway=stream,53.2493236,-6.1429689,
w1486356716,,water,natural=water,53.254357,-6.1576362,
w1488427754,,water,natural=water,53.3493418,-6.255167,
w1488452718,,water,natural=water,53.3583957,-6.2599808,
w1491661350,Golf Stream,water,waterway=stream,53.2484944,-6.1859398,
w1491661351,Golf Stream,water,waterway=stream,53.2495157,-6.1841905,
w1493963379,,water,natural=water,53.221674,-6.4116077,
w1495311693,Abbey Stream,water,waterway=stream,53.3350308,-6.2871022,
w1495311694,Tenter Water,water,waterway=stream,53.3354908,-6.283784,
w1495311695,Abbey Stream,water,waterway=stream,53.3343464,-6.2848046,
w1495311696,Abbey Stream,water,waterway=stream,53.3307061,-6.2804797,
w1495311697,Tenter Water,water,waterway=stream,53.3359967,-6.2799622,
w1495311698,,water,waterway=stream,53.3357465,-6.286042,
w1495311699,Poddle,water,waterway=stream,53.3315241,-6.2775952,
w1495732873,City Water Course,water,waterway=stream,53.3274804,-6.2923701,
w1496625839,,water,natural=water,53.4112502,-6.3279899,
w1496625840,,water,natural=water,53.4110738,-6.3281155,
w1496625851,,water,natural=water,53.4134315,-6.3272477,
w1500710459,,water,waterway=stream,53.2452406,-6.181396,
w1500710460,,water,waterway=stream,53.2459976,-6.1813624,
w1500710461,,water,waterway=stream,53.2460967,-6.1818025,
w1500710462,,water,waterway=stream,53.2460494,-6.1815635,
w1500710463,,water,waterway=stream,53.2460811,-6.1816752,
w1500710464,,water,waterway=stream,53.2463501,-6.1825199,
w1500710465,,water,waterway=stream,53.246721,-6.1835508,
w1500710466,,water,waterway=stream,53.2475556,-6.1811014,
w1500710467,,water,waterway=stream,53.2481178,-6.1822045,
w1500710468,,water,waterway=stream,53.2467626,-6.1799492,
w1500710469,,water,waterway=stream,53.2469864,-6.1800293,
w1500710470,,water,waterway=stream,53.2464866,-6.1798634,
w1500710471,,water,waterway=stream,53.246564,-6.1798842,
w1500710476,,water,waterway=stream,53.2475933,-6.1830917,
w1500710477,,water,waterway=stream,53.2480554,-6.1823983,
w1500710478,,water,waterway=stream,53.2479234,-6.1825971,
w1500710479,,water,waterway=stream,53.247801,-6.1826751,
w1500710480,,water,waterway=stream,53.2484223,-6.1827756,
w1500744712,,water,waterway=stream,53.2620777,-6.2668752,
w1500744713,,water,waterway=stream,53.2622078,-6.266876,
w1500744714,,water,waterway=stream,53.2624338,-6.266723,
w1500744715,,water,waterway=stream,53.2625132,-6.2666669,
w1500744716,,water,waterway=stream,53.2630759,-6.2669744,
w1500744717,,water,natural=water,53.263696,-6.2674199,
w1500744718,,water,waterway=stream,53.264008,-6.2680453,
w1500744719,,water,natural=water,53.2644518,-6.269385,
w1500744720,,water,waterway=stream,53.2597308,-6.2660037,
w1500744721,,water,waterway=stream,53.2599367,-6.2658843,
w1500744722,,water,waterway=stream,53.2602755,-6.2655636,
w1500744723,,water,waterway=stream,53.2579986,-6.2652361,
w1500744724,,water,waterway=stream,53.2590373,-6.2657952,
w1501626037,,water,natural=water,53.4371306,-6.1519538,
w1503949115,,water,natural=water,53.2665113,-6.2199186,
w1503949116,,water,natural=water,53.2644219,-6.2246069,
w1504683583,,water,waterway=stream,53.4311277,-6.3031906,
w1504714272,,water,waterway=stream,53.5151689,-6.1757742,
w1504726972,Bracken River,water,waterway=river,53.5988397,-6.1941996,
w1504726973,Bracken River,water,waterway=river,53.5980856,-6.1993832,
w1508498434,,water,waterway=stream,53.2521824,-6.2164899,
w1508498435,,water,waterway=stream,53.2540393,-6.2156452,
w1508498436,,water,waterway=stream,53.2558679,-6.2144509,
w1508498437,,water,waterway=stream,53.2578329,-6.2114028,
w1509246743,,water,natural=water,53.250241,-6.2320952,
w1513015508,,water,waterway=stream,53.2424872,-6.2749786,
w1513015509,,water,waterway=stream,53.2423818,-6.275123,
w1513015510,,water,waterway=stream,53.2413377,-6.2751734,
w1513015511,,water,waterway=stream,53.2420879,-6.274812,
w1513176663,,water,waterway=stream,53.4356236,-6.1713949,
w1513176664,,water,waterway=stream,53.435087,-6.1708325,
w1513176665,,water,waterway=stream,53.4344823,-6.169976,
w1513176666,,water,waterway=stream,53.4337822,-6.1689825,
w1513176667,,water,waterway=stream,53.433361,-6.1682002,
w1513176668,,water,waterway=stream,53.4330406,-6.1674944,
w1513176669,,water,waterway=stream,53.4306668,-6.1613036,
w1513204262,,water,natural=water,53.3434308,-6.2680795,
w1514566138,,water,waterway=stream,53.252534,-6.2167955,
w1515715210,,water,natural=water,53.2355398,-6.174066,
w1515715211,,water,natural=water,53.2356544,-6.1740768,
w1515719823,,water,waterway=stream,53.2313814,-6.1734593,
w1515719824,,water,waterway=stream,53.2312296,-6.1733611,
w1516688326,,water,waterway=stream,53.2494488,-6.2571293,
w1516688327,,water,waterway=stream,53.2491651,-6.2571997,
w1517147221,,water,waterway=stream,53.2274401,-6.2050107,
w1517147222,,water,waterway=stream,53.227608,-6.2050527,
w1517147223,,water,waterway=stream,53.2274328,-6.2051971,
w1517147224,,water,waterway=stream,53.227744,-6.2050551,
w1517147225,,water,waterway=stream,53.2281871,-6.2044559,
w1517147226,,water,waterway=stream,53.2286606,-6.203781,
w1517147227,,water,waterway=stream,53.2287417,-6.2037238,
w1517147228,,water,waterway=stream,53.2291969,-6.2033909,
w1517147229,,water,waterway=stream,53.2282228,-6.2044626,
w1517147230,,water,waterway=stream,53.2302976,-6.2025462,
w1517147231,,water,waterway=stream,53.2315058,-6.2011727,
w1517147232,,water,waterway=stream,53.232532,-6.2025894,
w1517147233,,water,waterway=stream,53.232112,-6.2012572,
w1517147234,,water,waterway=stream,53.2320705,-6.2011075,
w1517147235,,water,waterway=stream,53.2319262,-6.2003092,
w1517147236,,water,waterway=stream,53.233207,-6.2003508,
w1517147237,,water,waterway=stream,53.2153172,-6.2084839,
w1517147238,,water,waterway=stream,53.2155644,-6.2082602,
w1517147239,,water,waterway=stream,53.2164163,-6.2061064,
w1517147240,,water,waterway=stream,53.2257393,-6.2048316,
w1517147241,,water,waterway=stream,53.2408535,-6.2092916,
w1517147242,,water,waterway=stream,53.2414614,-6.208709,
w1517147243,,water,waterway=stream,53.2414095,-6.2086743,
w1517147244,,water,waterway=stream,53.2400193,-6.2103586,
w1517147245,,water,waterway=stream,53.2402972,-6.2099909,
w1517147246,,water,waterway=stream,53.2511713,-6.215984,
w1517147247,,water,waterway=stream,53.2513931,-6.2149063,
w1517147248,,water,waterway=stream,53.2513324,-6.2147257,
w1517147249,,water,waterway=stream,53.2367015,-6.2243829,
w1517147250,,water,waterway=stream,53.2369503,-6.2220179,
w1517147251,,water,waterway=stream,53.2377432,-6.2212108,
w1517147252,,water,waterway=stream,53.2374511,-6.2219428,
w1517147253,,water,waterway=stream,53.2375654,-6.2219253,
w1517147254,,water,waterway=stream,53.2371552,-6.2219305,
w1517147255,,water,waterway=stream,53.2379696,-6.2199365,
w1517147256,,water,waterway=stream,53.2381209,-6.218787,
w1517147257,,water,waterway=stream,53.2383646,-6.2170412,
w1517147258,,water,waterway=stream,53.2385505,-6.2157255,
w1517147259,,water,waterway=stream,53.238578,-6.2155659,
w1517147260,,water,waterway=stream,53.2354116,-6.2227267,
w1517147261,,water,waterway=stream,53.2357168,-6.2209143,
w1517147262,,water,waterway=stream,53.2356281,-6.221314,
w1517147263,,water,waterway=stream,53.2355732,-6.2217323,
w1517147264,,water,waterway=stream,53.2357772,-6.2207225,
w1521622952,,water,natural=water,53.2786069,-6.3838401,
w1521622953,,water,natural=water,53.27879,-6.383303,
w1521622954,,water,natural=water,53.2811769,-6.3749738,
w1521622955,,water,waterway=stream,53.2780527,-6.385295,
w1524779442,,water,waterway=stream,53.2493793,-6.2023968,
w1524779443,,water,waterway=stream,53.2497084,-6.2017464,
w1524779444,,water,waterway=stream,53.2498959,-6.2009504,
w1524779445,,water,waterway=stream,53.2498716,-6.2001476,
w1527334506,,water,natural=wetland,53.2713234,-6.0838933,
w1527334507,,water,natural=wetland,53.2717809,-6.0846146,
w1528977482,,water,waterway=stream,53.2192542,-6.1865578,
w1528977483,,water,waterway=stream,53.2194224,-6.1859738,
w1528977485,,water,waterway=stream,53.2197237,-6.1853721,
w1528977486,,water,waterway=stream,53.2198308,-6.1852837,
w1528977488,,water,waterway=stream,53.2199619,-6.185021,
w1528977489,,water,waterway=stream,53.2201181,-6.1847166,
w1528977490,,water,waterway=stream,53.2202939,-6.1844583,
w1528977491,,water,waterway=stream,53.2204824,-6.1836076,
w1528977492,,water,waterway=stream,53.2197251,-6.1817418,
w1528977493,,water,waterway=stream,53.2153219,-6.1772949,
w1529905181,,water,natural=water,53.3292602,-6.3824058,
r4772,,water,natural=water,53.3908464,-6.3727205,
r31091,,water,natural=water,53.4034068,-6.2436548,
r83205,,water,natural=water,53.2759604,-6.267893,
r83242,,water,natural=water,53.2733568,-6.34345,
r83247,,water,natural=water,53.3011109,-6.3454843,
r83248,,water,natural=water,53.3029834,-6.3370413,
r83254,,water,natural=water,53.2961074,-6.3277458,
r153736,,water,natural=water,53.3027795,-6.2872298,
r270012,Blessington Street Basin,water,natural=water,53.3572487,-6.2708894,
r325924,,water,natural=water,53.3266945,-6.2544192,
r532431,,water,natural=water,53.3123731,-6.3685222,
r947841,Inner Dock,water,natural=water,53.3502514,-6.2475228,
r1128915,,water,natural=water,53.3813827,-6.4306387,
r1153071,Quarry Lake,water,natural=water,53.3647237,-6.3424574,
r1153246,,water,natural=water,53.3656072,-6.3559978,
r1174697,,water,natural=water,53.3040651,-6.1837764,
r1215335,,water,natural=water,53.374122,-6.273193,
r2452891,,water,natural=water,53.3517491,-6.2417088,
r2712762,Grand Canal,water,waterway=canal,53.1757274,-7.0968759,
r2807250,Royal Canal,water,waterway=canal,53.5399466,-7.0733098,
r3175213,,water,natural=water,53.5380177,-6.2139504,
r3609742,River Poddle,water,waterway=stream,53.3188838,-6.3111317,
r3609774,Dodder,water,waterway=river,53.2739459,-6.2980535,
r3611764,Liffey,water,waterway=river,53.2428584,-6.4907941,
r3658641,Tolka,water,waterway=river,53.4250284,-6.4116402,
r4141150,,water,natural=water,53.3104748,-6.4300576,
r4554395,,water,natural=water,53.3207045,-6.4021663,
r4820146,Duck Pond,water,natural=water,53.3715035,-6.1677434,
r5475573,,water,natural=water,53.5715055,-6.1910836,
r5484367,,water,natural=water,53.3473724,-6.3075408,
r5650440,,water,natural=water,53.3474617,-6.3443565,
r5736599,,water,natural=water,53.3466223,-6.2698112,
r5736600,,water,natural=water,53.3472589,-6.2985948,
r5884527,,water,natural=water,53.3541105,-6.3053573,
r6107133,Glencullen River,water,waterway=river,53.2180374,-6.2353227,
r6107747,Loughlinstown River,water,waterway=stream,53.239224,-6.1730232,
r6109024,Camac,water,waterway=river,53.2930591,-6.373896,
r7114472,,water,natural=water,53.3206193,-6.2874029,
r7497456,,water,natural=water,53.3705081,-6.4147768,
r7505509,,water,natural=water,53.4246044,-6.3943262,
r7508213,,water,natural=water,53.417744,-6.3985757,
r7618134,,water,natural=water,53.292723,-6.1326551,
r8227460,,water,natural=water,53.2910594,-6.4243005,
r8379231,,water,natural=water,53.3468008,-6.3143708,
r8481057,,water,natural=water,53.3288072,-6.2307032,
r10795933,,water,natural=water,53.3588679,-6.3074971,
r11139704,,water,natural=water,53.3267179,-6.2340548,
r12593703,,water,natural=water,53.2257206,-6.3005615,
r14118883,Royal Canal,water,natural=water,53.3790041,-6.3544393,
r14581057,St. Stephens Green Lake,water,natural=water,53.3387321,-6.2589952,
r14878149,Upper Lake,water,natural=water,53.3056693,-6.2190147,
r15546524,,water,natural=wetland,53.502312,-6.1733813,
r16085185,,water,natural=water,53.3754687,-6.3335456,
r16085207,,water,natural=water,53.3807109,-6.3522222,
r16393407,,water,natural=wetland,53.4552757,-6.138863,
r16808774,Wavin Lake,water,natural=water,53.5844374,-6.2011696,
r17028227,,water,natural=wetland,53.4985028,-6.170315,
r17028229,,water,natural=wetland,53.4993131,-6.1784838,
r17062704,,water,natural=water,53.392454,-6.3314066,
r17070565,,water,natural=water,53.467419,-6.20709,
r17082852,Broadmeadow Water,water,waterway=river,53.491901,-6.3698399,
r17463467,,water,natural=water,53.3650599,-6.247272,
r17540127,,water,natural=water,53.2808327,-6.1452317,
r18049835,,water,natural=water,53.5384551,-6.2092183,
r18049836,,water,natural=water,53.545434,-6.1777393,
r18049837,,water,natural=water,53.404109,-6.1930001,
r18049838,,water,natural=water,53.3065632,-6.2953375,
r18049839,,water,natural=water,53.2612024,-6.2163596,
r18049840,Carp Lake,water,natural=water,53.3099251,-6.4202119,
r18527731,Glebe Stream,water,waterway=stream,53.4542704,-6.2258657,
r18933253,,water,natural=water,53.5013587,-6.1746042,
r18933339,,water,natural=wetland,53.5025352,-6.1649833,
r18933341,,water,natural=wetland,53.5040955,-6.1599341,
r18933342,,water,natural=wetland,53.4994972,-6.1546396,
r19019268,,water,natural=water,53.3765662,-6.3037003,
r19074177,,water,natural=water,53.3963414,-6.2046921,
r19618243,,water,natural=water,53.2771264,-6.3032782,
r19798492,,water,natural=water,53.2612009,-6.1433998,
r19953128,,water,natural=water,53.3955113,-6.2351903,
r19971308,,water,natural=water,53.4225692,-6.3495599,
r20161336,,water,natural=wetland,53.2559139,-6.2166736,
r20278532,,water,natural=wetland,53.2484252,-6.1422872,
r20742723,,water,natural=water,53.281509,-6.3728939,
r20965448,Sean Walsh Pond,water,natural=water,53.2843288,-6.3666782,
