osm_id,name,category,subcategory,lat,lon,admin_division
w23741155,Lough Muck,water,natural=water,53.598494,-9.8533293,
w25745511,Terryland River,water,waterway=river,53.2937232,-9.027257,
w25753909,Distillery River,water,waterway=canal,53.2821437,-9.0611775,
w25753971,Gaol River,water,waterway=canal,53.2751496,-9.0584046,
w25756909,,water,natural=water,53.2925287,-9.0594694,
w25756931,,water,natural=water,53.2959257,-9.0600474,
w25756953,,water,waterway=stream,53.2929901,-9.059796,
w25756957,,water,natural=water,53.2959209,-9.0582851,
w25756959,,water,waterway=stream,53.2949465,-9.059093,
w25985604,Clare,water,waterway=river,53.623487,-8.8687961,
w26173405,,water,waterway=stream,53.3195985,-9.1469572,
w26173442,,water,waterway=stream,53.318976,-9.1429634,
w26173446,,water,waterway=stream,53.3173883,-9.1367778,
w26357930,,water,natural=water,53.2950321,-9.061626,
w26357933,,water,natural=water,53.2948549,-9.0609978,
w26357935,,water,waterway=stream,53.294449,-9.0601614,
w26467701,Loch Mháimín Manrach,water,natural=water,53.3702646,-9.7558172,
w26483647,Loch an Bhuí,water,natural=water,53.3733923,-9.7430148,
w26483830,Loch an Iarainn,water,natural=water,53.3741333,-9.7512615,
w26483911,Loch Seanadh Mhac Dónaill,water,natural=water,53.3725625,-9.7618366,
w26484028,Loch Ghleann na Rod Mór,water,natural=water,53.3438642,-9.7469187,
w27425800,,water,waterway=river,53.2452481,-8.0000758,
w27871681,Ballindooly Lough,water,natural=water,53.3063281,-9.026934,
w27871685,,water,waterway=stream,53.3291545,-9.0015081,
w28027603,Abhainn Loch Inse,water,waterway=river,53.2669078,-9.1748816,
w28051319,,water,natural=water,53.2789087,-9.0534276,
w28057055,,water,waterway=stream,53.2758101,-9.0316284,
w28057090,,water,waterway=stream,53.2720748,-9.0352218,
w28057091,,water,natural=water,53.2707154,-9.0335748,
w28057094,,water,waterway=stream,53.2707757,-9.0343319,
w28057224,,water,natural=water,53.269827,-9.0343206,
w28060033,,water,waterway=stream,53.2718713,-9.0350577,
w28060039,Drum Lough,water,natural=water,53.2974021,-9.1394884,
w28406809,,water,natural=water,53.2907955,-9.1058414,
w28406810,,water,waterway=stream,53.2903294,-9.1067961,
w28406811,Lough Nabrocky,water,natural=water,53.289677,-9.1075978,
w28406813,,water,waterway=stream,53.2889996,-9.1079544,
w28439346,,water,waterway=stream,53.2568799,-9.1078652,
w28439347,,water,waterway=stream,53.2577369,-9.1070722,
w28439348,,water,waterway=stream,53.2575587,-9.1065058,
w28439349,,water,waterway=stream,53.2571872,-9.1061445,
w28530421,Cregg River,water,waterway=river,53.3762347,-8.9853276,
w28530422,,water,waterway=stream,53.3931163,-8.9598354,
w28530423,Waterdale River,water,waterway=river,53.3653499,-8.9705755,
w28530424,,water,waterway=stream,53.3736583,-8.9428242,
w29139452,,water,waterway=stream,53.3379928,-9.1526876,
w30714362,Sruthán Bhearna,water,waterway=stream,53.2624416,-9.1316558,
w31120062,Cloonalroon Lake,water,natural=water,53.6365797,-8.8986654,
w31120063,,water,natural=water,53.6527166,-8.9005063,
w31120064,Castlereach Lough,water,natural=water,53.6525243,-8.894517,
w34362488,,water,natural=water,53.128705,-9.6630831,
w34565286,Eglinton Canal,water,waterway=canal,53.2700693,-9.0560579,
w34565287,Convent River,water,waterway=canal,53.2732982,-9.0595972,
w35465059,Convent River,water,waterway=canal,53.2718011,-9.0570656,
w35465072,Convent River,water,waterway=canal,53.2716687,-9.05664,
w35465076,Convent River,water,waterway=canal,53.2713482,-9.0564346,
w35539307,Friars River,water,waterway=canal,53.2748232,-9.0551561,
w35539314,Friars River,water,waterway=canal,53.2743172,-9.0548218,
w35539315,Friars River,water,waterway=canal,53.2736463,-9.0550962,
w35539317,Friars River,water,waterway=canal,53.2732102,-9.0554906,
w35539318,Friars River,water,waterway=canal,53.2726491,-9.0555994,
w35539323,Friars River,water,waterway=canal,53.2721653,-9.0557665,
w35539325,Friars River,water,waterway=canal,53.2721125,-9.0560151,
w35590880,Mederia River,water,waterway=canal,53.2717767,-9.0577752,
w35766911,Parkavera River,water,waterway=canal,53.2727692,-9.0587072,
w36786748,An Loch Mór,water,natural=water,53.0585851,-9.5079893,
w36864775,,water,natural=water,53.27372,-9.0553774,
w36864776,Friars River,water,waterway=canal,53.2746884,-9.0553389,
w37371927,Distillery River,water,waterway=canal,53.276358,-9.0576837,
w40678311,,water,natural=wetland,53.2285746,-8.0161077,
w40678312,,water,natural=wetland,53.2611048,-8.0848541,
w40678313,,water,natural=wetland,53.2695654,-8.1380407,
w42993231,Beagh River,water,waterway=river,53.0517678,-8.7747585,
w42993849,Drum Lough West,water,natural=water,53.2936743,-9.1425864,
w42994210,,water,waterway=stream,53.3112302,-9.1306712,
w42994578,,water,natural=water,53.2927317,-9.1759587,
w42994583,Lough Phaddy,water,natural=water,53.2884968,-9.1759566,
w42994720,Beggarmans Lough,water,natural=water,53.2936414,-9.1919148,
w42994735,Lough Dale,water,natural=water,53.2899264,-9.1853575,
w42994758,,water,natural=water,53.2926675,-9.1806622,
w42994820,,water,waterway=stream,53.2957983,-9.1981925,
w42995470,Lough Napark,water,natural=water,53.3517848,-9.1909798,
w42995472,Lough Pollalahey,water,natural=water,53.3499401,-9.1905526,
w42995473,Lough Down,water,natural=water,53.3484227,-9.183244,
w42995474,Lough Hemushmaconry,water,natural=water,53.3578109,-9.197819,
w42995475,,water,natural=water,53.3607224,-9.1996192,
w42995478,,water,natural=water,53.3107237,-9.1652049,
w42995479,Ballyquirke Canal,water,waterway=stream,53.3511719,-9.1910558,
w42995480,Ballyquirke Canal,water,waterway=stream,53.3519069,-9.1925994,
w42995481,Lough Arerdun,water,natural=water,53.3525791,-9.1951589,
w42995486,,water,natural=water,53.2964477,-9.1829594,
w42995488,,water,waterway=stream,53.3014818,-9.2021234,
w42995492,Loughkip River,water,waterway=river,53.3170176,-9.2362467,
w42997615,,water,waterway=river,53.3940827,-9.1829876,
w42997699,Lough More,water,natural=water,53.3935558,-9.187609,
w42997708,Lough Beg,water,natural=water,53.3951431,-9.1887271,
w42997711,,water,natural=water,53.3945147,-9.1252336,
w42998579,,water,natural=water,53.2713686,-8.9304866,
w42998601,,water,waterway=stream,53.2773469,-8.9116697,
w44841143,Abhainn Bhoth Loiscthe,water,waterway=river,53.2694464,-9.3083468,
w44915818,Abhainn Bhoth Loiscthe,water,waterway=river,53.2483769,-9.3078142,
w44915819,Abhainn Bhoth Loiscthe,water,waterway=river,53.2508488,-9.3074031,
w44915822,Abhainn Bhoth Loiscthe,water,waterway=river,53.2505853,-9.3075445,
w45185228,Sinking,water,waterway=river,53.6057866,-8.6498868,
w45185229,Clare,water,waterway=river,53.6218681,-8.8637508,
w45185231,,water,natural=water,53.6522074,-8.8918278,
w45185232,,water,natural=water,53.6520995,-8.8897821,
w45205229,Suck,water,waterway=river,53.3862188,-8.2351291,
w45205237,Island River,water,waterway=river,53.7031629,-8.6017659,
w45205243,Island River,water,waterway=river,53.6988883,-8.4787124,
w45828196,Lochán Mhionlaigh,water,natural=water,53.302967,-9.0680205,
w47083386,Loch na Tamhnaí Móire,water,natural=water,53.2601095,-9.6181107,
w47083387,Loch na gCaisleach,water,natural=water,53.2537951,-9.6138145,
w47083388,Loch na Meannáin,water,natural=water,53.2452367,-9.6117614,
w47083389,Loch an Dá Eala,water,natural=water,53.2499073,-9.6051439,
w47083391,Loch Ghleann Trasna,water,natural=water,53.266522,-9.6685072,
w47083392,,water,natural=water,53.2748752,-9.6025115,
w47850108,Woodford River,water,waterway=river,53.0495259,-8.3934092,
w47850113,Cappagh River,water,waterway=river,53.1168185,-8.4723793,
w47850917,Kilcrow,water,waterway=river,53.2038846,-8.295102,
w51687660,Killaclogher River,water,waterway=river,53.3669509,-8.6665115,
w51687683,Grange River,water,waterway=river,53.513452,-8.6921676,
w51687709,,water,waterway=stream,53.4716859,-8.8677043,
w51715518,,water,waterway=stream,53.3210825,-9.0149095,
w51715548,,water,waterway=stream,53.3557244,-9.0163232,
w51719919,,water,waterway=stream,53.3743775,-9.0529207,
w51719941,,water,waterway=stream,53.373978,-8.991801,
w51720574,,water,waterway=stream,53.4277072,-9.0204185,
w51720580,,water,waterway=stream,53.3984485,-9.0531009,
w51720963,,water,waterway=stream,53.3848632,-9.0211447,
w51720967,,water,waterway=stream,53.392017,-9.0193396,
w51720972,,water,waterway=stream,53.3675483,-9.0305039,
w51722264,,water,waterway=stream,53.3496306,-8.9682337,
w53820673,Lough Geary,water,natural=water,53.2929817,-9.3155842,
w53820675,,water,natural=water,53.2924453,-9.3164929,
w53820676,,water,natural=water,53.2896706,-9.3068847,
w53825284,,water,natural=water,53.2743885,-9.3086918,
w64442086,Bunnaboghee Lough,water,natural=water,53.559246,-9.9366781,
w64442092,Lough Acreragh,water,natural=water,53.582327,-9.8975002,
w64442094,Lough Maladrolaun,water,natural=water,53.5618839,-9.8974956,
w83603814,Turloughcor,water,natural=water,53.4420474,-9.0616683,
w83891310,Terryland River,water,waterway=river,53.2930622,-9.0248795,
w83891311,Terryland River,water,waterway=river,53.2943684,-9.0228832,
w92810215,,water,waterway=stream,53.1132846,-8.2602307,
w97505679,Corrib,water,waterway=river,53.2970185,-9.0738568,
w104625302,,water,waterway=river,53.2271841,-8.5929989,
w104882975,,water,waterway=stream,53.5829453,-8.442261,
w104884726,,water,waterway=stream,53.5013085,-8.394612,
w110297133,Woodford Bay,water,natural=water,53.0501312,-8.4017607,
w115624691,Loch Seanadh Chuilinn,water,natural=water,53.3176012,-9.2526851,
w115624788,Loch an tSamhaidh Mór,water,natural=water,53.3348076,-9.2298858,
w115624826,Loch na dTamhnacha Beaga,water,natural=water,53.3373496,-9.2447389,
w115624938,,water,natural=water,53.3487037,-9.1858898,
w115625109,,water,waterway=river,53.3265143,-9.2334381,
w115625194,,water,natural=water,53.3385062,-9.2435027,
w115625214,,water,natural=water,53.295447,-9.1938458,
w115625251,,water,waterway=stream,53.3237653,-9.2399124,
w115625262,Lough Derreendarra,water,natural=water,53.3282262,-9.2178406,
w115625266,,water,waterway=stream,53.33791,-9.2433328,
w115625269,,water,waterway=stream,53.3206415,-9.2365158,
w115625281,,water,natural=water,53.3209365,-9.2373952,
w115625286,,water,waterway=river,53.3170492,-9.2456124,
w115625365,Lough Beg,water,natural=water,53.2939642,-9.1976186,
w115625489,,water,waterway=stream,53.3203662,-9.236927,
w115625492,Ballyquirke Canal,water,waterway=stream,53.3486166,-9.1848437,
w115709526,Loughaunrone,water,natural=water,53.2573485,-8.946136,
w115709532,,water,waterway=stream,53.271179,-8.9046151,
w115712759,,water,waterway=stream,53.2491445,-8.9274911,
w115712761,,water,waterway=stream,53.2372347,-8.9119969,
w115712763,,water,waterway=stream,53.2504079,-8.9173299,
w115714535,,water,waterway=stream,53.3356923,-9.0338658,
w115714536,,water,waterway=stream,53.3338902,-9.0394448,
w115714537,,water,waterway=stream,53.3361722,-9.0327647,
w115714539,,water,waterway=stream,53.3352492,-9.0352954,
w115714540,,water,waterway=stream,53.3295337,-9.0398638,
w115714541,,water,waterway=stream,53.3418903,-9.022162,
w115714542,,water,waterway=stream,53.3370933,-9.0305759,
w115714544,,water,waterway=stream,53.3392968,-9.0274186,
w115714545,,water,waterway=stream,53.3299004,-9.037169,
w115714546,,water,waterway=stream,53.330484,-9.0339607,
w115714547,,water,waterway=stream,53.3407697,-9.0250754,
w115714548,,water,waterway=stream,53.3321108,-9.0293053,
w115714549,,water,waterway=stream,53.3354118,-9.0347248,
w115714550,,water,waterway=stream,53.3333894,-9.0409455,
w115714551,,water,waterway=stream,53.3290042,-9.0444951,
w115714552,,water,waterway=stream,53.3315309,-9.0309525,
w115714553,,water,waterway=stream,53.3405816,-9.0208663,
w115714554,,water,waterway=stream,53.3324854,-9.0438812,
w115714555,,water,waterway=stream,53.3328428,-9.0276847,
w115714556,,water,waterway=stream,53.3294336,-9.04073,
w115714557,,water,waterway=stream,53.3399326,-9.0260746,
w115714558,,water,waterway=stream,53.3329602,-9.0422507,
w115714559,,water,waterway=stream,53.3298193,-9.0378248,
w115714560,,water,waterway=stream,53.3342875,-9.0382799,
w115714561,,water,waterway=stream,53.3402104,-9.0212321,
w115714562,,water,waterway=stream,53.329064,-9.0430142,
w115714563,,water,waterway=stream,53.3309343,-9.0324699,
w115714564,,water,waterway=stream,53.3316662,-9.0460331,
w115714565,,water,waterway=stream,53.3305233,-9.0396265,
w115714566,,water,waterway=stream,53.3414811,-9.0234722,
w115714568,,water,waterway=stream,53.3346277,-9.0370968,
w115714569,,water,waterway=stream,53.3365478,-9.03183,
w115715793,,water,waterway=stream,53.3365593,-9.022418,
w115715794,,water,waterway=stream,53.3340832,-9.0244948,
w115715795,,water,waterway=stream,53.3387866,-9.0213349,
w115715796,,water,waterway=stream,53.3452343,-9.044226,
w115715797,,water,waterway=stream,53.3375822,-9.0228912,
w115715800,,water,waterway=stream,53.338549,-9.043228,
w115715802,,water,waterway=stream,53.3365422,-9.0237299,
w115715803,,water,waterway=stream,53.3390305,-9.0221912,
w115715804,,water,waterway=stream,53.3380065,-9.022626,
w115715805,,water,waterway=stream,53.3346483,-9.0240722,
w115715806,,water,waterway=stream,53.3352927,-9.023895,
w115715807,,water,waterway=stream,53.3341461,-9.0264587,
w115715808,,water,waterway=stream,53.3396139,-9.0218661,
w115715809,,water,waterway=stream,53.3384588,-9.0223949,
w115715810,,water,waterway=stream,53.3393959,-9.0223051,
w115715811,,water,waterway=stream,53.3508799,-9.0478818,
w115715812,,water,waterway=stream,53.3372193,-9.0231705,
w115715814,,water,waterway=stream,53.3357079,-9.0238855,
w115715815,,water,waterway=stream,53.3372909,-9.0247373,
w115737952,,water,waterway=stream,53.3143792,-9.1326221,
w115737962,,water,waterway=stream,53.3655545,-9.2100238,
w115737968,,water,waterway=stream,53.3888979,-9.2012358,
w115737979,,water,waterway=stream,53.403566,-9.1616226,
w115737982,,water,waterway=stream,53.3547932,-9.1524201,
w115737991,,water,waterway=stream,53.3902139,-9.2057156,
w115738010,,water,waterway=stream,53.3933614,-9.1900697,
w115738026,,water,waterway=stream,53.3901998,-9.2069622,
w115738028,,water,waterway=stream,53.3950328,-9.1743233,
w115738033,,water,waterway=stream,53.3875602,-9.1868243,
w115738035,,water,waterway=stream,53.3903574,-9.2045073,
w115738040,Ballyquirke Canal,water,waterway=stream,53.348996,-9.1880642,
w115738067,,water,waterway=stream,53.3899608,-9.1779876,
w115738081,,water,waterway=stream,53.3610525,-9.2017641,
w115738085,,water,waterway=stream,53.3882771,-9.1460324,
w115738094,,water,waterway=stream,53.3945884,-9.1926238,
w115738157,,water,waterway=stream,53.3603793,-9.1997835,
w115738170,,water,waterway=stream,53.3550573,-9.1971486,
w115738173,Ballyquirke Canal,water,waterway=stream,53.34612,-9.1787096,
w115738175,,water,waterway=stream,53.4016496,-9.2000746,
w115747176,,water,waterway=stream,53.3408545,-9.1316237,
w115747204,,water,waterway=stream,53.3391255,-9.1378685,
w115747350,,water,waterway=stream,53.3162162,-9.1304471,
w115844422,,water,natural=water,53.1788544,-8.8450416,
w115844426,,water,natural=water,53.1775165,-8.8550901,
w115852554,,water,waterway=stream,53.2507269,-8.8047723,
w115852556,Lough Caherglassaun,water,natural=water,53.1035099,-8.8763675,
w115852557,,water,waterway=stream,53.1390947,-9.0049218,
w115852559,Pollnakirka Turlough,water,natural=water,53.2496907,-8.8122812,
w115852560,,water,natural=water,53.1373269,-9.0004519,
w115852562,,water,natural=water,53.1375009,-9.0017544,
w115852564,Clarin,water,waterway=river,53.2501605,-8.8136515,
w115852565,,water,natural=water,53.140439,-9.0083909,
w116697900,,water,natural=water,53.2588441,-9.0862991,
w116710748,,water,natural=water,53.2568155,-9.0969533,
w116710753,,water,natural=water,53.2561865,-9.0987826,
w116710754,,water,natural=water,53.2570924,-9.0938736,
w116798603,Owenriff River,water,waterway=river,53.4192405,-9.36118,
w119134636,,water,natural=water,53.5020006,-9.6565952,
w139431440,Jordan's Island,water,natural=wetland,53.285883,-9.061277,
w139432298,Eglinton Canal,water,waterway=canal,53.2784866,-9.0560548,
w144628413,Castlegar River,water,waterway=river,53.4775035,-8.4257428,
w145463763,Owengar,water,waterway=river,53.5946134,-9.8447095,
w145463985,,water,waterway=stream,53.5877845,-9.8492782,
w145464074,Sruffaunattybona,water,waterway=stream,53.5971282,-9.9070574,
w145464131,Keeraun River,water,waterway=stream,53.5853287,-9.903446,
w145464697,Culfin River,water,waterway=river,53.603373,-9.8606493,
w145464932,,water,waterway=stream,53.6089512,-9.877017,
w145966235,Shanaveagh River,water,waterway=stream,53.5728706,-9.9060916,
w145966248,Dawros River,water,waterway=river,53.5652722,-9.947271,
w150413132,,water,natural=water,53.2548711,-9.0542757,
w150413136,,water,natural=water,53.2539824,-9.0540139,
w150413139,,water,natural=water,53.2540376,-9.0544966,
w150413142,,water,natural=water,53.2548134,-9.0537553,
w150413145,,water,natural=water,53.2550999,-9.0536652,
w150413147,,water,natural=water,53.2551592,-9.054182,
w150413151,,water,natural=water,53.2543456,-9.0543988,
w150413153,,water,natural=water,53.2542931,-9.0539169,
w150413159,,water,natural=water,53.2550974,-9.0551456,
w150770775,Friars River,water,waterway=canal,53.2771133,-9.0552206,
w150770777,,water,natural=water,53.2751403,-9.0583257,
w155866301,,water,natural=water,53.2991302,-9.359439,
w155866368,,water,waterway=stream,53.2976972,-9.3309288,
w158718516,Derrydoo Lough,water,natural=water,53.3307636,-8.5676365,
w158718522,Lough Corneal,water,natural=water,53.3793914,-8.6185232,
w158718529,Lough Kenny,water,natural=water,53.3769284,-8.6532827,
w158718531,Lough Tee,water,natural=water,53.3679243,-8.6162799,
w158718533,Wood Lough,water,natural=water,53.3367313,-8.5515908,
w161427087,Parkavera River,water,waterway=canal,53.272236,-9.0582597,
w161960131,,water,waterway=stream,53.2568844,-9.1070598,
w163927714,,water,waterway=canal,53.2740995,-9.0544792,
w164411429,Parkavera River,water,waterway=canal,53.2723436,-9.0584765,
w164411463,Parkavera River,water,waterway=canal,53.2724052,-9.0583844,
w164411465,Parkavera River,water,waterway=canal,53.2726344,-9.0586514,
w165341456,Knock River,water,waterway=river,53.293473,-9.2668644,
w165341457,Abhainn Loch Inse,water,waterway=river,53.2611031,-9.2127831,
w169647202,,water,waterway=stream,53.5837245,-9.6744554,
w169647224,,water,waterway=stream,53.5813105,-9.6895786,
w169647244,,water,waterway=stream,53.5889046,-9.703742,
w170098034,,water,waterway=stream,53.292198,-9.214504,
w170098035,,water,natural=water,53.2810038,-9.2478384,
w170098036,Lough Arasser,water,natural=water,53.2954754,-9.2317169,
w170098037,,water,waterway=stream,53.2787208,-9.2452868,
w170098041,Lochán na Muc Mór,water,natural=water,53.3666103,-9.2486404,
w177106948,Lough Awatia,water,natural=water,53.0481111,-8.9001073,
w177106950,Lough Duff,water,natural=water,53.0405997,-8.8988592,
w177106957,,water,natural=water,53.0296572,-8.8919009,
w177307136,,water,natural=wetland,53.360061,-8.5499137,
w177367329,,water,waterway=stream,53.3934317,-8.6073209,
w177367330,,water,waterway=river,53.4029075,-8.6502858,
w177367331,,water,waterway=stream,53.3912822,-8.6304519,
w177367332,,water,waterway=stream,53.3940217,-8.6318238,
w177367333,,water,natural=wetland,53.4178129,-8.6725158,
w177369937,,water,natural=wetland,53.4215882,-8.6497555,
w177438629,Dawros River,water,waterway=river,53.5611188,-9.9091504,
w177443482,,water,waterway=river,53.5602222,-9.8937586,
w177479228,,water,waterway=stream,53.5979412,-9.9005567,
w177479233,,water,waterway=stream,53.5941334,-9.8941489,
w177483487,,water,waterway=stream,53.6025796,-9.8592134,
w177489375,,water,natural=water,53.5720879,-9.904526,
w177493248,Loughaunboy,water,natural=water,53.5816702,-9.906932,
w177493251,,water,natural=water,53.5738224,-9.9262116,
w177493256,Lough Nagilky,water,natural=water,53.578119,-9.918534,
w177512007,Dawros River,water,waterway=river,53.5693893,-9.9539818,
w177554877,,water,waterway=stream,53.5404157,-9.8370445,
w177554885,,water,waterway=river,53.5547988,-9.8244951,
w177584592,,water,waterway=stream,53.5958312,-10.017123,
w177584597,,water,waterway=stream,53.58863,-10.0021936,
w177584598,,water,waterway=stream,53.6020459,-10.0323272,
w177584600,,water,waterway=stream,53.6024231,-10.030968,
w177584604,,water,waterway=stream,53.6089114,-10.0409886,
w177584606,,water,waterway=stream,53.6014701,-10.0294058,
w177584607,,water,waterway=stream,53.5898128,-9.9741251,
w177586807,,water,natural=water,53.5884088,-10.0227753,
w177586812,,water,waterway=stream,53.5984581,-10.0318812,
w177586813,,water,natural=water,53.5875375,-10.0145637,
w177586814,Mullaghglass Stream,water,waterway=stream,53.5928792,-9.9468907,
w177594589,Lough Nacarrigeen,water,natural=water,53.5690721,-9.8051384,
w177594591,Fiddaunscomore,water,waterway=stream,53.5713834,-9.794904,
w177594592,Owneduff,water,waterway=stream,53.5751321,-9.7980781,
w177594593,Lough Benchoona,water,natural=water,53.5906715,-9.8668962,
w177594594,Lough Doo,water,natural=water,53.5774306,-9.8658653,
w177629464,Owennacloonagh,water,waterway=stream,53.6009196,-9.8963285,
w177639832,,water,waterway=stream,53.5773,-9.7999256,
w177639835,,water,waterway=stream,53.5680964,-9.7954912,
w177639836,,water,waterway=stream,53.568685,-9.7913089,
w177659436,,water,waterway=stream,53.5924571,-9.9007835,
w177704892,,water,waterway=stream,53.5511709,-9.5487026,
w177716054,,water,waterway=stream,53.572995,-9.6005348,
w177716060,,water,waterway=river,53.5892468,-9.6110716,
w177720251,,water,waterway=stream,53.5828347,-9.6271126,
w177720252,,water,waterway=stream,53.5980079,-9.6204342,
w177720253,,water,waterway=stream,53.5740188,-9.6271203,
w177720254,,water,waterway=stream,53.5990592,-9.6081803,
w177720256,,water,waterway=stream,53.5961154,-9.6262472,
w177720258,,water,waterway=stream,53.5700403,-9.6274851,
w177720259,,water,waterway=stream,53.5989548,-9.6263223,
w177720261,,water,waterway=stream,53.5915324,-9.6012737,
w177720264,,water,waterway=stream,53.5890007,-9.6082318,
w177726987,Coole River,water,waterway=river,53.1032668,-8.8327993,
w177730485,Lough Avalla,water,natural=water,53.0833554,-8.7421226,
w177730486,Lough Coy,water,natural=water,53.115545,-8.762602,
w177769864,Divney's Lough,water,natural=water,53.0821644,-8.6772886,
w177769865,Lough Beg,water,natural=water,53.056502,-8.7682898,
w177805646,Loughaun,water,natural=water,53.607052,-9.8801458,
w177916019,,water,natural=wetland,53.3423572,-8.4982359,
w177925101,,water,waterway=stream,53.5807456,-9.9069989,
w177925104,,water,waterway=stream,53.5780838,-9.8972412,
w177925173,,water,waterway=stream,53.5916816,-9.8856732,
w177926147,Raford,water,waterway=river,53.2982546,-8.5413959,
w177926148,Raford,water,waterway=river,53.3376275,-8.5282166,
w177926149,Raford,water,waterway=river,53.33643,-8.5286404,
w177926150,Raford River,water,waterway=stream,53.3412149,-8.5243154,
w177926151,Raford River,water,waterway=stream,53.3437709,-8.5264906,
w177926156,,water,waterway=stream,53.3395559,-8.5291811,
w177926157,,water,waterway=stream,53.3399306,-8.5257528,
w177929091,Raford,water,waterway=river,53.3004983,-8.5464981,
w177957020,Owengarve,water,waterway=stream,53.5464647,-9.9478341,
w177957025,,water,waterway=stream,53.5674392,-9.9637753,
w177957027,Loughaunnahoonshy,water,natural=water,53.5666861,-9.9626368,
w177957992,,water,waterway=stream,53.588589,-9.7698016,
w177980551,Dunkellin,water,waterway=river,53.2281365,-8.7230477,
w177980557,Raford,water,waterway=river,53.2804126,-8.5992586,
w178235785,Ballinure River,water,waterway=river,53.304844,-8.2991553,
w178235812,Ballinure River,water,waterway=river,53.307722,-8.2997056,
w178235814,Ballinure River,water,waterway=river,53.310865,-8.3001873,
w178235823,Killoran,water,waterway=stream,53.2508488,-8.3586727,
w178375453,,water,natural=wetland,53.2820373,-8.6619783,
w178559483,,water,waterway=stream,53.2952619,-9.3499152,
w178765174,Sruthán Bhearna,water,waterway=stream,53.2589154,-9.1273149,
w178992582,,water,waterway=river,53.1558784,-8.3059774,
w178992583,,water,waterway=stream,53.1974905,-8.4421982,
w178994360,,water,natural=water,53.1678808,-8.375289,
w178994361,,water,natural=water,53.1645619,-8.3768398,
w178997669,,water,waterway=stream,53.2406621,-8.3461304,
w178997672,,water,waterway=stream,53.2534582,-8.3824505,
w178997675,,water,waterway=stream,53.2106877,-8.3450783,
w178997685,,water,waterway=stream,53.2476174,-8.4081457,
w178997688,Killadulliek River,water,waterway=stream,53.1952752,-8.2453536,
w178997696,,water,waterway=stream,53.2601844,-8.383791,
w178998573,,water,waterway=stream,53.2298468,-8.3463528,
w178998581,,water,waterway=stream,53.2298083,-8.3497206,
w179000993,,water,waterway=stream,53.226767,-8.3035832,
w179000994,,water,waterway=stream,53.2243552,-8.288317,
w179000995,,water,waterway=stream,53.2399039,-8.2791203,
w179000996,,water,waterway=stream,53.2536083,-8.322317,
w179000997,,water,waterway=stream,53.2349619,-8.2864113,
w179000998,,water,waterway=stream,53.2325375,-8.2842924,
w179058391,,water,natural=wetland,53.1365897,-8.2277783,
w179116519,Kilnaborris Bog,water,natural=wetland,53.2082951,-8.0500045,
w179334556,,water,natural=wetland,53.2373965,-8.5303069,
w179528008,,water,waterway=stream,53.2668098,-8.2159309,
w179528025,Cloonasoragh River,water,waterway=river,53.2799912,-8.1899659,
w179528042,,water,waterway=stream,53.279186,-8.2233741,
w182257317,,water,waterway=stream,53.3144962,-8.1988128,
w182257321,,water,natural=wetland,53.2951724,-8.197065,
w182257322,,water,waterway=stream,53.313406,-8.2068957,
w182257328,,water,waterway=stream,53.3134481,-8.2031037,
w182257333,,water,waterway=stream,53.3131878,-8.1990287,
w182257336,,water,waterway=stream,53.3119555,-8.1997435,
w182261371,,water,waterway=stream,53.3158839,-8.2197461,
w182261380,,water,waterway=stream,53.3104642,-8.2089715,
w182261392,,water,waterway=stream,53.3181801,-8.2175413,
w182387257,Suck,water,waterway=river,53.3367964,-8.2326651,
w182387439,,water,natural=water,53.328856,-8.2174962,
w182387445,,water,natural=water,53.3204764,-8.1974265,
w182387464,,water,waterway=canal,53.3135265,-8.1916045,
w182387465,,water,waterway=stream,53.3314571,-8.214611,
w182387468,,water,waterway=canal,53.3304863,-8.2182777,
w182387470,,water,waterway=river,53.3356012,-8.2359609,
w182576273,,water,natural=water,53.6645147,-8.6992095,
w182867847,,water,waterway=stream,53.3168163,-8.2184218,
w182867850,,water,waterway=stream,53.3158847,-8.2235536,
w182867853,,water,waterway=stream,53.3159707,-8.2222235,
w182867854,,water,waterway=stream,53.3131678,-8.2014723,
w182867855,,water,waterway=stream,53.3159615,-8.2221193,
w182867857,,water,waterway=stream,53.3158727,-8.2211033,
w182867858,,water,waterway=stream,53.3154977,-8.217968,
w182867861,,water,waterway=stream,53.3131268,-8.201209,
w182867863,,water,waterway=stream,53.3159504,-8.2219921,
w182867865,,water,waterway=stream,53.3129345,-8.1998324,
w182867866,,water,waterway=stream,53.3161123,-8.2187697,
w182867868,,water,waterway=stream,53.3131448,-8.2013448,
w182867871,,water,waterway=stream,53.3173643,-8.2180771,
w182867873,,water,waterway=stream,53.3156625,-8.2181901,
w182867875,,water,waterway=stream,53.3159048,-8.2217054,
w182867876,,water,waterway=stream,53.3128752,-8.1994506,
w182867880,,water,waterway=stream,53.3130436,-8.2005903,
w182867881,,water,waterway=stream,53.3158167,-8.2185578,
w182867882,,water,waterway=stream,53.3144794,-8.2093631,
w182913288,,water,natural=wetland,53.1983913,-8.212537,
w182936590,,water,natural=wetland,53.1583009,-8.1540419,
w182939051,,water,natural=wetland,53.1730548,-8.1194298,
w182941689,Clarin,water,waterway=river,53.2738526,-8.7814292,
w182941690,Clarin,water,waterway=river,53.28689,-8.7600561,
w182941691,Clarin,water,waterway=river,53.3201597,-8.7124937,
w182942596,Clarin,water,waterway=river,53.2981918,-8.7452227,
w182942598,Clarin,water,waterway=river,53.2994751,-8.7442728,
w182942603,Clarin,water,waterway=river,53.2902502,-8.7540894,
w182942605,Clarin,water,waterway=river,53.2988426,-8.7447852,
w183080505,,water,waterway=stream,53.2744268,-8.1659905,
w183080514,,water,waterway=stream,53.2749738,-8.1635953,
w184497336,,water,natural=water,53.3010053,-8.9871201,
w184674957,Derrynacrick Lough,water,natural=water,53.4954387,-8.6619482,
w184674972,,water,natural=wetland,53.4820509,-8.6721996,
w185849510,,water,waterway=stream,53.202839,-8.3799342,
w185849528,,water,waterway=stream,53.2299423,-8.4036138,
w185849530,,water,natural=wetland,53.2043807,-8.3255773,
w185849532,Killoran,water,waterway=river,53.2448712,-8.3409599,
w185853634,,water,waterway=river,53.2340386,-8.6954271,
w185865777,,water,waterway=stream,53.2416326,-8.5979911,
w186042740,,water,waterway=stream,53.2493125,-8.4382158,
w186045157,,water,waterway=stream,53.242231,-8.6716849,
w186045200,,water,waterway=stream,53.2497444,-8.5461674,
w186543058,Owendalulleegh,water,waterway=river,53.0310714,-8.7056998,
w186543059,Lough Naneeve,water,natural=water,53.0505728,-8.7612329,
w186543060,Ballyturin Lake,water,natural=water,53.051358,-8.7512579,
w186543061,Lahardaun Lough,water,natural=water,53.0274389,-8.6938805,
w187372356,Tullaghnafrankagh Lough,water,natural=water,53.1856352,-8.8505147,
w188246490,,water,natural=water,53.3639797,-8.6881861,
w188250861,,water,natural=wetland,53.4078814,-8.4417754,
w188250905,Loughaunewa,water,natural=water,53.0628011,-8.4793423,
w188374427,,water,waterway=stream,53.0881045,-8.392793,
w188378501,,water,waterway=stream,53.0655872,-8.501858,
w188765462,Lough Namapawaun,water,natural=water,53.3917766,-10.0087881,
w188765464,Lough Traska,water,natural=water,53.3986182,-9.9887751,
w188765498,,water,waterway=stream,53.3874399,-10.0151412,
w188765507,,water,waterway=river,53.3892843,-10.0118068,
w188765514,,water,natural=water,53.3935393,-9.993055,
w188765519,,water,natural=water,53.3911475,-10.0009539,
w188765522,,water,natural=water,53.3985592,-9.9919135,
w188765531,,water,natural=water,53.3965392,-10.0006614,
w188765560,,water,natural=water,53.3984117,-10.0019416,
w188770805,Lough Doon,water,natural=water,53.4231533,-9.9222217,
w188770807,Loch Róisín na Róige,water,natural=water,53.4084293,-9.9628344,
w188770808,,water,waterway=stream,53.397479,-10.0016388,
w188770810,,water,waterway=stream,53.3958791,-10.0000246,
w188770811,,water,waterway=stream,53.3940438,-10.0028038,
w188770814,,water,natural=water,53.4200813,-9.9395617,
w188770815,,water,natural=water,53.4226001,-9.9344691,
w188770816,,water,natural=water,53.4216181,-9.933124,
w188770817,,water,natural=water,53.4197326,-9.9357117,
w188770818,,water,natural=water,53.4185991,-9.9409864,
w188770819,,water,natural=water,53.4133584,-9.9383465,
w188770820,,water,natural=water,53.4192093,-9.9441033,
w188770821,,water,natural=water,53.420271,-9.9435595,
w188809352,,water,natural=water,53.4243871,-10.1541598,
w188809353,Lough Carrick,water,natural=water,53.4229786,-10.1559546,
w188810935,Lough Donoghmeave,water,natural=water,53.4529725,-10.0322771,
w188825586,Doon Lough,water,natural=water,53.4170777,-10.1169277,
w188825591,Lough Begaknockaun,water,natural=water,53.4061358,-10.0115061,
w188825594,Lough Nagrove,water,natural=water,53.3915571,-10.0269019,
w188825708,Barrowen Lough,water,natural=water,53.4252261,-10.0215376,
w188825752,Lough Drama,water,natural=water,53.4067369,-10.0046289,
w188825754,,water,natural=water,53.4137078,-10.1025939,
w188825791,,water,natural=water,53.4243666,-10.0993216,
w188825974,,water,natural=water,53.4288494,-10.0230074,
w188825987,,water,natural=water,53.417602,-10.1137304,
w188825994,,water,natural=water,53.4188681,-10.1104903,
w188826106,,water,natural=water,53.4205624,-10.1094389,
w188826195,,water,natural=water,53.411556,-9.9964106,
w188826196,,water,natural=water,53.4221673,-10.1108275,
w188827171,Lough Nakilla,water,natural=water,53.4794907,-10.0709294,
w188827172,Lough Sillagh,water,natural=water,53.4668724,-10.036869,
w188827176,Lough Usk,water,natural=water,53.4665036,-10.0603793,
w188827188,,water,natural=water,53.4789352,-10.0856638,
w188827191,,water,natural=water,53.4782265,-10.0690555,
w188827195,,water,natural=water,53.47928,-10.0830138,
w188828450,Lough Enask,water,natural=water,53.4551575,-10.0133944,
w188828451,Lough Nagap,water,natural=water,53.4589138,-10.0232112,
w188828453,Lough Namunagh,water,natural=water,53.4539692,-10.0025582,
w188828456,Lough Tawnagreggaun,water,natural=water,53.4575467,-10.0040173,
w188828457,Shannalecka Lough,water,natural=water,53.451567,-9.9881173,
w188828461,,water,natural=water,53.4460018,-9.9918401,
w188828462,,water,natural=water,53.4580194,-9.9970007,
w188828463,,water,natural=water,53.4482478,-9.9927199,
w188828464,Lough Garrannabeast,water,natural=water,53.4472733,-10.0164414,
w188828465,,water,natural=water,53.4521292,-9.998374,
w188828468,,water,natural=water,53.4455864,-9.9948334,
w188828469,,water,natural=water,53.4613092,-10.0050688,
w188828471,,water,natural=water,53.4577,-10.008266,
w188829468,,water,natural=water,53.4326256,-10.014596,
w188831047,,water,waterway=stream,53.4258177,-10.0112915,
w188831053,,water,natural=water,53.4250186,-10.0061953,
w188832161,,water,waterway=stream,53.4415414,-9.9950695,
w188832177,,water,natural=water,53.424309,-9.9934494,
w188832186,,water,natural=water,53.4281766,-9.993031,
w188832191,,water,natural=water,53.4327407,-9.9798561,
w188832194,,water,natural=water,53.4366651,-9.9991572,
w188832196,,water,natural=water,53.4334118,-9.9773884,
w188832207,,water,natural=water,53.4408959,-9.9956917,
w188832231,,water,natural=water,53.4229856,-9.979856,
w188832238,,water,natural=water,53.4206391,-9.997859,
w188834516,,water,natural=water,53.4351887,-9.9864006,
w188834558,,water,natural=water,53.4088028,-9.9852097,
w188834614,,water,natural=water,53.4367546,-9.9848288,
w188836796,,water,natural=water,53.4336004,-9.9137128,
w188836824,,water,natural=water,53.435585,-9.9199086,
w188836834,,water,natural=water,53.4344601,-9.9242163,
w188836856,,water,natural=water,53.4359461,-9.9228108,
w188836865,,water,natural=water,53.4342907,-9.9186373,
w188836870,,water,natural=water,53.4458228,-9.9712622,
w188836981,,water,natural=water,53.4350928,-9.9180043,
w188837001,,water,natural=water,53.43485,-9.9193776,
w188839438,,water,waterway=river,53.4617276,-9.9669921,
w188839439,,water,waterway=river,53.460775,-9.9716952,
w188839460,,water,natural=water,53.4306057,-9.956274,
w188839475,,water,natural=water,53.4298642,-9.9376595,
w188839519,,water,natural=water,53.4401227,-9.9461997,
w188839541,Lough Nafekle,water,natural=water,53.4616221,-9.9850273,
w188839557,,water,natural=water,53.438282,-9.9480236,
w188839591,,water,natural=water,53.4399054,-9.9491179,
w188839606,,water,natural=water,53.4270419,-9.9628669,
w188839628,,water,natural=water,53.4367226,-9.9417043,
w188839813,,water,natural=water,53.4448963,-9.9512422,
w188839877,,water,natural=water,53.432843,-9.9387002,
w188841452,Doo Lough,water,natural=water,53.4686351,-9.9800062,
w188841453,Lough Aleen,water,natural=water,53.4567356,-9.8844778,
w188841454,Lough Fehina,water,natural=water,53.4466916,-9.8864805,
w188841455,Lough Nagilkey,water,natural=water,53.4654226,-9.9985563,
w188841457,Lough Tawnynalaraghroe,water,natural=water,53.4663678,-9.9877202,
w188841458,Lough Winnahenry,water,natural=water,53.4723646,-9.9694813,
w188841459,Vougheen River,water,waterway=river,53.4515604,-9.9672165,
w188841460,,water,waterway=river,53.4603117,-9.987509,
w188841461,Sruffaunvougheen River,water,waterway=river,53.4421507,-9.9649058,
w188841462,Vougheen River,water,waterway=river,53.4485814,-9.9661377,
w188841463,,water,waterway=river,53.4402545,-9.9569542,
w188841464,,water,waterway=river,53.4557514,-9.9834694,
w188841473,Lough Maunadarree,water,natural=water,53.4552341,-9.8986709,
w188841498,,water,natural=water,53.4578533,-9.882288,
w188843701,Derrylea Lough,water,natural=water,53.4803184,-9.9448931,
w188843702,Lough Fhreaghaun,water,natural=water,53.4819934,-10.0025582,
w188843703,Loughaunemlagh,water,natural=water,53.4819425,-9.9574649,
w188843705,,water,waterway=stream,53.4600855,-9.9803707,
w188843706,,water,waterway=stream,53.4469735,-9.9167001,
w188843707,,water,waterway=river,53.4611498,-9.9601061,
w188843709,,water,waterway=river,53.4601888,-9.9789038,
w188843721,,water,natural=water,53.4679964,-9.9830961,
w188843726,,water,natural=water,53.4543589,-9.9262118,
w188843727,,water,natural=water,53.4601114,-9.9624753,
w188843745,,water,natural=water,53.4467174,-9.9341834,
w188843763,,water,natural=water,53.4377389,-9.9288941,
w188843764,,water,natural=water,53.4530429,-9.9182403,
w188843766,,water,natural=water,53.4480401,-9.9401272,
w188843775,,water,natural=water,53.4575115,-9.9549276,
w188843776,,water,natural=water,53.4557005,-9.9178111,
w188843777,,water,natural=water,53.458374,-9.9662464,
w188843779,,water,natural=water,53.4380808,-9.8952538,
w188843780,,water,natural=water,53.447235,-9.9306536,
w188843781,,water,natural=water,53.4636086,-9.9753499,
w188843782,,water,natural=water,53.4531706,-9.9251819,
w188843783,,water,natural=water,53.4602807,-9.9399662,
w188843786,,water,natural=water,53.4771602,-10.0017857,
w188843788,,water,natural=water,53.437055,-9.930836,
w188843789,,water,natural=water,53.4608908,-9.9644334,
w188843795,,water,natural=water,53.4609994,-9.9756181,
w188843799,,water,natural=water,53.4696825,-9.9738049,
w188843800,,water,natural=water,53.464752,-9.9858856,
w188843804,,water,natural=water,53.4850524,-9.9565852,
w188843811,,water,natural=water,53.4639216,-9.9917543,
w188843812,,water,natural=water,53.4634873,-9.9943721,
w188843813,,water,natural=water,53.4807166,-9.9752533,
w188843831,,water,natural=water,53.459907,-9.9605146,
w188843834,,water,natural=water,53.4763876,-10.0081372,
w188843835,,water,natural=water,53.4626633,-9.9589133,
w188843836,,water,natural=water,53.4586998,-9.9635643,
w188843852,,water,natural=water,53.4518417,-9.929629,
w188843854,,water,natural=water,53.4476439,-9.9386251,
w188843856,,water,natural=water,53.4601626,-9.9600506,
w188843858,,water,natural=water,53.4603701,-9.9799204,
w188843859,,water,natural=water,53.4690885,-9.9869478,
w188843861,,water,natural=water,53.4550233,-9.919045,
w188843862,,water,natural=water,53.4572912,-9.9410498,
w188843947,,water,natural=water,53.4567098,-9.9310398,
w188843955,,water,natural=water,53.4606736,-9.9660802,
w188843961,,water,natural=water,53.4656397,-9.989115,
w188843962,,water,natural=water,53.4570932,-9.9804783,
w188843964,,water,natural=water,53.4744974,-9.9820554,
w188843965,,water,natural=water,53.4303948,-9.8920566,
w188843966,,water,natural=water,53.4384419,-9.9327564,
w188843967,,water,natural=water,53.4538797,-9.9275851,
w188844028,,water,natural=water,53.4605043,-9.9412537,
w188844051,,water,natural=water,53.4593801,-9.9251283,
w188844069,,water,natural=water,53.4375567,-9.892062,
w188844070,,water,natural=water,53.4828298,-10.0084912,
w188844071,,water,natural=water,53.4634425,-9.9786652,
w188894518,Shanemore's Lough,water,natural=water,53.0418466,-8.5420536,
w188894520,Loughanoran,water,natural=water,53.034,-8.626714,
w188894522,Loughaunlea,water,natural=water,53.0663341,-8.5576734,
w188894525,,water,natural=water,53.0696992,-8.5149195,
w188894539,,water,natural=water,53.070758,-8.5010936,
w188942876,Lough Fadda,water,natural=water,53.4627725,-9.886632,
w188942877,Needham's Lough,water,natural=water,53.4394516,-9.8329139,
w188942878,Rosroe Lough,water,natural=water,53.4029313,-9.8697996,
w188942882,Tawnaghbeun Lough,water,natural=water,53.4091897,-9.8477921,
w188942885,White Lough,water,natural=water,53.4116286,-9.8660204,
w188942888,Wood Lough,water,natural=water,53.4378794,-9.8280216,
w188942890,,water,waterway=stream,53.4659144,-9.9077153,
w188942891,,water,waterway=stream,53.4501779,-9.912992,
w188942892,,water,waterway=stream,53.4628436,-9.9095601,
w188942893,,water,waterway=stream,53.4509952,-9.905354,
w188942894,,water,waterway=stream,53.4486535,-9.90198,
w188942895,,water,waterway=stream,53.4508546,-9.9338562,
w188942896,,water,natural=water,53.4220074,-9.8086238,
w188942901,,water,natural=water,53.4620309,-9.9036599,
w188942904,,water,natural=water,53.4483915,-9.9025548,
w188942905,,water,natural=water,53.4187658,-9.8334986,
w188942907,,water,natural=water,53.3876349,-9.9334967,
w188942908,,water,natural=water,53.4180481,-9.8376802,
w188942909,,water,natural=water,53.4480848,-9.9060953,
w188942910,,water,natural=water,53.4168236,-9.8424599,
w188942911,,water,natural=water,53.4131131,-9.8534274,
w188942912,,water,natural=water,53.4638386,-9.9058378,
w188942914,,water,natural=water,53.4635703,-9.9055481,
w188942915,,water,natural=water,53.4216749,-9.8079479,
w188942916,,water,natural=water,53.4670767,-9.9244738,
w188942924,,water,natural=water,53.4657964,-9.8805881,
w188942927,,water,natural=water,53.4219882,-9.8117352,
w188942930,,water,natural=water,53.4667905,-9.8837748,
w188942950,,water,natural=water,53.3879612,-9.9332607,
w188942953,,water,natural=water,53.4174838,-9.8395604,
w188942969,,water,natural=water,53.4630913,-9.8992074,
w188942973,,water,natural=water,53.4219179,-9.8105979,
w188942978,,water,natural=water,53.3805702,-9.9475729,
w188943000,,water,natural=water,53.4330987,-9.8269057,
w188943006,,water,natural=water,53.4552214,-9.905988,
w188943029,,water,natural=water,53.4643368,-9.9001193,
w188943036,,water,natural=water,53.4663934,-9.9089813,
w188943073,,water,natural=water,53.467391,-9.8874705,
w188943080,,water,natural=water,53.4660262,-9.9220704,
w188943302,Church Lake,water,natural=water,53.4633193,-9.8731636,
w188943328,,water,natural=water,53.4668213,-9.8916543,
w188943346,,water,natural=water,53.4541417,-9.9044592,
w188943365,,water,natural=water,53.4216206,-9.8083985,
w188943379,,water,natural=water,53.4638654,-9.8776194,
w188960344,Cloonabartan Lough,water,natural=water,53.4884541,-9.7346806,
w188960350,Lough Emlaghatlere,water,natural=water,53.4736781,-9.8950984,
w188960355,Lough Nabrucka,water,natural=water,53.4568312,-9.8103083,
w188960374,Loughaunooeary,water,natural=water,53.4478727,-9.8277859,
w188960376,Owenwee River,water,waterway=river,53.4591037,-9.8626335,
w188960406,,water,waterway=stream,53.4707611,-9.9404787,
w188960407,,water,waterway=river,53.4587937,-9.8106502,
w188960408,,water,waterway=stream,53.4562625,-9.7828424,
w188960409,,water,waterway=stream,53.4558668,-9.799692,
w188960410,,water,waterway=stream,53.470365,-9.9424246,
w188960420,,water,waterway=stream,53.4722082,-9.9310023,
w188960421,,water,waterway=stream,53.4731706,-9.9335558,
w188960422,,water,waterway=stream,53.4421102,-9.7787869,
w188960423,,water,waterway=stream,53.4717292,-9.9247393,
w188960430,,water,natural=water,53.4748486,-9.9067283,
w188960432,,water,natural=water,53.4710587,-9.9236852,
w188960440,,water,natural=water,53.470187,-9.8005825,
w188960453,,water,natural=water,53.4766941,-9.9247635,
w188960457,,water,natural=water,53.4628613,-9.8037743,
w188960459,,water,natural=water,53.4462445,-9.8289335,
w188960460,,water,natural=water,53.4474874,-9.8249048,
w188960461,,water,natural=water,53.4413369,-9.7857499,
w188960465,,water,natural=water,53.4612836,-9.8000729,
w188960467,,water,natural=water,53.4494458,-9.8582339,
w188960468,,water,natural=water,53.4783031,-9.9557107,
w188960469,,water,natural=water,53.4441167,-9.827131,
w188960470,,water,natural=water,53.4806782,-9.9001836,
w188960471,,water,natural=water,53.4699443,-9.9252408,
w188960472,,water,natural=water,53.4427843,-9.7877615,
w188960474,,water,natural=water,53.4454139,-9.8344803,
w188960487,,water,natural=water,53.4762343,-9.9510026,
w188960488,,water,natural=water,53.4403687,-9.7873539,
w188960489,,water,natural=water,53.4800353,-9.9315548,
w188960530,,water,natural=water,53.4462509,-9.8180759,
w188960531,,water,natural=water,53.4435288,-9.7780841,
w188960582,,water,natural=water,53.4331945,-9.7839796,
w188960583,,water,natural=water,53.4427684,-9.7789263,
w188960584,,water,natural=water,53.4537775,-9.7831374,
w188960585,,water,natural=water,53.4460082,-9.7807127,
w188960590,,water,natural=water,53.4726456,-9.8999476,
w188988319,Lough Nasaun,water,natural=water,53.4556111,-9.7452056,
w188988320,Lough Yvaneen,water,natural=water,53.4517139,-9.7374272,
w188988321,,water,waterway=stream,53.4364717,-9.7235054,
w188988322,,water,waterway=stream,53.4393558,-9.723839,
w188988323,,water,waterway=stream,53.4177561,-9.7625921,
w188988324,,water,waterway=stream,53.4494397,-9.769775,
w188988325,,water,waterway=stream,53.4419408,-9.728566,
w188988326,,water,waterway=stream,53.4189512,-9.7638309,
w188988327,,water,waterway=stream,53.4121032,-9.7664058,
w188988332,,water,waterway=stream,53.4156801,-9.7670638,
w188988334,Loughyvangan,water,natural=water,53.4558985,-9.7601295,
w188988368,,water,natural=water,53.4702496,-9.7623251,
w188988373,,water,natural=water,53.4116103,-9.7922597,
w188988386,,water,natural=water,53.4433883,-9.7550547,
w188988391,,water,natural=water,53.4692418,-9.7405225,
w188988417,,water,natural=water,53.4498291,-9.7277069,
w188988419,Lough Fadda,water,natural=water,53.4483328,-9.7367935,
w188988422,,water,natural=water,53.4698292,-9.7593755,
w188988438,,water,natural=water,53.4557657,-9.6870164,
w188988442,Lough Beg,water,natural=water,53.4516629,-9.763155,
w188988446,,water,natural=water,53.4276684,-9.7091246,
w188988447,,water,natural=water,53.4600125,-9.6870017,
w188988449,,water,natural=water,53.4419297,-9.7178203,
w188988454,,water,natural=water,53.4030304,-9.7510797,
w188988464,,water,natural=water,53.440276,-9.7562885,
w188988466,Lough Nambracklauder,water,natural=water,53.4230687,-9.7063994,
w188988474,,water,natural=water,53.4488945,-9.7069744,
w188988478,,water,natural=water,53.458984,-9.6722978,
w188988480,,water,natural=water,53.4200765,-9.7638846,
w188988482,,water,natural=water,53.435454,-9.7236353,
w188988484,,water,natural=water,53.4340637,-9.7442027,
w188988493,,water,natural=water,53.5124301,-9.7166777,
w188988501,,water,natural=water,53.4432605,-9.7222781,
w188988504,,water,natural=water,53.4748039,-9.6893406,
w188988507,,water,natural=water,53.4466312,-9.7493174,
w188988508,,water,natural=water,53.4125375,-9.7635949,
w188988509,,water,natural=water,53.4417794,-9.7172141,
w188988512,,water,natural=water,53.4503311,-9.7521586,
w188988513,,water,natural=water,53.4256995,-9.7264248,
w188988515,,water,natural=water,53.506541,-9.7131533,
w188988516,,water,natural=water,53.4505,-9.725596,
w188988523,,water,natural=water,53.4541033,-9.7369015,
w188988524,,water,natural=water,53.4010172,-9.7269774,
w188988546,,water,natural=water,53.446251,-9.7511977,
w188988552,,water,natural=water,53.4271603,-9.744299,
w188988556,,water,natural=water,53.4121091,-9.7671568,
w188988557,,water,natural=water,53.4012235,-9.776153,
w188988567,,water,natural=water,53.4549275,-9.7308398,
w188988577,,water,natural=water,53.4371253,-9.7224498,
w188988583,,water,natural=water,53.4583325,-9.6959066,
w188988596,,water,natural=water,53.3857313,-9.7730685,
w188988597,,water,natural=water,53.4718601,-9.6905959,
w188988598,,water,natural=water,53.401684,-9.7587026,
w188988599,,water,natural=water,53.5092336,-9.7164256,
w188988600,,water,natural=water,53.4387167,-9.7480273,
w188988676,,water,natural=water,53.4522621,-9.7190628,
w188988678,,water,natural=water,53.3933293,-9.753102,
w188988681,,water,natural=water,53.4369624,-9.7491163,
w188988683,,water,natural=water,53.4087644,-9.7796881,
w188988686,,water,natural=water,53.4363871,-9.7429245,
w188988687,,water,natural=water,53.4396562,-9.7124076,
w188988688,Lough Natullybeg,water,natural=water,53.4715664,-9.7515034,
w188988731,Woody Lough,water,natural=water,53.4610473,-9.7414398,
w188988732,,water,natural=water,53.4462281,-9.7501691,
w188988735,,water,natural=water,53.4127613,-9.7709012,
w188988767,Lough Nambrackmore,water,natural=water,53.4472925,-9.754647,
w188988768,,water,natural=water,53.4188009,-9.7062278,
w188988806,Lough Naboley,water,natural=water,53.4671343,-9.7749942,
w188988807,,water,natural=water,53.458275,-9.7482204,
w188988808,,water,natural=water,53.4524934,-9.7531423,
w188991629,Lough Shemus,water,natural=water,53.3200954,-9.8808378,
w188991630,,water,waterway=stream,53.3217937,-9.8815102,
w188991640,,water,natural=water,53.3249972,-9.8770738,
w188991651,,water,natural=water,53.3303091,-9.8726534,
w188998014,Lough Derreenanarta,water,natural=water,53.3644298,-9.8579462,
w188998015,Loch an Chaoráin,water,natural=water,53.3199473,-9.8255539,
w188998016,Lough Knockboy,water,natural=water,53.3513582,-9.8643601,
w188998017,Loch Cnocán na gCapall,water,natural=water,53.3676034,-9.8495881,
w188998070,,water,natural=water,53.304674,-9.8681823,
w188998072,,water,natural=water,53.337946,-9.8272276,
w188998073,,water,natural=water,53.3576467,-9.8550743,
w188998092,,water,natural=water,53.3355724,-9.8253179,
w188998102,Loch na Liathróide,water,natural=water,53.3679129,-9.8332036,
w188998103,,water,natural=water,53.3346658,-9.8226624,
w188998181,Loch na Calgaí,water,natural=water,53.3680723,-9.8573051,
w189006730,Beagha Lough,water,natural=water,53.3675192,-9.7934854,
w189006731,Loch an Dúigh Theas,water,natural=water,53.339067,-9.8206401,
w189006732,An Lochán Dubh,water,natural=water,53.3549316,-9.8009527,
w189006733,Lough Adooey,water,natural=water,53.3348965,-9.8071218,
w189006734,Mering Lough,water,natural=water,53.3578387,-9.8016072,
w189006735,Lough Clooshgirrea,water,natural=water,53.3305718,-9.8114777,
w189006736,Loch an Iarainn,water,natural=water,53.3241448,-9.7730255,
w189006737,Loch an Chaolaigh,water,natural=water,53.3137816,-9.7956526,
w189006740,Loch na Sióige,water,natural=water,53.3312253,-9.7325992,
w189006741,Loch na Sáinneach,water,natural=water,53.311256,-9.7805786,
w189006742,Loch na Teorann,water,natural=water,53.3429039,-9.7355711,
w189006743,Lough Nambrackkeagh,water,natural=water,53.3425645,-9.8208332,
w189006744,Loch Salach,water,natural=water,53.3400471,-9.7440791,
w189006745,Loch Throiscín,water,natural=water,53.3443515,-9.8218847,
w189006746,Tullynaman Lough,water,natural=water,53.3648687,-9.8211873,
w189006747,,water,waterway=stream,53.3618036,-9.8201078,
w189006757,,water,natural=water,53.3583893,-9.8112524,
w189006758,,water,natural=water,53.3378017,-9.7977608,
w189006759,,water,natural=water,53.3503207,-9.8131781,
w189006760,,water,natural=water,53.3702072,-9.8017384,
w189006761,,water,natural=water,53.4037213,-9.7203952,
w189006763,,water,natural=water,53.4201851,-9.7363865,
w189006765,,water,natural=water,53.4039899,-9.7076225,
w189006767,,water,natural=water,53.3433331,-9.8042465,
w189006776,,water,natural=water,53.3470353,-9.8127383,
w189006777,,water,natural=water,53.3623655,-9.7966075,
w189006781,,water,natural=water,53.3602911,-9.8018539,
w189006799,,water,natural=water,53.3657522,-9.7778642,
w189006806,,water,natural=water,53.361085,-9.7949874,
w189006807,,water,natural=water,53.3566477,-9.812572,
w189006810,,water,natural=water,53.3760325,-9.7650755,
w189006811,,water,natural=water,53.3193129,-9.7865331,
w189006814,,water,natural=water,53.3684858,-9.7931474,
w189006816,,water,natural=water,53.362676,-9.7979808,
w189006817,,water,natural=water,53.3193706,-9.7876489,
w189006819,,water,natural=water,53.3449216,-9.7809112,
w189006822,,water,natural=water,53.3177939,-9.7891724,
w189006823,,water,natural=water,53.3602654,-9.7986138,
w189006824,,water,natural=water,53.3370234,-9.8132372,
w189006825,,water,natural=water,53.3586199,-9.7582143,
w189006826,,water,natural=water,53.4080194,-9.7163397,
w189006829,,water,natural=water,53.3967078,-9.725869,
w189006835,,water,natural=water,53.3756229,-9.7663629,
w189006838,,water,natural=water,53.3495811,-9.8089457,
w189006841,,water,natural=water,53.3456582,-9.779334,
w189006842,,water,natural=water,53.3516929,-9.7521365,
w189006845,,water,natural=water,53.3563531,-9.8010277,
w189006851,,water,natural=water,53.3476981,-9.8134411,
w189006852,,water,natural=water,53.3923121,-9.7099614,
w189006854,,water,natural=water,53.3975452,-9.7302604,
w189006856,,water,natural=water,53.4019303,-9.7008097,
w189006857,,water,natural=water,53.376711,-9.7582733,
w189006860,,water,natural=water,53.4052212,-9.7173026,
w189006861,,water,natural=water,53.3699806,-9.804225,
w189006862,Loch na Buaile Bige,water,natural=water,53.309942,-9.7771883,
w189006863,,water,natural=water,53.3622982,-9.7622644,
w189006866,,water,natural=water,53.3556936,-9.8253607,
w189006867,,water,natural=water,53.3610465,-9.8014248,
w189006876,,water,natural=water,53.3704216,-9.8085257,
w189006877,,water,natural=water,53.3627625,-9.8046755,
w189006878,,water,natural=water,53.3481304,-9.8117942,
w189006879,,water,natural=water,53.3628393,-9.807449,
w189006880,,water,natural=water,53.362279,-9.8207903,
w189006881,,water,natural=water,53.4099092,-9.7115815,
w189006882,,water,natural=water,53.4016137,-9.6942866,
w189006883,,water,natural=water,53.4082016,-9.6949143,
w189006892,,water,natural=water,53.3222545,-9.8016822,
w189006893,,water,natural=water,53.3355051,-9.7675753,
w189006895,,water,natural=water,53.3721793,-9.7858036,
w189006896,,water,natural=water,53.3550852,-9.7505379,
w189006897,Loch an Ghiolcaigh,water,natural=water,53.3593307,-9.8065332,
w189006918,,water,natural=water,53.351323,-9.7900468,
w189006919,,water,natural=water,53.3601246,-9.7863078,
w189006924,,water,natural=water,53.346446,-9.8125237,
w189006943,,water,natural=water,53.3488509,-9.8119551,
w189006945,,water,natural=water,53.343711,-9.7846126,
w189006949,,water,natural=water,53.4128573,-9.6993292,
w189006987,,water,natural=water,53.409033,-9.7205776,
w189006991,,water,natural=water,53.3755077,-9.7650325,
w189006996,,water,natural=water,53.3963425,-9.6974087,
w189040103,Abhainn Ghabhla,water,waterway=river,53.4101176,-9.7514549,
w189040109,,water,waterway=stream,53.4103173,-9.7456337,
w189040110,,water,waterway=river,53.4337215,-9.728974,
w189040111,,water,waterway=river,53.4272989,-9.7346332,
w189040112,,water,waterway=stream,53.4098145,-9.7611474,
w189040113,,water,waterway=stream,53.4059894,-9.7579483,
w189040114,,water,waterway=river,53.4200347,-9.731911,
w189040115,,water,waterway=stream,53.4216845,-9.7370272,
w189040116,,water,waterway=stream,53.4309382,-9.7371,
w189040123,,water,natural=water,53.4364318,-9.7328567,
w189051542,,water,natural=water,53.3758533,-9.8049652,
w189058143,Loch Chaladh an Chnoic,water,natural=water,53.3843081,-9.8030663,
w189058164,Abhainn Ghabhla Beag,water,waterway=river,53.3743204,-9.7727002,
w189058165,Loch na Calgaí,water,natural=water,53.3771645,-9.7968627,
w189058172,,water,natural=water,53.3842499,-9.8011029,
w189058173,,water,natural=water,53.3760069,-9.7808146,
w189058174,,water,natural=water,53.3831364,-9.8044074,
w189058189,,water,natural=water,53.380183,-9.7929383,
w189061856,,water,waterway=river,53.3695444,-9.6842138,
w189061857,,water,waterway=stream,53.417886,-9.6931113,
w189061858,,water,waterway=river,53.4178597,-9.6928306,
w189061859,,water,waterway=stream,53.3839347,-9.7959394,
w189061926,,water,natural=water,53.4203834,-9.694866,
w189062007,,water,natural=water,53.3705918,-9.7721994,
w189113249,Liggan River,water,waterway=river,53.40922,-9.6757703,
w189113250,Liggan River,water,waterway=river,53.3883869,-9.6562449,
w189113251,Liggan River,water,waterway=river,53.3984499,-9.6570177,
w189113252,Loch ó Dheas,water,natural=water,53.4502699,-9.6263758,
w189113253,Lorgan Lough,water,natural=water,53.4554768,-9.5115463,
w189113254,Loch an Daimh,water,natural=water,53.4073062,-9.596343,
w189113255,Loch na hAille Daraí,water,natural=water,53.4025731,-9.6492469,
w189113256,Loch na gCnámh,water,natural=water,53.4300464,-9.6272099,
w189113257,Lough Shinnawinna,water,natural=water,53.4254086,-9.6018362,
w189113263,Loch Shruthán na gConaolach,water,natural=water,53.4328749,-9.6315122,
w189113264,,water,natural=water,53.4590032,-9.483422,
w189113288,,water,waterway=river,53.4058094,-9.6547363,
w189113296,,water,waterway=stream,53.4415253,-9.7074373,
w189113299,,water,waterway=river,53.4031046,-9.6194422,
w189113303,,water,waterway=stream,53.4375988,-9.6473265,
w189113308,,water,waterway=stream,53.3908208,-9.6383253,
w189113318,,water,waterway=stream,53.4469734,-9.6240897,
w189113320,,water,waterway=river,53.4505815,-9.6321943,
w189113322,,water,waterway=stream,53.4216397,-9.6522618,
w189113324,,water,waterway=stream,53.4474028,-9.605619,
w189113327,,water,waterway=stream,53.4279379,-9.6401175,
w189113339,,water,waterway=stream,53.4247216,-9.6234686,
w189113341,,water,waterway=stream,53.3951031,-9.6312869,
w189113344,,water,waterway=river,53.3916705,-9.6576476,
w189113347,,water,waterway=stream,53.4327727,-9.6513587,
w189113350,,water,waterway=stream,53.4368803,-9.7041317,
w189113359,,water,waterway=stream,53.422146,-9.6234814,
w189113372,,water,waterway=river,53.4393877,-9.6949535,
w189113377,,water,waterway=stream,53.4049343,-9.6261939,
w189113382,,water,waterway=stream,53.4365899,-9.6748477,
w189113384,,water,waterway=stream,53.4490171,-9.6205612,
w189113393,,water,waterway=stream,53.4279753,-9.6525087,
w189113396,,water,waterway=stream,53.4459123,-9.5928551,
w189113398,,water,waterway=stream,53.3920369,-9.6332824,
w189113402,,water,waterway=stream,53.4110315,-9.652538,
w189113403,,water,waterway=stream,53.4241077,-9.606927,
w189113404,,water,waterway=river,53.452047,-9.6313069,
w189113405,,water,waterway=stream,53.4027344,-9.6489378,
w189113406,,water,waterway=stream,53.4474735,-9.6359968,
w189113407,,water,waterway=stream,53.4451914,-9.5902491,
w189113408,,water,waterway=stream,53.4167301,-9.6550429,
w189113454,,water,natural=water,53.4357543,-9.6826029,
w189113460,,water,natural=water,53.3938412,-9.6211481,
w189113473,,water,natural=water,53.4465824,-9.5685065,
w189113476,,water,natural=water,53.4321801,-9.6806109,
w189113487,,water,natural=water,53.4061486,-9.6256864,
w189113488,,water,natural=water,53.4466344,-9.6317911,
w189113491,,water,natural=water,53.4457398,-9.6674859,
w189113495,,water,natural=water,53.4479634,-9.603188,
w189113501,,water,natural=water,53.4520973,-9.6254289,
w189113547,,water,natural=water,53.4382437,-9.5734102,
w189113551,,water,natural=water,53.4222184,-9.6604801,
w189113552,,water,natural=water,53.4206264,-9.6402722,
w189113553,,water,natural=water,53.4364094,-9.5703041,
w189113559,,water,natural=water,53.4453372,-9.5799172,
w189113560,,water,natural=water,53.4212402,-9.6381587,
w189113570,,water,natural=water,53.3951142,-9.6124202,
w189113574,,water,natural=water,53.4510228,-9.552904,
w189113575,,water,natural=water,53.4356369,-9.6900085,
w189113578,,water,natural=water,53.4323656,-9.6805387,
w189113580,,water,natural=water,53.4423274,-9.6615208,
w189113582,,water,natural=water,53.4387359,-9.6583557,
w189113583,,water,natural=water,53.3931886,-9.6201396,
w189113584,,water,natural=water,53.4566971,-9.5461267,
w189113590,,water,natural=water,53.4606806,-9.5274868,
w189113601,,water,natural=water,53.4158308,-9.6311152,
w189113638,,water,natural=water,53.4162785,-9.6330142,
w189113640,,water,natural=water,53.4357327,-9.6654103,
w189113642,,water,natural=water,53.4271506,-9.6804625,
w189113658,,water,natural=water,53.4468644,-9.5864082,
w189113659,,water,natural=water,53.4365884,-9.6525514,
w189113666,,water,natural=water,53.4476951,-9.5594144,
w189113667,,water,natural=water,53.4504361,-9.6540428,
w189113668,,water,natural=water,53.4472478,-9.6343231,
w189113672,,water,natural=water,53.4279168,-9.6876039,
w189113684,,water,natural=water,53.4336759,-9.676529,
w189113703,,water,natural=water,53.4102897,-9.673993,
w189113704,,water,natural=water,53.4053618,-9.6388507,
w189113705,,water,natural=water,53.4498349,-9.5484096,
w189113708,,water,natural=water,53.4337712,-9.6663938,
w189113714,,water,natural=water,53.4265033,-9.7013622,
w189113773,,water,natural=water,53.4485959,-9.6636826,
w189113777,,water,natural=water,53.450664,-9.5449602,
w189113779,,water,natural=water,53.4480657,-9.6381211,
w189113780,,water,natural=water,53.4359321,-9.6353368,
w189113784,,water,natural=water,53.4544005,-9.5245027,
w189113787,,water,natural=water,53.4468388,-9.6269114,
w189113804,,water,natural=water,53.4254533,-9.5688665,
w189113808,,water,natural=water,53.4523593,-9.6264106,
w189113823,,water,natural=water,53.4388768,-9.6674991,
w189113827,,water,natural=water,53.4340953,-9.6840758,
w189113987,,water,natural=water,53.4498739,-9.4874776,
w189113989,,water,natural=water,53.4518274,-9.5413077,
w189113992,,water,natural=water,53.4198368,-9.6720672,
w189114073,,water,natural=water,53.4553236,-9.5304358,
w189114077,,water,natural=water,53.4203067,-9.6568859,
w189114108,,water,natural=water,53.4207926,-9.6426273,
w189114241,,water,natural=water,53.4258177,-9.6225106,
w189114245,,water,natural=water,53.4543397,-9.5020044,
w189114359,,water,natural=water,53.4554961,-9.5504451,
w189114439,,water,natural=water,53.4446598,-9.5878779,
w189124973,,water,waterway=river,53.4233927,-9.5483983,
w189124975,,water,waterway=stream,53.3863952,-9.5656931,
w189124976,,water,waterway=stream,53.3847123,-9.5644482,
w189124977,,water,waterway=river,53.3851278,-9.56613,
w189124984,,water,waterway=river,53.4069525,-9.5449611,
w189124989,,water,waterway=river,53.4305938,-9.5468852,
w189125036,,water,natural=water,53.3944105,-9.5880925,
w189125042,,water,natural=water,53.3986391,-9.5999479,
w189125051,,water,natural=water,53.4177683,-9.5359289,
w189125052,,water,natural=water,53.413452,-9.5531809,
w189125053,,water,natural=water,53.3870014,-9.5638561,
w189125066,,water,natural=water,53.3953733,-9.5811617,
w189125084,,water,natural=water,53.4066602,-9.5260691,
w189125153,,water,natural=water,53.4332265,-9.5576334,
w189125177,,water,natural=water,53.3973662,-9.5743275,
w189128219,Loch Bran,water,natural=water,53.2720209,-9.6755054,
w189128259,,water,natural=water,53.2558342,-9.712044,
w189128274,,water,natural=water,53.2691656,-9.6726895,
w189128296,,water,natural=water,53.2297986,-9.7578415,
w189128313,,water,natural=water,53.2407698,-9.7271275,
w189128331,,water,natural=water,53.2592511,-9.6729577,
w189128339,,water,natural=water,53.2725374,-9.6760905,
w189136803,Loch Ghleann an Fhir Mhairbh,water,natural=water,53.2970296,-9.5830715,
w189136837,,water,natural=water,53.3093906,-9.5468992,
w189136904,,water,natural=water,53.3003639,-9.5859683,
w189136912,,water,natural=water,53.268001,-9.610784,
w189136976,,water,natural=water,53.3038004,-9.5662809,
w189136997,,water,natural=water,53.3134355,-9.5893907,
w189137024,,water,natural=water,53.3075316,-9.5468939,
w189138789,Loch an Níocháin,water,natural=water,53.3692475,-9.5651436,
w189271341,,water,natural=water,53.2406719,-9.5322007,
w189271350,,water,natural=water,53.2555349,-9.519782,
w189271352,,water,natural=water,53.2652001,-9.533397,
w189271358,,water,natural=water,53.2553199,-9.5061564,
w189271360,,water,natural=water,53.2630856,-9.5317983,
w189271368,,water,natural=water,53.2543058,-9.5203829,
w189271370,,water,natural=water,53.2557917,-9.5129156,
w189271439,,water,natural=water,53.2555927,-9.5261067,
w189271441,,water,natural=water,53.2610833,-9.5286172,
w189271454,,water,natural=water,53.2700415,-9.5360899,
w189293759,Loch an Pháiste,water,natural=water,53.2789015,-9.4893283,
w189293762,Loch an Tairbh,water,natural=water,53.2893423,-9.4960069,
w189293778,Lough Doo,water,natural=water,53.2971194,-9.2127228,
w189293783,An Loch Fhada,water,natural=water,53.2583916,-9.4732662,
w189293793,Loch an Bhric Mhóir,water,natural=water,53.2758061,-9.4057989,
w189293805,Loch Uachtar an Phaiste,water,natural=water,53.2830357,-9.4900142,
w189293809,An Lochán Beag,water,natural=water,53.2677648,-9.3938812,
w189293857,,water,natural=water,53.2598127,-9.4681227,
w189293863,,water,natural=water,53.2831063,-9.4286674,
w189293868,,water,natural=water,53.2663706,-9.4098077,
w189293884,,water,natural=water,53.2820351,-9.3807792,
w189293885,,water,natural=water,53.2830165,-9.3765467,
w189293888,,water,natural=water,53.2697893,-9.1873022,
w189293908,,water,natural=water,53.2738526,-9.4365048,
w189293914,,water,natural=water,53.2961672,-9.2885488,
w189293915,,water,natural=water,53.2673851,-9.5086402,
w189293948,,water,natural=water,53.2964044,-9.2957747,
w189293950,,water,natural=water,53.2686788,-9.4806164,
w189293951,,water,natural=water,53.2540329,-9.4563263,
w189293952,,water,natural=water,53.2579129,-9.4757509,
w189293992,,water,natural=water,53.2473763,-9.4644374,
w189293994,,water,natural=water,53.2547776,-9.4279003,
w189294033,,water,natural=water,53.2616064,-9.4447929,
w189294060,,water,natural=water,53.2869628,-9.4275355,
w189294075,,water,natural=water,53.2624599,-9.4510961,
w189294095,,water,natural=water,53.2877228,-9.4845164,
w189294098,,water,natural=water,53.2636407,-9.4222248,
w189868758,Abhainn Loch Inse,water,waterway=river,53.2611576,-9.2067154,
w189868759,Abhainn Loch Inse,water,waterway=river,53.2614769,-9.1991981,
w189868762,Srut Faunpollagh,water,waterway=stream,53.317073,-9.2720885,
w189868791,,water,waterway=stream,53.3236593,-9.2641348,
w189868792,Knock River,water,waterway=river,53.3007827,-9.2684341,
w189868793,,water,waterway=stream,53.3172838,-9.2747129,
w189868794,Loch Chnoc an Tí,water,natural=water,53.316752,-9.2744142,
w189869397,,water,natural=water,53.3120098,-9.2666797,
w189869398,,water,natural=water,53.3110391,-9.2628303,
w189872119,,water,waterway=stream,53.3102482,-9.319293,
w189872120,Loch na mBruach,water,natural=water,53.3120416,-9.3167102,
w189872126,Loch na Mónóg,water,natural=water,53.3148375,-9.3014763,
w190076436,,water,waterway=stream,53.2830906,-9.3585474,
w190106942,,water,natural=water,53.2856048,-9.4519415,
w190108475,,water,waterway=stream,53.2918073,-9.45586,
w190109117,,water,waterway=stream,53.2922161,-9.4575139,
w190109118,,water,natural=water,53.2913698,-9.4590567,
w190109460,,water,natural=water,53.2930614,-9.4462615,
w190109461,,water,natural=water,53.2932751,-9.4487813,
w190109462,,water,natural=water,53.2965246,-9.4429028,
w190112665,,water,waterway=stream,53.2904135,-9.4456167,
w190112666,,water,waterway=stream,53.2890275,-9.442344,
w190112667,,water,waterway=stream,53.280361,-9.4543327,
w190115074,Abhainn Chromghlinne,water,waterway=river,53.2443698,-9.4423538,
w190115077,,water,waterway=river,53.260622,-9.438831,
w190115078,,water,waterway=stream,53.2630226,-9.4517731,
w190124286,,water,waterway=stream,53.3099628,-9.5039419,
w190124287,,water,waterway=stream,53.298862,-9.521747,
w190124288,,water,waterway=stream,53.3032646,-9.5195349,
w190124293,,water,waterway=stream,53.2958297,-9.5241587,
w190124294,,water,waterway=stream,53.303922,-9.5174468,
w190124295,,water,waterway=stream,53.3101095,-9.505114,
w190124334,,water,natural=water,53.3042236,-9.515681,
w190124339,,water,natural=water,53.3094382,-9.5031869,
w190124365,,water,natural=water,53.2959363,-9.525227,
w190130529,,water,waterway=river,53.3369212,-9.4763662,
w190130530,,water,waterway=stream,53.329599,-9.4622069,
w190130531,,water,waterway=river,53.3364433,-9.4772662,
w190130532,,water,waterway=river,53.3351335,-9.4599124,
w190130534,,water,waterway=stream,53.330764,-9.4762793,
w190130536,,water,waterway=river,53.332207,-9.4888569,
w190130537,,water,waterway=stream,53.3233226,-9.4638762,
w190130570,,water,natural=water,53.3138874,-9.4603765,
w190130571,,water,natural=water,53.3216056,-9.4651562,
w190130582,,water,natural=water,53.3247456,-9.4640082,
w190130649,,water,natural=water,53.315509,-9.4706333,
w190130658,,water,natural=water,53.3260289,-9.4968331,
w190136117,Loch na Craoibhe,water,natural=water,53.3393386,-9.4810416,
w190136119,,water,waterway=stream,53.3289223,-9.5073193,
w190136121,,water,waterway=stream,53.3469862,-9.4818481,
w190136122,,water,waterway=river,53.3323558,-9.4940083,
w190136123,,water,waterway=stream,53.3355145,-9.4997406,
w190136124,,water,waterway=stream,53.3401608,-9.4693701,
w190136125,,water,waterway=stream,53.3476249,-9.5115606,
w190136126,,water,waterway=river,53.3326605,-9.4913811,
w190136127,,water,waterway=stream,53.3469616,-9.5175639,
w190136206,,water,natural=water,53.3338296,-9.4910826,
w190136306,,water,natural=water,53.3501158,-9.4816089,
w190251618,Loch Carraig,water,natural=water,53.3528632,-9.4558597,
w190251622,,water,waterway=river,53.3436521,-9.4508575,
w190251623,,water,waterway=stream,53.3584257,-9.5130953,
w190251624,,water,waterway=river,53.3497235,-9.4491908,
w190251625,,water,waterway=stream,53.3393823,-9.4539437,
w190251626,,water,waterway=stream,53.3712816,-9.4769928,
w190251653,,water,natural=water,53.3725538,-9.4986516,
w190251668,,water,natural=water,53.3418199,-9.4514904,
w190251691,,water,natural=water,53.358353,-9.5444993,
w190251693,,water,natural=water,53.343944,-9.5370672,
w190251813,,water,natural=water,53.3561546,-9.5112365,
w190282007,Loch Dhoire Bhanbh,water,natural=water,53.3956686,-9.5428935,
w190282116,,water,waterway=stream,53.3496661,-9.5499035,
w190282117,,water,waterway=stream,53.345961,-9.5394764,
w190282118,,water,waterway=stream,53.3617732,-9.4930894,
w190282119,,water,waterway=stream,53.4209251,-9.5385245,
w190282120,,water,waterway=stream,53.4178809,-9.5144248,
w190282124,,water,waterway=stream,53.3675846,-9.5016961,
w190282125,,water,waterway=stream,53.3577116,-9.5217075,
w190282126,,water,waterway=stream,53.3639745,-9.4902278,
w190282127,,water,waterway=stream,53.3830803,-9.5441596,
w190282128,,water,waterway=stream,53.3788886,-9.5380263,
w190282129,,water,waterway=stream,53.3967167,-9.5373819,
w190282130,,water,waterway=stream,53.4187836,-9.5219106,
w190282132,,water,waterway=stream,53.4000123,-9.5427599,
w190282134,,water,waterway=stream,53.4207798,-9.5204569,
w190282135,,water,waterway=river,53.3749174,-9.5424914,
w190282140,,water,waterway=stream,53.3973886,-9.523494,
w190282144,,water,waterway=stream,53.3777386,-9.5425433,
w190282147,,water,waterway=stream,53.4113922,-9.5370193,
w190282292,,water,natural=water,53.3638989,-9.5908284,
w190282327,,water,natural=water,53.3582694,-9.4871664,
w190282332,Loch na hAille,water,natural=water,53.3577442,-9.4897467,
w190282404,,water,natural=water,53.3898368,-9.5447844,
w190282409,,water,natural=water,53.3679357,-9.5016011,
w190282458,,water,natural=water,53.3637356,-9.4881266,
w190282555,,water,natural=water,53.3876563,-9.5339225,
w190282646,,water,natural=water,53.4210771,-9.5207343,
w190329558,,water,waterway=stream,53.449164,-9.5493765,
w190329559,,water,waterway=stream,53.4227579,-9.4794531,
w190329560,,water,waterway=stream,53.42426,-9.5235693,
w190329561,Derrygauna,water,waterway=stream,53.4186461,-9.4739408,
w190329562,,water,waterway=stream,53.4423683,-9.4773764,
w190329563,,water,waterway=stream,53.4296725,-9.4945145,
w190329564,Glashanasamearany,water,waterway=stream,53.4407387,-9.486095,
w190329565,Derrygauna,water,waterway=stream,53.4291707,-9.4868713,
w190329566,Derrygauna,water,waterway=stream,53.4232535,-9.477346,
w190329567,An Easléim,water,waterway=river,53.4470237,-9.5532914,
w190329568,Sruffaunboy,water,waterway=stream,53.4228801,-9.4958248,
w190329569,,water,waterway=stream,53.4454691,-9.5476705,
w190329570,Derrygauna,water,waterway=river,53.4351142,-9.499511,
w190329572,,water,waterway=stream,53.4451427,-9.5591017,
w190329574,,water,waterway=stream,53.4245982,-9.5220747,
w190329650,,water,natural=water,53.427678,-9.5094449,
w190329671,,water,natural=water,53.4240163,-9.5469342,
w190329685,,water,natural=water,53.4239411,-9.5447113,
w190329687,,water,natural=water,53.436689,-9.492681,
w190329689,,water,natural=water,53.4294392,-9.4825369,
w190329700,,water,natural=water,53.422765,-9.4805065,
w190329702,,water,natural=water,53.4427806,-9.5186862,
w190329708,,water,natural=water,53.4348698,-9.5356675,
w190329771,,water,natural=water,53.4290429,-9.4952292,
w190329797,,water,natural=water,53.4436454,-9.4768376,
w190329800,,water,natural=water,53.4357416,-9.4944567,
w190329835,,water,natural=water,53.4407777,-9.4741202,
w190337411,Corrasillagh,water,waterway=river,53.4306353,-9.4337257,
w190337412,,water,waterway=river,53.4244977,-9.4197244,
w190337424,,water,natural=water,53.430711,-9.4304641,
w190358405,,water,natural=water,53.4076132,-9.4549611,
w190358406,,water,waterway=stream,53.3929995,-9.4475889,
w190358407,,water,waterway=stream,53.3934748,-9.4481071,
w190358410,,water,waterway=stream,53.3945323,-9.4481336,
w190358411,,water,waterway=stream,53.3898928,-9.4471297,
w190358412,,water,waterway=stream,53.407796,-9.4667361,
w190358413,,water,waterway=stream,53.3902726,-9.4558568,
w190358414,,water,waterway=stream,53.3831145,-9.4442741,
w190358426,,water,natural=water,53.4082048,-9.4529585,
w190358429,,water,natural=water,53.4055068,-9.4467166,
w190358430,,water,natural=water,53.40382,-9.4527139,
w190358431,,water,natural=water,53.4049107,-9.4492248,
w190358434,,water,natural=water,53.404503,-9.4481303,
w190358435,,water,natural=water,53.4040146,-9.4533769,
w190358436,,water,natural=water,53.4049387,-9.4478554,
w190358439,,water,natural=water,53.4010823,-9.4520066,
w190358440,,water,natural=water,53.4040174,-9.4499451,
w190358442,,water,natural=water,53.4029256,-9.4550025,
w190358443,,water,natural=water,53.4034207,-9.4558196,
w190358444,,water,natural=water,53.4058309,-9.4461392,
w190358449,,water,natural=water,53.4042762,-9.4531989,
w190358458,,water,natural=water,53.4047531,-9.4487281,
w190358476,,water,natural=water,53.4047479,-9.4496256,
w190358488,,water,natural=water,53.4086669,-9.4543683,
w190358498,,water,natural=water,53.4036348,-9.4542747,
w190358500,,water,natural=water,53.4010625,-9.4516823,
w190360682,Lough Ateeaun,water,natural=water,53.4162057,-9.3705886,
w190360689,,water,waterway=stream,53.4132928,-9.4018732,
w190360690,,water,waterway=stream,53.3649299,-9.4499586,
w190360691,,water,waterway=stream,53.3655724,-9.4697185,
w190360692,Owenriff River,water,waterway=river,53.4190756,-9.3982406,
w190360693,,water,waterway=stream,53.4152555,-9.4036804,
w190360694,,water,waterway=stream,53.4163348,-9.4035037,
w190360695,,water,waterway=stream,53.3979312,-9.4239913,
w190360696,,water,waterway=stream,53.3875713,-9.4414986,
w190360697,,water,waterway=stream,53.3732262,-9.4481019,
w190360698,,water,waterway=stream,53.3721804,-9.4469653,
w190360699,,water,waterway=stream,53.3840894,-9.4770119,
w190360708,,water,natural=water,53.3835876,-9.4329268,
w190360711,,water,natural=water,53.4016194,-9.4331592,
w190360715,,water,natural=water,53.3981186,-9.4447655,
w190360718,,water,natural=water,53.392893,-9.4368972,
w190360719,,water,natural=water,53.395816,-9.4436503,
w190360720,,water,natural=water,53.3850467,-9.4364514,
w190362009,,water,waterway=stream,53.4306177,-9.6864853,
w190362010,,water,waterway=river,53.4593557,-9.6779129,
w190362011,,water,waterway=stream,53.4571704,-9.6858289,
w190362012,,water,waterway=stream,53.4305931,-9.6761784,
w190362013,,water,waterway=stream,53.4442958,-9.6755263,
w190362014,,water,waterway=stream,53.4311595,-9.6853839,
w190362015,,water,waterway=stream,53.4514413,-9.7069556,
w190362252,,water,waterway=stream,53.4333774,-9.6879444,
w190362253,,water,waterway=stream,53.4381269,-9.6807268,
w190362423,,water,waterway=stream,53.4424044,-9.6996746,
w190362424,,water,waterway=stream,53.4454436,-9.6882179,
w190362425,,water,waterway=stream,53.4476461,-9.7042253,
w190364226,,water,waterway=stream,53.3668392,-9.3853348,
w190364227,,water,natural=water,53.3684346,-9.384624,
w190364228,,water,natural=water,53.3668676,-9.3874581,
w190364229,Seecon Lough,water,natural=water,53.3594736,-9.3720502,
w190368875,,water,waterway=stream,53.2883935,-9.3894368,
w190370702,,water,waterway=river,53.2733415,-9.4087673,
w190370706,,water,waterway=stream,53.3061853,-9.4158733,
w190370707,,water,waterway=stream,53.2792647,-9.4106801,
w190372992,,water,waterway=stream,53.3094834,-9.4411398,
w190372995,,water,waterway=stream,53.3177718,-9.4504466,
w190372996,,water,waterway=stream,53.307926,-9.4472884,
w190372997,,water,waterway=stream,53.3005324,-9.4211055,
w190372998,,water,waterway=stream,53.2958449,-9.3761152,
w190372999,,water,waterway=stream,53.2988199,-9.3747899,
w190373000,,water,waterway=stream,53.3072571,-9.3886874,
w190373001,,water,waterway=stream,53.3177236,-9.4570794,
w190373002,,water,waterway=stream,53.29828,-9.3871536,
w190373003,,water,waterway=stream,53.2981781,-9.4081944,
w190373004,,water,waterway=stream,53.3131314,-9.457306,
w190373021,,water,natural=water,53.3088666,-9.4383064,
w190373023,,water,natural=water,53.3069138,-9.4593123,
w190373038,,water,natural=water,53.320726,-9.4319129,
w190373040,,water,natural=water,53.308615,-9.4336824,
w190373041,,water,natural=water,53.3319782,-9.4192368,
w190373046,,water,natural=water,53.3066117,-9.4494465,
w190373051,,water,natural=water,53.3146635,-9.442779,
w190373056,,water,natural=water,53.2927203,-9.3686051,
w190373060,,water,natural=water,53.2892301,-9.3704548,
w190373068,,water,natural=water,53.3012341,-9.4045489,
w190373073,,water,natural=water,53.3100369,-9.435772,
w190373086,,water,natural=water,53.3083316,-9.4562186,
w190373087,,water,natural=water,53.3110134,-9.4538425,
w190373089,,water,natural=water,53.3042004,-9.394566,
w190373090,,water,natural=water,53.3255643,-9.4392085,
w190373091,,water,natural=water,53.3098726,-9.3884612,
w190373150,,water,natural=water,53.2961435,-9.367719,
w190373185,,water,natural=water,53.315046,-9.4418333,
w190373189,,water,natural=water,53.3089992,-9.4332064,
w190374757,,water,waterway=stream,53.2431462,-9.5108895,
w190375603,Abhainn Ruibhe,water,waterway=river,53.2791696,-9.3791486,
w190450317,,water,waterway=stream,53.2433707,-9.4926424,
w190450318,,water,waterway=stream,53.2828022,-9.4919132,
w190450319,,water,waterway=stream,53.2870312,-9.4964188,
w190450320,,water,waterway=stream,53.2730567,-9.4894808,
w190450321,,water,waterway=stream,53.2787782,-9.4900101,
w190450322,,water,waterway=stream,53.2380993,-9.4950414,
w190450323,,water,waterway=stream,53.2634742,-9.4824475,
w190467387,,water,waterway=stream,53.2772931,-9.4113779,
w190483954,,water,waterway=stream,53.2843017,-9.3612737,
w190483959,,water,waterway=stream,53.3895194,-9.4256721,
w190483963,,water,waterway=river,53.3220328,-9.3578062,
w190483968,,water,waterway=river,53.3126528,-9.3477722,
w190483973,,water,waterway=stream,53.3891165,-9.4231146,
w190484325,,water,natural=water,53.3224086,-9.3991191,
w190484373,,water,natural=water,53.3456004,-9.435109,
w190484385,,water,natural=water,53.3308917,-9.3750299,
w190484410,,water,natural=water,53.333037,-9.3680549,
w190484419,,water,natural=water,53.3193207,-9.341566,
w190484554,,water,natural=water,53.3130358,-9.3630586,
w190484562,,water,natural=water,53.3130797,-9.3656194,
w190484928,Lough Callanatrush,water,natural=water,53.366832,-9.4189652,
w190485073,,water,natural=water,53.3121952,-9.3655229,
w190485078,,water,natural=water,53.3538942,-9.4316983,
w190485091,,water,natural=water,53.313163,-9.3641335,
w190485219,,water,natural=water,53.3147943,-9.3717348,
w190485225,,water,natural=water,53.3889978,-9.4235631,
w190515172,Lough Derrynamelragh,water,natural=water,53.4061775,-9.3761824,
w190515179,Lough Mall,water,natural=water,53.4203949,-9.3409602,
w190515181,Lough Nagilky,water,natural=water,53.3898654,-9.3878306,
w190515185,Loch na hAille,water,natural=water,53.3167694,-9.3190168,
w190515193,Lough Namoreleen,water,natural=water,53.3894,-9.3954568,
w190515200,Lough Tawny,water,natural=water,53.3990789,-9.3362868,
w190515277,Loughaunoran,water,natural=water,53.395802,-9.3786175,
w190515287,Lough Oughter,water,natural=water,53.3349669,-9.3434602,
w190515304,,water,waterway=stream,53.3350894,-9.341826,
w190515348,,water,natural=water,53.3768388,-9.3586286,
w190515350,,water,natural=water,53.3894727,-9.2788112,
w190515431,,water,natural=water,53.3343423,-9.3415492,
w190515441,Loch Ogúla,water,natural=water,53.3596508,-9.345696,
w190515469,,water,natural=water,53.3793845,-9.3944506,
w190515474,,water,natural=water,53.3326665,-9.3282508,
w190515488,,water,natural=water,53.3938235,-9.4020696,
w190515494,,water,natural=water,53.3772367,-9.3585517,
w190515592,,water,natural=water,53.3873097,-9.4011841,
w190515594,,water,natural=water,53.3939905,-9.4087129,
w190515595,,water,natural=water,53.338777,-9.336538,
w190515598,,water,natural=water,53.3910176,-9.4055539,
w190515648,,water,natural=water,53.3994196,-9.3482012,
w190515649,,water,natural=water,53.4422485,-9.3821558,
w190515653,,water,natural=water,53.3922757,-9.3934347,
w190515660,,water,natural=water,53.3785134,-9.3930658,
w190515662,,water,natural=water,53.4436886,-9.3866533,
w190515793,Lough Naneevin,water,natural=water,53.3928078,-9.2597794,
w190515802,,water,natural=water,53.3748877,-9.3539534,
w190515806,,water,natural=water,53.3997778,-9.3408305,
w190515917,,water,natural=water,53.4041854,-9.3697282,
w190520742,Lough Aleen,water,natural=water,53.3723842,-9.2312086,
w190520743,Lough Dolloug,water,natural=water,53.3810187,-9.2220864,
w190520806,,water,natural=water,53.3795878,-9.2425732,
w190520967,,water,natural=water,53.3783878,-9.241991,
w190521005,,water,natural=water,53.3745156,-9.2350495,
w190662293,,water,waterway=stream,53.3802867,-9.2185654,
w190662294,Lough Aceelagh,water,natural=water,53.3189699,-9.1542962,
w190953918,,water,waterway=stream,53.2661289,-9.5151849,
w190953919,,water,waterway=stream,53.2566602,-9.5091571,
w190953920,,water,waterway=stream,53.2758454,-9.5341525,
w190953921,,water,waterway=stream,53.2635303,-9.5190175,
w190953922,,water,waterway=stream,53.2310683,-9.5259717,
w190953923,,water,waterway=stream,53.2383189,-9.5154996,
w190953924,,water,waterway=stream,53.2628388,-9.5204314,
w190953925,,water,waterway=stream,53.2557123,-9.5075998,
w190953926,,water,waterway=river,53.2636557,-9.5482772,
w190953927,,water,waterway=stream,53.2759906,-9.4829688,
w190953928,,water,waterway=stream,53.2619016,-9.51747,
w191310488,,water,waterway=river,53.3260662,-9.8072974,
w191312820,,water,natural=water,53.3318821,-9.8241967,
w191312822,,water,natural=water,53.3047781,-9.8537492,
w191314527,,water,waterway=stream,53.317153,-9.8748259,
w191317116,,water,waterway=stream,53.3249919,-9.8231375,
w191317117,,water,waterway=stream,53.3126289,-9.8318202,
w191556554,,water,waterway=river,53.483677,-9.113413,
w191887445,,water,natural=water,53.2340939,-9.6592648,
w192031573,,water,waterway=river,53.2514067,-9.7017395,
w192031578,,water,waterway=stream,53.2519047,-9.6930849,
w192031582,,water,waterway=stream,53.2462008,-9.6833073,
w192043982,,water,waterway=river,53.3196471,-9.5844841,
w192048371,,water,waterway=stream,53.3093001,-9.6063213,
w192048374,,water,waterway=stream,53.3092489,-9.6063396,
w192048376,,water,waterway=stream,53.3101888,-9.6082858,
w192048379,,water,waterway=stream,53.3094828,-9.6062471,
w192942200,Nagilkagh Lough,water,natural=water,52.9972948,-8.754754,
w193555641,,water,waterway=stream,53.4324873,-10.030952,
w193561360,,water,waterway=river,53.4096673,-10.0346152,
w193561361,,water,waterway=stream,53.4192369,-10.0308846,
w193561362,,water,waterway=river,53.4085514,-10.0311295,
w193561363,,water,waterway=river,53.4108449,-10.0319774,
w193684320,,water,waterway=stream,53.1397764,-8.2459222,
w193684321,,water,waterway=stream,53.112971,-8.2273026,
w193684322,,water,waterway=stream,53.0844446,-8.2241148,
w193684323,,water,waterway=stream,53.1275137,-8.240435,
w193684324,,water,waterway=stream,53.0917161,-8.2341325,
w193684325,,water,waterway=stream,53.0905112,-8.2343849,
w193684326,,water,waterway=stream,53.1190203,-8.2157693,
w193684327,,water,waterway=stream,53.1377503,-8.2359636,
w193684328,,water,waterway=stream,53.1267631,-8.2359745,
w193684329,,water,waterway=stream,53.1185187,-8.2152655,
w193684330,,water,waterway=stream,53.0968387,-8.2495438,
w193684332,,water,waterway=stream,53.0911123,-8.2343272,
w193684333,,water,waterway=stream,53.1411413,-8.2363703,
w193684336,,water,waterway=stream,53.1150854,-8.2259742,
w193804375,Duniry River,water,waterway=stream,53.1043557,-8.5479917,
w193804376,,water,waterway=stream,53.093634,-8.5399053,
w193804377,,water,waterway=stream,53.1470291,-8.5110436,
w193804378,,water,waterway=river,53.1394687,-8.5601173,
w194149881,,water,natural=wetland,53.4420217,-8.6634673,
w194647933,Ahascragh River,water,waterway=river,53.3715234,-8.2898774,
w195587481,,water,waterway=stream,53.0868183,-8.2358158,
w195587482,,water,waterway=stream,53.0869943,-8.2358988,
w195587483,,water,waterway=stream,53.0861329,-8.2328909,
w195587484,,water,waterway=stream,53.0865194,-8.2346074,
w195587485,,water,waterway=stream,53.089218,-8.2439515,
w195793896,,water,waterway=stream,53.4791938,-10.0845426,
w195793897,,water,waterway=stream,53.4794685,-10.0782197,
w195793898,,water,waterway=stream,53.4780426,-10.0884271,
w195866783,,water,waterway=stream,53.4777629,-10.0006927,
w195866784,,water,waterway=stream,53.4805315,-9.98597,
w195866785,,water,waterway=stream,53.4801636,-9.9862575,
w195866786,,water,waterway=stream,53.479224,-9.9876103,
w195866787,,water,waterway=stream,53.4775799,-10.0019789,
w195866788,,water,waterway=stream,53.4785995,-9.9795775,
w195933647,,water,waterway=river,53.5585803,-9.8704154,
w195959741,,water,waterway=stream,53.4751988,-9.941697,
w195959742,,water,waterway=stream,53.4579941,-9.9092272,
w195959745,,water,waterway=stream,53.4606148,-9.9095471,
w195959747,,water,waterway=stream,53.4704806,-9.9471926,
w195959748,,water,waterway=stream,53.4793815,-9.929932,
w195959750,,water,waterway=stream,53.4787277,-9.9339205,
w195959752,,water,waterway=river,53.463506,-10.0014129,
w195959759,,water,waterway=stream,53.4721074,-9.9564215,
w195959775,,water,natural=water,53.4623032,-10.0170758,
w195980266,,water,waterway=stream,53.4471027,-9.8943692,
w195980267,,water,natural=water,53.4580963,-9.892677,
w195980268,,water,natural=water,53.4585057,-9.9073663,
w196122330,,water,waterway=stream,53.4448239,-9.8890892,
w196122331,,water,waterway=stream,53.4424592,-9.8833615,
w196263660,,water,waterway=stream,53.4588731,-10.0156416,
w196263661,,water,waterway=stream,53.4514257,-10.0121325,
w196283926,,water,waterway=stream,53.4509945,-10.0565875,
w196294008,,water,waterway=stream,53.4396344,-10.0348216,
w196294009,,water,waterway=stream,53.4399193,-10.0276106,
w196297844,,water,waterway=stream,53.4603315,-10.0296312,
w196300432,,water,waterway=stream,53.4098152,-10.0215825,
w196300433,,water,waterway=stream,53.4123137,-10.0180564,
w196302542,,water,waterway=stream,53.4115053,-10.0048283,
w196302543,,water,waterway=river,53.4132502,-10.0083839,
w196302544,,water,waterway=stream,53.4124937,-10.0092679,
w196302545,,water,waterway=stream,53.4124436,-10.0075445,
w196302546,,water,natural=water,53.4142269,-10.008885,
w196359916,,water,waterway=stream,53.4205193,-9.996593,
w196359917,,water,waterway=stream,53.4197875,-10.0006136,
w196359918,,water,waterway=stream,53.405615,-9.9890584,
w196359919,,water,waterway=stream,53.4213925,-9.9942783,
w196359920,,water,waterway=stream,53.4194185,-9.9993653,
w196359921,,water,waterway=stream,53.4071538,-9.9720231,
w196359934,,water,waterway=stream,53.4210164,-9.9895962,
w196359947,,water,waterway=stream,53.408446,-9.9888652,
w196381630,,water,natural=water,53.4112074,-9.919002,
w196385713,,water,waterway=stream,53.4330108,-9.9015363,
w196385714,,water,waterway=stream,53.4175903,-9.9306407,
w196385715,,water,waterway=stream,53.4187683,-9.9098883,
w196385716,,water,waterway=stream,53.4331239,-9.9030697,
w196385717,,water,waterway=stream,53.4192302,-9.9102393,
w196385718,,water,waterway=stream,53.4192652,-9.9103127,
w196385719,,water,waterway=stream,53.4192991,-9.910161,
w196385720,,water,waterway=stream,53.4263468,-9.9070265,
w196385721,,water,waterway=stream,53.4278613,-9.9017834,
w196385722,,water,waterway=stream,53.4191889,-9.9100419,
w196385723,,water,waterway=stream,53.4269828,-9.8853499,
w196385729,,water,natural=water,53.4294148,-9.8798856,
w196424614,,water,natural=water,53.4534932,-9.9476641,
w196781572,Barnahallia Lough,water,natural=water,53.5323073,-10.1222424,
w196794538,Lough Breenbannia,water,natural=water,53.4986569,-10.0233775,
w196794539,Loughaunphaudeen,water,natural=water,53.530966,-9.9974888,
w196794654,,water,natural=water,53.4897148,-9.9641624,
w196795965,,water,natural=water,53.5712692,-9.9070555,
w196796212,,water,natural=water,53.5850284,-9.7941184,
w196927183,Polladirk River,water,waterway=river,53.5336824,-9.8891278,
w196927223,,water,waterway=stream,53.5238195,-9.9005258,
w196927239,,water,waterway=stream,53.5297066,-9.8724108,
w196927255,,water,natural=water,53.4829831,-9.8953611,
w196927273,,water,natural=water,53.4859613,-9.9019056,
w196927288,Loughaun,water,natural=water,53.5235455,-9.9096626,
w196928966,,water,natural=water,53.5208252,-9.6887666,
w196929863,Faddaun Lough,water,natural=water,53.0162613,-8.8680642,
w196929864,Lough Aslaun,water,natural=water,53.0093449,-8.8773501,
w196931219,Curtaun Lough,water,natural=water,53.0050971,-8.8720071,
w197058695,,water,natural=water,53.5159771,-9.4348255,
w197058696,,water,natural=water,53.5148889,-9.4344396,
w197058699,,water,natural=water,53.5141649,-9.4393209,
w197060928,Owenglin River,water,waterway=river,53.515775,-9.8449006,
w197061081,,water,waterway=stream,53.4354007,-9.8877175,
w197061088,,water,waterway=river,53.443454,-9.880507,
w197061090,,water,natural=water,53.4941312,-9.9832588,
w197061092,,water,natural=water,53.4654446,-9.853318,
w197391430,,water,waterway=stream,53.4776483,-9.8933485,
w197391431,,water,waterway=stream,53.4764574,-9.8916445,
w197391432,,water,waterway=stream,53.4819802,-9.8960088,
w197409213,,water,natural=wetland,53.4830552,-9.8793135,
w197409214,,water,waterway=stream,53.4803896,-9.8757268,
w197409215,,water,waterway=stream,53.4814418,-9.8854052,
w197409216,,water,waterway=stream,53.4794859,-9.8801405,
w197409243,,water,waterway=stream,53.4774096,-9.8847401,
w197409244,,water,waterway=stream,53.4788485,-9.8847532,
w197409245,,water,waterway=stream,53.4802577,-9.8869713,
w197409246,,water,waterway=stream,53.4804585,-9.8868776,
w197409247,,water,waterway=stream,53.4779222,-9.8837655,
w197409248,,water,waterway=stream,53.4791163,-9.8833467,
w197409395,,water,waterway=stream,53.4766185,-9.8861254,
w197409396,,water,waterway=stream,53.4746565,-9.887897,
w197721732,,water,natural=water,53.0152932,-8.7932629,
w197723357,Ardamullivan Lough,water,natural=water,53.0051772,-8.8321034,
w197723358,Colman's Lough,water,natural=water,53.0173144,-8.8311211,
w197815559,,water,natural=water,53.4419233,-9.9027693,
w197849327,,water,waterway=river,53.2269141,-8.5899718,
w197849328,,water,waterway=stream,53.242311,-8.593801,
w197849329,,water,waterway=stream,53.2565448,-8.6001949,
w197849330,,water,waterway=river,53.2076196,-8.5651376,
w197849331,,water,waterway=stream,53.256835,-8.5994062,
w197849333,,water,waterway=stream,53.2420056,-8.5922269,
w197849334,,water,waterway=river,53.2074794,-8.5650979,
w197849335,,water,waterway=river,53.2235548,-8.5826404,
w198385445,Dalgan,water,waterway=river,53.6463185,-8.8666558,
w198533297,,water,waterway=stream,53.4357418,-9.7525486,
w198533305,,water,waterway=stream,53.4404018,-9.7367549,
w198533308,,water,waterway=stream,53.4437109,-9.7399598,
w198533312,,water,natural=water,53.4383946,-9.7581006,
w198546679,,water,waterway=stream,53.4472283,-9.7482617,
w198546680,,water,waterway=stream,53.4491133,-9.7875635,
w198546681,,water,waterway=stream,53.4489715,-9.7633116,
w198546686,,water,waterway=stream,53.4463334,-9.7494069,
w198546687,,water,waterway=stream,53.4408358,-9.7686374,
w198546688,,water,waterway=stream,53.4448599,-9.7854026,
w198546689,,water,waterway=stream,53.4341654,-9.7883047,
w198546690,,water,waterway=stream,53.4464442,-9.7491057,
w198546691,,water,waterway=stream,53.4462656,-9.750782,
w198546692,,water,waterway=stream,53.4349382,-9.7856006,
w198549863,Glencoaghan River,water,waterway=river,53.4884272,-9.8067486,
w198549866,,water,waterway=stream,53.4920847,-9.8164944,
w198549867,,water,waterway=stream,53.488074,-9.8184293,
w198549868,,water,waterway=stream,53.4936432,-9.8095136,
w198549869,,water,waterway=stream,53.4938987,-9.8093159,
w198549870,,water,waterway=stream,53.4935325,-9.809678,
w198549871,,water,waterway=stream,53.5008201,-9.8151675,
w198549872,,water,waterway=stream,53.4993086,-9.8038851,
w198549873,,water,waterway=stream,53.4931102,-9.8096825,
w198549874,,water,waterway=stream,53.4904695,-9.8088994,
w198549875,,water,waterway=stream,53.4961184,-9.7963592,
w198549876,,water,waterway=stream,53.4898345,-9.8086295,
w198549877,,water,waterway=stream,53.4883895,-9.8117119,
w198550247,,water,waterway=river,53.4637484,-9.8049235,
w198558221,,water,waterway=river,53.4676578,-9.7539144,
w198558222,,water,waterway=stream,53.4723805,-9.7360792,
w198558223,,water,waterway=river,53.467076,-9.7633995,
w198558224,,water,waterway=stream,53.479887,-9.7323346,
w198659979,,water,waterway=river,53.4862,-9.7454065,
w198659980,,water,waterway=stream,53.4900603,-9.7442099,
w198659981,,water,waterway=river,53.4876304,-9.7454559,
w198659983,,water,natural=water,53.4904179,-9.7433141,
w198689694,,water,waterway=stream,53.4404497,-9.9004562,
w198689695,,water,waterway=stream,53.4493243,-9.886148,
w198689696,,water,waterway=stream,53.4635734,-9.8764356,
w198689697,,water,waterway=stream,53.4510317,-9.8478763,
w198689698,,water,waterway=stream,53.4865257,-9.8493479,
w198689699,,water,waterway=stream,53.4767927,-9.8710289,
w198689700,,water,waterway=stream,53.4495859,-9.8968,
w198690977,,water,waterway=stream,53.4493345,-9.8524172,
w198690978,,water,waterway=stream,53.4480911,-9.8526833,
w198690979,,water,natural=water,53.4475499,-9.8493148,
w198702327,,water,waterway=stream,53.5277011,-9.7414421,
w198702328,,water,waterway=stream,53.5287688,-9.7186332,
w198702329,,water,waterway=stream,53.5179368,-9.7189393,
w198702330,,water,waterway=stream,53.5279559,-9.7066946,
w198702331,,water,waterway=stream,53.5280568,-9.71995,
w198702332,,water,waterway=stream,53.5249403,-9.7191305,
w198702333,,water,waterway=stream,53.5391178,-9.754812,
w198702334,,water,waterway=stream,53.5376436,-9.7436229,
w198702335,,water,waterway=river,53.5193611,-9.7240173,
w198702336,,water,waterway=stream,53.5181981,-9.7191043,
w198702337,,water,natural=water,53.5298133,-9.7111489,
w198702338,,water,natural=water,53.5292342,-9.705404,
w198708414,,water,waterway=stream,53.5152247,-9.7609802,
w198708415,,water,waterway=stream,53.5111923,-9.7611255,
w198708416,,water,waterway=stream,53.5125656,-9.7828521,
w198708418,,water,waterway=stream,53.5143793,-9.7611017,
w198708419,,water,waterway=stream,53.480801,-9.7628661,
w198708420,,water,waterway=stream,53.5129821,-9.7770222,
w198708421,,water,waterway=stream,53.5052459,-9.7632695,
w198708422,,water,waterway=stream,53.5133369,-9.783336,
w198708423,,water,waterway=stream,53.5113685,-9.7761778,
w198708426,,water,natural=water,53.4816266,-9.7633476,
w198709898,Owenwee River,water,waterway=river,53.4671256,-9.4900738,
w198709913,,water,waterway=river,53.4709186,-9.5168048,
w198709914,,water,waterway=stream,53.4695291,-9.522735,
w198709915,,water,waterway=stream,53.4648282,-9.5158035,
w198709916,,water,waterway=stream,53.4659417,-9.5081583,
w198709917,,water,waterway=stream,53.4618027,-9.4835677,
w198709918,,water,waterway=stream,53.4665928,-9.5298764,
w198709919,,water,waterway=river,53.4715825,-9.5376637,
w198709920,,water,waterway=stream,53.4689585,-9.5273864,
w198717570,,water,natural=water,53.3192191,-9.2802746,
w198717571,Loch Fada,water,natural=water,53.3447321,-9.3054729,
w198717572,Loch an Ghleanna,water,natural=water,53.3641056,-9.3317252,
w198717574,Lough Naweelan Beg,water,natural=water,53.3484574,-9.31948,
w198717576,An Loch Beag,water,natural=water,53.3327012,-9.3113617,
w198717577,An Loch Beag,water,natural=water,53.3140637,-9.2949061,
w198717578,Tullaghnanoonbeg Lough,water,natural=water,53.3351086,-9.2932447,
w198717579,,water,natural=water,53.3350119,-9.3038706,
w198717580,Loch na Cloiche Báine,water,natural=water,53.3171466,-9.2852643,
w198717582,,water,natural=water,53.324747,-9.31585,
w198717584,,water,natural=water,53.3706957,-9.2986482,
w198717586,,water,natural=water,53.3732417,-9.2991399,
w198717620,An Loch Beag,water,natural=water,53.3171444,-9.2783144,
w198717629,,water,natural=water,53.3689744,-9.303522,
w198717635,,water,natural=water,53.3703431,-9.3057321,
w198718644,,water,waterway=stream,53.3177294,-9.2779139,
w198718645,,water,waterway=stream,53.3188388,-9.2848025,
w198718646,,water,waterway=stream,53.3229888,-9.2927119,
w198718647,,water,waterway=stream,53.3284826,-9.3011778,
w198719547,Loch an Doirín,water,natural=water,53.3432486,-9.2411257,
w198719548,Loch an Chip,water,natural=water,53.3236139,-9.2467588,
w198719549,Loughaunlettry,water,natural=water,53.3705571,-9.3205143,
w198719550,,water,waterway=stream,53.3332868,-9.25852,
w198719551,,water,natural=water,53.3702676,-9.3177762,
w198719552,,water,natural=water,53.3427509,-9.3271986,
w198719553,,water,natural=water,53.3428885,-9.3292366,
w199087917,,water,waterway=stream,53.3221549,-9.4267971,
w199087918,,water,waterway=stream,53.3230584,-9.4290852,
w199087919,,water,waterway=stream,53.3251681,-9.4332583,
w199087920,,water,waterway=stream,53.3228359,-9.4337734,
w199087923,,water,waterway=stream,53.3281664,-9.4378781,
w199087925,,water,natural=water,53.3233124,-9.429171,
w199087930,,water,natural=water,53.3226513,-9.4287315,
w199274110,,water,natural=water,53.3146254,-9.4183001,
w199371652,,water,waterway=stream,53.3186249,-9.4098191,
w199371653,,water,waterway=stream,53.3382094,-9.314309,
w199371654,,water,waterway=stream,53.3210254,-9.4067582,
w199371655,,water,waterway=stream,53.3432123,-9.3087608,
w199371656,,water,natural=water,53.3398628,-9.3984757,
w199371657,,water,natural=water,53.3292771,-9.4088313,
w199371658,,water,natural=water,53.346507,-9.4147935,
w199426415,,water,waterway=stream,53.3991137,-9.375209,
w199426416,,water,waterway=stream,53.4048365,-9.372803,
w199426417,,water,waterway=stream,53.4012947,-9.3673192,
w199426418,,water,waterway=stream,53.3996207,-9.3686447,
w199426420,,water,waterway=stream,53.4105745,-9.3819141,
w199426421,,water,waterway=stream,53.3973233,-9.3696018,
w199427817,An Sruthán Beag,water,waterway=river,53.3438331,-9.3241864,
w199427822,,water,waterway=stream,53.3709459,-9.410856,
w199427823,,water,waterway=stream,53.3347537,-9.3187394,
w199427824,,water,waterway=stream,53.366258,-9.3557558,
w199427825,,water,waterway=river,53.3277011,-9.3184042,
w199427826,,water,waterway=stream,53.3740849,-9.3541669,
w199427827,,water,waterway=stream,53.3493474,-9.3950698,
w199427828,,water,waterway=stream,53.362037,-9.3873299,
w199427829,,water,waterway=stream,53.3607025,-9.3322634,
w199427830,,water,waterway=stream,53.3389049,-9.3208176,
w199427831,,water,waterway=stream,53.3620406,-9.3599291,
w199427832,,water,waterway=stream,53.3660203,-9.4193758,
w199427833,,water,natural=water,53.3396667,-9.3238204,
w199554176,,water,waterway=stream,53.383816,-9.377315,
w199554243,,water,waterway=stream,53.3910492,-9.313853,
w199554245,,water,waterway=stream,53.3892098,-9.3177212,
w199554249,,water,waterway=stream,53.3874724,-9.3246742,
w199554253,,water,waterway=stream,53.3885723,-9.3179969,
w199554260,,water,waterway=stream,53.3916787,-9.4073717,
w199554263,,water,waterway=stream,53.3814728,-9.3854521,
w199554264,,water,waterway=stream,53.3923292,-9.3124392,
w199554265,,water,waterway=stream,53.3954801,-9.3168299,
w199554266,Drimneen,water,waterway=river,53.3889738,-9.2954625,
w199564333,Leiler River,water,waterway=river,53.3679741,-9.2950177,
w199564341,Abhainn na nArd Doiriú,water,waterway=river,53.3634031,-9.2838044,
w199564370,Abhainn Bhoth Loiscthe,water,waterway=river,53.3208461,-9.3246345,
w199564372,Abhainn Bhoth Loiscthe,water,waterway=river,53.3179381,-9.3244162,
w199564383,Abhainn Bhoth Loiscthe,water,waterway=river,53.3197491,-9.3229642,
w199564414,,water,waterway=stream,53.3240957,-9.3271827,
w199564415,,water,waterway=river,53.3167486,-9.3388635,
w199564416,,water,waterway=stream,53.327725,-9.3523157,
w199564417,,water,waterway=stream,53.3664299,-9.2964021,
w199564419,,water,waterway=stream,53.3412553,-9.3720698,
w199564420,,water,waterway=stream,53.3135026,-9.2958229,
w199564421,,water,waterway=stream,53.3163533,-9.3222269,
w199564422,,water,waterway=stream,53.3320087,-9.3695835,
w199564425,,water,waterway=stream,53.3249676,-9.3222236,
w199564426,,water,waterway=stream,53.3158527,-9.3954569,
w199564428,,water,waterway=stream,53.365376,-9.3232248,
w199564429,,water,waterway=stream,53.3856413,-9.2734726,
w199564430,,water,waterway=stream,53.354912,-9.4239568,
w199564431,,water,waterway=stream,53.3089925,-9.3075287,
w199564432,,water,waterway=stream,53.3222775,-9.325013,
w199564433,,water,waterway=stream,53.3258654,-9.3500806,
w199564434,,water,waterway=stream,53.3223586,-9.3255431,
w199564435,,water,waterway=stream,53.3046382,-9.322114,
w199564436,,water,waterway=stream,53.3369528,-9.3867822,
w199568778,,water,natural=water,53.3768565,-9.3045177,
w199581806,,water,waterway=river,53.3272073,-9.3118101,
w199664032,,water,natural=water,53.3754885,-9.4617595,
w199713862,Failmore River,water,waterway=river,53.5075499,-9.579111,
w199713865,,water,waterway=stream,53.5542511,-9.6438741,
w199713869,,water,waterway=river,53.504862,-9.6094599,
w199713871,,water,waterway=river,53.5078958,-9.545343,
w199713872,,water,waterway=stream,53.5329518,-9.6130775,
w199726287,,water,waterway=stream,53.3878753,-9.366136,
w199726540,,water,waterway=stream,53.3910326,-9.3686655,
w199726541,,water,waterway=stream,53.3809505,-9.3625824,
w199729015,,water,natural=water,53.5427754,-9.2879497,
w199734310,,water,waterway=river,53.542204,-9.2847883,
w199734314,,water,waterway=river,53.5420736,-9.2883656,
w199734318,,water,natural=water,53.5419811,-9.291689,
w199734320,,water,natural=water,53.5420379,-9.2922901,
w199741593,,water,natural=water,53.3087297,-9.3923912,
w199747331,,water,waterway=stream,53.3903847,-9.325751,
w199747334,,water,waterway=stream,53.3900225,-9.3261619,
w199801165,,water,natural=water,53.508725,-9.5496097,
w199880509,,water,waterway=stream,53.3887006,-9.284109,
w199880521,,water,natural=water,53.3638737,-9.3138773,
w199880522,,water,natural=water,53.3753468,-9.3108454,
w199880528,,water,natural=water,53.3753308,-9.3104277,
w199880533,,water,natural=water,53.3865943,-9.2798517,
w199880538,,water,natural=water,53.3747365,-9.3106633,
w199885687,,water,waterway=stream,53.3533706,-9.3146392,
w199924187,,water,waterway=stream,53.3470364,-9.3215031,
w199924188,,water,waterway=stream,53.3387448,-9.3532028,
w199924189,,water,waterway=stream,53.3303798,-9.3329437,
w199924190,,water,waterway=stream,53.3384232,-9.3544502,
w199924191,,water,waterway=stream,53.3443773,-9.3452379,
w200043414,,water,waterway=stream,53.4078523,-9.4307147,
w200054603,Lough Briskeen,water,natural=water,53.0549261,-8.8736472,
w201181404,,water,natural=water,53.5502405,-9.3527118,
w202147576,Gaol River,water,waterway=canal,53.2734143,-9.0574805,
w202147577,Gaol River,water,waterway=canal,53.272836,-9.0568131,
w202172541,Cappagh,water,waterway=river,53.1292288,-8.4141544,
w202172542,Cappagh,water,waterway=river,53.0858106,-8.3044503,
w202338782,Terryland River,water,waterway=river,53.2828973,-9.0557781,
w202338783,Terryland River,water,waterway=river,53.2842006,-9.0586903,
w202339092,Terryland River,water,waterway=river,53.2818085,-9.0512479,
w202339093,Terryland River,water,waterway=river,53.282412,-9.0498638,
w202339313,Terryland River,water,waterway=river,53.2829083,-9.0473102,
w202339314,Terryland River,water,waterway=river,53.2830983,-9.0487612,
w202339974,Terryland River,water,waterway=river,53.2853901,-9.0422065,
w202339975,Terryland River,water,waterway=river,53.2860249,-9.0416778,
w203034474,Sruffa,water,waterway=stream,53.4737471,-9.6502766,
w203034487,,water,natural=water,53.4706683,-9.6730488,
w203034492,,water,natural=water,53.490594,-9.6475213,
w203034493,,water,natural=water,53.4810302,-9.669849,
w203034507,,water,natural=water,53.478528,-9.6761408,
w203034509,,water,natural=water,53.464243,-9.681779,
w203034512,,water,natural=water,53.4630139,-9.6785214,
w203034516,,water,natural=water,53.4704241,-9.679013,
w203036558,,water,waterway=stream,53.5072172,-9.6945606,
w203036559,,water,waterway=stream,53.5097697,-9.6977609,
w203036560,,water,waterway=stream,53.5132954,-9.6898422,
w203036561,,water,waterway=stream,53.5080562,-9.696884,
w203036562,,water,waterway=stream,53.5164637,-9.6972325,
w203044800,,water,waterway=stream,53.4949474,-9.6772672,
w203044811,,water,waterway=stream,53.4928128,-9.6752733,
w203044818,,water,waterway=stream,53.4914015,-9.6788767,
w203044819,,water,waterway=stream,53.4892288,-9.6771398,
w203044820,,water,waterway=stream,53.4938176,-9.6814684,
w203044822,,water,waterway=stream,53.4955944,-9.6839173,
w203044823,,water,waterway=stream,53.4959954,-9.6846606,
w203044824,,water,waterway=stream,53.4893729,-9.6768072,
w203044826,,water,waterway=stream,53.4914775,-9.6826941,
w203044830,,water,waterway=stream,53.4956571,-9.6851112,
w203044833,,water,waterway=stream,53.4991706,-9.6796053,
w203044855,,water,waterway=stream,53.4846382,-9.6834658,
w203044870,,water,waterway=stream,53.4954077,-9.6847385,
w203044871,,water,waterway=stream,53.4931969,-9.6841959,
w203044872,,water,waterway=stream,53.4968782,-9.6820798,
w203044873,,water,waterway=stream,53.4960621,-9.6815355,
w203044874,,water,waterway=stream,53.5039642,-9.6736096,
w203138405,,water,waterway=stream,53.40301,-9.5977045,
w203140452,Knockboy Lough,water,natural=water,53.3502836,-9.8361494,
w203143683,Streamstown River,water,waterway=stream,53.5120725,-10.0268468,
w203143684,,water,waterway=stream,53.5047421,-10.013699,
w203153082,,water,waterway=stream,53.5053291,-9.9710315,
w203153083,,water,waterway=stream,53.5179553,-9.9879857,
w203154133,,water,waterway=stream,53.5128935,-9.9406814,
w203154134,,water,waterway=stream,53.5153562,-9.9648205,
w203221069,Abhainn na Bánóige,water,waterway=river,53.5373797,-9.9455673,
w203221073,,water,waterway=stream,53.5357872,-9.928223,
w203221074,,water,waterway=stream,53.5440877,-9.9288704,
w203221101,,water,waterway=stream,53.5238145,-9.9215697,
w203221103,,water,waterway=stream,53.5345589,-9.9170665,
w203221105,,water,natural=water,53.5242209,-9.9113235,
w203221106,,water,natural=water,53.5248789,-9.9105333,
w203312809,,water,waterway=stream,53.5252386,-9.9032652,
w203312810,,water,waterway=stream,53.507309,-9.9614538,
w203313524,Trabeen River,water,waterway=river,53.5351242,-9.9638275,
w203313528,,water,waterway=stream,53.5261387,-9.9640513,
w203313529,,water,waterway=stream,53.516238,-9.9511182,
w203313530,,water,waterway=stream,53.5146327,-9.9353949,
w203313531,,water,waterway=stream,53.5187847,-9.9602957,
w203313532,,water,waterway=stream,53.5118135,-9.965718,
w203313533,,water,waterway=stream,53.5276988,-9.9536594,
w203313534,,water,waterway=stream,53.5155982,-9.9714567,
w203402693,,water,waterway=stream,53.5268747,-9.9967836,
w203402694,,water,waterway=stream,53.5307929,-9.9898632,
w203402695,,water,waterway=stream,53.5139583,-9.9927882,
w203403657,,water,waterway=stream,53.5317466,-10.0035386,
w203403658,,water,waterway=stream,53.5317017,-9.9904734,
w203403659,,water,waterway=stream,53.5313606,-10.0100767,
w203403660,,water,waterway=stream,53.5317972,-9.9751131,
w203403661,,water,waterway=stream,53.5314072,-9.9827369,
w203406899,,water,waterway=stream,53.5324471,-10.0024852,
w203421888,,water,waterway=stream,53.5136938,-9.8843912,
w203421890,,water,waterway=stream,53.5138169,-9.8835823,
w203421891,,water,waterway=stream,53.5100738,-9.8796933,
w203421892,,water,waterway=stream,53.5142775,-9.882078,
w203430461,,water,waterway=stream,53.4940358,-9.8474857,
w203430462,,water,waterway=stream,53.5096444,-9.8829479,
w203430463,,water,waterway=stream,53.5036686,-9.8592494,
w203430464,,water,waterway=stream,53.5120259,-9.8329817,
w203430465,,water,waterway=stream,53.5086086,-9.8830827,
w203430466,,water,waterway=stream,53.5091921,-9.8517608,
w203430467,,water,waterway=stream,53.494481,-9.8478866,
w203430469,,water,waterway=stream,53.5065138,-9.8541935,
w203430470,,water,waterway=stream,53.4962981,-9.8509914,
w203910893,,water,waterway=stream,53.5378084,-9.6759994,
w203910894,,water,waterway=stream,53.5375368,-9.6756237,
w203910895,,water,waterway=stream,53.5413705,-9.6785369,
w203910897,,water,waterway=stream,53.5364563,-9.6736335,
w203912731,,water,waterway=stream,53.5380986,-9.6725412,
w203912739,,water,waterway=stream,53.5379803,-9.6707624,
w203920132,,water,waterway=stream,53.3500949,-9.3116294,
w203920133,,water,waterway=stream,53.3517463,-9.3133855,
w203943835,,water,natural=water,53.0991461,-8.6013838,
w203943836,,water,natural=water,53.0923284,-8.6887503,
w203956253,Lough Belsrah,water,natural=water,53.1319356,-8.6470684,
w203962640,Shiven,water,waterway=river,53.4931802,-8.3223286,
w209286639,,water,waterway=stream,53.2614501,-9.3921762,
w209286647,,water,waterway=stream,53.2484578,-9.3919758,
w209287066,,water,waterway=stream,53.2410955,-9.3925625,
w209321805,Brick Lough,water,natural=water,53.1747431,-8.5459487,
w211135976,,water,waterway=stream,53.5835119,-9.5563995,
w211135977,,water,waterway=stream,53.5812894,-9.5566214,
w211906275,Distillery River,water,waterway=canal,53.2800582,-9.0607423,
w211906278,Distillery River,water,waterway=canal,53.2801772,-9.0608387,
w211906279,Distillery River,water,waterway=canal,53.2799069,-9.0606229,
w211906280,Distillery River,water,waterway=canal,53.2813594,-9.0618317,
w211906282,Distillery River,water,waterway=canal,53.2793772,-9.0602167,
w211906283,Distillery River,water,waterway=canal,53.2810149,-9.0615842,
w211906286,Distillery River,water,waterway=canal,53.280787,-9.0614114,
w211906288,Distillery River,water,waterway=canal,53.2788491,-9.059814,
w211906290,Distillery River,water,waterway=canal,53.281902,-9.0620453,
w211906293,Distillery River,water,waterway=canal,53.2816782,-9.0620417,
w211906294,Distillery River,water,waterway=canal,53.2804941,-9.0611347,
w211906295,Distillery River,water,waterway=canal,53.2784949,-9.0595524,
w211922993,Distillery River,water,waterway=canal,53.2781635,-9.0593094,
w211922994,Distillery River,water,waterway=canal,53.2775436,-9.0588952,
w211922995,Distillery River,water,waterway=canal,53.2778526,-9.0590979,
w211922996,Distillery River,water,waterway=canal,53.2773856,-9.0588185,
w215079348,Abhainn Bhoth Loiscthe,water,waterway=river,53.2737589,-9.308343,
w215535454,Lough Bofin,water,natural=water,53.6189875,-10.2292546,
w215535459,Lough Fawna,water,natural=water,53.6208943,-10.2162499,
w216705574,,water,waterway=stream,53.4267576,-9.3711469,
w216910305,,water,natural=water,53.4436106,-9.4590373,
w217368739,,water,waterway=stream,53.4522942,-9.5810288,
w217376740,,water,waterway=stream,53.4603979,-9.5764328,
w217376741,,water,waterway=stream,53.4679536,-9.5906292,
w217376742,,water,waterway=stream,53.4786711,-9.6160361,
w217376743,,water,waterway=stream,53.4596927,-9.5700488,
w217478125,,water,waterway=stream,53.4487972,-9.6203896,
w217478126,,water,waterway=stream,53.4476909,-9.6195362,
w217497955,Owentooey River,water,waterway=river,53.4960918,-9.6935698,
w217497960,,water,waterway=stream,53.4863318,-9.650786,
w217497961,,water,waterway=stream,53.4885829,-9.6563229,
w217497964,,water,waterway=stream,53.4827137,-9.6529943,
w217497966,,water,natural=water,53.4665977,-9.7024,
w217505597,Recess River,water,waterway=river,53.4634241,-9.7253375,
w217505598,Sruffa,water,waterway=stream,53.469504,-9.6535496,
w217505599,Sruffa,water,waterway=stream,53.4676927,-9.6600145,
w217505630,,water,waterway=stream,53.4628861,-9.6703709,
w217505631,,water,waterway=stream,53.4748247,-9.6657652,
w217505632,,water,waterway=river,53.4592495,-9.6670569,
w217505633,,water,waterway=stream,53.4736497,-9.6828983,
w217505634,,water,waterway=stream,53.4698323,-9.687457,
w217505635,,water,waterway=stream,53.4733165,-9.6811877,
w217505636,,water,waterway=stream,53.4702205,-9.6430271,
w217605293,,water,waterway=river,53.4646633,-10.0180219,
w217711234,,water,waterway=stream,53.4452478,-9.9722815,
w217711235,,water,waterway=stream,53.4452325,-9.9716701,
w217711236,,water,waterway=stream,53.4489286,-9.969568,
w217898657,,water,waterway=stream,53.3092274,-9.6070081,
w217898659,,water,waterway=stream,53.3092037,-9.6071048,
w220186316,,water,waterway=stream,53.2842196,-8.2189641,
w220186321,,water,waterway=stream,53.2795203,-8.220289,
w220615694,,water,waterway=stream,53.3044056,-9.3490168,
w220625018,,water,waterway=stream,53.2773696,-9.3434863,
w220625433,,water,waterway=stream,53.2928783,-9.3469956,
w220630165,Abhainn Bhoth Loiscthe,water,waterway=river,53.3021596,-9.318812,
w220630166,Loch Bhoth Loiscthe (Uachtarach),water,natural=water,53.3048709,-9.3182457,
w220663061,,water,waterway=stream,53.3397399,-9.2832594,
w220663146,,water,waterway=stream,53.3399606,-9.2806739,
w220663239,,water,waterway=stream,53.339115,-9.2804835,
w220667022,,water,waterway=stream,53.5969226,-9.9050225,
w220717840,,water,waterway=stream,53.3183919,-9.338142,
w221057081,,water,natural=water,53.3008191,-9.4094735,
w221058001,,water,waterway=stream,53.3002951,-9.4101866,
w221058035,,water,natural=water,53.2997268,-9.4106885,
w221062973,,water,waterway=stream,53.3050956,-9.3953933,
w221063073,,water,waterway=stream,53.3039512,-9.3963685,
w221063098,,water,waterway=stream,53.3041084,-9.3955049,
w221397806,,water,waterway=river,53.0668196,-8.5401965,
w221402742,,water,waterway=stream,53.0297432,-8.6942148,
w221408639,Boleyneendorrish River,water,waterway=river,53.0994495,-8.7184571,
w221408643,Boleyneendorrish River,water,waterway=stream,53.1110233,-8.6710552,
w221408647,Ballycahalan River,water,waterway=river,53.0905972,-8.7738758,
w221408648,Ballycahalan River,water,waterway=river,53.0965787,-8.7566898,
w221666811,Annagh Lough,water,natural=water,53.0827898,-8.7679051,
w221881135,,water,natural=wetland,53.0533189,-8.5478087,
w221909378,Lough Nacreeva,water,natural=water,53.0249979,-8.7081558,
w223678732,Derreen Lough,water,natural=water,52.9770736,-8.8174021,
w223678765,Loughaundoongorey,water,natural=water,52.9873613,-8.8169949,
w228779898,,water,natural=water,53.329734,-8.5702096,
w230902765,,water,waterway=stream,53.2564328,-9.3926571,
w230902888,,water,waterway=stream,53.2566279,-9.3925365,
w230902889,,water,waterway=stream,53.2561178,-9.392663,
w230902890,,water,waterway=stream,53.253926,-9.3922667,
w230902891,,water,waterway=stream,53.2566158,-9.3897204,
w238967586,,water,natural=wetland,53.3509559,-9.0206368,
w238971382,,water,natural=wetland,53.3080475,-9.0838442,
w239016130,,water,natural=wetland,53.2988158,-9.0772046,
w239109144,,water,natural=wetland,53.2880574,-9.060249,
w239138549,,water,natural=water,53.5876575,-9.7175921,
w239145278,,water,waterway=stream,53.6028253,-9.9015599,
w239145279,,water,waterway=stream,53.6031444,-9.9057871,
w239169163,,water,natural=wetland,53.2444778,-9.298954,
w239585166,,water,waterway=stream,53.3793053,-9.5175855,
w239585167,,water,waterway=stream,53.3797144,-9.5134945,
w239585517,,water,waterway=stream,53.3769997,-9.5073026,
w239585638,,water,waterway=stream,53.3800302,-9.5230647,
w239600769,,water,waterway=stream,53.3583309,-9.4850033,
w239601645,,water,waterway=stream,53.3584898,-9.4870829,
w239716016,,water,waterway=stream,53.3034333,-9.4631419,
w239739533,,water,waterway=stream,53.3423088,-9.5285234,
w239748425,,water,waterway=stream,53.2965894,-9.4619507,
w239753845,,water,waterway=river,53.3095229,-9.4864274,
w239760974,,water,waterway=stream,53.3163326,-9.5772618,
w239761890,,water,waterway=river,53.3052823,-9.5563284,
w239788450,Suck,water,waterway=river,53.3462241,-8.2433252,
w239825605,,water,waterway=stream,53.44995,-8.3077584,
w239938738,,water,waterway=stream,53.4496228,-8.2521304,
w240064539,,water,waterway=stream,53.1627972,-8.4713376,
w240129438,,water,waterway=stream,53.3030682,-9.5599975,
w240129541,,water,waterway=stream,53.3079012,-9.5605328,
w240171738,,water,waterway=stream,53.4337627,-8.2663471,
w240687800,,water,waterway=stream,53.2252448,-8.2918404,
w240687803,,water,waterway=stream,53.2249815,-8.2910683,
w241222070,,water,waterway=stream,53.2623124,-9.3488122,
w242122884,,water,waterway=stream,53.4731408,-9.4855817,
w242125958,,water,waterway=stream,53.4749192,-9.4868853,
w242754625,,water,waterway=river,53.556512,-10.0901975,
w242759159,Abhainn na Bánóige,water,waterway=river,53.5491169,-9.9692494,
w243490117,,water,waterway=stream,53.599808,-9.6587154,
w243531197,Dernasliggaun,water,natural=water,53.5910626,-9.7780815,
w243531200,Owenearhaghbeg,water,waterway=stream,53.6053716,-9.8132972,
w243531828,Lough Nambrackkeagh,water,natural=water,53.5793433,-9.7805478,
w243629819,Sruffaunblednagaddy,water,waterway=stream,53.5982006,-9.8263297,
w243636882,,water,waterway=stream,53.6076761,-9.825864,
w243636883,,water,waterway=stream,53.6088838,-9.830314,
w243636890,,water,waterway=stream,53.6120474,-9.8336252,
w243640190,Tooreenacoona River,water,waterway=stream,53.5604083,-9.7457595,
w243640191,Tooreenacoona River,water,waterway=river,53.5476216,-9.7778857,
w243640193,,water,waterway=stream,53.5763155,-9.7772925,
w243641016,,water,waterway=stream,53.5677981,-9.7643222,
w243641017,,water,waterway=stream,53.5721829,-9.7863539,
w243644693,Bunowen River,water,waterway=river,53.5745638,-9.7504741,
w243661626,,water,waterway=stream,53.5933255,-9.7070882,
w243773680,,water,natural=water,53.5508006,-9.9447164,
w243832221,,water,waterway=stream,53.5923266,-9.7867059,
w243832222,,water,waterway=stream,53.5692749,-9.7364779,
w243832225,,water,waterway=stream,53.5911748,-9.7926761,
w243832229,,water,waterway=stream,53.5770935,-9.7418427,
w243832233,,water,waterway=stream,53.5685981,-9.7309618,
w244177510,,water,waterway=stream,53.5970018,-9.8937016,
w244177515,,water,waterway=stream,53.6037849,-9.884593,
w244210425,Sruffaunmone,water,waterway=stream,53.597033,-9.9148351,
w244210426,Sruffaunatownywaun,water,waterway=stream,53.5998533,-9.9154775,
w244210427,Sruffaunatownywaun,water,waterway=stream,53.5985872,-9.9153058,
w244210428,Sruffaunatownywaun,water,waterway=stream,53.5974173,-9.9135142,
w244265593,,water,natural=water,53.5959735,-9.6935749,
w244275484,Sruffaunattybona,water,waterway=stream,53.5991944,-9.9079064,
w244275485,Sruffaunattybona,water,waterway=stream,53.6001631,-9.9089687,
w245324212,,water,waterway=stream,53.2906083,-9.4141491,
w245324676,,water,waterway=stream,53.2989097,-9.411428,
w245348852,,water,waterway=stream,53.2713256,-9.4208286,
w245581746,Abhainn Chasla,water,waterway=river,53.2775101,-9.5339919,
w245581747,Abhainn Chasla,water,waterway=river,53.2792753,-9.5392497,
w245617334,,water,waterway=river,53.3754834,-9.5445206,
w246212901,,water,waterway=stream,53.6495277,-8.6317832,
w247351664,,water,waterway=stream,53.3014943,-9.6769594,
w247351714,An Sruthán Buí,water,waterway=stream,53.3036585,-9.6742182,
w247438805,,water,waterway=stream,53.2571825,-9.6839605,
w247443735,,water,waterway=stream,53.2537823,-9.6869901,
w247456135,,water,waterway=stream,53.2734005,-9.6640635,
w247533575,,water,waterway=stream,53.3113906,-9.60134,
w247533791,,water,waterway=stream,53.3104571,-9.6017343,
w247607695,,water,waterway=stream,53.3093032,-9.6067626,
w247676406,,water,waterway=stream,53.6155599,-10.2290435,
w247710876,,water,waterway=stream,53.6120575,-10.1983025,
w247710877,,water,waterway=stream,53.61338,-10.2001295,
w247712120,Church Lough,water,natural=water,53.6151062,-10.1913189,
w247716111,,water,waterway=stream,53.6144998,-10.1949747,
w247716461,,water,waterway=stream,53.613862,-10.1987699,
w247717438,,water,natural=wetland,53.6143878,-10.1930256,
w247723557,,water,waterway=stream,53.6175332,-10.1995667,
w247724365,,water,waterway=stream,53.6247299,-10.2039335,
w247724366,,water,waterway=stream,53.623579,-10.2033461,
w247724367,,water,waterway=stream,53.6229876,-10.2036736,
w247725783,,water,waterway=stream,53.626218,-10.2050936,
w247879094,,water,waterway=stream,52.9858652,-8.8218051,
w247879095,,water,waterway=stream,52.9957558,-8.8075687,
w247879096,,water,waterway=stream,52.9852226,-8.8279501,
w247885926,,water,waterway=stream,52.9812856,-8.8054987,
w247885927,,water,waterway=stream,52.9808124,-8.8056274,
w247885928,,water,waterway=stream,52.9808915,-8.8046243,
w247885930,,water,waterway=stream,52.9797504,-8.8108047,
w247886507,Bunnahow Lough,water,natural=water,52.9836289,-8.8328102,
w247897937,,water,waterway=stream,52.994328,-8.7738848,
w247899215,,water,waterway=stream,52.989194,-8.7801665,
w247900311,,water,waterway=stream,52.9931273,-8.7769742,
w247903783,,water,waterway=stream,52.997765,-8.7660513,
w247903787,,water,waterway=stream,52.9982606,-8.7677761,
w248052051,,water,waterway=stream,52.9943345,-8.8123069,
w248052055,,water,waterway=stream,52.9889758,-8.8234524,
w248054009,,water,waterway=stream,52.9920937,-8.8190338,
w248138537,,water,waterway=stream,53.2260517,-8.9602737,
w248157284,,water,waterway=stream,53.3282677,-9.8937093,
w248252067,,water,waterway=stream,53.5576929,-10.0835439,
w248252068,,water,waterway=stream,53.5574509,-10.0795853,
w248314773,,water,waterway=stream,53.5439935,-9.9948116,
w248314779,Trabeen River,water,waterway=river,53.5461196,-9.9815317,
w248583773,Abhainn Chasla,water,waterway=river,53.2798121,-9.5400807,
w248583774,Abhainn Chasla,water,waterway=river,53.2777134,-9.5369892,
w248583775,,water,waterway=stream,53.2655328,-9.5230864,
w248604286,,water,waterway=stream,53.2249803,-9.5129968,
w248723189,,water,waterway=stream,53.3147249,-9.825318,
w248723194,,water,waterway=stream,53.3163739,-9.8219893,
w248799905,,water,natural=water,53.3264676,-9.8796636,
w248800141,,water,waterway=stream,53.3249778,-9.8807767,
w248800142,,water,waterway=stream,53.3241047,-9.8826201,
w248800143,,water,waterway=stream,53.3230489,-9.8815948,
w248800144,,water,waterway=river,53.3221879,-9.8832036,
w248800396,,water,waterway=stream,53.3261936,-9.8848617,
w248800397,,water,waterway=stream,53.3250338,-9.8837929,
w248805060,,water,waterway=stream,53.3336095,-9.8722553,
w248805064,,water,waterway=stream,53.3313919,-9.8689212,
w248810234,,water,waterway=stream,53.3429869,-9.8488266,
w248810238,,water,waterway=stream,53.3407789,-9.8578657,
w248810245,,water,waterway=stream,53.3557971,-9.8505973,
w248810248,,water,waterway=stream,53.3568646,-9.8511407,
w248810249,,water,waterway=stream,53.3689275,-9.8469296,
w248810251,,water,waterway=stream,53.3685403,-9.8499371,
w248810254,,water,waterway=stream,53.3715744,-9.8458856,
w248813250,,water,waterway=stream,53.3627669,-9.8650692,
w248813251,,water,waterway=stream,53.3609048,-9.868209,
w248813255,,water,waterway=stream,53.3578731,-9.8734519,
w248834813,,water,waterway=stream,53.3080358,-9.7898099,
w248837452,,water,waterway=stream,53.3186207,-9.7885179,
w248888213,,water,waterway=stream,53.5864083,-9.7269803,
w248888222,,water,waterway=stream,53.5856031,-9.7637721,
w248888224,,water,waterway=stream,53.5945423,-9.7309607,
w248909947,,water,waterway=stream,53.3954763,-9.9799876,
w248909954,,water,waterway=stream,53.3883743,-9.9771633,
w248909964,,water,waterway=stream,53.3857359,-10.0165578,
w248909974,,water,waterway=stream,53.4050282,-9.9810622,
w248909977,,water,waterway=stream,53.40458,-9.9865839,
w248909994,,water,waterway=stream,53.4098891,-9.9636236,
w248910010,,water,waterway=stream,53.3860659,-9.9590907,
w248910015,,water,waterway=stream,53.3869218,-9.9589979,
w248912967,,water,waterway=stream,53.3836392,-9.9566764,
w248923271,,water,waterway=stream,53.3900916,-9.9280933,
w248923273,,water,waterway=stream,53.3883056,-9.927064,
w248923556,,water,waterway=stream,53.3877919,-9.9292608,
w248929211,,water,waterway=stream,53.3824628,-9.9484994,
w248929213,,water,waterway=stream,53.3845662,-9.9458356,
w248930197,,water,waterway=stream,53.3877745,-9.9348604,
w248941721,,water,waterway=stream,53.4295894,-9.9272954,
w248941724,,water,waterway=stream,53.4191625,-9.9173023,
w248941725,,water,waterway=stream,53.419332,-9.9102488,
w248947059,,water,waterway=stream,53.4387364,-9.8833272,
w248947061,,water,waterway=river,53.4419387,-9.8800308,
w248947062,,water,waterway=river,53.4419512,-9.8816588,
w248947064,Owenwee River,water,waterway=river,53.4401663,-9.8741256,
w248947068,Owenwee River,water,waterway=river,53.4434806,-9.8794242,
w248974682,Owenwee River,water,waterway=river,53.4518516,-9.8706491,
w248974683,,water,waterway=stream,53.4487771,-9.8309567,
w248974686,,water,waterway=stream,53.4345608,-9.8360793,
w248996519,,water,waterway=stream,53.4192872,-9.9103242,
w249007002,,water,waterway=stream,53.4276966,-9.8202086,
w249007004,,water,waterway=stream,53.4260832,-9.8237464,
w249007015,,water,waterway=stream,53.428538,-9.8191631,
w249007047,,water,waterway=stream,53.4430633,-9.8049729,
w249010792,,water,waterway=stream,53.4435068,-9.792895,
w249010796,,water,waterway=stream,53.4242343,-9.8098787,
w249010799,,water,waterway=stream,53.4202476,-9.8100449,
w249010808,,water,waterway=stream,53.4219495,-9.8123785,
w249013457,,water,waterway=stream,53.4053799,-9.7837997,
w249018963,Abhainn Ghabhla,water,waterway=river,53.399851,-9.7744951,
w249018964,Abhainn Ghabhla,water,waterway=river,53.4077453,-9.7623752,
w249023802,,water,waterway=stream,53.3777437,-9.7987367,
w249023803,,water,waterway=stream,53.3798296,-9.7901901,
w249023804,,water,waterway=stream,53.3818435,-9.7875268,
w249023805,Abhainn Ghabhla Beag,water,waterway=river,53.3867776,-9.7822457,
w249023808,,water,waterway=stream,53.3722269,-9.7656091,
w249023810,,water,waterway=stream,53.3754689,-9.7565177,
w249023811,,water,waterway=stream,53.3761377,-9.752202,
w249023812,,water,waterway=stream,53.3798913,-9.7460389,
w249026583,,water,waterway=stream,53.4056811,-9.7259407,
w249026584,,water,waterway=stream,53.3866585,-9.7211192,
w249026586,,water,waterway=stream,53.3823872,-9.7393314,
w249046502,,water,waterway=river,53.421955,-9.6925174,
w249046509,,water,waterway=stream,53.4180736,-9.7040606,
w249046512,,water,waterway=stream,53.4166371,-9.7210268,
w249046983,,water,waterway=stream,53.4018404,-9.6896663,
w249046984,Liggan River,water,waterway=river,53.4030662,-9.6710217,
w249053065,,water,waterway=stream,53.397432,-9.6968299,
w249053067,,water,waterway=stream,53.3991377,-9.688415,
w249053068,,water,waterway=stream,53.4031916,-9.6786008,
w249053071,,water,waterway=stream,53.3979878,-9.6817122,
w249053072,,water,waterway=stream,53.3985024,-9.6747953,
w249053073,,water,waterway=stream,53.3965132,-9.678794,
w249053502,,water,waterway=stream,53.3907246,-9.6859667,
w249063228,,water,waterway=stream,53.3942075,-9.6776125,
w249063230,,water,waterway=stream,53.388935,-9.6810684,
w249063233,,water,waterway=stream,53.3891004,-9.7250835,
w249063234,,water,waterway=stream,53.3971671,-9.7212962,
w249063236,,water,waterway=stream,53.3832026,-9.7258869,
w249206877,,water,waterway=stream,53.340385,-9.8256196,
w249206878,,water,waterway=stream,53.3417659,-9.8232002,
w249206880,,water,waterway=stream,53.3374019,-9.8239143,
w249207602,,water,waterway=stream,53.3375501,-9.8235911,
w249207603,,water,waterway=stream,53.3358043,-9.8210159,
w249207828,,water,waterway=stream,53.3361012,-9.8162686,
w249223299,Sruthán an Teorainn,water,waterway=stream,53.2416512,-9.6078308,
w249224580,,water,waterway=stream,53.2492387,-9.6073247,
w249226650,,water,waterway=stream,53.2480641,-9.6062729,
w249304991,,water,waterway=stream,53.4462668,-9.6531836,
w249304993,,water,waterway=stream,53.4495107,-9.6537764,
w249304996,,water,waterway=river,53.4436873,-9.6528295,
w249304997,,water,waterway=stream,53.4518166,-9.6518736,
w249304999,,water,waterway=stream,53.4502949,-9.6550482,
w249305037,,water,waterway=stream,53.4512208,-9.6534894,
w249305192,,water,waterway=stream,53.4210595,-9.6844345,
w249353559,,water,waterway=stream,53.3594982,-9.7501985,
w249591325,,water,waterway=stream,53.3512441,-9.8488883,
w249591349,,water,waterway=stream,53.3632346,-9.8213955,
w249591350,,water,waterway=stream,53.3663773,-9.8176689,
w249591352,,water,waterway=stream,53.3739363,-9.8095893,
w249591353,,water,waterway=stream,53.3729522,-9.807629,
w249606587,,water,waterway=stream,53.3572732,-9.8064811,
w249606588,,water,waterway=stream,53.357691,-9.8044183,
w249606589,,water,waterway=stream,53.3586701,-9.8040817,
w249606592,,water,waterway=stream,53.3719248,-9.7924911,
w249606593,,water,waterway=stream,53.3766778,-9.7932598,
w249631811,,water,waterway=stream,53.4170562,-9.6726039,
w249631813,,water,waterway=stream,53.4275218,-9.6774802,
w249631814,,water,waterway=stream,53.4269853,-9.6767935,
w249631816,,water,waterway=stream,53.4407068,-9.6801311,
w249631817,,water,waterway=stream,53.4401047,-9.6737783,
w249631818,,water,waterway=stream,53.4493583,-9.6728693,
w249631820,,water,waterway=stream,53.4524782,-9.6666145,
w249631823,,water,waterway=river,53.4561374,-9.6570462,
w249631825,,water,waterway=stream,53.4641788,-9.6655765,
w249631826,,water,waterway=stream,53.4563232,-9.6496768,
w249631827,,water,waterway=river,53.4529123,-9.6490209,
w249631829,,water,waterway=stream,53.447535,-9.6447357,
w249631848,,water,waterway=river,53.440809,-9.653484,
w249634841,,water,waterway=stream,53.4555115,-9.6375513,
w249634845,,water,waterway=stream,53.456495,-9.6351965,
w249638207,,water,waterway=stream,53.4674257,-9.6419044,
w249648144,,water,waterway=stream,53.4796835,-9.6856336,
w249648147,,water,waterway=stream,53.4620812,-9.6675455,
w249648150,,water,waterway=stream,53.4825636,-9.6675855,
w249649200,,water,waterway=stream,53.4605661,-9.6692214,
w249649202,,water,waterway=stream,53.4615484,-9.6851285,
w249678269,,water,waterway=stream,53.4167284,-9.7765587,
w249678274,,water,waterway=stream,53.414181,-9.7676086,
w249682557,,water,waterway=stream,53.4373889,-9.8058214,
w249682558,,water,waterway=stream,53.4406811,-9.7991672,
w249686272,,water,waterway=stream,53.4291573,-9.7751996,
w249686273,,water,waterway=stream,53.4295649,-9.7753901,
w249686275,,water,waterway=stream,53.428557,-9.7723377,
w249686278,,water,waterway=stream,53.432502,-9.7736734,
w249686279,,water,waterway=stream,53.4386739,-9.7779728,
w249686282,,water,waterway=stream,53.4334755,-9.7728023,
w249686284,,water,waterway=stream,53.4369365,-9.7830596,
w249686285,,water,waterway=stream,53.4293411,-9.7742715,
w249688012,,water,waterway=stream,53.4447284,-9.7166872,
w249688013,,water,waterway=stream,53.4479298,-9.7120445,
w249689269,,water,waterway=stream,53.4480748,-9.7239323,
w249689270,,water,waterway=stream,53.4465466,-9.7314637,
w249689271,,water,waterway=stream,53.4460386,-9.7487764,
w249689272,,water,waterway=stream,53.4460333,-9.7456362,
w249689273,,water,waterway=stream,53.4439954,-9.7497634,
w249691127,,water,waterway=stream,53.4458828,-9.7283406,
w249733211,,water,waterway=stream,53.4072746,-9.8484673,
w249733212,,water,waterway=stream,53.4058999,-9.8519317,
w249733213,,water,waterway=stream,53.4066275,-9.8463127,
w249733215,,water,waterway=stream,53.4064659,-9.846184,
w249733216,,water,waterway=stream,53.407227,-9.8537278,
w249733218,,water,waterway=stream,53.4120939,-9.855274,
w249733222,,water,waterway=stream,53.4079021,-9.8506539,
w249733224,,water,waterway=stream,53.4132646,-9.8534723,
w249733227,,water,waterway=stream,53.4126499,-9.854108,
w249753686,,water,waterway=stream,53.4151583,-9.837278,
w249753688,,water,waterway=stream,53.4138938,-9.8348797,
w249753691,,water,waterway=stream,53.4142399,-9.8568016,
w249754520,,water,waterway=stream,53.4817285,-9.638366,
w249760128,,water,waterway=stream,53.4202493,-9.8469376,
w249777965,,water,waterway=stream,53.413111,-9.9778277,
w249778002,,water,waterway=stream,53.4177785,-9.9837345,
w249778008,,water,waterway=stream,53.4268516,-9.9782896,
w249806844,Owennamweela River,water,waterway=stream,53.4339805,-9.9736555,
w249806848,,water,waterway=river,53.4316795,-9.9449974,
w249818093,,water,waterway=stream,53.4400077,-9.9182802,
w249818096,,water,waterway=stream,53.440253,-9.9167691,
w249818098,,water,waterway=stream,53.4487046,-9.9156624,
w249818099,,water,waterway=stream,53.4484467,-9.9152814,
w249818100,,water,waterway=stream,53.4486687,-9.9183261,
w249818111,,water,waterway=river,53.4527301,-9.9751091,
w249820024,,water,waterway=river,53.4495415,-9.9640861,
w249829166,,water,waterway=stream,53.4627564,-9.9416217,
w249829168,,water,waterway=stream,53.4663914,-9.9355064,
w249829172,,water,waterway=stream,53.4689736,-9.9319778,
w249830574,,water,waterway=stream,53.4625416,-9.9746418,
w249830575,,water,waterway=stream,53.4734375,-9.9816892,
w249830579,,water,waterway=stream,53.4763054,-9.9824145,
w249837187,,water,waterway=stream,53.4774605,-9.9883765,
w249837707,,water,waterway=stream,53.4835337,-9.9781517,
w249837709,Owenglin River,water,waterway=river,53.4868527,-9.989233,
w249837710,,water,waterway=stream,53.4836923,-10.0073563,
w249840032,,water,waterway=stream,53.4860162,-10.0059148,
w249840033,Owenglin River,water,waterway=river,53.4871227,-10.0111456,
w249890016,,water,waterway=stream,53.434709,-9.8083029,
w249905516,,water,waterway=stream,53.3695701,-9.8483867,
w249932476,,water,waterway=stream,53.4497767,-9.7162628,
w249932478,,water,waterway=stream,53.4476321,-9.7147979,
w249934331,,water,waterway=stream,53.4625646,-9.710091,
w249934333,Recess River,water,waterway=river,53.4630461,-9.7059966,
w250012233,,water,waterway=stream,53.4308496,-9.7742126,
w250051780,,water,waterway=stream,53.3401701,-9.739916,
w250053912,,water,waterway=stream,53.3528789,-9.7376786,
w250091585,,water,waterway=stream,53.3244316,-9.8405268,
w250091592,,water,waterway=stream,53.3392169,-9.8249671,
w250091593,,water,waterway=stream,53.3392312,-9.8241517,
w250093103,,water,waterway=stream,53.3382562,-9.8122689,
w250093104,,water,waterway=stream,53.3331862,-9.8115635,
w250093105,,water,waterway=stream,53.3343608,-9.8016903,
w250093106,,water,waterway=stream,53.3355211,-9.8059148,
w250155181,,water,waterway=stream,53.3486126,-9.8203392,
w250155182,,water,waterway=stream,53.3469205,-9.8203719,
w250155183,,water,waterway=stream,53.3466784,-9.8223996,
w250198617,,water,waterway=stream,53.3149901,-9.7748178,
w250198619,,water,waterway=stream,53.3134503,-9.7730305,
w250203383,,water,waterway=stream,53.3247884,-9.7655361,
w250203387,,water,waterway=stream,53.3249899,-9.7689343,
w250203389,,water,waterway=stream,53.3126302,-9.7769693,
w250213067,,water,waterway=stream,53.3402421,-9.753244,
w250213070,,water,waterway=stream,53.3385162,-9.7606896,
w250213073,,water,waterway=stream,53.3399579,-9.7611859,
w250234708,,water,waterway=stream,53.3074932,-9.7681744,
w250234709,,water,waterway=stream,53.3083228,-9.7682279,
w250236367,,water,waterway=stream,53.3058908,-9.7673911,
w250242332,,water,waterway=stream,53.3057381,-9.7785602,
w250242333,,water,waterway=stream,53.3106861,-9.7786542,
w250244445,,water,waterway=stream,53.3431359,-9.7762517,
w250244448,,water,waterway=stream,53.3405003,-9.762127,
w250244452,,water,waterway=stream,53.3431741,-9.7886369,
w250244453,,water,waterway=stream,53.3448638,-9.7909123,
w250245098,,water,waterway=stream,53.3415856,-9.7445711,
w250249546,,water,waterway=stream,53.4536227,-9.9084551,
w250249548,,water,waterway=stream,53.4622475,-9.9019079,
w250249549,,water,waterway=stream,53.4609797,-9.9070256,
w250249553,,water,waterway=stream,53.4633877,-9.8943154,
w250249555,,water,waterway=stream,53.4654178,-9.8959585,
w250249723,,water,waterway=stream,53.4725703,-9.8907571,
w250249727,,water,waterway=stream,53.4697534,-9.9069309,
w250250309,,water,waterway=stream,53.4770819,-9.9117261,
w250250310,,water,waterway=stream,53.4814359,-9.9114002,
w250250311,,water,waterway=stream,53.4850613,-9.9173131,
w250250312,,water,waterway=stream,53.4748357,-9.9197647,
w250250808,,water,waterway=stream,53.4912972,-9.9231273,
w250251009,,water,waterway=stream,53.4782246,-9.9125593,
w250251010,,water,waterway=stream,53.4785632,-9.9119648,
w250270539,,water,waterway=stream,53.4717539,-9.8826037,
w250270540,,water,waterway=stream,53.4913783,-9.8944248,
w250270545,,water,waterway=stream,53.4806141,-9.8871459,
w250272063,,water,waterway=stream,53.4944127,-9.8960712,
w250272064,,water,waterway=stream,53.4942865,-9.9016064,
w250283610,,water,waterway=stream,53.4826441,-9.9142192,
w250283613,,water,waterway=stream,53.4806718,-9.9128672,
w250283616,,water,waterway=stream,53.4801293,-9.91206,
w250283618,,water,waterway=stream,53.476768,-9.8857571,
w250284855,,water,waterway=stream,53.4906768,-9.9562452,
w250286298,,water,waterway=stream,53.4850236,-9.957465,
w250286303,,water,waterway=stream,53.4841462,-9.9587776,
w250287535,,water,waterway=stream,53.4755338,-9.9643946,
w250287536,,water,waterway=stream,53.4744286,-9.9654397,
w250287538,,water,waterway=stream,53.4749671,-9.9734001,
w250287542,,water,waterway=stream,53.4866484,-9.9567779,
w250287545,,water,waterway=stream,53.4854872,-9.9568597,
w250287546,,water,waterway=stream,53.4867881,-9.9574111,
w250287547,Owenglin River,water,waterway=river,53.4954621,-9.9579234,
w250290272,Owenglin River,water,waterway=river,53.4934418,-9.9419704,
w250293984,,water,waterway=stream,53.494569,-9.9084709,
w250293985,,water,waterway=stream,53.4941015,-9.9095921,
w250293986,Owenglin River,water,waterway=river,53.4949991,-9.9148111,
w250293987,Owenglin River,water,waterway=river,53.4946601,-9.9089273,
w250293988,,water,waterway=stream,53.4943871,-9.9052254,
w250330082,,water,waterway=stream,53.3526695,-9.7376694,
w250330086,,water,waterway=stream,53.3463328,-9.7370269,
w250330087,,water,waterway=stream,53.3382565,-9.7306818,
w250332361,,water,waterway=stream,53.3590581,-9.716522,
w250332363,,water,waterway=stream,53.3602475,-9.7226205,
w250332364,,water,waterway=stream,53.359207,-9.7199611,
w250340454,,water,waterway=stream,53.3730581,-9.7259486,
w250343751,,water,waterway=stream,53.3585337,-9.7478904,
w250354224,,water,waterway=stream,53.3713415,-9.7593039,
w250354227,,water,waterway=stream,53.3656742,-9.7590598,
w250396525,,water,waterway=river,53.3329968,-9.791972,
w250405593,,water,waterway=stream,53.3532102,-9.7709949,
w250405595,,water,waterway=stream,53.3570643,-9.7695566,
w250423187,,water,waterway=stream,53.3678092,-9.7578459,
w250423189,,water,waterway=stream,53.3634742,-9.7601433,
w250423191,,water,waterway=stream,53.3558461,-9.7677809,
w250423195,,water,waterway=stream,53.3405602,-9.7914667,
w250423197,,water,waterway=stream,53.3642178,-9.7537069,
w250436884,,water,waterway=stream,53.3496243,-9.78975,
w250436885,,water,waterway=stream,53.3474017,-9.8006844,
w250436886,,water,waterway=stream,53.3486637,-9.801666,
w250436887,,water,waterway=stream,53.3529832,-9.8010967,
w250436890,,water,waterway=stream,53.3557752,-9.8006867,
w250441154,,water,waterway=stream,53.3360048,-9.815964,
w250453704,,water,waterway=stream,53.3644943,-9.790861,
w250453705,,water,waterway=stream,53.3616303,-9.7790536,
w250517878,,water,waterway=stream,53.3613154,-9.7817807,
w250517879,,water,waterway=stream,53.3602488,-9.7839608,
w250517880,,water,waterway=stream,53.3613342,-9.7807594,
w250522567,,water,waterway=stream,53.3664251,-9.7784132,
w250522569,,water,waterway=stream,53.3717118,-9.7763091,
w250522578,,water,waterway=stream,53.3610385,-9.7808648,
w250522579,,water,waterway=stream,53.3533438,-9.7727515,
w250522580,,water,waterway=stream,53.3500861,-9.7765203,
w250522581,,water,waterway=stream,53.3544612,-9.7728121,
w250522585,,water,waterway=stream,53.3757368,-9.7749456,
w250522588,Abhainn Ghabhla Beag,water,waterway=river,53.3799571,-9.7773304,
w250522957,,water,waterway=stream,53.3613508,-9.7879943,
w250522997,,water,waterway=stream,53.3661212,-9.7934304,
w250527936,,water,waterway=stream,53.352057,-9.7717771,
w250554453,,water,waterway=stream,53.4443578,-9.8963553,
w250554456,,water,waterway=stream,53.4473139,-9.8939936,
w250554457,,water,waterway=stream,53.4516326,-9.9073181,
w250554458,,water,waterway=stream,53.4517221,-9.9094746,
w250554460,,water,waterway=stream,53.4469777,-9.8971475,
w250554461,,water,waterway=stream,53.4502733,-9.9042785,
w250559018,,water,waterway=stream,53.4431172,-9.8876511,
w250559019,,water,waterway=stream,53.4489558,-9.8900449,
w250559020,,water,waterway=stream,53.4468516,-9.8872662,
w250560821,,water,waterway=stream,53.4560451,-9.8764346,
w250560822,Owenwee River,water,waterway=river,53.4537514,-9.8689074,
w250569496,,water,waterway=stream,53.4721323,-9.8690291,
w250570896,,water,waterway=stream,53.472481,-9.8876767,
w250570898,Owenwee River,water,waterway=river,53.4547454,-9.8686411,
w250586290,,water,waterway=stream,53.3078112,-9.768346,
w250604710,Owenwee River,water,waterway=river,53.4564685,-9.8669786,
w250615849,,water,waterway=stream,53.4527454,-9.807961,
w250615850,,water,waterway=stream,53.453779,-9.8063296,
w250615853,,water,waterway=stream,53.4572926,-9.8040376,
w250615854,,water,waterway=stream,53.4618776,-9.7994223,
w250615855,,water,waterway=stream,53.4609285,-9.8006776,
w250615861,Glencoaghan River,water,waterway=river,53.4625427,-9.8096643,
w250617749,,water,waterway=stream,53.4577968,-9.7742779,
w250617750,,water,waterway=stream,53.4573707,-9.7741012,
w250659760,Recess River,water,waterway=river,53.4620719,-9.7207701,
w250659761,,water,waterway=stream,53.461028,-9.726068,
w250768121,,water,waterway=stream,53.4494978,-9.8355675,
w250770648,,water,waterway=stream,53.4329311,-9.7732924,
w250780657,,water,waterway=stream,53.4533751,-9.7267842,
w250787206,,water,waterway=stream,53.4860494,-9.8751185,
w250806202,,water,waterway=stream,53.4921399,-9.8566595,
w250806203,,water,waterway=stream,53.4926097,-9.8604481,
w250806206,,water,waterway=stream,53.4970459,-9.8690197,
w250806207,,water,waterway=stream,53.4944354,-9.8598583,
w250806210,,water,waterway=stream,53.4956352,-9.8823323,
w250806212,,water,waterway=stream,53.4937962,-9.8760983,
w250816806,,water,waterway=stream,53.4614972,-10.0195363,
w250816809,,water,waterway=stream,53.4647532,-10.0379886,
w250821745,,water,waterway=stream,53.4493152,-9.9965091,
w250821747,,water,waterway=stream,53.4501822,-9.9923658,
w250821748,,water,waterway=stream,53.4532887,-9.9873995,
w250824610,,water,waterway=stream,53.4354827,-10.0104011,
w250824612,,water,waterway=stream,53.4428319,-10.0374687,
w250824613,,water,waterway=stream,53.4427925,-10.0366323,
w250831297,,water,waterway=stream,53.4368111,-10.0596169,
w250831298,,water,waterway=stream,53.4353644,-10.0517231,
w250831299,,water,waterway=stream,53.4328603,-10.043875,
w250852945,,water,waterway=stream,53.4191449,-10.0630921,
w250932359,,water,waterway=stream,53.4131544,-10.0264403,
w250932360,,water,waterway=stream,53.4157678,-10.022618,
w250932361,,water,waterway=stream,53.4142012,-10.0251741,
w250939602,,water,waterway=stream,53.4175258,-10.0204791,
w250957082,Ballynamangh River,water,waterway=river,53.2234195,-8.911798,
w251013117,,water,waterway=stream,53.4317739,-10.0260169,
w251090176,,water,waterway=stream,53.4279683,-10.0344818,
w251090179,,water,waterway=stream,53.4263537,-10.0447789,
w251090187,,water,waterway=stream,53.4208134,-10.0616572,
w251125008,,water,waterway=stream,53.3933628,-10.0316154,
w251125011,,water,waterway=stream,53.4125131,-9.9929127,
w251125012,,water,waterway=stream,53.4083162,-9.9899861,
w251210830,,water,waterway=stream,53.3643678,-9.5619521,
w251218873,,water,waterway=stream,53.3635739,-9.5484604,
w251223608,,water,waterway=stream,53.359773,-9.5489788,
w251223610,,water,waterway=stream,53.363729,-9.5488567,
w251223612,,water,waterway=stream,53.3664296,-9.5454652,
w251225863,,water,waterway=river,53.3757426,-9.5455766,
w251235245,,water,waterway=stream,53.351833,-9.5255855,
w251235246,Abhainn Luifearnáin,water,waterway=stream,53.3659729,-9.5296038,
w251254670,,water,waterway=stream,53.3441636,-9.5303852,
w251254671,,water,waterway=stream,53.33028,-9.5358958,
w251254672,,water,waterway=stream,53.3229662,-9.5483181,
w251260211,,water,waterway=stream,53.2966577,-9.5541577,
w251261449,,water,waterway=stream,53.254997,-9.5113656,
w251264443,,water,waterway=stream,53.2711544,-9.5290312,
w251267778,,water,waterway=stream,53.2637773,-9.5201856,
w251306693,Abhainn Chasla,water,waterway=river,53.2840041,-9.5281698,
w251306694,,water,waterway=stream,53.2839065,-9.4947864,
w251306695,,water,waterway=stream,53.2572442,-9.4973749,
w251306696,,water,waterway=stream,53.2526223,-9.5124746,
w251366248,,water,waterway=stream,53.2957338,-9.5981906,
w251403627,,water,waterway=stream,53.3466283,-9.6152375,
w251408247,,water,waterway=stream,53.3423468,-9.6297473,
w251408249,,water,waterway=stream,53.3426414,-9.6300799,
w251414729,,water,waterway=stream,53.3672804,-9.6097718,
w251414735,,water,waterway=stream,53.3596085,-9.6171921,
w251414737,,water,waterway=stream,53.3583868,-9.6140123,
w251414738,,water,waterway=stream,53.3537623,-9.6143382,
w251414739,,water,waterway=stream,53.3519329,-9.6177745,
w251414741,,water,waterway=stream,53.3527377,-9.6135765,
w251414743,,water,natural=water,53.3526224,-9.6124714,
w251414745,,water,waterway=stream,53.3512584,-9.6119511,
w251418233,,water,waterway=stream,53.3524944,-9.6126377,
w251418235,,water,waterway=stream,53.3587725,-9.6158571,
w251422431,,water,waterway=stream,53.3494364,-9.624241,
w251502390,,water,waterway=stream,53.3422214,-9.8490524,
w251519206,,water,waterway=river,53.3757913,-9.5472104,
w251520064,,water,waterway=stream,53.344866,-9.531318,
w251520066,,water,waterway=stream,53.3545651,-9.5277152,
w251525115,,water,waterway=stream,53.3452676,-9.5312887,
w251525116,,water,waterway=stream,53.3233203,-9.5575667,
w251525117,,water,waterway=stream,53.3568418,-9.5267802,
w251525118,,water,waterway=stream,53.3585416,-9.5243115,
w251542816,,water,waterway=stream,53.4651934,-10.0567701,
w251542818,,water,waterway=stream,53.4648316,-10.0508973,
w251542819,,water,waterway=stream,53.4650664,-10.0540171,
w251542821,,water,waterway=stream,53.4652723,-10.054819,
w251548086,,water,waterway=stream,53.4732818,-10.0542231,
w251556847,,water,waterway=stream,53.4651797,-10.0531642,
w251560983,,water,waterway=stream,53.4775294,-10.0716581,
w251560984,,water,waterway=stream,53.4741903,-10.0632007,
w251560985,,water,waterway=stream,53.4760766,-10.0682222,
w251560988,,water,waterway=stream,53.4766959,-10.0673772,
w251560990,,water,waterway=stream,53.476243,-10.0703545,
w251560992,,water,waterway=stream,53.4741545,-10.0770171,
w251560993,,water,waterway=stream,53.4742662,-10.0780793,
w251564142,,water,waterway=stream,53.4740029,-10.080032,
w251611196,,water,waterway=stream,53.3812864,-9.6125372,
w251615766,,water,waterway=stream,53.396125,-9.6142924,
w251615768,,water,waterway=stream,53.4129971,-9.6287148,
w251615769,,water,waterway=stream,53.4209682,-9.6341607,
w251615770,,water,waterway=stream,53.4249606,-9.6450635,
w251658128,,water,waterway=stream,53.2494278,-9.5001189,
w251692634,,water,waterway=stream,53.2507615,-9.496437,
w251692638,,water,waterway=stream,53.2655368,-9.4846677,
w251692641,,water,waterway=stream,53.2630402,-9.48509,
w251698889,,water,waterway=stream,53.271515,-9.46468,
w251698892,,water,waterway=stream,53.2715739,-9.4624451,
w251698902,,water,waterway=stream,53.2580013,-9.4885584,
w251698910,,water,waterway=stream,53.2673623,-9.4944795,
w251708011,,water,waterway=stream,53.2455268,-9.4826866,
w251710353,,water,waterway=stream,53.2315108,-9.4979722,
w251766887,,water,waterway=stream,53.4487904,-10.10922,
w251772086,,water,waterway=stream,53.4480444,-10.1089651,
w251772087,,water,waterway=stream,53.4472888,-10.1103894,
w251815494,,water,waterway=stream,53.2984403,-9.5469082,
w251815497,,water,waterway=stream,53.3026675,-9.537051,
w251815500,,water,waterway=stream,53.3082234,-9.5278699,
w251815502,,water,waterway=stream,53.3062296,-9.5278574,
w251815503,,water,waterway=stream,53.3115525,-9.5196355,
w251815507,Abhainn Chasla,water,waterway=river,53.2987964,-9.5206492,
w251816521,,water,waterway=stream,53.2717546,-9.5853436,
w251819213,,water,waterway=stream,53.273786,-9.589642,
w251819214,,water,waterway=stream,53.2751406,-9.5887045,
w251819227,,water,waterway=stream,53.296172,-9.5656054,
w251819228,Aghnakirkappea,water,waterway=stream,53.2972854,-9.5683035,
w251819229,Aghnakirkappea,water,waterway=stream,53.2968753,-9.5644813,
w251821338,,water,waterway=stream,53.2735864,-9.5897935,
w251821340,,water,waterway=stream,53.2733651,-9.5898606,
w251928739,,water,waterway=stream,53.2574992,-9.6192159,
w251966584,,water,natural=water,53.4592533,-8.522091,
w251966620,,water,natural=water,53.4593902,-8.5211006,
w251990903,,water,waterway=stream,53.2561526,-9.5986512,
w251990904,,water,waterway=stream,53.2553169,-9.5985125,
w251990908,,water,waterway=stream,53.2549516,-9.6035284,
w251997028,,water,waterway=stream,53.2613599,-9.5987716,
w251997032,,water,waterway=stream,53.2526448,-9.5842975,
w252002186,,water,waterway=stream,53.254488,-9.5919332,
w252002197,,water,waterway=stream,53.2533278,-9.5914907,
w252004479,,water,waterway=stream,53.2495216,-9.5821378,
w252010222,,water,waterway=stream,53.2471415,-9.6091316,
w252010824,,water,waterway=stream,53.4623637,-8.5026018,
w252014804,,water,natural=water,53.4605378,-8.5247622,
w252031506,,water,natural=water,53.4373785,-10.0959629,
w252035142,,water,natural=water,53.3727471,-8.8206468,
w252035155,,water,natural=water,53.3726482,-8.8214712,
w252041543,,water,natural=water,53.4098244,-8.7952211,
w252061349,,water,waterway=river,53.4018988,-9.5452539,
w252061350,,water,waterway=stream,53.3924235,-9.5313139,
w252061351,,water,waterway=stream,53.3928221,-9.5344204,
w252061352,,water,waterway=stream,53.3890622,-9.5345463,
w252061355,,water,waterway=stream,53.3924779,-9.5340216,
w252061356,,water,waterway=stream,53.3825442,-9.5307758,
w252070777,,water,waterway=stream,53.2331788,-8.9197723,
w252094863,,water,waterway=stream,53.394092,-9.5369683,
w252174944,,water,waterway=stream,53.3993002,-9.6033753,
w252174948,,water,waterway=stream,53.3978814,-9.5884174,
w252180386,,water,waterway=river,53.4267303,-9.5501581,
w252180387,,water,waterway=river,53.4264728,-9.5511545,
w252180389,,water,waterway=stream,53.4264831,-9.5979693,
w252180390,,water,waterway=stream,53.4339461,-9.5576298,
w252180391,,water,waterway=stream,53.4341864,-9.5732778,
w252180392,,water,waterway=stream,53.4330294,-9.572618,
w252180393,,water,waterway=stream,53.434447,-9.5875952,
w252199870,An Easléim,water,waterway=river,53.4414554,-9.5475983,
w252199871,,water,waterway=stream,53.4462813,-9.5630603,
w252199874,,water,waterway=stream,53.4466278,-9.5793869,
w252199876,,water,waterway=stream,53.4457936,-9.5773169,
w252202943,,water,waterway=stream,53.4467667,-9.5877868,
w252218745,,water,waterway=stream,53.3971262,-9.6066172,
w252218746,,water,waterway=stream,53.4338054,-9.5654458,
w252219631,,water,waterway=stream,53.2937359,-9.4895103,
w252220475,Ballynamangh River,water,waterway=river,53.2280333,-8.9181729,
w252262221,,water,waterway=stream,53.249369,-8.9219479,
w252262222,,water,waterway=stream,53.2398425,-8.929154,
w252379764,,water,waterway=stream,53.4302783,-10.1178734,
w252379772,,water,waterway=stream,53.4261552,-10.1171164,
w252379776,,water,waterway=stream,53.4205965,-10.1085458,
w252379778,,water,waterway=stream,53.4120558,-10.1019536,
w252379785,,water,waterway=stream,53.4229699,-10.1128303,
w252379788,,water,waterway=stream,53.4230458,-10.1149668,
w252519505,,water,waterway=stream,53.4231667,-10.1217556,
w252589241,,water,waterway=stream,53.3078379,-9.4798302,
w252589242,,water,waterway=stream,53.3013747,-9.4686384,
w252589245,,water,waterway=stream,53.3017955,-9.467452,
w252589246,,water,waterway=stream,53.3023052,-9.4675633,
w252589247,,water,waterway=stream,53.3063458,-9.4668026,
w252589248,,water,waterway=stream,53.3061414,-9.4662895,
w252591049,,water,waterway=stream,53.3102628,-9.4581027,
w252591052,,water,waterway=stream,53.3182397,-9.4508495,
w252591055,,water,waterway=stream,53.3052744,-9.4764081,
w252591059,,water,waterway=river,53.3299251,-9.494995,
w252593149,,water,waterway=river,53.335726,-9.4786677,
w252617100,,water,waterway=stream,53.3346154,-9.4460817,
w252622011,,water,waterway=stream,53.3176579,-9.4444162,
w252622192,,water,waterway=stream,53.3225238,-9.4403403,
w252624845,,water,waterway=stream,53.3334057,-9.4205918,
w252624846,,water,waterway=stream,53.332105,-9.4214018,
w252691000,,water,waterway=stream,53.4285413,-9.5956072,
w252691001,,water,waterway=stream,53.4282472,-9.595178,
w252691002,,water,waterway=stream,53.4302744,-9.5858306,
w252691007,,water,waterway=stream,53.4278065,-9.5946094,
w252691251,,water,waterway=stream,53.4446107,-9.5557807,
w252693198,,water,waterway=stream,53.4427791,-9.6025307,
w252693199,,water,waterway=stream,53.4380239,-9.6069968,
w252695284,,water,waterway=stream,53.4474399,-9.6069692,
w252695286,,water,waterway=stream,53.4427781,-9.6071397,
w252696896,,water,waterway=stream,53.4363798,-9.6187776,
w252922759,,water,waterway=stream,52.9925393,-8.8089625,
w252922763,,water,waterway=stream,52.9937189,-8.7987485,
w252922765,,water,waterway=stream,52.9920131,-8.806529,
w252923836,,water,waterway=stream,52.9941326,-8.7817378,
w252923838,,water,waterway=stream,52.9957747,-8.7801418,
w252923839,,water,waterway=stream,52.9930431,-8.7795979,
w252923840,,water,waterway=stream,52.9910171,-8.7800091,
w252927915,,water,waterway=stream,52.9946705,-8.7880701,
w252934170,,water,waterway=stream,53.4494529,-9.5932337,
w252949853,,water,waterway=stream,53.4598863,-9.578137,
w252949854,,water,waterway=stream,53.4587694,-9.5730868,
w252949863,,water,waterway=stream,53.4537598,-9.5594184,
w252952244,,water,waterway=stream,53.4579004,-9.6025943,
w253033653,,water,waterway=stream,53.4352761,-10.1434236,
w253033654,,water,waterway=stream,53.4382175,-10.1334201,
w253033655,,water,waterway=stream,53.4377058,-10.1416828,
w253033656,,water,waterway=stream,53.438869,-10.1408727,
w253033658,,water,waterway=stream,53.4385512,-10.1351594,
w253033661,,water,waterway=stream,53.4387605,-10.1382308,
w253174666,,water,waterway=stream,53.4593162,-9.5462812,
w253174667,,water,waterway=stream,53.4592539,-9.5467721,
w253174684,,water,waterway=stream,53.4606223,-9.5434271,
w253174686,,water,waterway=stream,53.4593422,-9.5466847,
w253174698,,water,waterway=stream,53.4831667,-9.558989,
w253213293,Owenwee River,water,waterway=river,53.4755169,-9.4875505,
w253215509,,water,waterway=stream,53.452347,-9.4992004,
w253215510,,water,waterway=stream,53.4602459,-9.5096505,
w253215512,,water,waterway=stream,53.4525817,-9.5008307,
w253215515,,water,waterway=river,53.4719756,-9.4968998,
w253221367,,water,waterway=stream,53.4480415,-9.4675925,
w253221369,,water,waterway=stream,53.4550261,-9.4831688,
w253221370,,water,waterway=stream,53.4603566,-9.4829247,
w253309302,,water,waterway=river,53.4193752,-9.545123,
w253311739,Derrygauna,water,waterway=stream,53.4333182,-9.4968631,
w253311742,,water,waterway=stream,53.4126785,-9.5346772,
w253311743,,water,waterway=stream,53.4142238,-9.5278965,
w253311747,Sruffaunboy,water,waterway=stream,53.4108602,-9.4984478,
w253313115,,water,waterway=stream,53.404701,-9.4702316,
w253313116,,water,waterway=stream,53.4025443,-9.4594907,
w253314691,,water,waterway=stream,53.4060133,-9.4904263,
w253314692,,water,waterway=stream,53.4032234,-9.4826182,
w253314696,,water,waterway=stream,53.4037646,-9.4833487,
w253314697,,water,waterway=stream,53.405512,-9.4793222,
w253363690,,water,waterway=stream,53.4190916,-10.1730951,
w253367941,,water,waterway=stream,53.4176461,-10.1057456,
w253371679,,water,waterway=stream,53.2937022,-9.4866433,
w253371681,,water,waterway=stream,53.3012232,-9.4928358,
w253402845,,water,waterway=stream,53.4740506,-9.8246457,
w253402846,,water,waterway=stream,53.4706216,-9.8345966,
w253402847,,water,waterway=stream,53.4824887,-9.8360006,
w253402850,,water,waterway=stream,53.4826387,-9.8365317,
w253404228,,water,waterway=stream,53.4853253,-9.8096357,
w253404232,Glencoaghan River,water,waterway=river,53.4739053,-9.8087267,
w253408674,Recess River,water,waterway=river,53.4614111,-9.6993173,
w253408684,Owentooey River,water,waterway=river,53.4769734,-9.6952503,
w253409999,,water,waterway=stream,53.4783801,-9.7058562,
w253410000,,water,waterway=stream,53.4764302,-9.7005057,
w253410385,,water,waterway=stream,53.4739704,-9.7428221,
w253472710,,water,waterway=stream,53.5845782,-9.6786569,
w253472714,,water,waterway=stream,53.5851582,-9.6804102,
w253526018,,water,waterway=stream,53.5668826,-9.7905502,
w253526019,,water,waterway=stream,53.5656745,-9.7900969,
w253526023,Tooreenacoona River,water,waterway=stream,53.5538684,-9.7819756,
w253526026,,water,waterway=stream,53.5466178,-9.7548638,
w253526028,,water,waterway=stream,53.5471638,-9.7437188,
w253616658,,water,waterway=stream,53.5453419,-9.7093415,
w253623320,,water,waterway=stream,53.5476783,-9.7412138,
w253623321,,water,waterway=stream,53.5471938,-9.7377698,
w253623441,,water,waterway=stream,53.5608105,-9.7470535,
w253623847,,water,waterway=stream,53.5525382,-9.7608942,
w253623849,,water,waterway=stream,53.5542535,-9.7419082,
w253629041,Tooreenacoona River,water,waterway=stream,53.5611569,-9.776828,
w253629043,Owneduff,water,waterway=stream,53.573161,-9.790365,
w253629599,Bunowen River,water,waterway=river,53.5891477,-9.7821557,
w253639583,,water,waterway=stream,53.5914259,-9.8182807,
w253642659,,water,waterway=stream,53.6020336,-9.8198575,
w253642662,,water,waterway=stream,53.6015179,-9.8228131,
w253642665,,water,waterway=stream,53.5948488,-9.8318776,
w253650452,,water,waterway=stream,53.5875302,-9.8135372,
w253650453,,water,waterway=stream,53.5920965,-9.8175286,
w253650454,Sruffaunblednagaddy,water,waterway=stream,53.5999752,-9.8294328,
w253650460,,water,waterway=stream,53.5889808,-9.8174573,
w253651515,Sruffaunblednagaddy,water,waterway=stream,53.6029949,-9.8404467,
w253654890,,water,waterway=stream,53.602487,-9.847647,
w253654891,Sruffaunblednagaddy,water,waterway=stream,53.6065938,-9.8484214,
w253658351,Culfin River,water,waterway=river,53.6046831,-9.8635949,
w253658818,Culfin River,water,waterway=river,53.6052905,-9.8792287,
w253670076,,water,waterway=stream,53.583617,-9.8341914,
w253670082,,water,waterway=stream,53.6016045,-9.9080226,
w253675704,,water,waterway=stream,53.5713818,-9.8224028,
w253675706,,water,waterway=stream,53.5673161,-9.8110969,
w253776863,,water,waterway=stream,53.58019,-9.9092788,
w253776870,Keeraun River,water,waterway=stream,53.5908493,-9.9173647,
w253778520,Shanaveagh River,water,waterway=stream,53.5802468,-9.9156668,
w253778521,,water,waterway=stream,53.5807667,-9.9194803,
w253778525,Shanaveagh River,water,waterway=stream,53.5776061,-9.9362296,
w253793621,,water,waterway=stream,53.5947535,-9.9601934,
w253793640,Dawros River,water,waterway=river,53.5716808,-9.9618919,
w253805620,,water,waterway=stream,53.5783017,-9.9719333,
w253805625,,water,waterway=stream,53.5781446,-9.9726206,
w253805628,,water,waterway=stream,53.5802435,-9.9792718,
w253805630,,water,waterway=stream,53.5805389,-9.9791438,
w253805646,,water,waterway=stream,53.5966288,-9.9733268,
w253810480,,water,waterway=stream,53.5607538,-9.9508265,
w253810482,Dawros River,water,waterway=river,53.5640531,-9.9409807,
w253810492,,water,waterway=stream,53.5621415,-9.949098,
w253818090,Trabeen River,water,waterway=river,53.545384,-9.980906,
w253821011,,water,waterway=stream,53.5344361,-9.9043143,
w253822415,Glashastellen Stream,water,waterway=stream,53.5588315,-9.92591,
w253843479,,water,waterway=stream,53.5176651,-9.9244467,
w253843481,,water,waterway=stream,53.5117754,-9.915682,
w253843484,Polladirk River,water,waterway=river,53.5363355,-9.8972879,
w253843485,,water,waterway=stream,53.5264428,-9.9188329,
w253843487,,water,waterway=stream,53.5331209,-9.9094124,
w253843491,,water,waterway=stream,53.5309356,-9.9081081,
w253843504,Polladirk River,water,waterway=river,53.5486941,-9.9036354,
w253883887,,water,waterway=stream,53.5906683,-9.6873802,
w253900384,,water,waterway=river,53.5828571,-9.5633947,
w253903888,,water,waterway=stream,53.5878585,-9.5844111,
w253982842,Tooreenacoona River,water,waterway=river,53.538078,-9.7742374,
w253984525,Tooreenacoona River,water,waterway=river,53.5426144,-9.7761299,
w253984526,,water,waterway=stream,53.5306139,-9.7658037,
w253986036,Tooreenacoona River,water,waterway=river,53.5331371,-9.7752152,
w253986039,,water,waterway=stream,53.5352331,-9.7854162,
w253986040,,water,waterway=stream,53.5262582,-9.7989305,
w253986041,Tooreenacoona River,water,waterway=river,53.5285888,-9.7721428,
w253987763,,water,waterway=stream,53.549965,-9.8001445,
w253987764,,water,waterway=stream,53.5432524,-9.7987283,
w253991909,,water,waterway=stream,53.5290106,-9.7508711,
w253991910,,water,waterway=stream,53.5311799,-9.7462024,
w253996809,,water,waterway=stream,53.4787576,-9.7745974,
w253996810,,water,waterway=stream,53.4921723,-9.7856713,
w253996813,,water,waterway=stream,53.5044154,-9.7718209,
w253996814,,water,waterway=stream,53.5033232,-9.7739318,
w253999588,,water,waterway=stream,53.4775123,-9.774584,
w253999592,,water,waterway=stream,53.4820259,-9.7704641,
w254007176,,water,waterway=stream,53.514412,-9.7656434,
w254007177,,water,waterway=stream,53.5181972,-9.7621955,
w254011123,Owenglin River,water,waterway=river,53.5042298,-9.8699898,
w254013376,,water,waterway=stream,53.5142661,-9.8346219,
w254013378,,water,waterway=stream,53.5142772,-9.841741,
w254013379,Owenglin River,water,waterway=river,53.5102868,-9.8548324,
w254024794,,water,waterway=stream,53.5032338,-9.919989,
w254024795,Owenglin River,water,waterway=river,53.4939866,-9.9227277,
w254026182,,water,waterway=stream,53.4989911,-9.9139139,
w254026183,Owenglin River,water,waterway=river,53.4955063,-9.9065031,
w254026188,,water,waterway=stream,53.4966745,-9.907913,
w254029364,,water,waterway=stream,53.5097849,-9.8801512,
w254029548,Owenglin River,water,waterway=river,53.4999425,-9.8774711,
w254029549,Owenglin River,water,waterway=river,53.496367,-9.881092,
w254030549,Owenglin River,water,waterway=river,53.4956569,-9.8961125,
w254038693,Shanaveagh River,water,waterway=stream,53.5797012,-9.9276906,
w254038694,Shanaveagh River,water,waterway=stream,53.5699451,-9.9404382,
w254053803,,water,waterway=stream,53.5591198,-9.8904761,
w254130712,,water,waterway=stream,53.5247353,-9.7137038,
w254130715,,water,waterway=stream,53.5199401,-9.7226412,
w254130718,,water,waterway=river,53.5223537,-9.7369711,
w254130719,,water,waterway=stream,53.5090962,-9.7261751,
w254130723,,water,waterway=stream,53.5101053,-9.7168073,
w254130724,,water,waterway=stream,53.5106224,-9.7252125,
w254130728,,water,waterway=river,53.5246417,-9.7512614,
w254227295,,water,waterway=stream,53.4872324,-9.7812806,
w254239544,,water,waterway=stream,53.5158568,-9.7084174,
w254239546,,water,waterway=stream,53.515994,-9.7110969,
w254239548,,water,waterway=stream,53.5144103,-9.7114888,
w254239549,,water,waterway=stream,53.5160403,-9.7072363,
w254243672,,water,waterway=stream,53.513216,-9.7147204,
w254243673,,water,waterway=stream,53.510602,-9.7303716,
w254243674,,water,waterway=stream,53.5156937,-9.7090942,
w254252354,,water,waterway=stream,53.5008894,-9.9575859,
w254252355,,water,waterway=stream,53.4966297,-9.9548082,
w254252365,,water,waterway=stream,53.5164352,-9.9429545,
w254252367,,water,waterway=stream,53.5120655,-9.9451601,
w254252368,,water,waterway=stream,53.5119734,-9.9526046,
w254252370,Owenglin River,water,waterway=river,53.4960353,-9.9649467,
w254262842,,water,waterway=stream,53.5350026,-9.6727837,
w254262843,,water,waterway=stream,53.5411092,-9.6810347,
w254262844,,water,waterway=stream,53.5388571,-9.678972,
w254279104,,water,waterway=stream,53.5023247,-9.627244,
w254280394,,water,waterway=stream,53.5053788,-9.620395,
w254280395,Failmore River,water,waterway=river,53.5098844,-9.622914,
w254280396,Bealan Na Brock River,water,waterway=river,53.521335,-9.5788101,
w254285925,,water,waterway=stream,53.5092421,-9.6092034,
w254285926,,water,waterway=river,53.507663,-9.6123179,
w254285928,,water,waterway=stream,53.513428,-9.5970476,
w254287146,,water,waterway=stream,53.50871,-9.6080205,
w254287152,,water,waterway=stream,53.5182843,-9.5957134,
w254287153,Bealan Na Brock River,water,waterway=river,53.5264629,-9.5978118,
w254320763,,water,waterway=stream,53.549465,-9.7907407,
w254321446,Claninagh River,water,waterway=stream,53.5353336,-9.7849329,
w254325531,,water,waterway=stream,53.4792449,-9.7118348,
w254325533,,water,waterway=stream,53.4800908,-9.7127753,
w254325536,,water,waterway=stream,53.4765388,-9.7019541,
w254325540,,water,waterway=stream,53.4752104,-9.6994174,
w254325543,Owentooey River,water,waterway=river,53.4689722,-9.7010316,
w254325547,,water,waterway=river,53.4663066,-9.7553466,
w254325556,,water,waterway=stream,53.4796407,-9.7113001,
w254325558,,water,waterway=stream,53.4772878,-9.7059753,
w254327146,,water,waterway=stream,53.4952686,-9.7046409,
w254327149,,water,waterway=stream,53.4927531,-9.6934318,
w254327155,Owentooey River,water,waterway=river,53.4914739,-9.6910012,
w254327165,,water,waterway=stream,53.4935988,-9.6962268,
w254331059,,water,waterway=stream,53.5039468,-9.7199467,
w254331061,,water,waterway=stream,53.5080607,-9.7241198,
w254331723,,water,waterway=stream,53.5046284,-9.7162575,
w254332248,,water,waterway=stream,53.5074572,-9.7002033,
w254337635,Owentooey River,water,waterway=river,53.4841249,-9.6905623,
w254344568,,water,waterway=stream,53.5165179,-9.6529255,
w254344569,,water,waterway=stream,53.5189771,-9.6565787,
w254344571,,water,waterway=stream,53.5192881,-9.6552316,
w254344573,,water,waterway=stream,53.5188017,-9.6552537,
w254344578,,water,waterway=river,53.5186628,-9.6534161,
w254347922,,water,waterway=stream,53.5646553,-9.7069979,
w254347926,,water,waterway=stream,53.5305563,-9.6443052,
w254347929,,water,waterway=stream,53.5300558,-9.6424584,
w254347936,,water,waterway=stream,53.5093662,-9.6393413,
w254347938,Failmore River,water,waterway=river,53.5153411,-9.6425049,
w254347942,,water,waterway=stream,53.5108881,-9.6354154,
w254543447,,water,waterway=stream,53.5031142,-9.8769416,
w254543448,,water,waterway=stream,53.4946073,-9.9180756,
w254550591,,water,waterway=stream,53.4963459,-9.9759188,
w254550593,,water,waterway=stream,53.4956247,-9.9729486,
w254550594,,water,waterway=stream,53.497867,-9.9810635,
w254550602,,water,waterway=stream,53.5026291,-9.9886952,
w254556339,,water,waterway=stream,53.4994826,-10.001088,
w254556340,,water,waterway=stream,53.5011999,-9.9957453,
w254556346,,water,waterway=stream,53.5007378,-9.9994417,
w254556347,,water,waterway=stream,53.5021921,-9.9994398,
w254556348,,water,waterway=stream,53.5058797,-10.0028576,
w254556350,,water,waterway=stream,53.5081817,-9.9986913,
w254556356,,water,waterway=stream,53.514479,-9.9864747,
w254556360,,water,waterway=stream,53.5263042,-9.9574758,
w254556361,,water,waterway=stream,53.5221284,-9.9576267,
w254558999,,water,waterway=stream,53.5150391,-9.6299054,
w254559008,,water,waterway=river,53.5122016,-9.6320533,
w254566780,,water,waterway=stream,53.5437697,-10.0929096,
w254566787,,water,waterway=stream,53.5500532,-10.0947499,
w254566801,,water,waterway=river,53.55691,-10.0924314,
w254566802,,water,waterway=stream,53.5263961,-10.0569899,
w254566803,,water,waterway=stream,53.5406395,-10.0881882,
w254566804,,water,waterway=stream,53.5386041,-10.0960562,
w254566807,,water,waterway=stream,53.5432438,-10.0766496,
w254567445,,water,waterway=stream,53.557208,-10.0854568,
w254569255,,water,waterway=stream,53.5575533,-10.1263613,
w254572545,,water,waterway=stream,53.5524457,-10.1266041,
w254572553,,water,waterway=stream,53.5480832,-10.1139494,
w254572555,,water,waterway=stream,53.5460625,-10.1001517,
w254572556,,water,waterway=stream,53.5468839,-10.0965255,
w254577606,,water,waterway=stream,53.4461413,-9.1543857,
w254581665,,water,waterway=stream,53.449421,-9.1737555,
w254583951,,water,waterway=stream,53.5111019,-10.0971215,
w254583954,,water,waterway=stream,53.5078056,-10.0871975,
w254583956,,water,waterway=stream,53.5074802,-10.086358,
w254583957,,water,waterway=stream,53.5102375,-10.0982107,
w254583958,,water,waterway=stream,53.511677,-10.1005347,
w254626675,Bealan Na Brock River,water,waterway=river,53.5312057,-9.6362799,
w254626677,,water,waterway=stream,53.5394939,-9.625523,
w254628862,Bealan Na Brock River,water,waterway=river,53.5311605,-9.6086367,
w254628863,,water,waterway=stream,53.5337905,-9.615729,
w254628864,Bealan Na Brock River,water,waterway=river,53.5305536,-9.621663,
w254635323,,water,waterway=stream,53.5503555,-10.1414228,
w254635325,,water,waterway=stream,53.5461719,-10.1253094,
w254635983,,water,waterway=stream,53.557678,-10.1358953,
w254635984,,water,waterway=stream,53.5570439,-10.1352757,
w254642412,,water,waterway=stream,53.5513611,-9.6505288,
w254643525,,water,waterway=stream,53.5962521,-9.984401,
w254643536,,water,waterway=stream,53.6045425,-9.9833597,
w254665428,,water,waterway=stream,53.4977157,-10.1038903,
w254668042,,water,waterway=stream,53.5104936,-10.0980313,
w254674309,,water,waterway=stream,53.5048863,-10.0907872,
w254676611,,water,waterway=stream,53.5034131,-10.0800568,
w254694731,,water,waterway=stream,53.4684805,-9.1685042,
w254695509,,water,waterway=stream,53.469066,-9.2078314,
w254695564,,water,waterway=stream,53.4713282,-9.2015174,
w254698597,,water,waterway=stream,53.5526057,-10.1618807,
w254706276,,water,waterway=stream,53.5480957,-10.177927,
w254712289,,water,waterway=stream,53.5449972,-10.1423489,
w254715885,,water,waterway=stream,53.5472937,-10.1496424,
w254715894,,water,waterway=stream,53.5430272,-10.145507,
w254731319,,water,waterway=stream,53.542387,-10.1211568,
w254731329,,water,waterway=stream,53.534592,-10.13629,
w254733476,,water,waterway=stream,53.5343449,-10.1113051,
w254733477,,water,waterway=stream,53.5329547,-10.0940363,
w254738524,,water,waterway=stream,53.5350007,-10.127945,
w254738529,,water,waterway=stream,53.5343652,-10.1276513,
w254810248,,water,waterway=stream,53.5337587,-10.121823,
w254810251,,water,waterway=stream,53.5349523,-10.1227752,
w254810252,,water,waterway=stream,53.5356162,-10.1235774,
w254814298,,water,waterway=stream,53.5350934,-10.1142676,
w254816417,,water,waterway=stream,53.52282,-10.123671,
w254816420,,water,waterway=stream,53.5268964,-10.1127672,
w254816422,,water,waterway=stream,53.5293302,-10.1084683,
w254816424,,water,waterway=stream,53.5351887,-10.0980151,
w254816426,,water,waterway=stream,53.5370052,-10.0960669,
w254816428,,water,waterway=stream,53.5238238,-10.1207639,
w254821887,,water,waterway=stream,53.539566,-10.0922986,
w254821889,,water,waterway=stream,53.5342889,-10.1117404,
w254821890,,water,waterway=stream,53.5339411,-10.1116947,
w254826200,,water,waterway=stream,53.5541306,-9.6609301,
w254826201,,water,waterway=stream,53.5552157,-9.6421442,
w254830498,,water,waterway=stream,53.5563382,-9.6431607,
w254845335,,water,waterway=stream,53.5297018,-10.1643419,
w254853478,,water,waterway=stream,53.5458094,-10.0136955,
w254853481,,water,waterway=stream,53.5438478,-10.0030731,
w254858124,,water,waterway=stream,53.5447074,-10.008771,
w254860460,,water,waterway=stream,53.5450252,-10.0230577,
w254860842,,water,waterway=stream,53.5395684,-10.0317462,
w254861213,,water,waterway=stream,53.5348485,-10.0394189,
w254864076,,water,waterway=stream,53.5360515,-10.0150731,
w254883157,,water,waterway=stream,53.5170837,-10.09014,
w254883160,,water,waterway=stream,53.521391,-10.0971332,
w254883161,,water,waterway=stream,53.5193769,-10.0957093,
w254883170,,water,waterway=stream,53.5326611,-10.0640719,
w254894339,,water,waterway=stream,53.538417,-10.0839338,
w254894340,,water,waterway=stream,53.535015,-10.0726964,
w254894344,,water,waterway=stream,53.5343853,-10.075918,
w254894345,,water,waterway=stream,53.5356271,-10.0723614,
w254894347,,water,waterway=stream,53.5428555,-10.0566401,
w254894349,,water,waterway=stream,53.5438921,-10.0733035,
w254897218,,water,waterway=stream,53.5438803,-10.0727202,
w254897220,,water,waterway=stream,53.5414962,-10.0696088,
w254898400,,water,waterway=stream,53.5510472,-10.0541081,
w254898401,,water,waterway=stream,53.5521564,-10.0534268,
w254905080,,water,waterway=stream,53.5575763,-10.0706656,
w254905087,,water,waterway=stream,53.5434449,-10.0624549,
w255032509,,water,waterway=stream,53.5382973,-10.0710726,
w255032510,,water,waterway=stream,53.5414586,-10.0744846,
w255035680,,water,waterway=stream,53.5194343,-10.0962836,
w255039874,,water,waterway=stream,53.5646175,-9.6673311,
w255039875,,water,waterway=stream,53.5651934,-9.659787,
w255039881,,water,waterway=stream,53.5686604,-9.6600777,
w255042151,,water,waterway=stream,53.5706167,-9.6734296,
w255042152,,water,waterway=stream,53.56961,-9.6643237,
w255042153,,water,waterway=stream,53.5703745,-9.6611901,
w255042156,,water,waterway=stream,53.5658536,-9.6621021,
w255042163,,water,waterway=stream,53.5788551,-9.6718958,
w255046377,,water,waterway=stream,53.5425043,-10.0753782,
w255046741,,water,waterway=stream,53.5327251,-10.0352199,
w255046744,,water,waterway=stream,53.5356378,-10.0155458,
w255048817,,water,waterway=stream,53.5138574,-10.0111799,
w255052957,,water,waterway=stream,53.5299471,-10.0115619,
w255052958,,water,waterway=stream,53.5371634,-10.0068927,
w255052962,,water,waterway=stream,53.5421204,-10.0052762,
w255080454,,water,waterway=stream,53.553771,-10.0325976,
w255085937,,water,waterway=stream,53.5552258,-10.0358972,
w255096041,,water,waterway=stream,53.5642469,-10.0224689,
w255098696,,water,waterway=stream,53.566791,-10.0272809,
w255098697,,water,waterway=stream,53.5678997,-10.0306922,
w255098698,,water,waterway=stream,53.5675899,-10.0271991,
w255098709,,water,waterway=stream,53.5688578,-10.0242063,
w255101933,,water,waterway=stream,53.5951333,-9.9908994,
w255101943,,water,waterway=stream,53.5984705,-10.002225,
w255101945,,water,waterway=stream,53.5964564,-9.9964369,
w255103766,,water,waterway=stream,53.603408,-10.0020262,
w255103780,,water,waterway=stream,53.6004226,-10.0009951,
w255103784,,water,waterway=stream,53.6011468,-10.0005203,
w255117501,,water,waterway=stream,53.5688145,-9.9116449,
w255117507,Dawros River,water,waterway=river,53.561143,-9.9203135,
w255117513,Shanaveagh River,water,waterway=stream,53.5763861,-9.909222,
w255119277,,water,waterway=stream,53.5629359,-9.8799108,
w255120156,,water,waterway=stream,53.5702455,-9.8417248,
w255120157,,water,waterway=stream,53.5658354,-9.8452195,
w255120159,,water,waterway=stream,53.5686971,-9.8438875,
w255213479,,water,waterway=river,53.5618291,-9.8978231,
w255217047,,water,waterway=stream,53.5567713,-9.8793555,
w255218236,,water,waterway=river,53.5598614,-9.8915597,
w255221316,,water,waterway=stream,53.5385346,-9.9267372,
w255224664,,water,waterway=stream,53.568148,-10.0309533,
w255224665,,water,waterway=stream,53.5671832,-10.0326621,
w255224668,,water,waterway=stream,53.5680715,-10.0329699,
w255224674,,water,waterway=stream,53.5676183,-10.0293223,
w255224675,,water,waterway=stream,53.5692239,-10.0319439,
w255229476,,water,waterway=stream,53.5620182,-10.0660999,
w255229479,,water,waterway=stream,53.5635211,-10.0656747,
w255229482,,water,waterway=stream,53.5668895,-10.0648377,
w255238243,,water,waterway=stream,53.5185462,-10.0750302,
w255238259,,water,waterway=stream,53.5168334,-10.0756444,
w255254653,,water,waterway=stream,53.54929,-10.0824094,
w255271858,,water,waterway=stream,53.5192179,-10.0362389,
w255271861,,water,waterway=stream,53.5269806,-10.0368779,
w255271863,Streamstown River,water,waterway=stream,53.5126133,-10.0345614,
w255271865,,water,waterway=stream,53.5311861,-10.028494,
w255272343,,water,waterway=stream,53.5298786,-10.037362,
w255273660,,water,waterway=stream,53.5317493,-10.0359081,
w255275378,,water,waterway=stream,53.528159,-10.05851,
w255277755,,water,waterway=stream,53.5160002,-10.035903,
w255277757,,water,waterway=stream,53.5118363,-10.0394331,
w255277758,,water,waterway=stream,53.5191159,-10.03758,
w255281072,,water,waterway=stream,53.5074325,-9.995723,
w255296727,,water,waterway=stream,53.608239,-10.0392901,
w255296731,,water,waterway=stream,53.6066375,-10.0413656,
w255296733,,water,waterway=stream,53.6040243,-10.0359602,
w255297732,,water,waterway=stream,53.6068234,-10.0310372,
w255300517,,water,waterway=stream,53.6082052,-10.0405758,
w255308018,,water,waterway=stream,53.5832413,-10.017606,
w255317402,,water,waterway=stream,53.5156025,-10.0319457,
w255321149,,water,waterway=stream,53.5175826,-9.9463986,
w255321150,,water,waterway=stream,53.517206,-9.9547373,
w255321153,,water,waterway=stream,53.513727,-9.9626882,
w255321179,,water,waterway=stream,53.5087692,-9.9733235,
w255321194,,water,waterway=stream,53.5058234,-9.9708414,
w255321198,,water,waterway=stream,53.5193199,-9.9486957,
w255393991,Owenglin River,water,waterway=river,53.4905464,-9.9768978,
w255395460,,water,waterway=stream,53.5383638,-9.9835146,
w255398747,,water,waterway=stream,53.5342885,-9.9733503,
w255401610,,water,waterway=stream,53.5372908,-9.9736138,
w255401612,,water,waterway=stream,53.5291295,-9.9555571,
w255405273,,water,waterway=stream,53.5316425,-9.9539321,
w255405274,,water,waterway=stream,53.5292307,-9.9509551,
w255405275,,water,waterway=stream,53.5429825,-9.9710689,
w255412638,Owenglin River,water,waterway=river,53.4873896,-10.0013355,
w255416918,,water,waterway=stream,53.5900586,-9.9892996,
w255416919,,water,waterway=stream,53.5888871,-9.9939831,
w255465624,,water,waterway=stream,53.6061158,-10.0223919,
w255465632,,water,waterway=stream,53.5995807,-10.0256074,
w255465633,,water,waterway=stream,53.6027395,-10.0280541,
w255466900,,water,waterway=stream,53.5979187,-10.0211819,
w255481173,,water,waterway=stream,53.4958303,-10.0052236,
w255481174,,water,waterway=stream,53.4957749,-10.0047385,
w255481175,,water,waterway=stream,53.498546,-10.0181178,
w255481176,,water,waterway=stream,53.4986672,-10.0197753,
w255481177,,water,waterway=stream,53.5000741,-10.0251962,
w255481219,,water,waterway=stream,53.5036592,-10.0333345,
w255521203,Fiddaunscomore,water,waterway=stream,53.5700807,-9.7980746,
w255525145,,water,waterway=stream,53.2829008,-9.4562574,
w255526667,,water,waterway=stream,53.2820715,-9.4559923,
w255527814,,water,waterway=stream,53.2769881,-9.4919111,
w255542487,,water,waterway=stream,53.2878306,-9.4484582,
w255542494,,water,waterway=stream,53.2954311,-9.4229367,
w255542495,,water,waterway=stream,53.293012,-9.4250696,
w255542502,,water,waterway=stream,53.279185,-9.4347585,
w255542508,,water,waterway=stream,53.2668718,-9.4327025,
w255645890,,water,waterway=stream,53.5777043,-9.6443116,
w255645894,,water,waterway=stream,53.5793877,-9.6640329,
w255645900,,water,waterway=stream,53.5734089,-9.6627807,
w255645902,,water,waterway=stream,53.5770802,-9.6666243,
w255645903,,water,waterway=stream,53.5783201,-9.6671416,
w255764861,,water,waterway=stream,53.2501454,-9.4147773,
w255764884,,water,waterway=stream,53.2668329,-9.4177986,
w255764885,,water,waterway=stream,53.2670868,-9.4277736,
w255764888,,water,waterway=stream,53.2673804,-9.4306416,
w255764889,,water,waterway=stream,53.2707423,-9.4363547,
w255766359,,water,waterway=stream,53.5007234,-10.0174646,
w255766363,,water,waterway=stream,53.5009387,-10.023301,
w255766364,,water,waterway=stream,53.5074475,-10.0193198,
w255883780,,water,waterway=stream,53.2706392,-9.391193,
w255883785,,water,waterway=stream,53.2715113,-9.4069865,
w255883786,,water,waterway=river,53.2708636,-9.4148602,
w255883787,,water,waterway=stream,53.2693095,-9.4211576,
w255883788,,water,waterway=stream,53.2678558,-9.4249583,
w255883790,,water,waterway=stream,53.2541015,-9.3890106,
w255883791,,water,waterway=stream,53.2675849,-9.3818462,
w255883793,,water,waterway=stream,53.2530075,-9.3882173,
w255883795,,water,waterway=stream,53.2494781,-9.3920415,
w255886484,,water,waterway=stream,53.2584571,-9.3862018,
w255997585,,water,waterway=stream,53.2687499,-9.3859115,
w255997588,,water,waterway=stream,53.3032441,-9.3927527,
w255997590,,water,waterway=stream,53.2976264,-9.4137322,
w256175102,,water,waterway=stream,53.2968505,-9.4202397,
w256175103,,water,waterway=stream,53.2988787,-9.4197244,
w256175105,,water,waterway=stream,53.3139038,-9.4338766,
w256175107,,water,waterway=stream,53.3136233,-9.4333526,
w256185312,,water,waterway=stream,53.3173668,-9.4342061,
w256185315,,water,waterway=stream,53.3534351,-9.394034,
w256185316,,water,waterway=stream,53.3583044,-9.3895537,
w256185318,,water,waterway=stream,53.3583484,-9.380349,
w256190101,,water,waterway=stream,53.4918773,-10.0598079,
w256249470,,water,waterway=stream,53.4638779,-9.5519072,
w256290115,,water,waterway=stream,53.2329534,-9.4752551,
w256296826,,water,waterway=stream,53.5014334,-10.0495335,
w256484079,,water,waterway=stream,53.2523192,-9.4938078,
w256499219,,water,waterway=river,53.3305776,-9.4979905,
w256499221,,water,waterway=stream,53.3435821,-9.4795949,
w256499228,,water,waterway=stream,53.346546,-9.500299,
w256499229,,water,waterway=stream,53.3481568,-9.4989365,
w256499230,,water,waterway=stream,53.3473226,-9.5014256,
w256499231,,water,waterway=stream,53.3478142,-9.4999611,
w256703966,Owenglin River,water,waterway=river,53.4870089,-10.0187009,
w256745785,,water,waterway=stream,53.3475404,-9.5009132,
w256839922,,water,waterway=stream,53.3653458,-9.491496,
w256839929,,water,waterway=stream,53.3689153,-9.481069,
w256839930,,water,waterway=stream,53.3696986,-9.4790611,
w256839933,,water,waterway=stream,53.3763306,-9.4648244,
w256839935,,water,waterway=stream,53.3794436,-9.51078,
w256846703,,water,waterway=stream,53.3819672,-9.4797986,
w256846705,,water,waterway=stream,53.3809153,-9.4694198,
w256847537,,water,waterway=stream,53.3658052,-9.4990707,
w256847539,,water,waterway=stream,53.3640326,-9.4935034,
w256847543,,water,waterway=stream,53.3783107,-9.4570413,
w256853483,,water,waterway=stream,53.3817964,-9.4759562,
w256947936,,water,waterway=stream,53.354933,-9.4729174,
w256947938,,water,waterway=stream,53.3524484,-9.470152,
w256947945,,water,waterway=stream,53.3441914,-9.4869708,
w256948536,,water,waterway=stream,53.4777693,-9.46129,
w256948542,,water,waterway=stream,53.4741189,-9.4620303,
w256950002,Owenwee River,water,waterway=river,53.4710965,-9.489946,
w256993115,,water,waterway=stream,53.4779162,-9.4670713,
w257107198,,water,waterway=stream,53.3599201,-9.461128,
w257107202,,water,waterway=stream,53.3552321,-9.4547455,
w257109598,,water,waterway=river,53.3323516,-9.4946525,
w257119805,,water,waterway=stream,53.482801,-9.4571938,
w257119820,,water,waterway=stream,53.4776504,-9.4430341,
w257119824,,water,waterway=stream,53.481998,-9.4404427,
w257120949,,water,waterway=stream,53.4761985,-9.4646567,
w257262265,,water,waterway=stream,53.4796413,-9.4128816,
w257262271,,water,waterway=stream,53.4790308,-9.4041578,
w257270573,,water,waterway=stream,53.4772665,-9.3929447,
w257270577,,water,waterway=stream,53.4686921,-9.4203506,
w257270578,,water,waterway=stream,53.479727,-9.3913351,
w257417828,,water,waterway=stream,53.3642068,-9.419479,
w257417831,,water,waterway=stream,53.354105,-9.4330785,
w257417832,,water,waterway=stream,53.3615556,-9.4195225,
w257417835,,water,waterway=stream,53.3703609,-9.418803,
w257418709,,water,waterway=stream,53.3887574,-9.4277084,
w257418710,,water,waterway=stream,53.3871823,-9.4259072,
w257418711,,water,waterway=stream,53.3894565,-9.4336826,
w257418712,,water,waterway=stream,53.3893556,-9.4346175,
w257419665,,water,waterway=stream,53.38274,-9.4455151,
w257420699,,water,waterway=river,53.343577,-9.4502921,
w257429349,,water,waterway=stream,53.4820488,-9.4366623,
w257429351,,water,waterway=stream,53.4763952,-9.4109068,
w257429357,,water,waterway=stream,53.4839356,-9.435437,
w257431004,,water,waterway=stream,53.4798245,-9.4431897,
w257431005,,water,waterway=stream,53.473698,-9.4463442,
w257431006,,water,waterway=stream,53.4687662,-9.4540543,
w257431007,,water,waterway=stream,53.4682066,-9.452052,
w257431013,,water,waterway=stream,53.4646497,-9.4532118,
w257521282,,water,waterway=stream,53.3737653,-9.4161983,
w257540063,,water,waterway=stream,53.4473517,-9.4714348,
w257540064,Glashanasamearany,water,waterway=stream,53.4422927,-9.4745619,
w257655483,,water,waterway=stream,53.4627352,-9.481813,
w257655488,,water,waterway=stream,53.4632445,-9.4780391,
w257655491,,water,waterway=stream,53.4643927,-9.4869385,
w257671027,,water,waterway=stream,53.3871542,-9.4808674,
w257671030,,water,waterway=stream,53.3872659,-9.4457724,
w257901661,,water,waterway=stream,53.3830436,-9.3826197,
w257901665,,water,waterway=stream,53.3948789,-9.4215963,
w257901668,,water,waterway=stream,53.3695346,-9.4086137,
w257903920,,water,waterway=stream,53.4524651,-9.4793355,
w257906868,,water,waterway=stream,53.4807998,-9.3834817,
w257906876,,water,waterway=stream,53.4790947,-9.3817403,
w258072917,,water,waterway=stream,53.4741592,-9.3950834,
w258072919,Owenna,water,waterway=stream,53.4766233,-9.3968758,
w258072925,,water,waterway=stream,53.4754209,-9.3958107,
w258075769,,water,waterway=stream,53.4659021,-9.3968657,
w258075770,,water,waterway=stream,53.4721389,-9.3902923,
w258080476,,water,waterway=stream,53.3849235,-9.3670067,
w258080478,,water,waterway=stream,53.3994926,-9.3810052,
w258080479,,water,waterway=stream,53.4007384,-9.3759143,
w258080481,Owenriff River,water,waterway=river,53.4155239,-9.3767042,
w258080483,,water,waterway=stream,53.3976499,-9.4179313,
w258080484,,water,waterway=stream,53.4169256,-9.3925116,
w258080485,Owenriff River,water,waterway=river,53.4165109,-9.3871772,
w258080486,,water,waterway=stream,53.405337,-9.3755917,
w258080487,,water,waterway=stream,53.3867686,-9.383758,
w258271871,,water,waterway=stream,53.3879728,-9.3599409,
w258271877,,water,waterway=stream,53.364512,-9.3539708,
w258271878,,water,waterway=stream,53.3729769,-9.3478771,
w258275556,,water,waterway=stream,53.4589893,-9.4785756,
w258281034,,water,waterway=stream,53.4542001,-9.4566595,
w258281036,,water,waterway=stream,53.4593598,-9.4540844,
w258282620,,water,waterway=stream,53.4598201,-9.4823513,
w258282621,,water,waterway=stream,53.4587085,-9.4836801,
w258296367,,water,waterway=stream,53.4568413,-9.4836121,
w258300580,,water,waterway=stream,53.3565505,-9.3422297,
w258300581,,water,waterway=stream,53.35971,-9.3711925,
w258301550,,water,waterway=stream,53.4010629,-9.3717155,
w258468990,,water,waterway=stream,53.4269743,-9.4032126,
w258469007,,water,waterway=stream,53.424498,-9.4022336,
w258469027,,water,waterway=stream,53.4478616,-9.40427,
w258469037,Owenriff River,water,waterway=river,53.4153188,-9.3830766,
w258479248,,water,waterway=stream,53.4010905,-9.4465324,
w258479253,,water,waterway=stream,53.4015671,-9.4339152,
w258479257,,water,waterway=stream,53.4055898,-9.4089246,
w258482007,,water,waterway=stream,53.4002541,-9.4478815,
w258499346,,water,waterway=stream,53.4737511,-9.4033691,
w258606517,,water,waterway=stream,53.4215479,-9.4163269,
w258606518,,water,waterway=river,53.4215489,-9.4145826,
w258606520,,water,waterway=stream,53.4118146,-9.4242915,
w258606521,,water,waterway=stream,53.4097149,-9.4146305,
w258613287,,water,waterway=stream,53.4640223,-9.3880872,
w258613297,,water,waterway=stream,53.4693489,-9.3661459,
w258753204,,water,waterway=stream,53.3919555,-9.514399,
w258753212,,water,waterway=stream,53.3932629,-9.5225354,
w258753213,,water,waterway=stream,53.3907712,-9.5339345,
w258870353,,water,waterway=stream,53.411739,-9.4814992,
w258871811,,water,waterway=stream,53.4526051,-9.4519859,
w258871813,,water,waterway=stream,53.4624233,-9.42496,
w258871816,,water,waterway=stream,53.4500494,-9.4613294,
w258877113,,water,waterway=stream,53.470739,-9.401592,
w258877118,,water,waterway=stream,53.4709674,-9.3905345,
w259021138,,water,waterway=stream,53.4202282,-9.4726855,
w259024063,Derrygauna,water,waterway=stream,53.4198519,-9.4740031,
w259024067,,water,waterway=stream,53.4138554,-9.4404946,
w259362401,,water,waterway=stream,53.4416465,-9.4152377,
w259367497,,water,waterway=stream,53.4361801,-9.4154914,
w259367498,,water,waterway=stream,53.4373679,-9.4139678,
w259367499,,water,waterway=stream,53.4331165,-9.4214551,
w259367503,,water,waterway=stream,53.4382164,-9.4330153,
w259374994,,water,waterway=stream,53.4354092,-9.4412416,
w259374996,,water,waterway=stream,53.4358118,-9.4424915,
w259376312,,water,waterway=stream,53.4706833,-9.4170133,
w259376895,,water,waterway=stream,53.4723952,-9.4114548,
w259536917,,water,waterway=stream,53.4541169,-9.4282946,
w259536919,,water,waterway=stream,53.4567976,-9.4023365,
w259536923,,water,waterway=stream,53.4583624,-9.4069628,
w259537464,,water,waterway=stream,53.452914,-9.4091625,
w259554428,,water,waterway=stream,53.4325362,-9.3891452,
w259554961,,water,waterway=stream,53.4383087,-9.403719,
w259554963,,water,waterway=stream,53.4317446,-9.3933446,
w259554964,,water,waterway=stream,53.4476636,-9.4045117,
w259554966,,water,waterway=stream,53.4469252,-9.4021564,
w259554967,,water,waterway=stream,53.4568713,-9.39653,
w259559921,,water,waterway=stream,53.4620795,-9.352918,
w259559923,,water,waterway=stream,53.4640321,-9.3966251,
w259559924,,water,waterway=stream,53.4651791,-9.3949888,
w259592361,,water,waterway=stream,53.4716711,-9.3901373,
w259592365,,water,waterway=stream,53.4664899,-9.3783658,
w259603172,,water,waterway=stream,53.4444383,-9.3844831,
w259603175,,water,waterway=stream,53.4446675,-9.3926482,
w259603178,,water,waterway=stream,53.44717,-9.392371,
w259617162,,water,waterway=stream,53.4455949,-9.3908567,
w259713206,,water,waterway=stream,53.4447038,-9.3788182,
w259713207,Derrylaura River,water,waterway=stream,53.4448348,-9.3774913,
w259713210,,water,waterway=stream,53.4446747,-9.390996,
w259713212,,water,waterway=stream,53.4428316,-9.4036468,
w259714703,,water,waterway=stream,53.4584402,-9.3956245,
w259714704,,water,waterway=stream,53.4574494,-9.3906723,
w259714705,,water,waterway=stream,53.4633002,-9.3971613,
w259714707,,water,waterway=stream,53.4687922,-9.3924101,
w259715417,,water,waterway=stream,53.4591657,-9.3726358,
w259823462,,water,waterway=stream,53.4410599,-9.3369181,
w259823464,,water,waterway=stream,53.4414146,-9.3339634,
w259894847,,water,waterway=stream,53.4408169,-9.3305198,
w259894848,Derrylaura River,water,waterway=river,53.4407535,-9.3243104,
w260033747,,water,natural=water,53.3034038,-9.0315181,
w260033753,,water,natural=water,53.3047978,-9.0323427,
w260033826,,water,natural=water,53.3241031,-8.9771384,
w260057286,,water,natural=water,53.4981598,-8.5785293,
w260057287,,water,natural=water,53.4975955,-8.5770253,
w260067911,Derrylaura River,water,waterway=stream,53.437112,-9.3524029,
w260067912,,water,waterway=stream,53.4276993,-9.3666727,
w260067913,,water,waterway=stream,53.4237214,-9.3599703,
w260068119,Derrylaura River,water,waterway=stream,53.4407138,-9.3670853,
w260075871,Owenriff River,water,waterway=river,53.4212506,-9.3486928,
w260081031,,water,waterway=stream,53.4290127,-9.3312745,
w260083553,Owenriff River,water,waterway=river,53.4265233,-9.3310922,
w260083555,,water,waterway=stream,53.4290853,-9.3403826,
w260083557,Derrylaura River,water,waterway=river,53.4374401,-9.3431135,
w260368350,,water,waterway=river,53.5782801,-9.5878429,
w260596368,,water,waterway=stream,53.5816338,-9.61257,
w260596371,,water,waterway=stream,53.5827464,-9.6321108,
w260596373,,water,waterway=stream,53.580663,-9.6270349,
w260596374,,water,waterway=stream,53.58112,-9.6245699,
w260596375,,water,waterway=river,53.5805892,-9.5954255,
w260606485,Owenriff River,water,waterway=river,53.4331367,-9.319963,
w260608162,Derrylaura River,water,waterway=river,53.4394237,-9.3305248,
w260675784,,water,waterway=stream,53.532724,-8.9575945,
w260679973,,water,waterway=river,53.5427802,-9.2888116,
w260749165,,water,waterway=stream,53.5215487,-9.9490426,
w260749166,,water,waterway=stream,53.5216981,-9.9510682,
w260749167,,water,waterway=stream,53.522548,-9.9530016,
w260749169,,water,waterway=stream,53.532387,-9.9559571,
w260749172,,water,waterway=stream,53.5446097,-9.9735866,
w260754522,,water,waterway=stream,53.5149229,-9.9376105,
w260756243,Derrylaura River,water,waterway=river,53.4378647,-9.3339335,
w260836392,Lougharlaureen,water,natural=water,53.5663379,-8.9263822,
w260852759,,water,waterway=stream,53.5661871,-8.9196085,
w260885406,,water,waterway=stream,53.5801467,-9.6478166,
w260885407,,water,waterway=stream,53.5727363,-9.6525296,
w260885409,,water,waterway=stream,53.567131,-9.6583001,
w260887777,,water,waterway=stream,53.5616004,-9.651399,
w260891600,,water,waterway=stream,53.4289359,-9.3375799,
w261018067,,water,natural=wetland,53.6947739,-8.4947425,
w261018358,Island River,water,waterway=river,53.6979338,-8.5164597,
w261018582,Lough Namucka,water,natural=water,53.7022088,-8.58989,
w261019696,,water,natural=wetland,53.6872642,-8.586188,
w261019843,,water,natural=wetland,53.6954306,-8.5293378,
w261019844,,water,natural=wetland,53.7015368,-8.5244465,
w261020303,,water,natural=wetland,53.6965984,-8.6201167,
w261020304,,water,natural=wetland,53.6982328,-8.6245853,
w261020959,,water,natural=wetland,53.6821753,-8.5294417,
w261058482,,water,waterway=stream,53.5703451,-9.61885,
w261112963,,water,natural=water,53.5340875,-9.2849642,
w261170207,,water,natural=wetland,53.7071343,-8.4612147,
w261171875,,water,natural=wetland,53.7107674,-8.5993018,
w261206768,,water,waterway=stream,53.5380584,-9.6077408,
w261206769,,water,waterway=stream,53.5347919,-9.6188709,
w261208086,,water,waterway=stream,53.5583345,-9.6218248,
w261208087,,water,waterway=stream,53.549119,-9.6364025,
w261208090,,water,waterway=stream,53.547338,-9.6275292,
w261298028,,water,waterway=stream,53.5325368,-9.5749118,
w261298037,,water,waterway=stream,53.5277902,-9.5803509,
w261298038,,water,waterway=stream,53.5331521,-9.5697834,
w261298040,,water,waterway=stream,53.5262163,-9.5688016,
w261298046,,water,waterway=stream,53.5536267,-9.5759957,
w261298047,,water,waterway=stream,53.5410974,-9.5674366,
w261298048,,water,waterway=stream,53.551255,-9.5525854,
w261298054,,water,waterway=stream,53.5730887,-9.554607,
w261298055,,water,waterway=stream,53.5707888,-9.5609837,
w261298057,,water,waterway=stream,53.5699605,-9.5707891,
w261298059,,water,waterway=stream,53.5566393,-9.5607828,
w261322752,Springfield River,water,waterway=river,53.6751857,-8.5333844,
w261322753,,water,waterway=stream,53.6739307,-8.5403165,
w261322754,,water,waterway=stream,53.6780194,-8.5440359,
w261349946,Owenriff River,water,waterway=river,53.4273844,-9.3277184,
w261470624,,water,natural=wetland,53.701624,-8.5976849,
w261470625,,water,natural=wetland,53.7087106,-8.5188628,
w261471157,,water,natural=wetland,53.7071499,-8.5842196,
w261471665,,water,natural=wetland,53.7149259,-8.5273911,
w261471965,,water,natural=wetland,53.7153622,-8.5416822,
w261472627,,water,natural=wetland,53.7114359,-8.4717947,
w261473099,,water,natural=wetland,53.7137404,-8.4798201,
w261473104,,water,natural=water,53.7116676,-8.5066411,
w261473440,,water,natural=wetland,53.7139467,-8.4992885,
w261473920,,water,natural=water,53.6892237,-8.6192906,
w261476641,Coolcam Lough,water,natural=water,53.6858965,-8.6412624,
w261476642,,water,natural=water,53.6796158,-8.6368649,
w261476643,,water,natural=water,53.6810979,-8.6365748,
w261476645,,water,natural=water,53.6821599,-8.6325883,
w261476646,,water,natural=water,53.6803435,-8.6368522,
w261476647,,water,natural=water,53.6829653,-8.6342735,
w261476648,,water,natural=water,53.6805051,-8.6377248,
w261501681,Owenriff River,water,waterway=river,53.4328926,-9.3215945,
w261501684,Owenriff River,water,waterway=river,53.4326722,-9.316012,
w261503197,Owenriff River,water,waterway=river,53.4301818,-9.3230117,
w261507500,,water,waterway=stream,53.5587077,-9.5382477,
w261507510,,water,waterway=stream,53.551986,-9.5282715,
w261629638,Lough Doo,water,natural=water,53.651181,-8.3808635,
w261629639,Lough Loung,water,natural=water,53.6510906,-8.3982857,
w261630462,Lough Anargid,water,natural=water,53.6427736,-8.3777479,
w261630463,Peter's Lough,water,natural=water,53.6403973,-8.3674755,
w261743671,,water,natural=wetland,53.6361592,-8.4555879,
w261744578,,water,natural=wetland,53.6254538,-8.451536,
w261744581,,water,natural=wetland,53.6263484,-8.451351,
w261748841,,water,natural=water,53.6331564,-8.4137004,
w261777689,,water,natural=wetland,53.6329015,-8.4832554,
w261777705,,water,natural=wetland,53.6334316,-8.4526302,
w261779288,,water,natural=wetland,53.6574983,-8.4305122,
w261779289,,water,natural=wetland,53.6577612,-8.4333813,
w261791216,,water,natural=wetland,53.6640047,-8.4251134,
w261792315,,water,natural=wetland,53.6534838,-8.3853623,
w261792321,,water,natural=wetland,53.6409368,-8.3737708,
w261800697,,water,waterway=stream,53.6368118,-8.511124,
w261801216,,water,natural=wetland,53.6521535,-8.4945338,
w261805178,,water,natural=wetland,53.6666902,-8.5202801,
w261805179,,water,natural=wetland,53.6526985,-8.5429397,
w261805414,,water,natural=wetland,53.6682957,-8.516192,
w261805657,Corralough,water,natural=water,53.6729536,-8.5812266,
w261807278,Ardoe Lough,water,natural=water,53.5965409,-8.5417072,
w261807281,Lough Lurgeen,water,natural=water,53.578717,-8.5076536,
w261845114,,water,waterway=stream,53.5489705,-9.5607203,
w261846824,Bealan Na Brock River,water,waterway=river,53.5229106,-9.5880247,
w261847838,Bealan Na Brock River,water,waterway=river,53.5170709,-9.5680979,
w261853959,,water,waterway=stream,53.4328899,-9.3128084,
w261853961,Owenriff River,water,waterway=river,53.4348208,-9.3109694,
w261856298,,water,waterway=stream,53.5452847,-9.5616575,
w261945110,Loughapollboy,water,natural=water,53.6672304,-8.6227866,
w261950228,,water,natural=wetland,53.670099,-8.6105916,
w261950660,,water,natural=wetland,53.6669878,-8.6009732,
w261969624,,water,natural=wetland,53.6558529,-8.6391656,
w261969627,,water,natural=water,53.6752595,-8.6036109,
w261969628,,water,natural=water,53.6750945,-8.6028638,
w261970286,,water,natural=wetland,53.6315689,-8.6231576,
w261970287,,water,natural=wetland,53.6606087,-8.6009167,
w261970288,,water,natural=wetland,53.6534342,-8.6501171,
w261970289,,water,natural=wetland,53.646961,-8.654088,
w261970485,,water,natural=wetland,53.6344572,-8.6189026,
w261970486,,water,natural=wetland,53.6448997,-8.6219507,
w261970487,,water,natural=wetland,53.6446101,-8.6195493,
w261970488,,water,natural=wetland,53.6451139,-8.6241966,
w261970489,,water,natural=wetland,53.6450118,-8.6346228,
w261970490,,water,natural=wetland,53.642126,-8.6138687,
w261970574,,water,natural=wetland,53.650554,-8.61832,
w261971275,Loughnamaddy,water,natural=water,53.6627949,-8.6242933,
w261971677,Lisrivis Lough,water,natural=water,53.6602326,-8.5763624,
w261986625,Lough Nahask,water,natural=water,53.6138208,-8.6004765,
w261986692,,water,natural=water,53.617543,-8.5885516,
w261989852,,water,natural=water,53.6157196,-8.5653331,
w261989853,,water,natural=wetland,53.6221575,-8.5852957,
w261989855,,water,natural=wetland,53.6226822,-8.5802338,
w261989856,,water,natural=water,53.6261401,-8.5524885,
w261991097,Curragh Lake,water,natural=water,53.6568737,-8.6605412,
w261991100,,water,natural=water,53.6626381,-8.6563088,
w261991101,,water,natural=water,53.6633399,-8.6733305,
w261991450,,water,natural=wetland,53.6301251,-8.5903301,
w261991452,,water,natural=wetland,53.6352785,-8.5880035,
w261991453,,water,natural=wetland,53.6277884,-8.5904877,
w261991454,,water,natural=wetland,53.631522,-8.5914923,
w261991455,,water,natural=wetland,53.6382179,-8.6055984,
w261991457,,water,natural=wetland,53.6342514,-8.5966096,
w261994070,,water,natural=wetland,53.6308849,-8.5801617,
w261995721,,water,natural=wetland,53.6441456,-8.6035268,
w261995722,,water,natural=wetland,53.6476655,-8.6007495,
w262040913,,water,waterway=stream,53.5326768,-9.5639109,
w262040914,,water,waterway=stream,53.5312455,-9.5634713,
w262040917,,water,waterway=stream,53.5189595,-9.5524619,
w262040918,Bealan Na Brock River,water,waterway=river,53.5133104,-9.55616,
w262040919,,water,waterway=stream,53.5185585,-9.5510484,
w262040920,,water,waterway=stream,53.518503,-9.5568593,
w262043058,,water,waterway=stream,53.5463217,-9.5330532,
w262044252,,water,waterway=stream,53.5507887,-9.5341377,
w262044260,,water,waterway=stream,53.5483445,-9.5304251,
w262044264,,water,waterway=stream,53.5449894,-9.5318998,
w262148441,,water,waterway=stream,53.5520309,-9.5227167,
w262160372,,water,natural=water,53.6085992,-8.5752617,
w262169122,,water,natural=water,53.6199927,-8.6339716,
w262169123,,water,natural=water,53.6192014,-8.6233416,
w262203176,,water,waterway=stream,53.5117066,-9.5268608,
w262203181,,water,waterway=stream,53.5117742,-9.526495,
w262203182,,water,waterway=stream,53.5118985,-9.5260874,
w262203184,,water,waterway=river,53.5094178,-9.5481111,
w262206341,,water,waterway=stream,53.5223927,-9.5099684,
w262206342,Dooghta,water,waterway=river,53.5229039,-9.5018,
w262206345,Crumlin,water,waterway=river,53.5267854,-9.51843,
w262206346,,water,waterway=stream,53.5353384,-9.5228667,
w262206347,,water,waterway=stream,53.5346768,-9.5224638,
w262209175,Owenriff River,water,waterway=river,53.4238,-9.3409805,
w262209645,Owenriff River,water,waterway=river,53.4277632,-9.3263429,
w262209647,Owenriff River,water,waterway=river,53.4258815,-9.3351672,
w262307581,,water,natural=water,53.6233795,-8.6253374,
w262307582,,water,natural=water,53.6231104,-8.6299883,
w262307583,,water,natural=water,53.6230395,-8.6232601,
w262386865,,water,waterway=stream,53.4926705,-9.4950441,
w262392262,,water,waterway=stream,53.5121558,-9.4321673,
w262392265,,water,waterway=stream,53.5112832,-9.4323296,
w262392267,Cornamona,water,waterway=river,53.5111959,-9.4256297,
w262393576,,water,waterway=stream,53.5096248,-9.4618982,
w262394285,,water,waterway=stream,53.5094492,-9.4645548,
w262394288,Dooghta,water,waterway=river,53.5145265,-9.4610662,
w262399061,,water,waterway=stream,53.5331656,-9.4626146,
w262399062,,water,waterway=stream,53.5308732,-9.4469684,
w262399063,Owenawillin,water,waterway=stream,53.5244272,-9.4566116,
w262401999,,water,waterway=stream,53.5408951,-9.4332033,
w262402000,,water,waterway=stream,53.543923,-9.4633177,
w262532063,,water,waterway=stream,53.5116814,-9.5120919,
w262532292,,water,waterway=stream,53.5088821,-9.5116514,
w262539799,,water,waterway=stream,53.5016798,-9.5008618,
w262539800,,water,waterway=stream,53.5016703,-9.4987792,
w262539801,,water,waterway=stream,53.4975917,-9.5014162,
w262539802,,water,natural=water,53.5023051,-9.4966724,
w262543657,,water,waterway=stream,53.5060604,-9.5066514,
w262543664,,water,waterway=stream,53.4989117,-9.4668135,
w262545159,,water,waterway=stream,53.5063619,-9.497393,
w262545161,,water,waterway=stream,53.5098541,-9.4816714,
w262562802,,water,waterway=stream,53.5068627,-9.5226796,
w262580988,Dooghta,water,waterway=river,53.5177207,-9.4827258,
w262580989,,water,waterway=stream,53.5242344,-9.4982749,
w262580990,Dooghta,water,waterway=river,53.5225372,-9.4997466,
w262580991,,water,waterway=stream,53.5299188,-9.4826062,
w262581001,Owenawillin,water,waterway=stream,53.5172644,-9.4578646,
w262587265,Cornamona,water,waterway=river,53.5143642,-9.4466066,
w262606542,,water,waterway=stream,53.5321172,-9.4820283,
w262606543,,water,waterway=stream,53.524574,-9.4707183,
w262606545,,water,waterway=stream,53.5494232,-9.4981691,
w262606547,,water,waterway=stream,53.5525373,-9.497815,
w262703935,,water,waterway=stream,53.5339706,-9.463325,
w262703937,,water,waterway=stream,53.5341109,-9.4597684,
w262703947,,water,waterway=stream,53.5334891,-9.4594927,
w262703948,,water,waterway=stream,53.5305446,-9.4613001,
w262703950,,water,waterway=stream,53.5331154,-9.4615633,
w262703952,,water,waterway=stream,53.5371588,-9.4628592,
w262703955,,water,waterway=stream,53.5344622,-9.459547,
w262703962,,water,waterway=stream,53.5360007,-9.4614666,
w262775278,,water,natural=water,53.5687441,-8.7571307,
w262775279,,water,natural=water,53.5683297,-8.7568651,
w262775280,,water,natural=water,53.5684028,-8.7558143,
w262775281,,water,natural=water,53.5684779,-8.7545616,
w262777885,,water,natural=water,53.5834449,-8.7416997,
w262842604,,water,waterway=stream,53.5190798,-9.4219479,
w262842612,,water,waterway=stream,53.5240404,-9.4292085,
w262842613,,water,waterway=stream,53.5238068,-9.4326497,
w262859045,Owenawillin,water,waterway=stream,53.5215796,-9.4576221,
w262859821,Cornamona,water,waterway=river,53.5140383,-9.434171,
w262867417,,water,waterway=stream,53.5532289,-9.4836683,
w263053439,,water,waterway=stream,53.5569169,-9.4439516,
w263059867,,water,waterway=stream,53.5555514,-9.4278155,
w263059871,,water,waterway=stream,53.5557085,-9.4258079,
w263063647,,water,waterway=stream,53.5464749,-9.4375752,
w263063648,,water,waterway=stream,53.5495473,-9.4386605,
w263068082,,water,waterway=stream,53.5460132,-9.4547103,
w263068083,,water,waterway=stream,53.550139,-9.4515814,
w263069809,,water,waterway=stream,53.5531236,-9.4438329,
w263071976,,water,waterway=stream,53.5604784,-9.4441534,
w263080989,,water,waterway=stream,53.5414976,-9.41829,
w263080993,,water,waterway=stream,53.5355844,-9.414574,
w263085921,,water,waterway=stream,53.5440717,-9.4435947,
w263085925,,water,waterway=stream,53.5482905,-9.4525952,
w263087258,,water,waterway=stream,53.5376289,-9.4590032,
w263088009,,water,waterway=stream,53.5271589,-9.4466023,
w263088440,,water,waterway=stream,53.5285918,-9.4382303,
w263096050,,water,waterway=stream,53.5375301,-9.4617546,
w263101034,,water,waterway=stream,53.5237207,-9.4309143,
w263128983,,water,natural=water,53.5330858,-8.7308559,
w263129324,Levally Lough,water,natural=water,53.5293334,-8.7108895,
w263192407,,water,waterway=stream,53.5550201,-9.4018571,
w263192408,,water,waterway=stream,53.5554336,-9.3957024,
w263321495,,water,waterway=stream,53.5492165,-9.3662716,
w263321502,,water,waterway=stream,53.5504451,-9.3615695,
w263321504,,water,waterway=stream,53.5531653,-9.3578548,
w263321537,,water,waterway=stream,53.551092,-9.3648122,
w263336918,,water,waterway=stream,53.5514003,-9.401967,
w263336919,,water,waterway=stream,53.5500035,-9.4020094,
w263336925,,water,waterway=stream,53.552887,-9.3921447,
w263337130,,water,waterway=stream,53.5496743,-9.3916456,
w263337725,,water,waterway=stream,53.5410114,-9.4021313,
w263461313,,water,waterway=stream,53.5532764,-9.3874579,
w263461315,,water,waterway=stream,53.5553257,-9.3865253,
w263464475,,water,waterway=stream,53.5361445,-9.3801149,
w263467884,,water,waterway=stream,53.521237,-9.402338,
w263467888,,water,waterway=stream,53.5242794,-9.4070879,
w263475522,Cong Canal (drainage channel),water,waterway=canal,53.5563224,-9.2921965,
w263610916,,water,waterway=stream,53.5285042,-9.4024456,
w263610930,,water,waterway=stream,53.5248019,-9.393999,
w263610935,,water,waterway=stream,53.523791,-9.3933464,
w263610990,,water,waterway=stream,53.5272303,-9.3999024,
w263610991,,water,waterway=stream,53.5266865,-9.3970519,
w263611189,,water,waterway=stream,53.5277071,-9.4004794,
w263612169,,water,waterway=stream,53.521379,-9.3910264,
w263615335,,water,waterway=stream,53.5253456,-9.3939995,
w263620485,,water,waterway=stream,53.5457594,-9.3812901,
w263989264,,water,waterway=canal,53.5419869,-9.2900644,
w264354735,Cong Canal (uncompleted section),water,waterway=canal,53.5446297,-9.2861518,
w264485567,,water,waterway=stream,53.3858183,-9.9567314,
w264884836,,water,natural=wetland,53.53125,-9.3197526,
w265393754,,water,waterway=stream,53.2526975,-9.3809472,
w265393782,,water,waterway=stream,53.2508344,-9.3821,
w265393784,,water,waterway=stream,53.2689463,-9.3754117,
w265393785,Abhainn Ruibhe,water,waterway=river,53.270751,-9.3677948,
w265393786,Abhainn Ruibhe,water,waterway=river,53.2586627,-9.3638392,
w265614171,,water,waterway=stream,53.2857104,-9.3798594,
w265614172,,water,waterway=stream,53.2882491,-9.3630534,
w265614558,,water,waterway=stream,53.291602,-9.3431859,
w265765956,,water,waterway=stream,53.3912641,-9.3588194,
w265765957,,water,waterway=stream,53.3987795,-9.35447,
w265765959,,water,waterway=stream,53.4032347,-9.3478824,
w265765962,,water,waterway=stream,53.4075058,-9.3483207,
w265765968,,water,waterway=stream,53.4026656,-9.3464218,
w265765969,,water,waterway=stream,53.4015321,-9.3484238,
w265765970,,water,waterway=stream,53.4005002,-9.3517889,
w265765971,,water,waterway=stream,53.3890626,-9.3499451,
w265765972,,water,waterway=stream,53.3897455,-9.3583677,
w265920744,,water,waterway=stream,53.3528429,-9.332612,
w265920745,,water,waterway=stream,53.3916844,-9.312747,
w265920748,,water,waterway=stream,53.3760083,-9.3174314,
w265920750,,water,waterway=stream,53.383394,-9.3146581,
w265920753,,water,waterway=stream,53.3552739,-9.3319706,
w265920754,,water,waterway=stream,53.3603199,-9.3264363,
w266086255,,water,waterway=stream,53.3997849,-9.3312877,
w266086257,,water,waterway=stream,53.3990502,-9.3247721,
w266086263,,water,waterway=stream,53.3889197,-9.3390254,
w266086832,,water,waterway=stream,53.4028447,-9.3311936,
w266086833,,water,waterway=stream,53.4002391,-9.3278437,
w266386235,An Sruthán Beag,water,waterway=river,53.3283775,-9.3183061,
w266386236,,water,waterway=river,53.3171443,-9.3306346,
w266386237,,water,waterway=stream,53.3291826,-9.3204006,
w266386238,,water,waterway=stream,53.3277857,-9.3220032,
w266424191,,water,waterway=stream,53.4044708,-9.3436525,
w266888386,,water,waterway=stream,53.2882618,-9.3239741,
w267125003,,water,natural=water,53.4888164,-8.5173696,
w267125004,,water,natural=water,53.4881333,-8.5183022,
w267159272,Attidavock Lough,water,natural=water,53.524066,-8.5624142,
w267159380,,water,waterway=stream,53.5261917,-8.555072,
w268024958,An Sruthán Beag,water,waterway=river,53.3331362,-9.3175085,
w268024961,Abhainn Bhoth Loiscthe,water,waterway=river,53.3109104,-9.3214904,
w268024964,Abhainn Bhoth Loiscthe,water,waterway=river,53.3048592,-9.3183049,
w268024965,,water,waterway=stream,53.2992746,-9.3256675,
w268024966,,water,waterway=stream,53.2928009,-9.3435452,
w268040295,,water,waterway=stream,53.2822774,-9.3619005,
w268040296,,water,waterway=stream,53.2807135,-9.363366,
w268040297,,water,waterway=stream,53.2812711,-9.3621607,
w268040298,,water,waterway=stream,53.2758386,-9.3631759,
w268050527,Abhainn Ruibhe,water,waterway=river,53.2723611,-9.3721114,
w269659215,,water,waterway=stream,53.2581131,-9.3382751,
w269659223,,water,waterway=stream,53.2459385,-9.3412755,
w269659228,,water,waterway=stream,53.250382,-9.3392565,
w269676538,Abhainn Bhoth Loiscthe,water,waterway=river,53.2557606,-9.3089413,
w270326479,,water,waterway=stream,53.3003494,-9.3031934,
w271202129,Loughkip River,water,waterway=river,53.3184593,-9.1768139,
w271202132,,water,waterway=stream,53.3152934,-9.1756389,
w271770170,,water,waterway=stream,53.4012192,-9.3299534,
w272143884,,water,waterway=stream,53.4037694,-9.295156,
w272318747,,water,waterway=stream,53.4052717,-9.2885179,
w272318748,,water,waterway=stream,53.4058419,-9.2898488,
w272334908,,water,waterway=stream,53.4045193,-9.2851117,
w272341005,,water,waterway=stream,53.4037924,-9.2975966,
w272343461,,water,waterway=stream,53.3869335,-9.3367654,
w272537000,Drimneen,water,waterway=river,53.3956772,-9.2802803,
w272539202,Drimneen,water,waterway=river,53.4013577,-9.2814272,
w272543228,Drimneen,water,waterway=river,53.4034874,-9.2826461,
w272547214,,water,waterway=stream,53.4092321,-9.2844573,
w272547216,,water,waterway=stream,53.4086762,-9.2860427,
w272547217,,water,waterway=stream,53.4098412,-9.2898848,
w272547218,,water,waterway=stream,53.4115557,-9.2925878,
w272548413,Drimneen,water,waterway=river,53.4110354,-9.2830933,
w272613518,,water,waterway=stream,53.3760396,-9.2870291,
w272629568,Drimneen,water,waterway=river,53.3982782,-9.2794771,
w272629569,,water,waterway=stream,53.3809132,-9.2805103,
w272757560,,water,waterway=stream,53.3881502,-9.3363679,
w272757564,Drimneen,water,waterway=river,53.3911248,-9.2879141,
w272757568,,water,waterway=stream,53.3904718,-9.3249779,
w272769001,Abhainn na nArd Doiriú,water,waterway=river,53.3450577,-9.2848207,
w272769002,An Sruthán Beag,water,waterway=river,53.3359817,-9.3158975,
w272769003,,water,waterway=stream,53.3459827,-9.3112712,
w272769004,,water,waterway=stream,53.3484524,-9.3057286,
w272983821,,water,natural=water,53.419681,-10.1600724,
w273169960,,water,waterway=stream,53.2844149,-9.2972497,
w273169961,,water,waterway=stream,53.2803857,-9.3035267,
w273169962,,water,waterway=stream,53.2957491,-9.3113095,
w273169963,,water,waterway=stream,53.2874211,-9.2928369,
w273169964,,water,waterway=stream,53.2945658,-9.2887101,
w273169965,,water,waterway=stream,53.2792337,-9.3065339,
w273169966,,water,waterway=stream,53.2908679,-9.2906391,
w273229159,,water,waterway=river,53.4210296,-9.2691861,
w273237744,Drimneen,water,waterway=river,53.4206244,-9.2728417,
w273242707,,water,waterway=stream,53.408792,-9.2873179,
w273242708,Drimneen,water,waterway=river,53.4122915,-9.2836157,
w273242709,Drimneen,water,waterway=river,53.4130604,-9.2832929,
w273245724,Drimneen,water,waterway=river,53.4157072,-9.2811413,
w273245727,Drimneen,water,waterway=river,53.4094727,-9.2825675,
w273459833,Drimneen,water,waterway=river,53.4064732,-9.2814751,
w273475284,Drimneen,water,waterway=river,53.4186939,-9.2771388,
w273640465,,water,natural=water,53.4194114,-10.1247184,
w273719691,,water,waterway=stream,53.4027933,-9.1535031,
w273732639,,water,waterway=river,53.3869887,-9.1528497,
w273734330,,water,waterway=stream,53.4001048,-9.1334171,
w273756282,,water,natural=water,53.4281524,-10.1165453,
w273769790,,water,waterway=stream,53.4030882,-9.1460896,
w273995135,,water,waterway=stream,53.3956807,-9.259731,
w274004645,,water,waterway=stream,53.3812896,-9.2467113,
w274014629,,water,waterway=stream,53.3816506,-9.2449681,
w274014630,,water,waterway=stream,53.381898,-9.249078,
w274014631,,water,waterway=stream,53.3888587,-9.2578744,
w274014632,,water,waterway=stream,53.3838289,-9.2534696,
w274014638,,water,waterway=stream,53.3813723,-9.2415686,
w274053644,,water,waterway=stream,53.3818866,-9.2488509,
w274061635,,water,waterway=stream,53.3862577,-9.2643388,
w274061636,,water,waterway=stream,53.3866112,-9.2604865,
w274071675,,water,waterway=stream,53.3857201,-9.2687826,
w274071676,,water,waterway=stream,53.3855884,-9.2670563,
w274071677,,water,waterway=stream,53.3867486,-9.2624588,
w274071678,,water,waterway=stream,53.3862015,-9.2581967,
w274071679,,water,waterway=stream,53.3856718,-9.2664985,
w274080831,,water,waterway=stream,53.3742065,-9.2495621,
w274080833,,water,waterway=stream,53.3751412,-9.2467384,
w274080835,,water,waterway=stream,53.3717194,-9.2536177,
w274080838,,water,waterway=stream,53.3773186,-9.243318,
w274084209,Abhainn na nArd Doiriú,water,waterway=river,53.3566308,-9.2828785,
w274084210,,water,waterway=stream,53.3769351,-9.2438939,
w274084211,,water,waterway=stream,53.376235,-9.2451649,
w274702208,,water,waterway=river,53.389983,-9.1654033,
w274704201,,water,waterway=river,53.3863982,-9.1475597,
w274962593,Abhainn na nArd Doiriú,water,waterway=river,53.3332455,-9.2980125,
w275029218,Abhainn na nArd Doiriú,water,waterway=river,53.3352696,-9.2934607,
w275110448,,water,waterway=stream,53.3780851,-9.1997295,
w275128237,,water,waterway=stream,53.4009921,-9.1968157,
w275128238,,water,waterway=stream,53.3988722,-9.193754,
w275305530,,water,waterway=stream,53.3807425,-9.2443973,
w275305532,,water,waterway=stream,53.3804474,-9.2445682,
w275602735,,water,waterway=stream,53.5003897,-9.6242423,
w275712505,Abhainn na nArd Doiriú,water,waterway=river,53.3532175,-9.2814023,
w275712511,,water,waterway=stream,53.3609895,-9.2427816,
w275712512,,water,waterway=stream,53.3550653,-9.2650506,
w275712513,,water,waterway=stream,53.3601238,-9.2301141,
w275712514,,water,waterway=stream,53.3582377,-9.2729866,
w275712515,,water,waterway=stream,53.3618337,-9.2245854,
w275712516,,water,waterway=stream,53.3593005,-9.2546361,
w275712517,,water,waterway=stream,53.3559509,-9.2774841,
w275712519,,water,waterway=stream,53.3626158,-9.245423,
w277500314,,water,natural=water,53.4949618,-9.8856817,
w278473430,,water,natural=water,53.4197449,-9.8403985,
w278473801,,water,waterway=stream,53.4114468,-9.918808,
w278473805,,water,natural=water,53.412087,-9.9190435,
w278473806,,water,natural=water,53.411901,-9.9191929,
w278473808,,water,natural=water,53.4113275,-9.9204419,
w278876442,Suck,water,waterway=river,53.5404674,-8.2921509,
w278876531,Suck,water,waterway=river,53.5543158,-8.2963028,
w278876545,Suck,water,waterway=river,53.5491609,-8.2974557,
w279436961,,water,natural=water,53.4650025,-10.0238043,
w279436962,,water,natural=water,53.4652782,-10.0237451,
w279896413,,water,waterway=stream,53.3403974,-9.2430479,
w280643564,Abhainn na nArd Doiriú,water,waterway=river,53.3362845,-9.2909396,
w280643566,,water,waterway=stream,53.3356809,-9.2610147,
w280643567,,water,waterway=stream,53.3348626,-9.2621895,
w280643570,,water,waterway=stream,53.3353965,-9.2520124,
w280643583,,water,waterway=stream,53.3380298,-9.2442211,
w280647316,,water,waterway=stream,53.3599139,-9.2351351,
w280647318,,water,waterway=stream,53.3545589,-9.2422537,
w280647323,,water,waterway=stream,53.358348,-9.2409348,
w280647325,,water,waterway=stream,53.3428476,-9.2414483,
w280654602,,water,waterway=stream,53.3441775,-9.2410086,
w281213019,,water,waterway=stream,53.2614478,-9.2909618,
w281213020,,water,waterway=stream,53.2664571,-9.2863482,
w281213021,,water,waterway=stream,53.2745679,-9.2853009,
w281213023,,water,waterway=stream,53.266441,-9.2868384,
w281220845,,water,waterway=stream,53.25664,-9.2953025,
w281224618,Abhainn Bhoth Loiscthe,water,waterway=river,53.2634107,-9.3089744,
w281224619,,water,waterway=stream,53.2742149,-9.2855319,
w281224903,,water,waterway=stream,53.2681131,-9.2860086,
w281931902,,water,waterway=stream,53.2926879,-9.2713032,
w281931905,,water,waterway=stream,53.2894776,-9.2752329,
w281931907,Sruthán Bhaile an tSagairt,water,waterway=stream,53.2727302,-9.281097,
w281941628,Sruthán Bhaile an tSagairt,water,waterway=stream,53.2641911,-9.2816824,
w281951822,Abhainn Bhaile an tSagairt,water,waterway=stream,53.262745,-9.2755298,
w281951824,Abhainn Bhaile an tSagairt,water,waterway=stream,53.2565588,-9.2779646,
w281951826,Abhainn Bhaile an tSagairt,water,waterway=stream,53.2512744,-9.2841199,
w281954600,,water,waterway=stream,53.2670577,-9.2746706,
w282680861,Sruthán Bhaile an tSagairt,water,waterway=stream,53.267882,-9.2823586,
w282766763,Knock River,water,waterway=river,53.2765458,-9.2490514,
w282766764,Knock River,water,waterway=river,53.2747013,-9.2449641,
w283269358,,water,waterway=stream,53.2550235,-9.2740974,
w283269359,,water,waterway=stream,53.2557995,-9.2731774,
w283269360,,water,waterway=stream,53.2506196,-9.2761592,
w283269361,,water,waterway=stream,53.2564656,-9.2724131,
w284676108,,water,natural=water,53.3879746,-10.0179252,
w285148047,,water,waterway=stream,53.3702943,-9.1739229,
w285148048,,water,waterway=stream,53.3729048,-9.1650635,
w285589778,,water,waterway=stream,53.3432845,-9.1412693,
w285589779,,water,waterway=stream,53.3402345,-9.143025,
w285589780,,water,waterway=stream,53.3405931,-9.1405358,
w285757624,,water,waterway=stream,53.3389035,-9.1462344,
w285757626,Ballyquirke Canal,water,waterway=stream,53.3430129,-9.1729543,
w285757629,,water,waterway=stream,53.3482732,-9.1824487,
w285809195,,water,waterway=stream,53.3485986,-9.183792,
w285809196,,water,waterway=stream,53.3487178,-9.1858712,
w285809198,,water,waterway=stream,53.3515812,-9.1911789,
w285809199,,water,waterway=stream,53.352989,-9.1951813,
w285809200,,water,waterway=stream,53.3500762,-9.1904889,
w285877694,,water,waterway=stream,53.3540967,-9.1967326,
w286339285,Knock River,water,waterway=river,53.2674854,-9.2346668,
w286339286,,water,waterway=stream,53.2668597,-9.2374852,
w286514129,,water,waterway=stream,53.3488688,-9.199683,
w286514130,,water,waterway=stream,53.3507832,-9.1970672,
w286514131,,water,waterway=stream,53.3462567,-9.1995077,
w286514132,,water,waterway=stream,53.3486207,-9.1990568,
w286514133,,water,waterway=stream,53.3413966,-9.2056403,
w286805956,,water,natural=water,53.5110675,-9.5089556,
w286806479,,water,natural=water,53.5028603,-9.4946782,
w286806480,,water,natural=water,53.5023674,-9.4923769,
w286806484,,water,waterway=stream,53.4843518,-9.5126625,
w286807160,,water,waterway=stream,53.477723,-9.5108574,
w286948806,Sruffaunpollagh,water,waterway=stream,53.3176834,-9.2759652,
w286948807,,water,waterway=stream,53.298778,-9.2744208,
w286948808,,water,waterway=stream,53.3363143,-9.2434129,
w286948809,,water,waterway=stream,53.3002837,-9.2724603,
w286948810,,water,waterway=river,53.3203013,-9.2369712,
w286948811,,water,waterway=stream,53.2997617,-9.2766075,
w286948812,,water,waterway=stream,53.3007413,-9.2800476,
w286948820,,water,waterway=stream,53.3372265,-9.244517,
w286948822,,water,waterway=stream,53.3325207,-9.2309848,
w286948825,,water,waterway=stream,53.3369614,-9.2452142,
w286952559,Loughkip River,water,waterway=river,53.3175736,-9.229928,
w286962956,Knock River,water,waterway=river,53.2844824,-9.2599951,
w286962957,Knock River,water,waterway=river,53.2702298,-9.239859,
w286962958,,water,waterway=stream,53.2758455,-9.243739,
w286962959,,water,waterway=stream,53.2964293,-9.2427687,
w286962960,,water,waterway=stream,53.2990822,-9.2445134,
w286962961,,water,waterway=stream,53.2749638,-9.2410956,
w286962962,,water,waterway=stream,53.2913993,-9.2509886,
w286962963,,water,waterway=stream,53.294086,-9.2485096,
w286962964,,water,waterway=stream,53.2918119,-9.2519839,
w287145892,,water,waterway=stream,53.3363962,-9.2321014,
w287145893,,water,waterway=stream,53.3385303,-9.2285721,
w287145898,,water,waterway=stream,53.3353017,-9.2310499,
w287146659,,water,waterway=stream,53.3398441,-9.2093696,
w287146660,,water,waterway=stream,53.3350856,-9.2127882,
w287157267,,water,waterway=stream,53.3330809,-9.2269785,
w287157272,,water,waterway=stream,53.3345767,-9.2292,
w287164321,,water,waterway=stream,53.3434399,-9.2015234,
w287171274,,water,waterway=stream,53.330074,-9.2162986,
w287194703,Sruthán Bhaile an tSagairt,water,waterway=stream,53.259568,-9.278054,
w287194704,Sruthán Bhaile an tSagairt,water,waterway=stream,53.2606371,-9.2795675,
w287194780,,water,waterway=stream,53.2315013,-9.47529,
w287194781,,water,waterway=stream,53.2302272,-9.4748608,
w287194908,,water,waterway=stream,53.2223854,-9.5147,
w287194909,,water,waterway=stream,53.2221267,-9.514966,
w287194943,,water,waterway=stream,53.2352336,-9.4165304,
w287194944,,water,waterway=stream,53.2346998,-9.4166356,
w287390351,,water,waterway=stream,53.2417574,-9.3431038,
w287390352,,water,waterway=stream,53.244368,-9.3417637,
w287394928,Abhainn Bhoth Loiscthe,water,waterway=river,53.2515506,-9.3079392,
w287394931,Abhainn Bhoth Loiscthe,water,waterway=river,53.2539847,-9.3083863,
w287396047,,water,waterway=stream,53.2739298,-9.2855551,
w287396048,,water,waterway=stream,53.2712602,-9.2859795,
w287398855,Abhainn Chasla,water,waterway=river,53.2784573,-9.5326171,
w287412280,Knock River,water,waterway=river,53.2659037,-9.2308408,
w287412571,Knock River,water,waterway=river,53.2669217,-9.2315312,
w287412572,,water,waterway=stream,53.2743193,-9.2317095,
w287412573,,water,waterway=stream,53.2729034,-9.2283457,
w287412574,,water,waterway=stream,53.2754333,-9.2334281,
w287625151,,water,waterway=stream,53.2784512,-9.2340633,
w287634116,,water,waterway=stream,53.2973373,-9.2096834,
w287634117,,water,waterway=stream,53.297099,-9.2050528,
w287634118,,water,waterway=stream,53.2961005,-9.2164537,
w287634119,,water,waterway=stream,53.2972712,-9.2251039,
w287634120,,water,waterway=stream,53.2957986,-9.2206446,
w287639020,Loughkip River,water,waterway=river,53.3052292,-9.1982462,
w287724835,,water,natural=water,53.3856238,-9.2107321,
w287776623,Loughkip River,water,waterway=river,53.3100675,-9.21327,
w287776624,,water,waterway=stream,53.3115709,-9.2048543,
w287776625,,water,waterway=stream,53.3089199,-9.2003482,
w287776627,,water,waterway=stream,53.3171313,-9.2023461,
w287783396,Loughkip River,water,waterway=river,53.3092367,-9.1881899,
w287789502,,water,waterway=stream,53.3072091,-9.1787946,
w288076650,Ballyquirke Canal,water,waterway=stream,53.3392791,-9.1652468,
w288083453,,water,waterway=stream,53.3333327,-9.1922407,
w288083454,,water,waterway=stream,53.3326337,-9.1940869,
w288084865,Loughkip River,water,waterway=river,53.3266455,-9.1647867,
w288089144,Loughkip River,water,waterway=river,53.3234055,-9.1719848,
w288089145,Loughkip River,water,waterway=river,53.3243894,-9.1699684,
w288089146,Loughkip River,water,waterway=river,53.325494,-9.1682476,
w288230945,Abhainn an Chnoic,water,waterway=river,53.2498935,-9.2242604,
w288230946,,water,waterway=stream,53.2707557,-9.2258781,
w288233757,,water,waterway=stream,53.2668084,-9.223646,
w288237745,,water,waterway=stream,53.2813173,-9.2071622,
w288237747,,water,waterway=stream,53.2747199,-9.2034933,
w288237751,,water,waterway=stream,53.2707703,-9.2050758,
w288237753,,water,waterway=stream,53.2759673,-9.2021989,
w288239036,,water,waterway=stream,53.2780578,-9.2052945,
w288244952,,water,waterway=stream,53.2751624,-9.2008372,
w288245442,,water,waterway=stream,53.2918751,-9.1887842,
w288381992,,water,waterway=stream,53.2743953,-9.2029725,
w288387760,,water,waterway=stream,53.2734827,-9.2041327,
w288540604,,water,waterway=stream,53.2659843,-9.2116358,
w288540605,,water,waterway=stream,53.2667971,-9.2112645,
w288540606,,water,waterway=stream,53.2733722,-9.1760562,
w288540607,,water,waterway=stream,53.273838,-9.1770567,
w288540608,,water,waterway=stream,53.2633831,-9.2120369,
w288558075,Abhainn Loch Inse,water,waterway=river,53.2641343,-9.1848302,
w288558083,,water,waterway=stream,53.2522963,-9.180008,
w288558085,,water,waterway=stream,53.253058,-9.1792078,
w288558086,,water,waterway=stream,53.2493651,-9.1818096,
w288567665,Abhainn Loch Inse,water,waterway=river,53.2624598,-9.1889736,
w288567666,Abhainn Loch Inse,water,waterway=river,53.2614169,-9.1944542,
w288708117,Loughkip River,water,waterway=river,53.3141375,-9.1786306,
w288708118,Loughkip River,water,waterway=river,53.3213454,-9.1753114,
w288708119,,water,waterway=stream,53.3109001,-9.1727017,
w288708120,,water,waterway=stream,53.3128221,-9.1690819,
w288715659,Abhainn Loch Inse,water,waterway=river,53.2655575,-9.180169,
w288715668,,water,waterway=stream,53.2466443,-9.1828314,
w288825893,Abhainn Loch Inse,water,waterway=river,53.2613465,-9.2003497,
w288975344,Abhainn Loch Inse,water,waterway=river,53.2662188,-9.177901,
w289067847,Abhainn an Chnoic,water,waterway=river,53.2621441,-9.2211375,
w289071296,Sruthán Bhearna,water,waterway=stream,53.2760731,-9.1424724,
w289071297,Sruthán Bhearna,water,waterway=stream,53.259434,-9.1285596,
w289092839,Sruthán Bhearna,water,waterway=stream,53.2652094,-9.1347483,
w289092840,Sruthán Bhearna,water,waterway=stream,53.2681734,-9.1368463,
w289469404,Abhainn Loch Inse,water,waterway=river,53.2608356,-9.2143904,
w289472498,Abhainn an Chnoic,water,waterway=river,53.2521818,-9.2228774,
w289472499,Abhainn Loch Inse,water,waterway=river,53.257238,-9.2186495,
w289624894,Sruthán Bhearna,water,waterway=stream,53.272272,-9.1395349,
w289625800,,water,waterway=stream,53.2754849,-9.17087,
w289625801,,water,waterway=stream,53.2735028,-9.1726549,
w289916151,,water,waterway=stream,53.3121213,-9.1695713,
w289925106,Knock River,water,waterway=river,53.2575372,-9.2216419,
w289925110,Abhainn an Chnoic,water,waterway=river,53.258653,-9.2210696,
w289925112,Abhainn an Chnoic,water,waterway=river,53.2596475,-9.2202522,
w289925115,Knock River,water,waterway=river,53.2652975,-9.2285105,
w289925685,Abhainn an Chnoic,water,waterway=river,53.2554885,-9.2214347,
w289927251,Knock River,water,waterway=river,53.264555,-9.224811,
w290004831,Clarin,water,waterway=river,53.3141763,-8.7234753,
w290004832,Clarin,water,waterway=river,53.3013812,-8.7409034,
w290059732,,water,waterway=stream,53.3150742,-9.1230587,
w290060388,,water,waterway=stream,53.3157438,-9.1174685,
w290060623,,water,waterway=stream,53.3159268,-9.1383738,
w290060625,,water,waterway=stream,53.3124874,-9.1286495,
w290209546,,water,waterway=stream,53.3161876,-9.140896,
w290228230,,water,waterway=stream,53.3014788,-9.1390566,
w290228231,,water,waterway=stream,53.3006357,-9.139333,
w290228232,,water,waterway=stream,53.3023755,-9.1388142,
w290355551,Eglinton Canal,water,waterway=canal,53.2699706,-9.0568681,
w290355552,Eglinton Canal,water,waterway=canal,53.2740971,-9.0591752,
w290357638,Eglinton Canal,water,waterway=canal,53.2697939,-9.0564419,
w290375379,,water,natural=water,53.2138785,-8.7765604,
w290738107,Clare,water,waterway=river,53.3296217,-9.0485751,
w290738110,,water,waterway=stream,53.3276992,-9.0451762,
w290753449,,water,waterway=stream,53.3256316,-9.0406882,
w290760017,Clare,water,waterway=river,53.3318862,-9.038588,
w290760019,,water,waterway=stream,53.3336332,-9.0258573,
w290760020,,water,waterway=stream,53.3279363,-9.0303444,
w290764373,Clare,water,waterway=river,53.3441301,-9.0006166,
w290764374,,water,waterway=stream,53.3305159,-9.0101357,
w290937711,,water,waterway=stream,53.3310328,-9.0165273,
w290937712,,water,waterway=stream,53.3310897,-9.0211786,
w290937713,,water,waterway=stream,53.3300686,-9.0071956,
w291299555,,water,waterway=stream,53.2914868,-9.0619622,
w291305544,Terryland River,water,waterway=river,53.2822101,-9.0540103,
w291306227,Terryland River,water,waterway=river,53.2837591,-9.0451997,
w291497190,,water,waterway=stream,53.2816749,-9.1169286,
w291497197,,water,waterway=stream,53.2822057,-9.1135556,
w291497203,,water,waterway=stream,53.2834136,-9.1124671,
w291497204,,water,waterway=stream,53.2825628,-9.1128844,
w291503378,,water,waterway=stream,53.2812376,-9.1352165,
w291503379,,water,waterway=stream,53.28172,-9.134577,
w291503380,,water,waterway=stream,53.2781371,-9.1411208,
w291503381,,water,waterway=stream,53.2777422,-9.1427446,
w291503383,,water,waterway=stream,53.2797272,-9.1376789,
w291602924,,water,waterway=stream,53.2787787,-9.1194157,
w291602927,,water,waterway=stream,53.2705828,-9.1263597,
w291606137,,water,waterway=stream,53.2757602,-9.1227946,
w292186738,,water,waterway=stream,53.2690255,-8.9270925,
w292186739,,water,waterway=stream,53.2704284,-8.9127965,
w292201242,,water,waterway=river,53.2733653,-8.9232989,
w292201243,,water,waterway=stream,53.2777824,-8.9152847,
w292201244,,water,waterway=river,53.2717169,-8.9290319,
w292203240,,water,waterway=river,53.2720674,-8.9273497,
w292302014,Terryland River,water,waterway=river,53.2891344,-9.0351877,
w292324926,Terryland River,water,waterway=river,53.2944077,-9.0240851,
w292574589,,water,waterway=stream,53.2574046,-8.9387515,
w292579399,,water,waterway=stream,53.2691901,-8.9185893,
w292610947,,water,waterway=stream,53.2706503,-8.9279085,
w292622584,,water,waterway=stream,53.3152141,-9.1197451,
w292642944,,water,waterway=stream,53.3022877,-9.116936,
w292642945,,water,waterway=stream,53.2996362,-9.1177863,
w296104450,,water,waterway=stream,53.5818272,-8.9024878,
w296104451,,water,waterway=stream,53.5869419,-8.8385352,
w296104452,,water,waterway=stream,53.5811349,-8.8824056,
w296104453,,water,waterway=stream,53.5897835,-8.8728295,
w296104454,,water,waterway=stream,53.5820708,-8.8935853,
w296104455,,water,waterway=stream,53.5486549,-8.8186761,
w296104456,,water,waterway=stream,53.6013428,-8.9046173,
w296830764,,water,waterway=stream,53.4548022,-9.6359181,
w296830766,,water,waterway=stream,53.4534199,-9.6343229,
w297194872,,water,waterway=stream,53.4831913,-9.9586706,
w297194874,,water,waterway=stream,53.4829852,-9.9586733,
w298205235,,water,waterway=stream,53.1321055,-8.5910651,
w298212608,Gort River,water,waterway=river,53.0862502,-8.8084865,
w298212609,,water,waterway=river,53.0850293,-8.8120597,
w298212610,Ballynamantan Lough,water,natural=water,53.0843423,-8.8130886,
w298468089,,water,waterway=stream,53.456104,-9.8318469,
w298468090,,water,waterway=stream,53.4571454,-9.829015,
w298468093,,water,waterway=stream,53.4561673,-9.8322321,
w298663495,,water,natural=water,53.4593784,-9.8210058,
w298663816,,water,natural=water,53.4634594,-9.8066646,
w298786424,Abhainn Bhoth Loiscthe,water,waterway=river,53.2575154,-9.3091608,
w298786425,Abhainn Bhoth Loiscthe,water,waterway=river,53.2601066,-9.3092252,
w298787299,Abhainn Bhoth Loiscthe,water,waterway=river,53.2562729,-9.3093029,
w298787300,Abhainn Bhoth Loiscthe,water,waterway=river,53.2548185,-9.3084914,
w298787761,Abhainn Bhoth Loiscthe,water,waterway=river,53.2475957,-9.3078464,
w298787763,Abhainn Bhoth Loiscthe,water,waterway=river,53.2483769,-9.30767,
w299840003,,water,natural=water,53.3028588,-8.7575469,
w299864482,,water,natural=water,53.4629748,-9.7151059,
w300130801,Abhainn Bhoth Loiscthe,water,waterway=river,53.2452081,-9.3080649,
w300132162,Abhainn Bhoth Loiscthe,water,waterway=river,53.2491459,-9.3076938,
w300167306,,water,waterway=stream,53.4692502,-9.9072434,
w300167307,,water,waterway=stream,53.4671049,-9.9106723,
w301826198,,water,waterway=stream,53.6088706,-8.8745013,
w301845940,,water,waterway=river,53.6071765,-8.6125555,
w301845953,,water,waterway=stream,53.6366706,-8.614988,
w301851477,,water,waterway=stream,53.6012474,-8.8381445,
w301851480,,water,waterway=stream,53.5970282,-8.8300879,
w301852080,Sinking,water,waterway=river,53.6134291,-8.8273924,
w301852081,Sinking,water,waterway=river,53.6170726,-8.8379694,
w301858705,Sinking,water,waterway=river,53.6117064,-8.798238,
w301860093,Sinking,water,waterway=river,53.6115893,-8.7878255,
w301860876,,water,waterway=stream,53.6080533,-8.8840735,
w301860878,,water,waterway=stream,53.6110902,-8.8707215,
w301861156,,water,waterway=stream,53.6112471,-8.8939073,
w301861299,Clare,water,waterway=river,53.613854,-8.8973791,
w301861306,Clare,water,waterway=river,53.6171999,-8.8938178,
w301861579,Clare,water,waterway=river,53.6173841,-8.8905339,
w301861935,Sinking,water,waterway=river,53.6225562,-8.854681,
w301862415,Sinking,water,waterway=river,53.6215321,-8.766259,
w301862416,Sinking,water,waterway=river,53.6196709,-8.7720669,
w301863727,Clare,water,waterway=river,53.6237855,-8.8712124,
w301863728,Clare,water,waterway=river,53.6240594,-8.8796684,
w301864137,Dalgan,water,waterway=river,53.623939,-8.8599543,
w301864226,Clare,water,waterway=river,53.620081,-8.8877754,
w301865403,Clare,water,waterway=river,53.6158681,-8.8958408,
w301867460,Dalgan,water,waterway=river,53.6277134,-8.8622746,
w301867461,Dalgan,water,waterway=river,53.6258987,-8.8613808,
w301867708,Dalgan,water,waterway=river,53.6375334,-8.8536193,
w301868335,Dalgan,water,waterway=river,53.6326629,-8.8570902,
w301868336,Sinking,water,waterway=river,53.6197113,-8.8444309,
w301869497,Sinking,water,waterway=river,53.6143926,-8.8200051,
w301869498,Sinking,water,waterway=river,53.6138927,-8.8233667,
w301869499,Sinking,water,waterway=river,53.6152132,-8.8322256,
w301869582,Sinking,water,waterway=river,53.6137257,-8.8129439,
w301870276,Sinking,water,waterway=river,53.6146104,-8.7833371,
w301870277,Sinking,water,waterway=river,53.6183417,-8.7770538,
w301928642,Sinking,water,waterway=river,53.6208906,-8.7693824,
w301928643,Sinking,water,waterway=river,53.6225797,-8.760636,
w301928644,Sinking,water,waterway=river,53.6221987,-8.7612784,
w301928645,Sinking,water,waterway=river,53.6213045,-8.7682404,
w301928646,Sinking,water,waterway=river,53.6217099,-8.7627582,
w301928647,Sinking,water,waterway=river,53.6214843,-8.7644595,
w301928648,Sinking,water,waterway=river,53.6201808,-8.770858,
w301929019,Sinking,water,waterway=river,53.6227823,-8.757876,
w301936157,Sinking,water,waterway=river,53.6230832,-8.7554842,
w301936158,Sinking,water,waterway=river,53.624031,-8.7516249,
w301936159,Sinking,water,waterway=river,53.6231545,-8.7552669,
w301936160,Sinking,water,waterway=river,53.6234499,-8.7478126,
w301937060,,water,waterway=stream,53.6275525,-8.7424072,
w301937061,,water,waterway=stream,53.6236968,-8.7441779,
w301937068,Sinking,water,waterway=river,53.6226233,-8.7464187,
w301994637,Sinking,water,waterway=river,53.6139984,-8.7378563,
w301994638,Sinking,water,waterway=river,53.6056571,-8.7040961,
w301999744,Sinking,water,waterway=river,53.6103753,-8.731923,
w301999745,Sinking,water,waterway=river,53.611843,-8.7357482,
w302072756,Sinking,water,waterway=river,53.6050916,-8.7071363,
w302072759,Sinking,water,waterway=river,53.6060329,-8.7000327,
w302077441,Sinking,water,waterway=river,53.6052408,-8.6905262,
w302077442,Sinking,water,waterway=river,53.6059164,-8.6809806,
w302077443,Sinking,water,waterway=river,53.6051676,-8.6885516,
w302077444,Sinking,water,waterway=river,53.6051871,-8.6857298,
w302077445,Sinking,water,waterway=river,53.6056144,-8.6940473,
w302077446,Sinking,water,waterway=river,53.6057363,-8.6830671,
w302163111,Sinking,water,waterway=river,53.6050491,-8.6759381,
w302163112,Sinking,water,waterway=river,53.6028964,-8.6647896,
w302163113,Sinking,water,waterway=river,53.6072069,-8.7186159,
w302163120,,water,waterway=river,53.6082241,-8.6496704,
w302172964,,water,waterway=stream,53.5863712,-8.8889062,
w302172965,,water,waterway=stream,53.5858683,-8.8737631,
w302182171,,water,waterway=stream,53.4775637,-9.9134793,
w302182172,,water,waterway=stream,53.4806279,-9.911821,
w302182173,,water,waterway=stream,53.479506,-9.9118228,
w302182174,,water,waterway=stream,53.480598,-9.9120662,
w302182175,,water,waterway=stream,53.4791516,-9.9118335,
w302220396,,water,natural=water,53.4670814,-9.7630842,
w302251873,,water,natural=water,53.4584828,-9.6656147,
w302254967,,water,waterway=stream,53.4524433,-9.5836186,
w302254968,,water,waterway=stream,53.4516777,-9.5880305,
w302297793,,water,waterway=stream,53.4493958,-9.4738293,
w302297794,,water,waterway=stream,53.4476876,-9.471948,
w302349944,,water,waterway=stream,53.5830879,-8.8830189,
w302349945,,water,waterway=stream,53.5826862,-8.8380503,
w302349946,,water,waterway=stream,53.5869747,-8.8619903,
w302349947,,water,waterway=stream,53.5806547,-8.8464354,
w302349948,,water,waterway=stream,53.5832397,-8.8519706,
w302351837,,water,waterway=stream,53.5710152,-8.867251,
w302352054,,water,waterway=stream,53.5656034,-8.8434283,
w302352055,,water,waterway=stream,53.564821,-8.8406689,
w302352056,,water,waterway=stream,53.5687922,-8.8539558,
w302352890,,water,waterway=stream,53.5671985,-8.8468717,
w302431151,,water,waterway=stream,53.5770694,-8.8864526,
w302438269,Clare,water,waterway=river,53.5457713,-8.8844274,
w302438270,Clare,water,waterway=river,53.5321106,-8.8715706,
w302438271,Clare,water,waterway=river,53.538688,-8.876615,
w302438272,Clare,water,waterway=river,53.5304007,-8.8853297,
w302449600,Clare,water,waterway=river,53.5261868,-8.8836075,
w302449613,,water,waterway=stream,53.537549,-8.8956466,
w302449629,,water,waterway=stream,53.5470671,-8.9124292,
w302455737,Clare,water,waterway=river,53.5311612,-8.8779905,
w302507529,,water,waterway=stream,53.5940798,-8.8186195,
w302507536,,water,waterway=stream,53.5900376,-8.8078026,
w302513640,,water,waterway=stream,53.5852996,-8.8028436,
w302513909,,water,waterway=stream,53.5794595,-8.8425046,
w302518752,,water,waterway=stream,53.5628222,-8.8370069,
w302519232,,water,waterway=stream,53.5872648,-8.8022616,
w302519235,,water,waterway=stream,53.5840929,-8.7936384,
w302519237,,water,waterway=stream,53.5879712,-8.8044079,
w302521445,,water,waterway=stream,53.5597436,-8.8313535,
w302522645,,water,waterway=stream,53.5569766,-8.8290606,
w302522646,,water,waterway=river,53.5552053,-8.8304715,
w302527244,,water,waterway=stream,53.5501069,-8.8245824,
w302527245,,water,waterway=stream,53.5543726,-8.8290629,
w302685941,,water,waterway=stream,53.403007,-9.9673673,
w302685943,,water,natural=water,53.39211,-9.9762271,
w302690853,,water,waterway=stream,53.5813591,-8.6451813,
w302690854,,water,waterway=river,53.602412,-8.6355877,
w302690855,,water,waterway=river,53.6046105,-8.6447029,
w302691177,,water,waterway=river,53.5915745,-8.6437383,
w302693211,,water,waterway=river,53.592947,-8.6368858,
w302693212,,water,waterway=river,53.5887172,-8.6489328,
w302694438,,water,waterway=river,53.593984,-8.6275672,
w302694439,,water,waterway=river,53.5844541,-8.6480881,
w302751195,,water,waterway=stream,53.5722558,-8.651985,
w302751197,,water,waterway=stream,53.5694057,-8.6567336,
w302751200,,water,waterway=stream,53.5742558,-8.6450874,
w302752484,,water,waterway=stream,53.5672617,-8.6608401,
w302752485,,water,waterway=stream,53.5601991,-8.6787645,
w302991983,,water,natural=water,53.5507091,-8.7960464,
w302992432,,water,natural=water,53.5508512,-8.7656064,
w302992433,,water,natural=water,53.5565459,-8.7860331,
w302992434,,water,natural=water,53.5564168,-8.78777,
w302992435,,water,natural=water,53.5508465,-8.7856347,
w302992437,,water,natural=water,53.5492044,-8.7662441,
w302992438,,water,natural=water,53.5557163,-8.7843195,
w302992439,,water,natural=water,53.5554945,-8.7835422,
w302992440,,water,natural=water,53.5551027,-8.7845069,
w302992441,,water,natural=water,53.5518017,-8.780406,
w302995515,,water,natural=water,53.5333253,-8.8004604,
w302995516,,water,natural=water,53.5340247,-8.8015278,
w302995517,,water,natural=water,53.5321011,-8.803781,
w302996862,,water,natural=water,53.5490081,-8.7978872,
w302996863,,water,natural=water,53.544579,-8.7904387,
w302996864,,water,natural=water,53.5462319,-8.7958836,
w302996865,,water,natural=water,53.5458722,-8.7899744,
w303007993,,water,waterway=stream,53.5454284,-8.7439411,
w303007995,,water,waterway=stream,53.545347,-8.7437061,
w303007996,,water,waterway=stream,53.5448466,-8.7474162,
w303020395,,water,waterway=stream,53.5567664,-8.6919348,
w303032390,,water,waterway=stream,53.5366043,-8.7839747,
w303036215,,water,waterway=stream,53.534075,-8.7709606,
w303036216,,water,waterway=stream,53.533905,-8.7637984,
w303036217,,water,waterway=stream,53.5363744,-8.7471651,
w303036218,,water,waterway=stream,53.5358999,-8.7779581,
w303036219,,water,waterway=stream,53.5346691,-8.7599161,
w303036220,,water,waterway=stream,53.5398864,-8.7505632,
w303036991,,water,waterway=stream,53.5324025,-8.7679041,
w303044077,Clare,water,waterway=river,53.3391906,-9.0159607,
w303044078,,water,waterway=stream,53.3416335,-9.0434267,
w303044079,,water,waterway=stream,53.3412237,-9.0466617,
w303045886,,water,waterway=stream,53.5233692,-8.7841627,
w303045888,,water,waterway=stream,53.5209482,-8.7876915,
w303045889,,water,waterway=stream,53.524038,-8.7827179,
w303046136,,water,waterway=stream,53.5261399,-8.7783411,
w303050233,,water,waterway=stream,53.549141,-8.7071074,
w303050821,Cregg River,water,waterway=river,53.3666487,-9.0384179,
w303050824,Cregg River,water,waterway=river,53.3532973,-9.0544603,
w303050831,Cregg River,water,waterway=river,53.3608715,-9.044206,
w303050834,,water,waterway=stream,53.3744638,-9.0511526,
w303050835,,water,waterway=stream,53.3585525,-9.0542199,
w303050839,,water,waterway=stream,53.355208,-9.0499085,
w303050840,,water,waterway=stream,53.3668057,-9.0382723,
w303051228,,water,waterway=stream,53.5521026,-8.6955792,
w303051391,,water,waterway=stream,53.366535,-9.0384878,
w303052632,,water,waterway=stream,53.5230374,-8.8220769,
w303052635,,water,waterway=stream,53.5236725,-8.824571,
w303055255,,water,natural=water,53.5159571,-8.811817,
w303055256,,water,natural=water,53.518383,-8.8180837,
w303055257,,water,natural=water,53.5185783,-8.8195478,
w303055259,,water,natural=water,53.5189103,-8.8209595,
w303055260,,water,natural=water,53.508857,-8.7942238,
w303055262,,water,natural=water,53.5160229,-8.8130717,
w303055264,River Nanny,water,waterway=river,53.5129725,-8.8342227,
w303055271,,water,waterway=stream,53.5116884,-8.8178012,
w303055273,,water,waterway=stream,53.5095994,-8.8029116,
w303073597,River Nanny,water,waterway=river,53.5164166,-8.8452455,
w303079022,,water,waterway=stream,53.5090379,-8.7938096,
w303079691,,water,waterway=stream,53.5101906,-8.7869461,
w303082711,,water,waterway=stream,53.5235852,-8.7623701,
w303082712,,water,waterway=stream,53.5225545,-8.7742352,
w303082713,,water,waterway=stream,53.5225715,-8.7680211,
w303082714,,water,waterway=stream,53.5219498,-8.7273091,
w303082715,,water,waterway=stream,53.522297,-8.7816374,
w303082716,,water,waterway=stream,53.5300828,-8.7713209,
w303082717,,water,waterway=stream,53.5228994,-8.7853042,
w303082718,,water,waterway=stream,53.5246882,-8.7361394,
w303083113,,water,waterway=stream,53.5211551,-8.7956064,
w303089945,,water,waterway=stream,53.5046879,-8.7843906,
w303089946,,water,waterway=stream,53.5092624,-8.7899412,
w303095470,,water,waterway=stream,53.504002,-8.8693769,
w303100030,,water,waterway=stream,53.5027309,-8.8641688,
w303100031,,water,waterway=stream,53.4927646,-8.8532775,
w303100032,,water,waterway=stream,53.4993967,-8.8738713,
w303100033,,water,waterway=stream,53.5006678,-8.8565902,
w303100034,,water,waterway=stream,53.488535,-8.8754042,
w303106330,,water,waterway=stream,53.500012,-8.7779232,
w303106331,Grange River,water,waterway=river,53.505948,-8.7626099,
w303106332,Grange River,water,waterway=river,53.4973781,-8.782959,
w303107706,Grange River,water,waterway=river,53.511006,-8.7650913,
w303108426,,water,waterway=stream,53.5355002,-8.7551605,
w303108427,,water,waterway=stream,53.536229,-8.7504522,
w303109544,,water,waterway=stream,53.5233271,-8.7385362,
w303111761,Grange River,water,waterway=river,53.5141361,-8.7353524,
w303111762,Grange River,water,waterway=river,53.5113982,-8.7571354,
w303111763,Grange River,water,waterway=river,53.5129833,-8.7424887,
w303111764,Grange River,water,waterway=river,53.512272,-8.750973,
w303111765,Grange River,water,waterway=river,53.5122635,-8.7504215,
w303111766,Grange River,water,waterway=river,53.5122936,-8.7497105,
w303111767,Grange River,water,waterway=river,53.5146553,-8.7347956,
w303111768,Grange River,water,waterway=river,53.5148631,-8.7338261,
w303111771,,water,waterway=stream,53.5229102,-8.7534316,
w303112600,Grange River,water,waterway=river,53.5016741,-8.7633564,
w303112601,Grange River,water,waterway=river,53.5004117,-8.771159,
w303112602,,water,waterway=stream,53.500915,-8.7642225,
w303175097,,water,waterway=stream,53.5019978,-8.7566581,
w303175101,,water,waterway=stream,53.5010119,-8.7607281,
w303175105,,water,waterway=stream,53.5013103,-8.7589111,
w303175107,,water,waterway=stream,53.4913045,-8.7341092,
w303175441,,water,waterway=stream,53.5027684,-8.7405794,
w303175442,,water,waterway=stream,53.5026437,-8.739547,
w303175443,,water,waterway=stream,53.5004012,-8.7239454,
w303175444,,water,waterway=stream,53.5018488,-8.7505746,
w303175445,,water,waterway=stream,53.5019011,-8.7439895,
w303179089,,water,waterway=stream,53.4963495,-8.7364498,
w303200796,Grange River,water,waterway=river,53.5135147,-8.7139266,
w303200797,Grange River,water,waterway=river,53.5117508,-8.7014039,
w303200798,Grange River,water,waterway=river,53.5125229,-8.7063461,
w303203474,Grange River,water,waterway=river,53.5155326,-8.7256995,
w303203477,,water,waterway=stream,53.5231161,-8.7380416,
w303203480,,water,waterway=stream,53.5220712,-8.7427009,
w303205633,Grange River,water,waterway=river,53.5148267,-8.7175486,
w303205650,,water,waterway=stream,53.5232575,-8.7327148,
w303205652,,water,waterway=stream,53.5234586,-8.7352525,
w303206563,,water,waterway=stream,53.5494599,-8.7009741,
w303207034,Grange River,water,waterway=river,53.5128008,-8.7100995,
w303207036,,water,waterway=stream,53.5140516,-8.7090422,
w303215989,Grange River,water,waterway=river,53.5121304,-8.6976677,
w303215990,Grange River,water,waterway=river,53.5129643,-8.6957438,
w303215991,Grange River,water,waterway=river,53.5134513,-8.6947481,
w303224571,,water,waterway=stream,53.5319055,-8.7017657,
w303226248,,water,waterway=stream,53.5498099,-8.6967409,
w303228618,,water,waterway=stream,53.5179104,-8.6760036,
w303230797,,water,waterway=river,53.5020641,-8.6211307,
w303250615,,water,waterway=stream,53.5737071,-8.6510476,
w303250616,,water,waterway=stream,53.573619,-8.6505126,
w303250617,,water,waterway=stream,53.5712176,-8.6529513,
w303250618,,water,waterway=river,53.5081659,-8.6653155,
w303250619,,water,waterway=stream,53.5749283,-8.6520658,
w303250620,,water,waterway=stream,53.5301889,-8.6753422,
w303250621,,water,waterway=stream,53.5280934,-8.6758513,
w303250622,,water,waterway=river,53.5088383,-8.6698827,
w303250623,,water,waterway=stream,53.5736123,-8.6503022,
w303250624,,water,waterway=stream,53.5321341,-8.6799451,
w303250625,,water,waterway=stream,53.5737871,-8.6496465,
w303254865,,water,waterway=stream,53.5563039,-8.6981426,
w303254866,,water,waterway=stream,53.5437967,-8.6758629,
w303254867,,water,waterway=stream,53.546934,-8.6851252,
w303255391,,water,waterway=river,53.5119889,-8.6783861,
w303255392,,water,waterway=river,53.512022,-8.6840202,
w303255393,,water,waterway=stream,53.5138699,-8.6872023,
w303255394,,water,waterway=river,53.5108159,-8.6734398,
w303255395,,water,waterway=river,53.5124516,-8.687439,
w303256611,,water,waterway=stream,53.5247839,-8.6751932,
w303256612,,water,waterway=stream,53.5169234,-8.6773535,
w303256613,,water,waterway=stream,53.523222,-8.6788816,
w303256614,,water,waterway=stream,53.5154203,-8.6835894,
w303256615,,water,waterway=stream,53.5235746,-8.6772521,
w303256616,,water,waterway=stream,53.5242092,-8.6753233,
w303256617,,water,waterway=stream,53.5165989,-8.6801711,
w303256618,,water,waterway=stream,53.5255323,-8.6747477,
w303256619,,water,waterway=stream,53.5238275,-8.6761744,
w303256620,,water,waterway=stream,53.5196284,-8.683303,
w303259076,,water,waterway=stream,53.5005277,-8.6418928,
w303259078,,water,waterway=stream,53.5028232,-8.6402671,
w303259096,,water,waterway=river,53.5058737,-8.6411024,
w303259113,,water,waterway=stream,53.4989949,-8.6469937,
w303260496,,water,waterway=river,53.5088074,-8.6607812,
w303261099,,water,waterway=river,53.5078658,-8.65013,
w303261589,,water,waterway=stream,53.5276751,-8.6645688,
w303261590,,water,waterway=stream,53.5263025,-8.6248008,
w303261591,,water,waterway=stream,53.5249752,-8.6356151,
w303261592,,water,waterway=stream,53.525032,-8.6354335,
w303261593,,water,waterway=stream,53.5249053,-8.6358585,
w303261594,,water,waterway=stream,53.5282939,-8.6599253,
w303261595,,water,waterway=stream,53.5266857,-8.667093,
w303261596,,water,waterway=stream,53.5260227,-8.6743432,
w303261597,,water,waterway=stream,53.5259751,-8.6747325,
w303261599,,water,waterway=stream,53.5289073,-8.6622922,
w303261600,,water,waterway=stream,53.5264795,-8.6715568,
w303261602,,water,waterway=stream,53.5246638,-8.6372576,
w303261913,,water,waterway=stream,53.5257986,-8.643033,
w303261982,,water,waterway=stream,53.5001913,-8.6429308,
w303261984,,water,waterway=river,53.5045048,-8.6325004,
w303316318,,water,waterway=stream,53.4577617,-9.1972629,
w303356424,,water,waterway=stream,53.526529,-8.6007603,
w303356425,,water,waterway=stream,53.5125664,-8.6250498,
w303356428,,water,waterway=river,53.5051474,-8.6369675,
w303356429,,water,waterway=stream,53.5290581,-8.6144472,
w303357309,,water,waterway=river,53.5029834,-8.6279157,
w303366665,,water,waterway=stream,53.5080959,-8.6303708,
w303366666,,water,waterway=stream,53.520425,-8.5986368,
w303366668,,water,waterway=stream,53.5184977,-8.5898769,
w303366669,,water,waterway=stream,53.5089188,-8.6146045,
w303366670,,water,waterway=stream,53.5050449,-8.5987758,
w303371005,,water,waterway=stream,53.5018533,-8.6037162,
w303373502,,water,waterway=stream,53.5008657,-8.611118,
w303375288,,water,waterway=stream,53.53975,-8.6697115,
w303375292,,water,waterway=stream,53.5421798,-8.6741741,
w303377539,,water,waterway=stream,53.5454024,-8.6748731,
w303377542,,water,waterway=stream,53.5435017,-8.6750262,
w303377543,,water,waterway=stream,53.5432902,-8.6749374,
w303385936,,water,waterway=stream,53.5435611,-8.6705651,
w303385937,,water,waterway=stream,53.5530837,-8.6463402,
w303385938,,water,waterway=stream,53.5642292,-8.6662288,
w303385939,,water,waterway=stream,53.5522164,-8.6529704,
w303387806,,water,waterway=stream,53.4529451,-9.2067438,
w303387807,,water,waterway=stream,53.4559468,-9.2013424,
w303387809,,water,waterway=stream,53.457365,-9.1974349,
w303389261,,water,waterway=stream,53.5381466,-8.6656878,
w303389750,,water,waterway=stream,53.5346888,-8.6648528,
w303389751,,water,waterway=stream,53.5365104,-8.6646227,
w303389752,,water,waterway=stream,53.5441986,-8.6659065,
w303389753,,water,waterway=stream,53.5376757,-8.6653186,
w303389754,,water,waterway=stream,53.5371947,-8.6649774,
w303390753,,water,waterway=stream,53.5486025,-8.6623683,
w303390912,,water,waterway=stream,53.4475077,-9.1777155,
w303390915,,water,waterway=stream,53.4435254,-9.1764904,
w303390916,,water,waterway=stream,53.4417777,-9.1675555,
w303392816,,water,waterway=stream,53.5289806,-8.6221325,
w303392817,,water,waterway=stream,53.5483254,-8.6344182,
w303392818,,water,waterway=stream,53.5277608,-8.6230306,
w303394466,,water,waterway=stream,53.5262244,-8.6267497,
w303394467,,water,waterway=stream,53.5273714,-8.6526949,
w303394468,,water,waterway=stream,53.5256849,-8.6310677,
w303396406,,water,waterway=stream,53.5324899,-8.6634968,
w303396449,,water,waterway=stream,53.5331536,-8.668558,
w303396450,,water,waterway=stream,53.5315112,-8.6627321,
w303396451,,water,waterway=stream,53.5330263,-8.6642426,
w303396452,,water,waterway=stream,53.5330145,-8.6646817,
w303396453,,water,waterway=stream,53.5295665,-8.6629727,
w303396454,,water,waterway=stream,53.5332104,-8.6641747,
w303396455,,water,waterway=stream,53.5310872,-8.677417,
w303399703,,water,waterway=stream,53.5034728,-8.5795923,
w303399704,,water,waterway=stream,53.5053858,-8.584167,
w303399705,,water,waterway=stream,53.5033988,-8.5785466,
w303500929,,water,waterway=stream,53.515467,-8.6200474,
w303500930,,water,waterway=stream,53.5277437,-8.6067718,
w303500931,,water,waterway=stream,53.5261009,-8.6261822,
w303501842,,water,waterway=stream,53.5234934,-8.6018781,
w303501843,,water,waterway=stream,53.507311,-8.5995282,
w303501844,,water,waterway=stream,53.5183131,-8.6097072,
w303502069,,water,waterway=stream,53.5202165,-8.5963102,
w303502070,,water,waterway=stream,53.5207167,-8.6030514,
w303502909,,water,waterway=stream,53.5196646,-8.5943036,
w303504416,,water,waterway=stream,53.5034953,-8.5798352,
w303512931,,water,waterway=stream,53.5258054,-8.5268264,
w303512932,,water,waterway=stream,53.5342281,-8.5819844,
w303512934,,water,waterway=stream,53.5404393,-8.5874294,
w303512935,,water,waterway=stream,53.5339516,-8.5817512,
w303512936,,water,waterway=stream,53.5493922,-8.6023985,
w303512937,,water,waterway=stream,53.532397,-8.5804384,
w303512938,,water,waterway=stream,53.5477994,-8.6026967,
w303519505,,water,waterway=stream,53.4877059,-8.45171,
w303519508,,water,waterway=stream,53.5135432,-8.4796048,
w303527160,,water,waterway=stream,53.5032113,-8.4605753,
w303527161,,water,waterway=stream,53.5123427,-8.5078236,
w303527162,,water,waterway=stream,53.5214294,-8.5302541,
w303527164,,water,waterway=stream,53.5248994,-8.5226395,
w303527167,,water,waterway=stream,53.520015,-8.4993355,
w303527169,,water,waterway=stream,53.5117861,-8.474403,
w303527170,,water,waterway=stream,53.5116458,-8.5109696,
w303529425,,water,waterway=stream,53.4855078,-8.5141471,
w303536261,,water,waterway=stream,53.5169103,-8.4880427,
w303537556,,water,waterway=stream,53.5231858,-8.5121113,
w303541390,Shiven,water,waterway=river,53.5534935,-8.4642222,
w303541391,Shiven,water,waterway=river,53.5375209,-8.4525872,
w303541425,,water,waterway=stream,53.5513211,-8.4706368,
w303541426,,water,waterway=stream,53.5488906,-8.4744744,
w303542552,,water,waterway=stream,53.5565147,-8.4952667,
w303542553,Shiven,water,waterway=river,53.5609321,-8.4699288,
w303542556,,water,waterway=stream,53.553254,-8.4784193,
w303542558,,water,waterway=stream,53.5565266,-8.4864016,
w303542559,,water,waterway=stream,53.555791,-8.4895825,
w303544007,,water,waterway=stream,53.5297388,-8.54437,
w303544020,,water,waterway=stream,53.5288806,-8.5484617,
w303547260,,water,waterway=stream,53.5300984,-8.5535643,
w303548681,,water,waterway=stream,53.5313168,-8.5725068,
w303548682,,water,waterway=stream,53.531561,-8.5584966,
w303548683,,water,waterway=stream,53.5321799,-8.5601597,
w303548900,,water,waterway=stream,53.5306306,-8.5374028,
w303550265,,water,waterway=stream,53.5289016,-8.5312029,
w303552629,,water,waterway=stream,53.4457923,-9.1563337,
w303552630,,water,waterway=stream,53.4470461,-9.1606498,
w303552631,,water,waterway=stream,53.444486,-9.1606686,
w303553992,Shiven,water,waterway=river,53.566106,-8.4649901,
w303553993,Shiven,water,waterway=river,53.5720607,-8.4722988,
w303553994,Shiven,water,waterway=river,53.5638618,-8.4669209,
w303553995,Shiven,water,waterway=river,53.5683494,-8.468189,
w303553996,Shiven,water,waterway=river,53.5616893,-8.4701531,
w303553997,Shiven,water,waterway=river,53.5570248,-8.4694621,
w303553998,,water,waterway=stream,53.5788553,-8.4864947,
w303553999,,water,waterway=stream,53.5647348,-8.476293,
w303554000,,water,waterway=stream,53.5732482,-8.4737064,
w303558594,,water,waterway=stream,53.5707809,-8.5054933,
w303559812,,water,waterway=stream,53.573689,-8.4739143,
w303559813,,water,waterway=stream,53.5701304,-8.4913567,
w303562500,,water,waterway=stream,53.5844091,-8.5350199,
w303562501,,water,waterway=stream,53.5852273,-8.5350104,
w303562502,,water,waterway=stream,53.5720434,-8.5304843,
w303562639,,water,waterway=stream,53.5797719,-8.5310627,
w303563956,,water,waterway=stream,53.5947653,-8.475951,
w303564270,,water,waterway=stream,53.5755178,-8.4782165,
w303564271,,water,waterway=stream,53.5882121,-8.4697686,
w303564272,,water,waterway=stream,53.576127,-8.4707851,
w303564650,,water,waterway=stream,53.579934,-8.5104859,
w303564712,,water,waterway=stream,53.5895441,-8.5293835,
w303564713,,water,waterway=stream,53.5845189,-8.5200801,
w303565065,,water,waterway=stream,53.5925953,-8.5336032,
w303565341,,water,waterway=stream,53.5879077,-8.5321711,
w303565342,,water,waterway=stream,53.5901498,-8.5304847,
w303568994,,water,waterway=stream,53.5307761,-8.5773834,
w303568995,,water,waterway=stream,53.5361946,-8.5833194,
w303568996,,water,waterway=stream,53.532084,-8.5656965,
w303569092,,water,waterway=stream,53.5381675,-8.5846839,
w303569584,,water,waterway=stream,53.5374803,-8.6263226,
w303570004,,water,waterway=stream,53.5454364,-8.5981301,
w303570005,,water,waterway=stream,53.5429451,-8.592601,
w303576071,,water,waterway=stream,53.5737038,-8.6479738,
w303868213,,water,waterway=stream,53.4844387,-8.8567232,
w303873173,,water,waterway=stream,53.4391783,-9.1754471,
w303876946,Grange River,water,waterway=river,53.415114,-9.0327524,
w303886535,,water,natural=water,53.4932255,-8.9095846,
w303890361,Clare,water,waterway=river,53.4758134,-8.8903614,
w303999187,,water,waterway=stream,53.4696443,-9.1807436,
w304076353,,water,waterway=stream,53.4807005,-9.1285392,
w304076354,,water,waterway=stream,53.4788337,-9.1301976,
w304077529,,water,waterway=stream,53.4801564,-9.1277323,
w304077530,,water,waterway=stream,53.4815128,-9.1277414,
w304117057,,water,natural=water,53.4621917,-9.1228398,
w304145485,,water,waterway=stream,53.4443723,-9.1178167,
w304313677,,water,waterway=stream,53.6113709,-8.5429099,
w304313678,,water,waterway=stream,53.6096989,-8.5547271,
w304313954,,water,natural=water,53.6056381,-8.5790714,
w304319569,,water,waterway=stream,53.6138141,-8.5281782,
w304319671,,water,waterway=stream,53.6147548,-8.5253974,
w304320527,,water,waterway=stream,53.5839351,-8.4713069,
w304326482,,water,waterway=stream,53.6274949,-8.4562862,
w304326483,,water,waterway=stream,53.6361537,-8.4693356,
w304326484,,water,waterway=stream,53.6392197,-8.4774228,
w304326485,,water,waterway=stream,53.6392757,-8.4775407,
w304326486,,water,waterway=stream,53.638916,-8.4760444,
w304327429,,water,waterway=stream,53.6307411,-8.4602372,
w304327430,,water,waterway=stream,53.6403751,-8.481736,
w304328090,,water,waterway=stream,53.6412217,-8.5025704,
w304328091,,water,waterway=stream,53.6408431,-8.492809,
w304437265,,water,waterway=stream,53.593422,-8.6001662,
w304439503,,water,waterway=stream,53.5945526,-8.6022892,
w304439504,,water,waterway=stream,53.5942213,-8.6119172,
w304439507,,water,waterway=stream,53.5989799,-8.6257513,
w304439509,,water,waterway=stream,53.5943898,-8.6022835,
w304442257,,water,waterway=river,53.6058834,-8.6231013,
w304457074,Springfield River,water,waterway=river,53.6753628,-8.5278001,
w304457075,Springfield River,water,waterway=river,53.6795615,-8.5200628,
w304457078,,water,waterway=stream,53.6704975,-8.5413648,
w304461451,,water,waterway=stream,53.6631922,-8.5242192,
w304461454,,water,waterway=stream,53.6675382,-8.533283,
w304461466,,water,waterway=stream,53.6714237,-8.5415747,
w304461467,,water,waterway=stream,53.6430741,-8.5137829,
w304462098,,water,waterway=stream,53.6569887,-8.5231315,
w304462694,,water,waterway=stream,53.6493162,-8.52432,
w304464969,,water,waterway=stream,53.6131936,-8.5323982,
w304466334,,water,waterway=stream,53.6235762,-8.5692138,
w304466338,,water,waterway=stream,53.6234099,-8.5565565,
w304469159,,water,waterway=stream,53.6073289,-8.6188872,
w304469160,,water,waterway=stream,53.6071407,-8.6152101,
w304469814,,water,waterway=stream,53.6231552,-8.5806375,
w304469815,,water,waterway=stream,53.629334,-8.5692668,
w304469816,,water,waterway=stream,53.6256415,-8.59275,
w304469817,,water,waterway=stream,53.6322358,-8.5722695,
w304469818,,water,waterway=stream,53.6261185,-8.5956878,
w304470320,,water,waterway=stream,53.6148148,-8.630017,
w304470322,,water,waterway=stream,53.6158628,-8.6213134,
w304470325,,water,waterway=stream,53.6144597,-8.6303843,
w304470553,,water,waterway=stream,53.6127547,-8.6304812,
w304470554,,water,waterway=stream,53.6095876,-8.6295229,
w304470555,,water,waterway=stream,53.6063044,-8.6266361,
w304470556,,water,waterway=river,53.6034985,-8.6278651,
w304472382,,water,waterway=stream,53.6359741,-8.6007754,
w304472383,,water,waterway=stream,53.6345345,-8.6058803,
w304472384,,water,waterway=stream,53.615599,-8.626591,
w304472385,,water,waterway=stream,53.6366351,-8.6326908,
w304472525,,water,waterway=stream,53.6249806,-8.5636047,
w304472780,,water,waterway=stream,53.6275487,-8.5679465,
w304472781,,water,waterway=stream,53.6306756,-8.5698686,
w304474098,Sinking,water,waterway=river,53.6049711,-8.651639,
w304474100,Sinking,water,waterway=river,53.6031249,-8.6549502,
w304474102,,water,waterway=river,53.607259,-8.6490111,
w304474104,,water,waterway=stream,53.6276731,-8.6425466,
w304474122,,water,waterway=stream,53.6065996,-8.6485504,
w304475019,,water,waterway=river,53.6162895,-8.6479215,
w304475020,,water,waterway=stream,53.6251906,-8.6554911,
w304475023,,water,waterway=stream,53.6262412,-8.6605221,
w304475024,,water,waterway=stream,53.6251473,-8.6524489,
w304549203,,water,waterway=stream,53.6357695,-8.6114071,
w304549206,,water,waterway=stream,53.6376257,-8.5990372,
w304549208,,water,waterway=stream,53.6375631,-8.6232499,
w304549229,,water,waterway=stream,53.6367652,-8.5998857,
w304559239,,water,waterway=stream,53.6403726,-8.5999812,
w304559241,,water,waterway=stream,53.6435344,-8.5918833,
w304575089,,water,waterway=stream,53.4325208,-9.0268741,
w304575090,,water,waterway=river,53.4251622,-9.0214092,
w304575091,,water,waterway=river,53.4231541,-9.0226688,
w304582365,,water,waterway=stream,53.4308784,-9.022062,
w304582367,,water,waterway=stream,53.430424,-9.0204044,
w304582368,,water,waterway=stream,53.4362761,-9.0320166,
w304582369,,water,waterway=stream,53.4349727,-9.0310148,
w304582370,,water,waterway=stream,53.4388185,-9.0342721,
w304599254,,water,waterway=stream,53.6763083,-8.5406085,
w304610523,,water,waterway=stream,53.645468,-8.6111004,
w304610524,,water,waterway=stream,53.6460472,-8.6029013,
w304610526,,water,waterway=stream,53.646667,-8.6033609,
w304610528,,water,waterway=stream,53.6494297,-8.6035089,
w304610529,,water,waterway=stream,53.6528356,-8.6033123,
w304610530,,water,waterway=stream,53.6506579,-8.6033279,
w304610531,,water,waterway=stream,53.6535392,-8.6042634,
w304610534,,water,waterway=stream,53.6517506,-8.6028194,
w304610535,,water,waterway=stream,53.648044,-8.6035291,
w304610539,,water,waterway=stream,53.6500448,-8.6034181,
w304610540,,water,waterway=stream,53.6537481,-8.6115352,
w304610885,,water,waterway=stream,53.6479874,-8.6225058,
w304611256,,water,waterway=stream,53.6373771,-8.6300769,
w304611257,,water,waterway=stream,53.634026,-8.6359746,
w304611258,,water,waterway=stream,53.6481865,-8.6246223,
w304614208,,water,waterway=stream,53.6264808,-8.6491624,
w304614209,,water,waterway=stream,53.6243403,-8.6490927,
w304614210,,water,waterway=stream,53.6246977,-8.6472941,
w304619023,,water,natural=water,53.6725315,-8.6515652,
w304619024,,water,natural=water,53.6724045,-8.6523021,
w304619028,,water,natural=water,53.6723597,-8.6506155,
w304619031,,water,natural=water,53.6727599,-8.6511662,
w304699278,,water,waterway=river,53.4122107,-9.0389067,
w304699279,,water,waterway=river,53.4194748,-9.0257221,
w304699280,,water,waterway=stream,53.4084899,-9.0343206,
w304704740,,water,waterway=river,53.4251293,-9.0136701,
w304704741,,water,waterway=river,53.4244333,-9.017455,
w304707053,,water,waterway=stream,53.4004728,-9.0391026,
w304712501,,water,waterway=stream,53.4057411,-9.0338017,
w304746145,,water,waterway=stream,53.4839848,-8.8255101,
w304748203,Grange River,water,waterway=river,53.4933736,-8.7882871,
w304748204,Grange River,water,waterway=river,53.4908367,-8.7849987,
w304748205,Grange River,water,waterway=river,53.4952357,-8.7879955,
w304748622,Grange River,water,waterway=river,53.4703992,-8.8321092,
w304748626,,water,waterway=stream,53.4781617,-8.8557471,
w304749207,Grange River,water,waterway=river,53.4724534,-8.8193464,
w304749208,Grange River,water,waterway=river,53.4754609,-8.8048771,
w304749209,,water,waterway=stream,53.484591,-8.8287254,
w304925205,Grange River,water,waterway=river,53.4751954,-8.797793,
w304925206,Grange River,water,waterway=river,53.4764504,-8.7932515,
w304925207,Grange River,water,waterway=river,53.4753302,-8.8036266,
w304925208,Grange River,water,waterway=river,53.4751594,-8.8019919,
w304925209,Grange River,water,waterway=river,53.4741773,-8.8110017,
w304925210,Grange River,water,waterway=river,53.4757393,-8.7960129,
w304925444,Grange River,water,waterway=river,53.4790187,-8.7811048,
w304925445,Grange River,water,waterway=river,53.4772541,-8.7862246,
w304925446,Grange River,water,waterway=river,53.4803566,-8.7785347,
w304925447,Grange River,water,waterway=river,53.4783843,-8.7831412,
w304925448,Grange River,water,waterway=river,53.479744,-8.7795665,
w304925449,Grange River,water,waterway=river,53.4815164,-8.7779303,
w304929464,Grange River,water,waterway=river,53.4830984,-8.7769385,
w304929465,Grange River,water,waterway=river,53.485712,-8.7766734,
w304930058,Grange River,water,waterway=river,53.4994217,-8.7770973,
w304930059,Grange River,water,waterway=river,53.4886834,-8.7795909,
w305070485,,water,waterway=stream,53.4020386,-9.0361583,
w305070487,,water,waterway=stream,53.3994836,-9.0457674,
w305109303,,water,waterway=stream,53.3849368,-9.0187309,
w305109304,,water,waterway=stream,53.3853813,-9.0166251,
w305178555,Clare,water,waterway=river,53.3479185,-8.986678,
w305182591,Cregg River,water,waterway=river,53.3599306,-9.000407,
w305182592,Cregg River,water,waterway=river,53.3683031,-8.9940856,
w305182863,,water,waterway=stream,53.350629,-9.0177449,
w305183337,Cregg River,water,waterway=river,53.3621404,-9.0217602,
w305183338,,water,waterway=stream,53.3637003,-9.0124404,
w305187336,Cregg River,water,waterway=river,53.3588588,-9.0094801,
w305188736,,water,waterway=stream,53.3846685,-9.0157121,
w305225903,Cregg River,water,waterway=river,53.3656261,-9.0297244,
w305225904,Cregg River,water,waterway=river,53.367677,-9.0316898,
w305225906,,water,waterway=stream,53.3685205,-9.0318181,
w305225909,,water,waterway=stream,53.3698133,-9.0234971,
w305277353,Cregg River,water,waterway=river,53.3673124,-9.0353719,
w305277366,,water,waterway=stream,53.3680486,-9.0322767,
w305278125,,water,waterway=stream,53.3846708,-9.0131843,
w305283594,Clare,water,waterway=river,53.3508729,-8.9717605,
w305286821,,water,waterway=stream,53.3815004,-8.9762205,
w305293669,,water,waterway=stream,53.3708263,-9.043914,
w305296460,,water,waterway=stream,53.3997066,-9.0564969,
w305408738,Distillery River,water,waterway=canal,53.2775471,-9.0583732,
w305767225,,water,waterway=stream,53.4668158,-9.177207,
w306148151,,water,waterway=stream,53.4991313,-8.7429724,
w306156384,,water,waterway=stream,53.4938987,-8.7331738,
w306172800,,water,waterway=stream,53.4934181,-8.661169,
w306172802,,water,waterway=stream,53.4948701,-8.660377,
w306172804,,water,waterway=stream,53.4945753,-8.6587757,
w306172805,,water,waterway=stream,53.4949315,-8.6579738,
w306172806,,water,waterway=stream,53.4941578,-8.6596113,
w306194437,Polliffrin,water,natural=water,53.4460535,-8.6625985,
w306194439,,water,waterway=stream,53.4460115,-8.6629162,
w306195949,,water,natural=water,53.4577188,-8.6389691,
w306195950,,water,natural=water,53.4579452,-8.6382152,
w306195951,,water,natural=water,53.4574676,-8.6358001,
w306195952,,water,natural=water,53.4579093,-8.637042,
w306199173,Horseleap Lough,water,natural=water,53.4676009,-8.6663003,
w306319252,Grange River,water,waterway=river,53.4760629,-8.7889566,
w306331953,Grange River,water,waterway=river,53.476308,-8.7904089,
w306333709,Grange River,water,waterway=river,53.4749311,-8.7998015,
w306334063,Grange River,water,waterway=river,53.4717189,-8.8245977,
w306467759,Abbert,water,waterway=river,53.4181202,-8.838328,
w306468194,,water,natural=water,53.4291225,-8.8313319,
w306468195,,water,natural=water,53.4102051,-8.8174839,
w306468197,Abbert,water,waterway=river,53.4216922,-8.8264437,
w306469003,Abbert,water,waterway=river,53.4184169,-8.8689864,
w306469333,Abbert,water,waterway=river,53.4155311,-8.8519052,
w306469334,Abbert,water,waterway=river,53.4163844,-8.8567882,
w306469335,Abbert,water,waterway=river,53.415205,-8.8446744,
w306469336,Abbert,water,waterway=river,53.4147071,-8.8494382,
w306469337,Abbert,water,waterway=river,53.4169656,-8.8632026,
w306475466,Abbert,water,waterway=river,53.4214288,-8.8758404,
w306475467,Abbert,water,waterway=river,53.4229341,-8.8815798,
w306475468,Clare,water,waterway=river,53.4238266,-8.8825051,
w306475469,Clare,water,waterway=river,53.4215576,-8.8834899,
w306475470,Clare,water,waterway=river,53.4387267,-8.8678813,
w306475721,Clare,water,waterway=river,53.4265569,-8.8805878,
w306475722,Clare,water,waterway=river,53.4295209,-8.8776977,
w306476535,Clare,water,waterway=river,53.4786158,-8.8744568,
w306476537,Clare,water,waterway=river,53.4741926,-8.872374,
w306476538,,water,waterway=stream,53.4764047,-8.8661262,
w306476540,,water,waterway=stream,53.4755648,-8.8702439,
w306476542,,water,waterway=stream,53.4756912,-8.8616451,
w306476544,,water,waterway=stream,53.4757119,-8.862872,
w306476545,,water,waterway=stream,53.4756819,-8.8621675,
w306486523,Grange River,water,waterway=river,53.4675648,-8.840958,
w306486524,Grange River,water,waterway=river,53.4693756,-8.838223,
w306486525,Grange River,water,waterway=river,53.4641252,-8.8422724,
w306486528,,water,waterway=stream,53.4755464,-8.8530563,
w306486529,,water,waterway=stream,53.4767846,-8.8586955,
w306486964,Grange River,water,waterway=river,53.4608706,-8.8464073,
w306596439,Terryland River,water,waterway=river,53.2864921,-9.040821,
w306774556,,water,waterway=stream,53.4779243,-8.6725831,
w306848868,Abbert,water,waterway=river,53.4253013,-8.8128099,
w306848869,Abbert,water,waterway=river,53.4261487,-8.8033164,
w306850360,,water,natural=water,53.4382335,-8.7910135,
w306850362,Abbert,water,waterway=river,53.4289932,-8.7859189,
w306850363,Abbert,water,waterway=river,53.4284552,-8.7944842,
w306850364,Abbert,water,waterway=river,53.4283153,-8.7928898,
w306850365,Abbert,water,waterway=river,53.4281637,-8.7963356,
w306850369,,water,waterway=stream,53.4316627,-8.7826811,
w306850370,,water,waterway=stream,53.4275983,-8.7933206,
w307233154,,water,waterway=stream,53.4714446,-8.6689736,
w307233159,,water,waterway=stream,53.4736365,-8.6949806,
w307233160,,water,waterway=stream,53.4665208,-8.6970594,
w307233161,,water,waterway=stream,53.4790258,-8.6888143,
w307239549,,water,waterway=stream,53.4622011,-8.6999929,
w307239550,,water,waterway=stream,53.450959,-8.6977298,
w307239551,,water,waterway=stream,53.4604695,-8.7015586,
w307239552,,water,waterway=stream,53.4526868,-8.6982646,
w307239553,,water,waterway=stream,53.4611331,-8.7021171,
w307239554,,water,waterway=stream,53.459553,-8.7007807,
w307239555,,water,waterway=stream,53.4577573,-8.7008843,
w307239961,,water,waterway=stream,53.4666018,-8.6661234,
w307240463,,water,waterway=stream,53.4649785,-8.6664163,
w307240464,,water,waterway=stream,53.4657646,-8.6653885,
w307240749,,water,natural=water,53.458854,-8.6546144,
w307240750,,water,natural=water,53.4570981,-8.648731,
w307240751,,water,natural=water,53.4515166,-8.6490634,
w307240752,,water,natural=water,53.4625188,-8.6581502,
w307240753,,water,natural=water,53.4635418,-8.6608551,
w307240754,,water,natural=water,53.460094,-8.6399321,
w307243217,,water,waterway=stream,53.4625785,-8.6694048,
w307243323,,water,waterway=stream,53.454369,-8.6990528,
w307243324,,water,waterway=stream,53.4596999,-8.7008371,
w307243325,,water,waterway=stream,53.4613727,-8.7014446,
w307244048,,water,waterway=stream,53.4578262,-8.6771913,
w307244049,,water,waterway=river,53.4488685,-8.7023882,
w307244055,,water,natural=water,53.453649,-8.6824629,
w308419481,,water,waterway=stream,53.4462317,-8.6763287,
w308419482,,water,waterway=stream,53.4542263,-8.6851459,
w308419484,,water,waterway=stream,53.4466618,-8.67839,
w308422504,,water,natural=water,53.4603249,-8.7413492,
w308422506,,water,natural=water,53.4584373,-8.7361418,
w308425443,Abbert,water,waterway=river,53.439267,-8.7421339,
w308425444,Abbert,water,waterway=river,53.4401169,-8.7317539,
w308425445,Abbert,water,waterway=river,53.4397455,-8.7355705,
w308425446,Abbert,water,waterway=river,53.4402701,-8.7302442,
w308425447,Abbert,water,waterway=river,53.4405923,-8.7285372,
w308425448,Abbert,water,waterway=river,53.4395266,-8.7367705,
w308425449,Abbert,water,waterway=river,53.4399341,-8.7336032,
w308425450,Abbert,water,waterway=river,53.4392368,-8.7388107,
w308433077,Abbert,water,waterway=river,53.4315556,-8.7785976,
w308433898,Abbert,water,waterway=river,53.4368883,-8.7604499,
w308442398,,water,natural=water,53.4155662,-8.6973622,
w308442399,,water,natural=water,53.4126782,-8.696348,
w308442401,,water,natural=water,53.4071369,-8.7127204,
w308442402,,water,natural=water,53.4142489,-8.7004882,
w308442403,,water,natural=water,53.4114623,-8.7057176,
w308442404,,water,natural=water,53.4164844,-8.6975402,
w308442405,,water,natural=water,53.4097036,-8.7026915,
w308442406,,water,natural=water,53.415599,-8.6992024,
w308442408,,water,natural=water,53.4126284,-8.6996733,
w308442409,,water,natural=water,53.4097216,-8.6991672,
w308442410,,water,natural=water,53.4103167,-8.7104659,
w308442411,,water,natural=water,53.4122122,-8.7038621,
w308442412,,water,natural=water,53.4101635,-8.7005785,
w308442413,,water,natural=water,53.4137437,-8.693911,
w308442414,,water,natural=water,53.4120761,-8.7012531,
w308442907,Abbert,water,waterway=river,53.4423659,-8.7209675,
w308442908,Abbert,water,waterway=river,53.4419196,-8.7108831,
w308443973,Abbert,water,waterway=river,53.439848,-8.7009042,
w308443974,Abbert,water,waterway=river,53.4410442,-8.6934107,
w308446601,,water,waterway=stream,53.423262,-8.7993561,
w308449270,,water,natural=water,53.4483826,-8.8511692,
w308449273,Grange River,water,waterway=river,53.4528795,-8.8579145,
w308449274,Clare,water,waterway=river,53.4478213,-8.8594997,
w308451705,Clare,water,waterway=river,53.4547134,-8.861652,
w308451874,Grange River,water,waterway=river,53.4571859,-8.8528003,
w308476319,Clare,water,waterway=river,53.4874595,-8.8811433,
w308476320,Clare,water,waterway=river,53.4988907,-8.8952576,
w308476321,Clare,water,waterway=river,53.4671745,-8.8679492,
w308476322,Clare,water,waterway=river,53.4932382,-8.8881263,
w308476323,,water,waterway=stream,53.4951062,-8.8987969,
w308476325,,water,waterway=stream,53.4921741,-8.9036476,
w308476326,,water,waterway=stream,53.4926736,-8.9034033,
w308476646,Clare,water,waterway=river,53.495879,-8.8923409,
w308729991,,water,natural=water,53.4522217,-8.6577069,
w308729993,,water,natural=water,53.4504471,-8.6312894,
w308729997,,water,natural=water,53.4627766,-8.6019502,
w308730002,,water,natural=water,53.4482357,-8.6297932,
w308730005,,water,natural=water,53.4604239,-8.6028925,
w308730006,Lough Nalareagh,water,natural=water,53.4709908,-8.5842422,
w309956440,Island River,water,waterway=river,53.69386,-8.5813802,
w309956443,,water,waterway=stream,53.691301,-8.5863586,
w309996851,,water,waterway=stream,53.6774173,-8.4859295,
w310001489,Island River,water,waterway=river,53.6972882,-8.5411508,
w310001490,Island River,water,waterway=river,53.699268,-8.525443,
w310001496,Springfield River,water,waterway=river,53.6860446,-8.510153,
w310004998,,water,natural=water,53.6911958,-8.6001001,
w310004999,,water,natural=water,53.6912665,-8.6004427,
w310005002,Island River,water,waterway=river,53.6958092,-8.5920696,
w310005179,Island River,water,waterway=river,53.6985967,-8.5973362,
w310005622,Island River,water,waterway=river,53.6953328,-8.5657825,
w310005626,Island River,water,waterway=river,53.6942402,-8.5751688,
w310006170,,water,waterway=stream,53.7102296,-8.5549912,
w310006172,,water,waterway=stream,53.7153414,-8.5659049,
w310006432,Island River,water,waterway=river,53.6953373,-8.5497933,
w310006433,Island River,water,waterway=river,53.6993728,-8.5359063,
w310006739,Island River,water,waterway=river,53.6950229,-8.5560985,
w310007338,Island River,water,waterway=river,53.7001858,-8.5331817,
w310007342,,water,waterway=stream,53.702534,-8.5375536,
w310007343,,water,waterway=stream,53.7057074,-8.5441242,
w310008652,,water,waterway=stream,53.7089983,-8.5356062,
w310008653,,water,waterway=river,53.7072324,-8.5265937,
w310008654,,water,waterway=stream,53.7135537,-8.5479377,
w310008655,,water,waterway=stream,53.7127707,-8.531866,
w310008981,Island River,water,waterway=river,53.7046634,-8.5059904,
w310008984,,water,waterway=stream,53.7058489,-8.521031,
w310008985,,water,waterway=stream,53.7100117,-8.5224879,
w310008986,,water,waterway=river,53.7047723,-8.5187245,
w310009307,Island River,water,waterway=river,53.7002765,-8.4612842,
w310010939,Island River,water,waterway=river,53.6988841,-8.513913,
w310011034,Island River,water,waterway=river,53.7022416,-8.512844,
w310011035,Springfield River,water,waterway=river,53.694537,-8.5109541,
w310011178,Island River,water,waterway=river,53.7008778,-8.4835382,
w310011179,Island River,water,waterway=river,53.7025148,-8.4909416,
w310011180,Island River,water,waterway=river,53.6999292,-8.4807201,
w310011181,Island River,water,waterway=river,53.6955638,-8.4690766,
w310011258,Springfield River,water,waterway=river,53.6896335,-8.5073538,
w310011927,Island River,water,waterway=river,53.694632,-8.4628897,
w310011928,Island River,water,waterway=river,53.694091,-8.4635057,
w310011929,Island River,water,waterway=river,53.697638,-8.4631112,
w310159608,,water,waterway=stream,53.3466949,-8.2056851,
w310191037,,water,natural=water,53.4642492,-8.965414,
w310299049,Bunowen River,water,waterway=river,53.3593569,-8.2793458,
w310299051,Bunowen River,water,waterway=river,53.3616537,-8.2839998,
w310302909,Ahascragh River,water,waterway=river,53.3773774,-8.3073942,
w310302910,Ahascragh River,water,waterway=river,53.4028935,-8.3423614,
w310311109,,water,natural=water,53.4913435,-8.5808577,
w310311110,,water,natural=water,53.4710798,-8.6374698,
w310311111,,water,natural=water,53.4736363,-8.6391909,
w310311112,,water,natural=water,53.4920278,-8.5817331,
w310311113,,water,natural=water,53.476872,-8.6203752,
w310312404,,water,natural=water,53.4665019,-8.6155071,
w310312405,,water,natural=water,53.466226,-8.6150355,
w310312406,,water,natural=water,53.4723834,-8.6065807,
w310312407,,water,natural=water,53.4584904,-8.6089092,
w310312408,,water,natural=water,53.472079,-8.6045359,
w310312409,,water,natural=water,53.4622405,-8.6200255,
w310312410,,water,natural=water,53.466615,-8.6159046,
w310312411,,water,natural=water,53.4592043,-8.6087342,
w310312412,,water,natural=water,53.4625489,-8.6095849,
w310312413,,water,natural=water,53.4600445,-8.6020615,
w310312414,,water,natural=water,53.4688246,-8.6124789,
w310312415,,water,natural=water,53.4694207,-8.6126528,
w310312416,,water,natural=water,53.4721253,-8.6062723,
w310312417,,water,natural=water,53.4744412,-8.6040056,
w310312418,,water,natural=water,53.4599352,-8.6073014,
w310312419,,water,natural=water,53.469177,-8.6186377,
w310312420,,water,natural=water,53.4693843,-8.6029078,
w310312421,,water,natural=water,53.4698353,-8.6223901,
w310312422,,water,natural=water,53.4733368,-8.6044494,
w310313431,,water,natural=water,53.4695529,-8.5708294,
w310313432,,water,natural=water,53.4694529,-8.5743609,
w310313858,,water,natural=water,53.4591644,-8.5848876,
w310313859,,water,natural=water,53.469898,-8.6342492,
w310313860,,water,natural=water,53.4698194,-8.6339654,
w310313861,,water,natural=water,53.4694806,-8.6346041,
w310313862,,water,natural=water,53.4685872,-8.6348955,
w310313863,,water,natural=water,53.4706662,-8.6283319,
w310313864,,water,natural=water,53.4582798,-8.5897992,
w310313865,,water,natural=water,53.4673251,-8.6259243,
w310313866,,water,natural=water,53.4733561,-8.624757,
w310313867,,water,natural=water,53.4728092,-8.6288711,
w310313868,,water,natural=water,53.46298,-8.6259084,
w310313870,,water,natural=water,53.4595801,-8.5849657,
w310313876,,water,natural=water,53.4698608,-8.6318596,
w310313877,,water,natural=water,53.4686894,-8.6266356,
w310313878,,water,natural=water,53.4571245,-8.5901404,
w310313879,,water,natural=water,53.4660148,-8.6143669,
w310313880,,water,natural=water,53.4720609,-8.6285677,
w310314619,,water,natural=water,53.4693226,-8.6375252,
w310316407,,water,natural=water,53.4359673,-8.6325648,
w310316408,,water,natural=water,53.43667,-8.6344988,
w310316409,,water,natural=water,53.4377403,-8.6277608,
w310316410,,water,natural=water,53.4372703,-8.6256425,
w310316411,,water,natural=water,53.4358427,-8.6396865,
w310316412,,water,natural=water,53.4362787,-8.6164038,
w310322095,,water,natural=water,53.4100051,-8.6330783,
w310322096,,water,natural=water,53.407234,-8.5761413,
w310322097,,water,natural=water,53.4093308,-8.6376093,
w310400169,Suck,water,waterway=river,53.3300319,-8.214269,
w310400171,,water,waterway=stream,53.3307532,-8.2181752,
w310403839,,water,waterway=stream,53.3121338,-8.2007846,
w310403840,,water,waterway=stream,53.3118492,-8.20304,
w310403841,,water,waterway=stream,53.3097119,-8.1976325,
w310403842,,water,waterway=stream,53.3124234,-8.2051454,
w310422457,,water,waterway=stream,53.3383367,-8.2568696,
w310422458,,water,waterway=stream,53.3372683,-8.2370448,
w310422460,,water,waterway=stream,53.337337,-8.247955,
w310425028,,water,waterway=river,53.3404064,-8.2757672,
w310425030,,water,waterway=stream,53.3341456,-8.3140238,
w310599811,,water,waterway=stream,53.4414718,-8.5642503,
w310647400,,water,waterway=stream,53.3349864,-8.3740443,
w310647402,,water,waterway=stream,53.3145871,-8.3752278,
w310647404,,water,waterway=stream,53.3303125,-8.3230406,
w310647405,,water,waterway=stream,53.3284964,-8.3318344,
w310648470,,water,waterway=stream,53.3317207,-8.320951,
w310648471,,water,waterway=stream,53.332622,-8.3183534,
w310652110,Ballinure River,water,waterway=river,53.3085028,-8.2998439,
w310652111,Ballinure River,water,waterway=river,53.3092528,-8.2999083,
w310654014,Ballinure River,water,waterway=river,53.3080746,-8.2995178,
w310672997,Ahascragh River,water,waterway=river,53.3640672,-8.2832065,
w311204566,,water,natural=water,53.4187766,-8.5267036,
w311204568,,water,natural=water,53.4162757,-8.5429512,
w311204569,,water,natural=water,53.4132322,-8.5071908,
w311204571,,water,natural=water,53.4099072,-8.5090695,
w311204572,,water,natural=water,53.417956,-8.544118,
w311204574,,water,natural=water,53.4190905,-8.5314045,
w311204578,,water,natural=water,53.4141273,-8.5710978,
w311204579,,water,natural=water,53.4171715,-8.54286,
w311204580,,water,natural=water,53.4138578,-8.5496805,
w311209161,,water,natural=water,53.4717395,-8.4848927,
w311209162,,water,natural=water,53.4735091,-8.4848009,
w311209163,,water,natural=water,53.4723958,-8.481896,
w311209175,,water,waterway=stream,53.4490337,-8.4752,
w311209176,,water,waterway=stream,53.4479252,-8.4867651,
w311209177,,water,waterway=stream,53.4509288,-8.4728285,
w311209178,,water,waterway=stream,53.4548539,-8.4688081,
w311209179,,water,waterway=stream,53.4428252,-8.489835,
w311209180,,water,waterway=stream,53.4698219,-8.4608441,
w311209182,,water,waterway=stream,53.452613,-8.4700403,
w311209183,,water,waterway=stream,53.446261,-8.4912835,
w311337279,,water,natural=water,53.3980184,-8.6300062,
w311337280,,water,natural=water,53.3945507,-8.5732175,
w311343711,Lough Doo,water,natural=water,53.3688231,-8.6124653,
w311343712,Shanballymore Lough,water,natural=water,53.3679944,-8.6064725,
w311348100,,water,natural=water,53.4109675,-8.6221821,
w311360410,,water,waterway=stream,53.4908682,-8.579351,
w311360411,,water,waterway=stream,53.4933182,-8.5789716,
w311361668,,water,natural=water,53.4692729,-8.6286266,
w311363992,,water,natural=water,53.459147,-8.6394784,
w311363993,,water,natural=water,53.4590205,-8.6405211,
w311363994,,water,natural=water,53.4597706,-8.6389667,
w311363995,,water,natural=water,53.4592401,-8.6415501,
w311363996,,water,natural=water,53.4584288,-8.6391413,
w311363997,,water,natural=water,53.4601876,-8.6416279,
w311363998,,water,natural=water,53.461746,-8.6397545,
w311364534,,water,natural=water,53.4578866,-8.6650057,
w311364535,,water,natural=water,53.4558757,-8.6618508,
w311364536,,water,natural=water,53.4585204,-8.6513197,
w311364537,,water,natural=water,53.4590199,-8.6502554,
w311364539,,water,natural=water,53.4527415,-8.6621361,
w311364540,,water,natural=water,53.4558693,-8.6631038,
w311364541,,water,natural=water,53.4613405,-8.662244,
w311364542,,water,natural=water,53.4599512,-8.6635854,
w311365278,,water,waterway=stream,53.443213,-8.6838584,
w311365279,,water,waterway=stream,53.4459193,-8.6756372,
w311365280,,water,waterway=stream,53.4460348,-8.6693001,
w311365281,,water,waterway=stream,53.4459636,-8.6746335,
w311365282,,water,waterway=stream,53.4460073,-8.6637077,
w311365283,,water,waterway=stream,53.446018,-8.6674194,
w311365284,,water,waterway=stream,53.4460274,-8.6685538,
w311365285,,water,waterway=stream,53.4460015,-8.6735447,
w311365286,,water,waterway=stream,53.446012,-8.6654516,
w311365287,,water,waterway=stream,53.4460377,-8.6714253,
w311499780,,water,natural=water,53.4951832,-8.562965,
w311499781,,water,natural=water,53.494427,-8.5603393,
w311499784,,water,natural=water,53.4948208,-8.5626413,
w311499785,,water,natural=water,53.4917399,-8.5647618,
w311499786,,water,natural=water,53.4945051,-8.5615768,
w311499788,,water,natural=water,53.4946322,-8.5651024,
w311499791,,water,natural=water,53.4951201,-8.563553,
w311504180,Abbert,water,waterway=river,53.4354181,-8.6675145,
w311507866,,water,natural=water,53.4530236,-8.6239879,
w311507868,,water,natural=water,53.4443597,-8.6376924,
w311507869,,water,natural=water,53.4373636,-8.6223759,
w311507870,,water,natural=water,53.4541891,-8.6217287,
w311507872,,water,natural=water,53.442718,-8.6120025,
w311507873,,water,natural=water,53.4397815,-8.6245997,
w311507874,,water,natural=water,53.4530126,-8.624317,
w311507875,,water,natural=water,53.4475833,-8.6289806,
w311507876,,water,natural=water,53.4400024,-8.6197396,
w311507877,,water,natural=water,53.4454954,-8.6206819,
w311507880,,water,natural=water,53.4423948,-8.6309748,
w311507881,,water,natural=water,53.4422411,-8.6470109,
w311507882,,water,natural=water,53.4454396,-8.6288098,
w311507883,,water,natural=water,53.4535322,-8.6232671,
w311507884,,water,natural=water,53.4434368,-8.6375774,
w311507885,,water,natural=water,53.4531269,-8.6276257,
w311507886,,water,natural=water,53.4455877,-8.63648,
w311507887,,water,natural=water,53.4452059,-8.6305624,
w311507888,,water,natural=water,53.4541203,-8.6215421,
w311507889,,water,natural=water,53.4392527,-8.6522554,
w311507890,,water,natural=water,53.4403566,-8.6462139,
w311507891,,water,natural=water,53.4457863,-8.6162211,
w311507892,,water,natural=water,53.4539307,-8.6214003,
w311507893,,water,natural=water,53.4406841,-8.620744,
w311507894,,water,natural=water,53.4461049,-8.6412964,
w311507895,,water,natural=water,53.4401572,-8.6473912,
w311510412,,water,natural=water,53.4481557,-8.6355688,
w311510413,Kilaclogher River,water,waterway=river,53.4114338,-8.6582365,
w311510414,Kilaclogher River,water,waterway=river,53.4109023,-8.6571311,
w311510415,Killaclogher River,water,waterway=river,53.4099207,-8.6564687,
w311510416,Killaclogher River,water,waterway=river,53.4142081,-8.6582915,
w311512844,,water,natural=water,53.4351805,-8.6280874,
w311512849,Abbert,water,waterway=river,53.4358972,-8.6695267,
w311512850,Abbert,water,waterway=river,53.4365936,-8.6718157,
w311512851,Abbert,water,waterway=river,53.4382959,-8.6824977,
w311512852,Killaclogher River,water,waterway=river,53.4352565,-8.6672244,
w311513834,Killaclogher River,water,waterway=river,53.4301141,-8.6638063,
w311525023,,water,natural=water,53.4175455,-8.6335715,
w311525025,Killaclogher River,water,waterway=river,53.4208807,-8.6586184,
w311527323,,water,natural=water,53.4314236,-8.6130118,
w311527326,,water,natural=water,53.4296817,-8.6089069,
w311527328,,water,natural=water,53.4331614,-8.6115013,
w311527329,,water,natural=water,53.4323462,-8.6111236,
w311527902,,water,natural=water,53.4408443,-8.608184,
w311527903,,water,natural=water,53.4433095,-8.6032546,
w311527904,,water,natural=water,53.4437987,-8.6111861,
w311527905,,water,natural=water,53.4411427,-8.6086498,
w311527906,,water,natural=water,53.443356,-8.6102372,
w311527907,,water,natural=water,53.4418976,-8.6108399,
w311527908,,water,natural=water,53.4397733,-8.6083866,
w311527909,,water,natural=water,53.4445042,-8.5986496,
w311527910,,water,natural=water,53.4416582,-8.608224,
w311527911,,water,natural=water,53.4407665,-8.6116079,
w311527912,,water,natural=water,53.4417717,-8.608879,
w311532849,,water,natural=water,53.4493121,-8.6085365,
w311532853,,water,natural=water,53.4485993,-8.6078055,
w311532854,,water,natural=water,53.4486488,-8.6085077,
w311532855,,water,natural=water,53.4493465,-8.6095363,
w311532856,,water,natural=water,53.4476143,-8.6088864,
w311532857,,water,natural=water,53.4465211,-8.6099746,
w311532858,,water,natural=water,53.4480895,-8.6105406,
w311532859,,water,natural=water,53.4482581,-8.6077369,
w311532860,,water,natural=water,53.4495168,-8.606402,
w311532862,,water,natural=water,53.4479584,-8.610085,
w311533496,,water,natural=water,53.4540504,-8.6153015,
w311533497,,water,natural=water,53.4543236,-8.6168311,
w311533498,,water,natural=water,53.4528976,-8.6065895,
w311533968,,water,natural=water,53.4434351,-8.605925,
w311533970,,water,natural=water,53.4472012,-8.6050323,
w311544194,,water,natural=water,53.4594354,-8.5762016,
w311544195,,water,natural=water,53.4541514,-8.5724123,
w311544198,,water,natural=water,53.4551242,-8.5715608,
w311544199,,water,natural=water,53.4574821,-8.5763752,
w311544200,,water,natural=water,53.4541912,-8.5687324,
w311544202,,water,natural=water,53.4522917,-8.5790685,
w311553989,,water,natural=water,53.44768,-8.5815362,
w311553990,,water,natural=water,53.4479096,-8.5822188,
w311554001,,water,waterway=stream,53.4458015,-8.5563107,
w311554002,,water,waterway=stream,53.4543398,-8.5408558,
w311554003,,water,waterway=stream,53.443117,-8.5619968,
w311554004,,water,waterway=stream,53.4432426,-8.5616201,
w311563288,,water,natural=water,53.4476654,-8.5920569,
w311563290,,water,natural=water,53.4468504,-8.5923039,
w311563292,,water,natural=water,53.4466608,-8.5921112,
w311563294,,water,natural=water,53.4493147,-8.5855286,
w311563308,,water,natural=water,53.4468515,-8.5996677,
w311563310,,water,natural=water,53.4485422,-8.5999073,
w311563311,,water,natural=water,53.4462549,-8.5923086,
w311563312,,water,natural=water,53.4473642,-8.599303,
w311563313,,water,natural=water,53.4476932,-8.5927368,
w311563314,,water,natural=water,53.4500016,-8.5926629,
w311563315,,water,natural=water,53.4510598,-8.5970168,
w311563316,,water,natural=water,53.4464057,-8.5909217,
w311563317,,water,natural=water,53.4490595,-8.5994722,
w311564638,,water,natural=water,53.4448547,-8.5848852,
w311564639,,water,natural=water,53.4403389,-8.5882276,
w311564641,,water,natural=water,53.4438764,-8.5832569,
w311564642,,water,natural=water,53.4386712,-8.6026473,
w311800270,,water,waterway=stream,53.4959778,-9.0960101,
w311800271,,water,waterway=stream,53.4970607,-9.0963521,
w311800274,,water,waterway=stream,53.4981035,-9.0966656,
w311800277,,water,waterway=stream,53.5150795,-9.0897905,
w311852060,,water,waterway=stream,53.5091518,-8.8770452,
w311852078,Clare,water,waterway=river,53.5078187,-8.9046929,
w311852079,Clare,water,waterway=river,53.520277,-8.903294,
w311852080,Clare,water,waterway=river,53.5206934,-8.8833136,
w311852081,Clare,water,waterway=river,53.5194143,-8.8921681,
w311852102,,water,waterway=stream,53.5330285,-8.8908,
w311852103,River Nanny,water,waterway=river,53.5189908,-8.8678465,
w311852104,River Nanny,water,waterway=river,53.5166902,-8.8460956,
w311852599,Nanny,water,waterway=river,53.5110646,-8.828377,
w311852600,Nanny,water,waterway=river,53.5119761,-8.8313796,
w311852605,,water,waterway=stream,53.5122619,-8.8311582,
w311852606,,water,waterway=stream,53.5127041,-8.8285696,
w311904089,River Nanny,water,waterway=river,53.5226581,-8.8763744,
w311907628,,water,natural=water,53.6795312,-8.4498645,
w311915237,River Nanny,water,waterway=river,53.5159752,-8.8576039,
w311959374,River Nanny,water,waterway=river,53.5170071,-8.8493883,
w311959376,River Nanny,water,waterway=river,53.5151331,-8.8411104,
w312573592,,water,waterway=stream,53.6100502,-9.8971761,
w312574998,,water,waterway=stream,53.6072575,-10.0091972,
w312820831,Ballinure River,water,waterway=river,53.2899896,-8.2345831,
w312820833,Ballinure River,water,waterway=river,53.2867126,-8.2059124,
w312820838,,water,waterway=stream,53.2931623,-8.2472917,
w312820839,,water,waterway=stream,53.2938876,-8.2478452,
w312829029,Ballinure River,water,waterway=river,53.2893941,-8.2271113,
w312829032,Ballinure River,water,waterway=river,53.288138,-8.2144266,
w312829035,Ballinure River,water,waterway=river,53.2886346,-8.2233502,
w313138334,Sinking,water,waterway=river,53.6192009,-8.7420948,
w313138751,Sinking,water,waterway=river,53.6208369,-8.7438892,
w313138753,Sinking,water,waterway=river,53.6192346,-8.7410525,
w313139362,Sinking,water,waterway=river,53.6173886,-8.7382818,
w313512483,Lough Ouver,water,natural=water,53.6054221,-8.4072598,
w314061048,,water,waterway=stream,53.5994027,-8.3907392,
w314061858,,water,natural=wetland,53.5905968,-8.4319277,
w315669237,,water,waterway=stream,53.5233209,-9.8037638,
w315669238,,water,waterway=stream,53.5281148,-9.8090137,
w315669239,,water,waterway=stream,53.5297906,-9.8158435,
w315669240,,water,waterway=stream,53.5296773,-9.8133592,
w315669241,,water,waterway=stream,53.5292319,-9.8122474,
w315669242,,water,waterway=stream,53.5284071,-9.8096029,
w315669243,,water,waterway=stream,53.5284609,-9.8050551,
w315669244,,water,waterway=stream,53.5281749,-9.805865,
w315669245,,water,waterway=stream,53.5232011,-9.7982463,
w315669246,,water,waterway=stream,53.528825,-9.7884912,
w315669247,,water,waterway=stream,53.5345995,-9.7811947,
w315669249,,water,waterway=stream,53.5343746,-9.7851722,
w315669251,,water,waterway=stream,53.5352825,-9.7864458,
w315669253,,water,waterway=stream,53.5382052,-9.7687085,
w315669255,,water,waterway=stream,53.5371319,-9.7641038,
w315669258,,water,waterway=stream,53.5302906,-9.8524019,
w315669261,,water,waterway=stream,53.5331387,-9.8532272,
w315669263,,water,waterway=stream,53.5281937,-9.8522628,
w315669264,,water,waterway=stream,53.5320138,-9.8462337,
w315669266,,water,waterway=stream,53.5347521,-9.8308961,
w315669269,,water,waterway=stream,53.5340292,-9.8350971,
w315669272,,water,waterway=stream,53.533812,-9.7991924,
w315723391,Clarinbridge River,water,waterway=river,53.2276438,-8.88188,
w316610801,Kilcolgan,water,waterway=river,53.2149466,-8.8670839,
w316610805,,water,waterway=river,53.2279963,-8.8798476,
w316715060,Kilcolgan,water,waterway=river,53.2156135,-8.8611317,
w318127136,,water,natural=water,53.3110205,-9.5253758,
w318218090,,water,waterway=river,53.2667716,-8.039235,
w318218091,,water,waterway=river,53.2619494,-8.0390683,
w318219725,,water,waterway=stream,53.3275518,-9.4955131,
w318219726,,water,waterway=stream,53.3283831,-9.4941269,
w318219727,,water,waterway=stream,53.3271807,-9.4959037,
w318222501,,water,waterway=stream,53.2464628,-8.0272017,
w318222502,,water,waterway=stream,53.242927,-8.0278198,
w318980921,,water,waterway=stream,53.4160227,-9.524867,
w318980922,,water,waterway=stream,53.4173843,-9.5170254,
w319035065,,water,natural=water,53.2995904,-9.1788875,
w319866710,,water,waterway=stream,53.239407,-8.033778,
w319888284,,water,waterway=stream,53.2713794,-8.0635343,
w319896442,,water,waterway=stream,53.2508001,-8.0261375,
w319896443,,water,waterway=stream,53.2403048,-8.0327495,
w319896445,,water,waterway=stream,53.241567,-8.0300632,
w321063019,Dooloughan,water,natural=water,53.643544,-8.3817619,
w327154704,,water,waterway=stream,53.2740828,-8.0973811,
w327157229,,water,waterway=stream,53.2725553,-8.0858132,
w327877776,,water,waterway=stream,53.2775247,-8.1100513,
w327943354,Ballinure River,water,waterway=river,53.2843965,-8.2030299,
w327943355,Cloonasoragh River,water,waterway=river,53.2800812,-8.1756942,
w327943360,,water,waterway=stream,53.268731,-8.2099463,
w327943361,,water,waterway=stream,53.2790311,-8.2042085,
w328220982,Lough Beg,water,natural=water,52.9749252,-8.8569222,
w328220983,Skehanagh Lough,water,natural=water,52.974497,-8.8617133,
w329366058,Kilcolgan,water,waterway=river,53.2140279,-8.8712899,
w330265177,,water,waterway=stream,53.6744224,-8.446721,
w330636537,,water,waterway=stream,53.0502356,-8.4024375,
w330646770,Kilcrow,water,waterway=river,53.1329396,-8.301943,
w330646771,Kilcrow,water,waterway=river,53.1309117,-8.3046153,
w330667858,,water,waterway=stream,53.1329343,-8.2428517,
w330667859,,water,waterway=stream,53.1345111,-8.2422702,
w330667860,,water,waterway=stream,53.1363125,-8.2401359,
w330667864,,water,waterway=stream,53.1299954,-8.2424569,
w330672318,,water,waterway=stream,53.1253334,-8.2298079,
w330672320,,water,waterway=stream,53.1201042,-8.2194644,
w330682070,Mill Race,water,waterway=stream,53.1178814,-8.2191545,
w330682072,Mill Race,water,waterway=stream,53.114258,-8.2187912,
w330682077,,water,waterway=stream,53.1138742,-8.2197345,
w330682078,,water,waterway=stream,53.1194012,-8.2174486,
w330682079,,water,waterway=stream,53.1143501,-8.2210246,
w330682080,,water,waterway=stream,53.1148975,-8.2232574,
w330682081,,water,waterway=stream,53.113932,-8.2190213,
w330682082,,water,waterway=stream,53.1210604,-8.2225889,
w330682164,Mill Race,water,waterway=stream,53.1154474,-8.2190755,
w330682165,Mill Race,water,waterway=stream,53.1145499,-8.2191362,
w330687441,,water,waterway=stream,53.1181449,-8.2149707,
w330687443,,water,waterway=stream,53.1146918,-8.2138199,
w330687446,,water,waterway=stream,53.1036735,-8.1952048,
w330692606,,water,waterway=stream,53.1133149,-8.217324,
w330692607,,water,waterway=stream,53.1126024,-8.2152416,
w330692608,,water,waterway=stream,53.1095854,-8.2084273,
w330695344,Mill Race,water,waterway=stream,53.1146179,-8.2192973,
w330699237,,water,waterway=stream,53.1150607,-8.2246923,
w330921045,,water,waterway=stream,53.2286757,-8.5155937,
w330921046,,water,waterway=stream,53.2312704,-8.5277871,
w330927089,,water,waterway=stream,53.2341349,-8.5395134,
w330927105,,water,waterway=stream,53.2330852,-8.5347321,
w331145832,Kilcrow,water,waterway=river,53.1237894,-8.303633,
w331148143,Kilcrow,water,waterway=river,53.121067,-8.3046539,
w331151621,Kilcrow,water,waterway=river,53.1037407,-8.3052798,
w331254381,Kilcrow,water,waterway=river,53.0958353,-8.3030751,
w331261966,Cappagh,water,waterway=river,53.0806176,-8.3005813,
w331311578,,water,waterway=stream,53.0974305,-8.2377847,
w331311579,,water,waterway=stream,53.1071466,-8.2423472,
w331314072,,water,waterway=stream,53.1080551,-8.2439246,
w331381365,Carheeny Lough,water,natural=water,52.9893814,-8.8375593,
w331381366,Carheeny Lough,water,natural=water,52.991933,-8.8367712,
w331381380,,water,waterway=river,52.9902981,-8.8369039,
w331387478,,water,waterway=stream,53.0621056,-8.8896545,
w331387479,,water,waterway=stream,53.064034,-8.887587,
w331668128,Polliffern Lough,water,natural=water,53.0402014,-8.8807265,
w331682238,,water,waterway=stream,53.5564381,-8.8188146,
w331682239,,water,waterway=stream,53.5382989,-8.8241135,
w331684151,Castlelodge River,water,waterway=stream,53.0055999,-8.8795127,
w331684152,,water,waterway=stream,53.0133941,-8.8720573,
w331717705,,water,waterway=stream,53.5372906,-8.8212785,
w331865269,,water,waterway=stream,52.9904252,-8.8762771,
w331865277,Scarriff Lough,water,natural=water,52.9908907,-8.8743894,
w331865280,,water,waterway=stream,52.9904955,-8.8779642,
w331873462,Castlelodge River,water,waterway=stream,53.0011692,-8.8867692,
w331873491,,water,waterway=stream,52.9889818,-8.8846721,
w331873506,,water,waterway=stream,52.9907111,-8.8752409,
w331873518,,water,waterway=stream,52.9902729,-8.8811412,
w331873522,,water,waterway=stream,52.9905202,-8.8797895,
w331929145,,water,waterway=stream,52.9728918,-8.8605247,
w331929146,,water,waterway=stream,52.9761668,-8.8605873,
w331929148,Carheeny River,water,waterway=river,52.9814262,-8.8552513,
w331929154,,water,natural=water,52.9714913,-8.8512309,
w332461816,,water,waterway=stream,53.1227971,-8.2264964,
w332600123,,water,waterway=stream,53.2690903,-8.9189093,
w332600126,,water,waterway=stream,53.2680997,-8.9233323,
w333132440,,water,waterway=stream,53.2662734,-8.9233964,
w333132441,,water,waterway=stream,53.2656017,-8.9229124,
w333132442,,water,waterway=stream,53.2668123,-8.9242321,
w334434787,Owendalulleegh,water,waterway=river,53.0324781,-8.7413699,
w334434788,Owendalulleegh,water,waterway=river,53.0246605,-8.7773473,
w334624406,Owendalulleegh,water,waterway=river,53.0251631,-8.7685606,
w334757211,Owendalulleegh,water,waterway=river,53.0331174,-8.7093322,
w334757219,,water,waterway=stream,53.0419697,-8.6938141,
w334757226,Owendalulleegh,water,waterway=river,53.0374042,-8.680575,
w334757232,Owendalulleegh,water,waterway=river,53.035318,-8.6877782,
w334765320,Owendalulleegh,water,waterway=river,53.0344223,-8.7241867,
w334765321,Owendalulleegh,water,waterway=river,53.0305197,-8.7538022,
w334769396,,water,waterway=stream,53.0365097,-8.6987653,
w334773251,Owendalulleegh,water,waterway=river,53.0451526,-8.6567383,
w334773252,,water,waterway=stream,53.0440168,-8.6373715,
w334773253,,water,waterway=stream,53.0448918,-8.6536289,
w334773254,Owendalulleegh,water,waterway=river,53.0460573,-8.6470613,
w334938419,Owendalulleegh,water,waterway=river,53.0385732,-8.6780055,
w334939895,,water,waterway=stream,53.0516885,-8.662605,
w334939897,Owendalulleegh,water,waterway=river,53.0421661,-8.6677675,
w334944170,,water,waterway=stream,53.0610489,-8.603679,
w334944177,,water,waterway=stream,53.0505643,-8.5903048,
w334944178,,water,waterway=stream,53.0546779,-8.6015818,
w334944179,Owendalulleegh,water,waterway=river,53.0519746,-8.6232651,
w334944180,Owendalulleegh,water,waterway=river,53.0572202,-8.6053259,
w335264590,,water,waterway=stream,53.0557613,-8.5673433,
w335264591,,water,waterway=stream,53.0438963,-8.5543044,
w335264592,,water,waterway=stream,53.0554807,-8.5650469,
w335264593,Owendalulleegh,water,waterway=river,53.061507,-8.576873,
w335264594,,water,waterway=stream,53.0434609,-8.5535968,
w335264595,,water,waterway=stream,53.0509641,-8.5609908,
w335264602,Owendalulleegh,water,waterway=stream,53.0649815,-8.5477181,
w335264604,,water,waterway=stream,53.0451252,-8.5546403,
w335264608,Owendalulleegh,water,waterway=river,53.0653446,-8.5485867,
w335264612,,water,waterway=stream,53.0630522,-8.5389239,
w335264614,,water,waterway=stream,53.0549496,-8.5646081,
w335264618,,water,waterway=stream,52.9769693,-8.3528127,
w335270758,,water,waterway=stream,53.060925,-8.5327295,
w335270759,,water,waterway=stream,53.0698759,-8.5204532,
w335270760,,water,waterway=stream,53.0604001,-8.5289139,
w335270761,,water,waterway=stream,53.0694532,-8.5286022,
w335270762,,water,waterway=stream,53.0613055,-8.5342063,
w335270763,,water,waterway=stream,53.0696083,-8.5157331,
w335270764,,water,waterway=stream,53.0689111,-8.5306728,
w335270765,,water,waterway=stream,53.0555115,-8.5396946,
w335284363,,water,waterway=stream,53.0242116,-8.5301141,
w335284364,,water,waterway=stream,53.035257,-8.5110915,
w335284367,,water,waterway=stream,53.063845,-8.5006753,
w335284368,,water,waterway=stream,53.0663296,-8.4985605,
w335284369,,water,waterway=stream,53.0706291,-8.4810739,
w335284370,,water,waterway=stream,53.029605,-8.5271602,
w335293850,,water,waterway=stream,53.0113247,-8.4849259,
w335293852,,water,waterway=stream,52.9910993,-8.4715541,
w335293853,,water,waterway=stream,53.0260524,-8.5013725,
w335293854,,water,waterway=stream,53.0220805,-8.4933636,
w335293855,,water,waterway=stream,53.007881,-8.4845105,
w335293856,,water,waterway=stream,53.0184457,-8.4900137,
w335348918,,water,waterway=stream,52.9919733,-8.4223166,
w335348919,,water,waterway=stream,52.9967052,-8.4066832,
w335348920,Coos River,water,waterway=river,52.9922366,-8.3714894,
w335348923,,water,waterway=stream,52.9980896,-8.4319753,
w335348929,,water,waterway=river,52.9989255,-8.4047158,
w335352195,,water,waterway=stream,52.9821848,-8.3771073,
w335359614,,water,waterway=stream,53.0069048,-8.4052839,
w335359616,,water,waterway=stream,53.0087567,-8.4125924,
w335359617,,water,waterway=river,52.9973196,-8.3974106,
w335359618,,water,waterway=stream,53.0197435,-8.4291732,
w335359619,,water,waterway=stream,53.0191585,-8.4351699,
w335411418,,water,waterway=stream,53.0027907,-8.3565685,
w335411419,,water,waterway=stream,53.0111048,-8.3939517,
w335411420,,water,waterway=stream,53.0092229,-8.3766192,
w335411421,,water,waterway=stream,53.0034275,-8.3682847,
w335411422,,water,waterway=stream,53.0031977,-8.3633659,
w335436771,,water,waterway=stream,53.0209402,-8.4224069,
w335436772,,water,waterway=stream,53.0296364,-8.3903578,
w335610131,,water,waterway=stream,53.0112252,-8.3532511,
w335610132,,water,waterway=stream,53.0092228,-8.3505567,
w335612720,Woodford River,water,waterway=river,53.0239761,-8.3196174,
w335618985,,water,waterway=stream,53.0085354,-8.3476453,
w335618988,,water,waterway=stream,53.0076433,-8.3489998,
w335658535,Woodford River,water,waterway=river,53.0424225,-8.3509856,
w335658536,Woodford River,water,waterway=river,53.0290793,-8.3281953,
w335658547,,water,waterway=stream,53.0324046,-8.345498,
w335658548,,water,waterway=stream,53.0259306,-8.3542845,
w335658549,,water,waterway=stream,53.0257843,-8.3497906,
w335658550,,water,waterway=stream,53.0173186,-8.3634727,
w335658551,,water,waterway=stream,53.0268177,-8.3817712,
w335658553,,water,waterway=stream,53.0310157,-8.3341462,
w335658554,,water,waterway=stream,53.0230382,-8.3733634,
w335658555,,water,waterway=stream,53.0270314,-8.3567536,
w335658556,,water,waterway=stream,53.0349549,-8.3633207,
w335658557,,water,waterway=stream,53.028858,-8.3408659,
w335956394,,water,waterway=stream,52.9978312,-8.7705736,
w336123883,Woodford River,water,waterway=river,53.0369929,-8.3396989,
w336583236,Cappagh,water,waterway=river,53.0933269,-8.3246931,
w336649081,,water,waterway=stream,53.1144688,-8.2568277,
w336649082,,water,waterway=stream,53.1115156,-8.2502915,
w336656119,,water,waterway=stream,53.0993456,-8.1856883,
w336656120,Cappagh,water,waterway=river,53.066296,-8.2832198,
w336656122,Mill Race,water,waterway=stream,53.1145774,-8.219206,
w336656123,Mill Race,water,waterway=stream,53.114658,-8.2193679,
w337422529,,water,waterway=stream,53.165676,-8.1434773,
w337422532,,water,waterway=stream,53.1658853,-8.1445745,
w337426940,,water,waterway=stream,53.168197,-8.1447986,
w337426941,,water,waterway=stream,53.1645264,-8.1373483,
w337451344,,water,waterway=stream,53.162448,-8.129049,
w337451345,,water,waterway=stream,53.1607844,-8.1253629,
w337451347,,water,waterway=stream,53.1660901,-8.1430768,
w338407154,,water,waterway=stream,53.0123552,-8.8039106,
w338410357,,water,waterway=stream,52.9936978,-8.8175246,
w338521119,,water,waterway=stream,53.0107935,-8.851116,
w338521122,,water,waterway=stream,53.0096887,-8.8588633,
w338542646,Clarin,water,waterway=river,53.2467414,-8.8358753,
w338542647,,water,waterway=river,53.2486112,-8.8275138,
w338542648,Clarinbridge River,water,waterway=river,53.2361664,-8.8622479,
w338542649,Clarinbridge River,water,waterway=river,53.2451962,-8.8431345,
w338886227,,water,waterway=stream,53.0139336,-8.8346263,
w340200297,,water,waterway=stream,53.5014683,-9.6464041,
w340200299,,water,waterway=stream,53.4977553,-9.6376923,
w340311363,,water,natural=wetland,53.5845851,-8.4098427,
w340670854,,water,waterway=stream,53.0197141,-8.4279494,
w340670855,,water,waterway=stream,53.0561025,-8.4345562,
w340670858,,water,waterway=stream,53.052262,-8.41889,
w340681441,,water,waterway=stream,53.049337,-8.4273721,
w340681442,,water,waterway=stream,53.0495422,-8.4168237,
w340681443,,water,waterway=stream,53.050106,-8.4330361,
w340681444,,water,waterway=stream,53.0267433,-8.4064287,
w340689930,Woodford River,water,waterway=river,53.0429906,-8.3630501,
w340689935,,water,waterway=stream,53.0306235,-8.3939164,
w340944164,Island Lough,water,natural=water,52.9819215,-8.8270653,
w344066900,,water,waterway=river,53.6528973,-8.39525,
w344066901,,water,waterway=river,53.6518343,-8.3982664,
w344066902,,water,waterway=river,53.6522009,-8.3885162,
w344087399,,water,waterway=stream,53.6478927,-8.3986356,
w344087400,,water,waterway=stream,53.6428025,-8.3964942,
w344087836,,water,waterway=river,53.6516331,-8.3807198,
w344087837,,water,waterway=river,53.6526492,-8.3781126,
w344100091,,water,waterway=stream,53.0494513,-8.7621876,
w344108609,Gort River,water,waterway=river,53.0638624,-8.8185918,
w344108610,Gort River,water,waterway=river,53.0780407,-8.810204,
w344111577,Beagh River,water,waterway=river,53.0495347,-8.8093798,
w344111578,Beagh River,water,waterway=river,53.0497336,-8.8058337,
w344131934,Beagh River,water,waterway=river,53.0512949,-8.800453,
w344160392,Beagh River,water,waterway=river,53.0547132,-8.7919188,
w344378721,,water,waterway=stream,53.0316735,-8.8316357,
w344378724,,water,waterway=stream,53.0347926,-8.8289875,
w344536354,,water,waterway=stream,53.6055292,-8.4076695,
w344582892,,water,waterway=stream,53.0374886,-8.8232803,
w344592859,Gort River,water,waterway=river,53.0514575,-8.8285635,
w344743247,Bunowen River,water,waterway=river,53.5829376,-9.7731791,
w344904081,,water,natural=wetland,53.543475,-8.396532,
w345299714,,water,natural=water,53.5067195,-8.4410242,
w345299715,,water,natural=wetland,53.5296091,-8.4366836,
w345299716,,water,natural=water,53.5076849,-8.4435554,
w345299718,,water,natural=water,53.5067096,-8.4423442,
w345319842,,water,natural=wetland,53.5155848,-8.4314552,
w345319843,,water,natural=wetland,53.5210109,-8.4279609,
w345354453,Gort River,water,waterway=river,53.0656905,-8.8172232,
w345354458,Gort River,water,waterway=river,53.0686107,-8.8155174,
w345354463,Gort River,water,waterway=river,53.057716,-8.8243172,
w345360971,,water,natural=wetland,53.5172208,-8.3687922,
w345360972,,water,natural=wetland,53.5279024,-8.3807647,
w345383164,,water,natural=wetland,53.5328796,-8.3359941,
w345609718,Coole River,water,waterway=river,53.0998465,-8.8407236,
w345611621,,water,waterway=stream,53.1058029,-8.8311924,
w345659155,,water,natural=wetland,53.4991856,-8.340025,
w345706087,,water,natural=wetland,53.5730251,-8.3429069,
w345706090,,water,natural=wetland,53.5771289,-8.3308589,
w345706462,Coole River,water,waterway=river,53.1033143,-8.8356467,
w345706476,Gort River,water,waterway=river,53.0885765,-8.8073246,
w345706477,,water,waterway=stream,53.104483,-8.8327712,
w345706478,Gort River,water,waterway=river,53.0853079,-8.8105755,
w345706495,,water,waterway=stream,53.0811839,-8.7961782,
w345710417,Gort River,water,waterway=river,53.0823718,-8.8114284,
w345710418,Gort River,water,waterway=river,53.0876341,-8.8093471,
w345710419,,water,waterway=river,53.0856179,-8.8113141,
w345749201,Gort River,water,waterway=river,53.073212,-8.8115878,
w345753210,Gort River,water,waterway=river,53.091743,-8.807346,
w345753211,Gort River,water,waterway=river,53.090404,-8.807099,
w345776418,Coole River,water,waterway=river,53.1027263,-8.8378685,
w346381696,,water,waterway=stream,53.0531222,-8.7507931,
w346381697,Beagh River,water,waterway=river,53.0553611,-8.7844777,
w346381700,,water,waterway=stream,53.0532505,-8.7622321,
w346381701,,water,waterway=stream,53.052244,-8.7615696,
w346381715,,water,waterway=stream,53.0453358,-8.7421274,
w346600716,,water,natural=wetland,53.5605733,-8.3556115,
w346600717,,water,natural=wetland,53.5643528,-8.3402318,
w346600718,,water,natural=wetland,53.5554266,-8.3336708,
w346600721,,water,natural=wetland,53.5669676,-8.3451464,
w346600722,,water,natural=wetland,53.5632884,-8.3553381,
w346600723,,water,natural=wetland,53.564183,-8.3547269,
w346600736,,water,waterway=stream,53.5603516,-8.3273259,
w346600743,,water,waterway=stream,53.570004,-8.317353,
w346662283,,water,natural=wetland,53.5137667,-8.3008157,
w346662287,,water,natural=water,53.5744875,-8.3083838,
w346662288,,water,natural=wetland,53.5218477,-8.3153512,
w346662307,,water,waterway=stream,53.5743621,-8.3068205,
w346987979,,water,waterway=stream,53.0481256,-8.7503702,
w346987980,Tarry River,water,waterway=stream,53.0539752,-8.7572918,
w346989908,,water,waterway=stream,53.0460547,-8.7472147,
w346989909,,water,waterway=stream,53.0535524,-8.751974,
w347664439,,water,waterway=stream,53.0791575,-8.7394677,
w349309718,,water,waterway=stream,53.5844154,-8.4339535,
w349313803,,water,waterway=stream,53.5768811,-8.4458764,
w349313823,,water,waterway=stream,53.5726594,-8.4602348,
w349325716,,water,waterway=stream,53.5740636,-8.4458507,
w349332680,,water,natural=wetland,53.5504234,-8.4321361,
w349332687,,water,natural=wetland,53.5566532,-8.439666,
w349332691,Shiven,water,waterway=river,53.5497753,-8.4592629,
w349332692,Shiven,water,waterway=river,53.545371,-8.4558725,
w349332698,,water,waterway=stream,53.5632407,-8.4189679,
w349332845,,water,waterway=stream,53.5529839,-8.4544799,
w349332846,,water,waterway=stream,53.553816,-8.4349689,
w349333965,,water,natural=wetland,53.5593277,-8.4760498,
w349333966,,water,natural=wetland,53.5692757,-8.4499589,
w349333968,Shiven,water,waterway=river,53.5338896,-8.452751,
w349334114,Shiven,water,waterway=river,53.5288281,-8.4484418,
w349334189,Shiven,water,waterway=river,53.5419514,-8.4542228,
w349335117,Shiven,water,waterway=river,53.5322171,-8.4523819,
w349335289,Shiven,water,waterway=river,53.5236659,-8.4471862,
w349612252,,water,waterway=stream,53.553186,-8.4420048,
w349643402,,water,waterway=stream,53.0662986,-8.6622371,
w349643403,,water,waterway=stream,53.0595277,-8.6673679,
w349643404,,water,waterway=stream,53.0596053,-8.6673411,
w349643405,,water,waterway=stream,53.0708305,-8.6597183,
w349643406,,water,waterway=stream,53.0612371,-8.665518,
w349643407,,water,waterway=stream,53.0592656,-8.6672715,
w349654246,,water,waterway=stream,53.0637942,-8.6618647,
w349654247,,water,waterway=stream,53.0989283,-8.5612852,
w349654248,,water,waterway=stream,53.080574,-8.6360102,
w349654249,,water,waterway=stream,53.0791536,-8.5428449,
w349654250,,water,waterway=stream,53.101514,-8.5688929,
w349654251,,water,waterway=stream,53.0632874,-8.6628719,
w349658506,,water,waterway=stream,53.0795715,-8.6043267,
w349662581,,water,waterway=stream,53.1007446,-8.681357,
w349662582,,water,waterway=stream,53.0708586,-8.6534661,
w349662583,,water,waterway=stream,53.0753096,-8.6478834,
w349671617,,water,waterway=stream,53.0661932,-8.6576085,
w349671618,,water,waterway=stream,53.069129,-8.6607971,
w349764087,,water,waterway=stream,53.0864095,-8.5439007,
w349764094,,water,waterway=stream,53.0955553,-8.5205979,
w349764104,,water,waterway=stream,53.0938539,-8.5364783,
w349764106,,water,waterway=stream,53.0725051,-8.5400641,
w349764109,,water,waterway=stream,53.0698761,-8.5266615,
w349788635,Duniry River,water,waterway=river,53.0975034,-8.5269413,
w349788636,Duniry River,water,waterway=river,53.1013842,-8.5106276,
w349884515,Shiven,water,waterway=river,53.5154978,-8.4538825,
w349884516,Shiven,water,waterway=river,53.5209528,-8.4527999,
w349885145,Shiven,water,waterway=river,53.5103803,-8.4466379,
w349885444,Shiven,water,waterway=river,53.5104762,-8.4452679,
w350368721,Duniry River,water,waterway=stream,53.1008832,-8.5434776,
w350368723,Duniry River,water,waterway=river,53.0983587,-8.5345477,
w350368770,,water,waterway=stream,53.0988373,-8.5451879,
w350368772,,water,waterway=stream,53.1153922,-8.6017477,
w350368773,Boleyneendorrish River,water,waterway=stream,53.1121319,-8.6083801,
w350368775,Boleyneendorrish River,water,waterway=stream,53.1067859,-8.6013183,
w350368777,,water,waterway=stream,53.1137418,-8.6091235,
w350368781,Boleyneendorrish River,water,waterway=stream,53.1103873,-8.6035505,
w350368783,,water,waterway=stream,53.1063777,-8.5333638,
w350368784,,water,waterway=stream,53.1041787,-8.5294659,
w350368790,,water,waterway=stream,53.101768,-8.5247057,
w350368792,,water,waterway=stream,53.094383,-8.550478,
w350368793,,water,waterway=stream,53.1150487,-8.6060957,
w350368794,,water,waterway=stream,53.1132785,-8.6183714,
w350390876,,water,waterway=stream,53.1346492,-8.6418743,
w350435234,,water,waterway=stream,53.1276711,-8.6515452,
w350435235,Boleyneendorrish River,water,waterway=stream,53.1115243,-8.6544822,
w350435238,,water,waterway=stream,53.1109201,-8.662207,
w350435240,,water,waterway=stream,53.1087811,-8.6434158,
w350435248,,water,waterway=stream,53.1283507,-8.6525406,
w350435253,,water,waterway=stream,53.119839,-8.6693255,
w350435259,,water,waterway=stream,53.106501,-8.6389336,
w350450391,,water,waterway=stream,53.110492,-8.6795274,
w350450392,,water,waterway=stream,53.111007,-8.6796057,
w350450393,,water,waterway=stream,53.1148084,-8.6758461,
w350450394,Boleyneendorrish River,water,waterway=stream,53.1077461,-8.6864816,
w350640999,Boleyneendorrish River,water,waterway=stream,53.1050619,-8.6971111,
w350641000,,water,waterway=stream,53.1072219,-8.6974553,
w350641001,,water,waterway=stream,53.1069738,-8.6939529,
w350641002,,water,waterway=stream,53.1113009,-8.6945809,
w350641003,,water,waterway=stream,53.1137352,-8.6929686,
w350641004,,water,waterway=stream,53.1071957,-8.6976876,
w350641005,,water,waterway=stream,53.1043878,-8.7017934,
w350641006,,water,waterway=stream,53.1141302,-8.69288,
w350642105,Boleyneendorrish River,water,waterway=stream,53.1002282,-8.7132493,
w350645001,Boleyneendorrish River,water,waterway=river,53.0962526,-8.7321458,
w350645002,Boleyneendorrish River,water,waterway=river,53.09459,-8.7368613,
w350646074,Boleyneendorrish River,water,waterway=river,53.0988229,-8.727922,
w350646075,Boleyneendorrish River,water,waterway=river,53.0983164,-8.7292498,
w350675405,Shiven,water,waterway=river,53.4992579,-8.2977296,
w350687340,Sinkhole,water,natural=water,53.1035577,-8.7844833,
w350687345,Ballylee River,water,waterway=stream,53.1066715,-8.7775385,
w350687346,Ballylee River,water,waterway=river,53.1046783,-8.7816357,
w350687347,,water,waterway=stream,53.1090083,-8.7431081,
w350687348,Ballycahalan River,water,waterway=river,53.0908351,-8.7760981,
w350713055,,water,waterway=stream,53.5597994,-8.3198299,
w350713056,,water,waterway=river,53.5601874,-8.3094035,
w350713059,,water,waterway=stream,53.5604112,-8.311703,
w350986956,,water,waterway=stream,53.5697701,-8.3141233,
w350992194,,water,waterway=stream,53.1015302,-8.7492133,
w350992195,Streamstown River,water,waterway=river,53.1045711,-8.776873,
w350992196,Streamstown River,water,waterway=river,53.1007078,-8.7752969,
w350992200,Streamstown River,water,waterway=river,53.1026018,-8.7746962,
w350992201,,water,waterway=stream,53.1030185,-8.7489853,
w350994749,,water,waterway=stream,53.1045644,-8.7480304,
w351226399,Loughbeg,water,natural=water,53.4586479,-9.7545882,
w351269909,,water,waterway=stream,53.0874779,-8.7690647,
w351269910,,water,waterway=stream,53.0785721,-8.7840558,
w351269912,,water,waterway=stream,53.0760966,-8.7823151,
w351269915,Turra River,water,waterway=stream,53.0834742,-8.7796977,
w351269917,,water,waterway=stream,53.0798958,-8.7777681,
w351271448,Ballycahalan River,water,waterway=river,53.0913647,-8.7799733,
w351271450,Streamstown River,water,waterway=river,53.0928458,-8.7832053,
w351271452,,water,waterway=stream,53.0839876,-8.7942419,
w351272170,Turra River,water,waterway=stream,53.088824,-8.7767216,
w351272171,,water,waterway=stream,53.0822841,-8.775352,
w351272422,Streamstown River,water,waterway=river,53.098068,-8.7786231,
w351272423,Ballycahalan River,water,waterway=river,53.0908062,-8.7705101,
w351479417,,water,waterway=stream,53.5670035,-8.3085397,
w351479418,,water,waterway=stream,53.5604455,-8.3153841,
w351524381,Streamstown River,water,waterway=river,53.0958722,-8.7820959,
w351525664,,water,waterway=stream,53.0886433,-8.7876965,
w351527982,Streamstown River,water,waterway=river,53.09476,-8.7832172,
w351530818,,water,waterway=stream,53.0922633,-8.765693,
w351530819,Ballycahalan River,water,waterway=river,53.091848,-8.7676461,
w351723785,,water,waterway=stream,53.0812086,-8.7420095,
w351723786,,water,waterway=stream,53.0917424,-8.7398197,
w351723787,Ballycahalan River,water,waterway=river,53.0966074,-8.7422377,
w351723788,,water,waterway=stream,53.0863968,-8.7411188,
w351894908,,water,waterway=river,53.0924816,-8.7650508,
w351941215,Ballycahalan River,water,waterway=river,53.0995381,-8.7467554,
w352313374,Dalgan,water,waterway=river,53.6585891,-8.8345377,
w352370086,,water,waterway=stream,53.5595332,-8.321616,
w352385519,,water,waterway=stream,53.5159907,-9.7372819,
w355139269,,water,waterway=stream,53.0856392,-8.7711664,
w355143817,Boleyneendorrish River,water,waterway=river,53.0991585,-8.7260477,
w355143820,Boleyneendorrish River,water,waterway=river,53.099583,-8.7226684,
w355153811,Boleyneendorrish River,water,waterway=stream,53.1036661,-8.7051426,
w355160962,Boleyneendorrish River,water,waterway=stream,53.1023716,-8.7088372,
w355176158,,water,waterway=river,53.1238027,-8.7480921,
w355176159,,water,waterway=river,53.1257228,-8.7484676,
w355191154,Gort River,water,waterway=river,53.0708202,-8.8138388,
w355427994,Shiven,water,waterway=river,53.493341,-8.2819928,
w355427999,,water,waterway=stream,53.4467016,-8.2946244,
w355428000,,water,waterway=stream,53.4192269,-8.2687683,
w355428001,,water,waterway=stream,53.4182203,-8.2688557,
w355428002,,water,waterway=stream,53.4368101,-8.2748665,
w355428003,,water,waterway=stream,53.422116,-8.2852029,
w355428004,,water,waterway=stream,53.4203057,-8.2755696,
w355505353,,water,waterway=stream,53.4497311,-8.3074171,
w355505354,,water,waterway=stream,53.4497794,-8.3077547,
w355505355,,water,waterway=stream,53.4474378,-8.2971004,
w355505356,,water,waterway=stream,53.4497489,-8.3076157,
w355505357,,water,waterway=stream,53.4484431,-8.301991,
w355769423,Suck,water,waterway=river,53.3822416,-8.238523,
w355936878,,water,waterway=stream,53.4173001,-8.2670148,
w358232930,,water,waterway=stream,53.582902,-8.3869369,
w358232931,,water,waterway=stream,53.5821174,-8.3915758,
w360098256,,water,waterway=stream,53.5587116,-8.4265247,
w361210307,,water,waterway=river,53.1416677,-8.7200507,
w361210308,,water,waterway=river,53.1332113,-8.7358616,
w361258730,Shiven,water,waterway=river,53.5090845,-8.4375203,
w361259809,,water,natural=wetland,53.4828915,-8.4239145,
w361271676,,water,natural=wetland,53.4750817,-8.4324691,
w361283894,,water,waterway=stream,53.1867118,-8.7375204,
w361283895,,water,waterway=stream,53.1935418,-8.742401,
w361283896,,water,waterway=stream,53.1859277,-8.7444017,
w361283897,,water,waterway=stream,53.1962543,-8.7427537,
w361283898,,water,waterway=stream,53.2007534,-8.7418682,
w361283899,,water,waterway=stream,53.192077,-8.7343768,
w361283900,,water,waterway=stream,53.2010843,-8.7420034,
w361283901,,water,waterway=stream,53.190265,-8.7405029,
w361285629,,water,natural=wetland,53.4677799,-8.3909577,
w361285630,,water,natural=wetland,53.4687641,-8.4086987,
w361286239,,water,waterway=stream,53.1989608,-8.7414726,
w361286240,,water,waterway=stream,53.2021218,-8.7444554,
w361286797,,water,natural=wetland,53.468057,-8.4301571,
w361286798,,water,natural=wetland,53.4675491,-8.4488589,
w361286801,,water,natural=wetland,53.4671122,-8.445046,
w361289518,,water,waterway=stream,53.3620414,-8.5077355,
w361792264,,water,waterway=stream,53.4235203,-8.4624058,
w361792265,,water,waterway=stream,53.4294011,-8.4017226,
w361792268,,water,waterway=stream,53.4219895,-8.4213451,
w361793825,,water,waterway=stream,53.3882307,-8.474806,
w361807913,Clonbrock River,water,waterway=river,53.4100001,-8.4065151,
w361807919,,water,waterway=stream,53.3891198,-8.4587539,
w361940329,,water,waterway=stream,53.4403051,-8.3364399,
w361940391,,water,waterway=stream,53.4458212,-8.3592526,
w361968548,,water,natural=wetland,53.4264609,-8.376817,
w361968549,,water,natural=wetland,53.4486787,-8.3733136,
w362088337,,water,natural=wetland,53.4636285,-8.3386835,
w362088339,,water,natural=wetland,53.4508221,-8.332972,
w362088340,,water,natural=wetland,53.4392863,-8.3331398,
w362088341,,water,natural=wetland,53.4449876,-8.3283157,
w362093364,,water,natural=wetland,53.4522665,-8.3135693,
w362102209,,water,natural=wetland,53.4727537,-8.3395281,
w362102210,,water,natural=wetland,53.4833694,-8.3186164,
w362102211,,water,natural=wetland,53.472629,-8.3241015,
w362103035,,water,natural=wetland,53.4913548,-8.2982176,
w362105644,,water,natural=wetland,53.4607791,-8.2732553,
w362111641,,water,natural=wetland,53.4315079,-8.284456,
w362117078,,water,natural=wetland,53.4198424,-8.3101452,
w362117079,,water,natural=wetland,53.4159767,-8.3079535,
w362117080,,water,natural=wetland,53.4141044,-8.2708821,
w362117492,,water,natural=water,53.5364278,-9.5730554,
w362117495,,water,natural=water,53.536609,-9.5569043,
w362117496,,water,natural=water,53.5365436,-9.5573021,
w362117497,,water,natural=water,53.5332593,-9.557499,
w362117498,,water,natural=water,53.5367279,-9.5583702,
w362117499,,water,natural=water,53.5367539,-9.5581088,
w362117500,,water,natural=water,53.5367708,-9.5602154,
w362117501,,water,natural=water,53.5320078,-9.5582449,
w362117502,,water,natural=water,53.5365616,-9.5571051,
w362117503,,water,natural=water,53.536807,-9.5587267,
w362120428,,water,natural=water,53.5654717,-9.5595489,
w362120429,,water,natural=water,53.5664185,-9.5461075,
w362120430,,water,waterway=stream,53.5696949,-9.5771226,
w362120431,,water,waterway=stream,53.5660235,-9.5872304,
w362145653,Shiven,water,waterway=river,53.4979453,-8.4107222,
w362145656,Shiven,water,waterway=river,53.5045458,-8.4266777,
w362146987,Shiven,water,waterway=river,53.5009921,-8.4203623,
w362148079,Cloonlyon River,water,waterway=river,53.5099297,-8.328019,
w362148080,Shiven,water,waterway=river,53.5030666,-8.312712,
w362148081,Cloonlyon River,water,waterway=river,53.5202963,-8.3438653,
w362148690,Shiven,water,waterway=river,53.4981242,-8.3194368,
w362150014,Shiven,water,waterway=river,53.4937835,-8.3216947,
w362150016,Shiven,water,waterway=river,53.4954857,-8.3210893,
w362150019,Shiven,water,waterway=river,53.488421,-8.3383648,
w362150028,Shiven,water,waterway=river,53.4929116,-8.3219254,
w362150029,Shiven,water,waterway=river,53.4940522,-8.3219522,
w362151128,Shiven,water,waterway=river,53.5007969,-8.3170586,
w362152565,Shiven,water,waterway=river,53.4916587,-8.3221301,
w362153608,Shiven,water,waterway=river,53.4884148,-8.3259915,
w362154964,Shiven,water,waterway=river,53.488672,-8.3715652,
w362154965,Shiven,water,waterway=river,53.4887082,-8.3811615,
w362155237,Shiven,water,waterway=river,53.4940856,-8.3999367,
w362155238,Shiven,water,waterway=river,53.4890693,-8.3660298,
w362155239,Shiven,water,waterway=river,53.4917754,-8.3932379,
w362155549,Shiven,water,waterway=river,53.4870681,-8.3570626,
w362155830,Shiven,water,waterway=river,53.4888821,-8.3490456,
w362655039,,water,waterway=stream,53.4209705,-8.2961848,
w362655309,,water,waterway=stream,53.4220873,-8.3065081,
w362655461,,water,waterway=stream,53.4238112,-8.3138047,
w362655656,,water,waterway=stream,53.4326518,-8.3259709,
w363391386,,water,waterway=stream,53.4234451,-8.3123772,
w363391387,,water,waterway=stream,53.4265987,-8.316635,
w363392435,,water,waterway=stream,53.437036,-8.3338464,
w363394755,,water,waterway=stream,53.414595,-8.3769345,
w363394756,,water,waterway=stream,53.4217642,-8.3851138,
w363395119,,water,waterway=stream,53.4175629,-8.3836296,
w363395120,,water,waterway=stream,53.4255621,-8.3921065,
w363581950,,water,waterway=stream,53.3320924,-8.5688838,
w363829460,Suck,water,waterway=river,53.4574995,-8.2639336,
w365006585,,water,natural=water,53.5514242,-9.9451804,
w365006614,,water,waterway=stream,53.5512044,-9.9450216,
w365006617,,water,waterway=stream,53.5511488,-9.9449801,
w365006620,Sruffaunboy,water,waterway=stream,53.5516197,-9.9482225,
w365006622,,water,waterway=stream,53.5510638,-9.9449193,
w367093078,Woodford River,water,waterway=river,53.0454266,-8.3709837,
w367093079,Woodford River,water,waterway=river,53.0478234,-8.3858097,
w367093081,Woodford River,water,waterway=river,53.0484375,-8.3863818,
w367093082,Woodford River,water,waterway=river,53.0448075,-8.3699617,
w367093083,Woodford River,water,waterway=river,53.0465564,-8.3785517,
w367093092,,water,waterway=stream,53.0488921,-8.3697636,
w367093093,,water,waterway=stream,53.0540834,-8.3774811,
w367093094,,water,waterway=stream,53.0463728,-8.3703403,
w367093095,,water,waterway=stream,53.0455415,-8.3701924,
w367102576,,water,waterway=stream,53.0507489,-8.4100783,
w367123021,,water,waterway=stream,53.0745773,-8.4628976,
w367123022,,water,waterway=stream,53.0756085,-8.4397235,
w368775379,Loughaunbarnaheskabaunia,water,natural=water,53.556355,-9.7919794,
w368775919,,water,natural=water,53.5663551,-9.8086279,
w368776133,,water,waterway=river,53.566929,-9.8094057,
w368784864,,water,waterway=stream,53.5803644,-9.8405344,
w369001777,Cappagh,water,waterway=river,53.0973098,-8.3348122,
w369001778,Cappagh,water,waterway=river,53.0928526,-8.3194344,
w369008256,,water,waterway=stream,53.0774632,-8.4178126,
w369008257,,water,waterway=stream,53.0823272,-8.4095004,
w371231811,Kilcrow,water,waterway=river,53.100087,-8.3009603,
w371231813,Kilcrow,water,waterway=river,53.1125937,-8.3102288,
w371252295,Kilcrow,water,waterway=river,53.0896647,-8.3048581,
w371261175,Cappagh,water,waterway=river,53.092614,-8.3169065,
w371261460,Cappagh,water,waterway=river,53.0916715,-8.3133951,
w371261918,Cappagh,water,waterway=river,53.0889247,-8.3088234,
w371266017,Cappagh,water,waterway=river,53.1033337,-8.345301,
w371268604,Cappagh,water,waterway=river,53.1062526,-8.3504649,
w371276571,,water,waterway=stream,53.0902457,-8.3739336,
w371276572,,water,waterway=stream,53.0891001,-8.381407,
w371277299,,water,waterway=stream,53.0916674,-8.3637851,
w371277884,,water,waterway=stream,53.0944026,-8.3467493,
w371279595,Cappagh,water,waterway=river,53.1077504,-8.355187,
w371426915,,water,waterway=stream,53.0894551,-8.3802528,
w371478610,Cappagh,water,waterway=river,53.1101241,-8.3612828,
w371478613,,water,waterway=stream,53.112323,-8.3628135,
w371480339,Cappagh,water,waterway=river,53.1127893,-8.3660403,
w371480782,Kilcrow,water,waterway=river,53.1149114,-8.3095156,
w371481669,Kilcrow,water,waterway=river,53.12672,-8.3053816,
w371494439,Cappagh,water,waterway=river,53.115733,-8.3750661,
w371494441,,water,waterway=stream,53.1134338,-8.378151,
w371524897,Cappagh,water,waterway=river,53.1170713,-8.3883434,
w371538554,Owenaglanna River,water,waterway=stream,53.1244739,-8.5049146,
w371538555,Owenaglanna River,water,waterway=stream,53.117276,-8.540755,
w371538556,Owenaglanna River,water,waterway=stream,53.1187197,-8.5284781,
w371583100,Owenaglanna River,water,waterway=stream,53.1209179,-8.5186249,
w371584315,Duniry River,water,waterway=river,53.1294908,-8.4522369,
w371584324,Duniry River,water,waterway=river,53.1291256,-8.4528051,
w371584332,,water,waterway=stream,53.1283899,-8.4730261,
w371584805,Cappagh,water,waterway=river,53.1175655,-8.3939516,
w371587385,Cappagh,water,waterway=river,53.1202362,-8.4002571,
w371621831,Duniry River,water,waterway=river,53.1275585,-8.4545722,
w371621836,,water,waterway=stream,53.1283223,-8.4616648,
w371621838,,water,waterway=stream,53.1269553,-8.4938257,
w371631430,Duniry River,water,waterway=river,53.1310611,-8.426791,
w371631431,Duniry River,water,waterway=river,53.1285801,-8.4535051,
w371631432,Duniry River,water,waterway=river,53.1304387,-8.446968,
w371631435,Duniry River,water,waterway=river,53.1311929,-8.430613,
w371632992,Cappagh,water,waterway=river,53.122737,-8.4058977,
w371639295,Duniry River,water,waterway=river,53.1312493,-8.4205483,
w371639297,Duniry River,water,waterway=river,53.1308396,-8.4232385,
w371639298,Duniry River,water,waterway=river,53.1309217,-8.4178504,
w371643385,Duniry River,water,waterway=river,53.1078609,-8.4889423,
w371643386,Duniry River,water,waterway=river,53.1062265,-8.4943571,
w371896274,Duniry River,water,waterway=river,53.1178503,-8.4531922,
w371896276,Duniry River,water,waterway=river,53.1198199,-8.4527294,
w372045938,Duniry River,water,waterway=river,53.1227637,-8.4552839,
w372045939,Duniry River,water,waterway=river,53.1260834,-8.4555551,
w372047125,Duniry River,water,waterway=river,53.1084559,-8.4817677,
w372047126,Duniry River,water,waterway=river,53.1083683,-8.4701861,
w372047787,Duniry River,water,waterway=river,53.1121005,-8.4609548,
w372053351,Duniry River,water,waterway=river,53.1082495,-8.4761732,
w372096988,Cappagh River,water,waterway=river,53.1156441,-8.4568413,
w372096992,Duniry River,water,waterway=river,53.1160663,-8.4545749,
w372105451,,water,waterway=stream,53.1122695,-8.4616789,
w372170998,Kilshanvy River,water,waterway=river,53.5784615,-9.0281426,
w372206642,,water,waterway=river,53.4825596,-9.1211151,
w372223807,,water,waterway=stream,53.6338585,-8.91118,
w372260022,,water,waterway=stream,53.5965649,-8.99158,
w372324403,,water,waterway=stream,53.6032924,-8.9687006,
w372449654,,water,waterway=stream,53.6295597,-8.932279,
w372454475,,water,waterway=stream,53.6272122,-8.9276262,
w372460046,,water,waterway=stream,53.6189414,-8.9184601,
w372460048,,water,waterway=stream,53.6142142,-8.9190986,
w372460049,,water,waterway=stream,53.6250334,-8.9215599,
w372460051,,water,waterway=stream,53.6175134,-8.9180073,
w372460053,,water,waterway=stream,53.6262423,-8.9249084,
w372460054,,water,waterway=stream,53.6118356,-8.9172177,
w372460056,,water,waterway=stream,53.6153577,-8.9185413,
w372460062,,water,waterway=stream,53.6110373,-8.9130683,
w372460066,,water,waterway=stream,53.6256738,-8.923232,
w372460067,,water,waterway=stream,53.6232337,-8.9206377,
w372460069,,water,waterway=stream,53.6164091,-8.9181814,
w372460070,,water,waterway=stream,53.6322682,-8.9194633,
w372483878,,water,waterway=stream,53.6208762,-8.9190385,
w372483891,,water,waterway=stream,53.6130065,-8.9188735,
w372484990,,water,waterway=stream,53.6123798,-8.9180731,
w372486003,Clare,water,waterway=river,53.6118286,-8.9035296,
w372486756,Clare,water,waterway=river,53.6079457,-8.9118908,
w372507145,Clare,water,waterway=river,53.6028105,-8.9201588,
w372507146,Clare,water,waterway=river,53.5968965,-8.9173629,
w372507151,,water,waterway=stream,53.6034809,-8.9260435,
w372507156,,water,waterway=stream,53.6077417,-8.9309931,
w372507157,,water,waterway=stream,53.610448,-8.933323,
w372509104,,water,waterway=stream,53.5958553,-8.9907788,
w372524735,,water,waterway=stream,53.6382388,-8.5061376,
w372582376,,water,waterway=stream,53.4942438,-9.092382,
w372582378,,water,waterway=stream,53.4954437,-9.0976454,
w372586367,,water,waterway=stream,53.4925492,-9.0922156,
w372624446,Kilshanvy River,water,waterway=river,53.5738094,-9.0247522,
w372624447,Kilshanvy River,water,waterway=river,53.5632683,-9.028781,
w372624448,Kilshanvy River,water,waterway=river,53.5686127,-9.0234686,
w374404774,Clare,water,waterway=river,53.6047676,-8.9165054,
w374404777,,water,waterway=stream,53.5959505,-8.8982733,
w374492695,Togher River,water,waterway=river,53.5220156,-9.0296417,
w374492696,Togher River,water,waterway=river,53.5270491,-9.0218786,
w374492697,Togher River,water,waterway=river,53.522458,-9.0363315,
w374492704,,water,waterway=stream,53.5349514,-9.044122,
w374493712,Togher River,water,waterway=river,53.524276,-9.0512101,
w374718875,Clare,water,waterway=river,53.5872087,-8.9086702,
w374719359,Clare,water,waterway=river,53.5808434,-8.9104246,
w374734980,Clare,water,waterway=river,53.5773236,-8.9150272,
w374734981,,water,waterway=stream,53.5803375,-8.9194807,
w375052281,Ballinure River,water,waterway=river,53.2936253,-8.2668576,
w375058988,,water,waterway=stream,53.27404,-8.2086996,
w375059271,,water,waterway=stream,53.2710091,-8.2095162,
w375074308,Ballinure River,water,waterway=river,53.2950878,-8.2717677,
w375074309,Ballinure River,water,waterway=river,53.2921678,-8.2555335,
w375156413,,water,waterway=stream,53.135841,-8.241848,
w375636233,,water,waterway=stream,53.3217116,-8.6740752,
w375659986,,water,waterway=stream,53.331697,-8.3607896,
w375659988,,water,waterway=stream,53.3384655,-8.3630701,
w375659990,,water,waterway=stream,53.3380977,-8.36348,
w375925368,,water,waterway=stream,53.267336,-8.2104698,
w376161368,Kilcrow,water,waterway=river,53.1089389,-8.308782,
w376161369,Kilcrow,water,waterway=river,53.1188921,-8.3062522,
w376161370,Kilcrow,water,waterway=river,53.1169627,-8.3077067,
w376167138,,water,waterway=stream,53.5973419,-8.724165,
w376168375,,water,waterway=stream,53.3400763,-8.2969299,
w376233768,Killadulliek River,water,waterway=stream,53.1957948,-8.2519661,
w376238628,,water,waterway=stream,53.1942309,-8.2360912,
w376242963,,water,waterway=stream,53.1598746,-8.1241709,
w376460460,Killadulliek River,water,waterway=stream,53.1960897,-8.2574745,
w376460463,Killadulliek River,water,waterway=stream,53.1956084,-8.2658476,
w376711692,Killoran,water,waterway=river,53.2073074,-8.2820015,
w376711693,Killoran,water,waterway=river,53.2102782,-8.2725117,
w376712995,Kilcrow,water,waterway=river,53.1970328,-8.284057,
w376713000,Kilcrow,water,waterway=river,53.192635,-8.281802,
w376713022,Killadulliek River,water,waterway=stream,53.194356,-8.2786413,
w376740722,Kilcrow,water,waterway=river,53.189654,-8.28592,
w376740731,Killadulliek River,water,waterway=stream,53.1949014,-8.2757132,
w376740732,Killoran,water,waterway=river,53.214154,-8.2797587,
w376740738,,water,waterway=stream,53.2160088,-8.28825,
w376740739,,water,waterway=stream,53.2079207,-8.2949911,
w376854132,Kilcrow,water,waterway=river,53.1852733,-8.3005634,
w376854134,Kilcrow,water,waterway=river,53.1784271,-8.30703,
w376854138,Kilcrow,water,waterway=river,53.1853629,-8.2986282,
w376854139,Kilcrow,water,waterway=river,53.1685406,-8.2968678,
w376854155,Kilcrow,water,waterway=river,53.1718928,-8.2937592,
w376854159,Kilcrow,water,waterway=river,53.1855113,-8.2954184,
w376854163,Kilcrow,water,waterway=river,53.1800998,-8.3072625,
w376854165,Kilcrow,water,waterway=river,53.1816848,-8.3054651,
w376859379,Kilcrow,water,waterway=river,53.1761399,-8.3006713,
w376859381,Kilcrow,water,waterway=river,53.1682389,-8.3022993,
w376873801,Kilcrow,water,waterway=river,53.1592895,-8.3005719,
w376873802,Kilcrow,water,waterway=river,53.1611608,-8.3046719,
w376882969,Killoran,water,waterway=river,53.2193972,-8.2871436,
w376882970,Killoran,water,waterway=river,53.2124035,-8.2744373,
w376882973,,water,waterway=stream,53.2381814,-8.2890452,
w376882974,,water,waterway=stream,53.2379542,-8.2797862,
w376882975,,water,waterway=stream,53.2276085,-8.2852579,
w376882976,,water,waterway=stream,53.2339986,-8.2818561,
w376882978,,water,waterway=stream,53.2361852,-8.2799141,
w376882979,,water,waterway=stream,53.2348333,-8.2896889,
w376882980,,water,waterway=stream,53.2312179,-8.2841961,
w376885409,Kilcrow,water,waterway=river,53.1992744,-8.2916807,
w376885410,Kilcrow,water,waterway=river,53.187329,-8.2913449,
w376885411,Kilcrow,water,waterway=river,53.1854065,-8.2972114,
w376887370,Kilcrow,water,waterway=river,53.1552636,-8.3070003,
w376887371,Kilcrow,water,waterway=river,53.1521705,-8.3104708,
w376887372,Kilcrow,water,waterway=river,53.1572879,-8.300792,
w376887373,Kilcrow,water,waterway=river,53.1560001,-8.3039863,
w376887383,,water,waterway=river,53.1575395,-8.3028184,
w376889871,Kilcrow,water,waterway=river,53.145755,-8.3071103,
w376891763,Kilcrow,water,waterway=river,53.1371096,-8.3008152,
w376994365,Kilcrow,water,waterway=river,53.142357,-8.3010578,
w376994366,Kilcrow,water,waterway=river,53.1466509,-8.305536,
w376994367,Kilcrow,water,waterway=river,53.1432923,-8.3037278,
w377026939,Kilcrow,water,waterway=river,53.1488467,-8.3031158,
w377026940,Kilcrow,water,waterway=river,53.146941,-8.3037416,
w377053135,Kilcrow,water,waterway=river,53.1405901,-8.2987564,
w377053136,Kilcrow,water,waterway=river,53.1294068,-8.3059669,
w377053137,Kilcrow,water,waterway=river,53.1441073,-8.3068121,
w377053161,,water,waterway=stream,53.1320713,-8.3120217,
w377053162,,water,waterway=stream,53.1361771,-8.3266824,
w377053170,,water,waterway=stream,53.135904,-8.3304275,
w377053460,Kilcrow,water,waterway=river,53.1544787,-8.3089975,
w377056462,Kilcrow,water,waterway=river,53.1619835,-8.3098892,
w377056463,,water,waterway=stream,53.1625101,-8.3139847,
w377360949,Cappagh,water,waterway=river,53.1219905,-8.4039145,
w377360953,Cappagh,water,waterway=river,53.1146921,-8.3709726,
w377360957,Cappagh,water,waterway=river,53.1168991,-8.3812344,
w377360960,Cappagh,water,waterway=river,53.1255623,-8.4099731,
w377360961,Duniry River,water,waterway=river,53.1308328,-8.4332036,
w377360977,,water,waterway=river,53.1353122,-8.4138186,
w377360978,,water,waterway=river,53.1323606,-8.415138,
w377754796,,water,waterway=stream,53.1349259,-8.3222636,
w377773106,Kilcrow,water,waterway=river,53.1676993,-8.3071751,
w377773107,Kilcrow,water,waterway=river,53.1647906,-8.3135025,
w377773108,Kilcrow,water,waterway=river,53.1677284,-8.3107938,
w377773111,,water,waterway=stream,53.1646252,-8.3195162,
w377774831,,water,waterway=stream,53.1660251,-8.3293998,
w377885945,Ballinure River,water,waterway=river,53.2929539,-8.2879763,
w377885946,Ballinure River,water,waterway=river,53.2932058,-8.2798392,
w377885947,Ballinure River,water,waterway=river,53.2933999,-8.2754517,
w377907135,Kilcrow,water,waterway=river,53.2000298,-8.2970558,
w378440009,,water,waterway=stream,53.1699165,-8.3402969,
w378440010,,water,waterway=stream,53.1685562,-8.3378753,
w378440011,,water,waterway=stream,53.1665723,-8.3317428,
w378816216,Kilcrow,water,waterway=river,53.1770329,-8.3059784,
w378816218,,water,waterway=stream,53.1661215,-8.3255058,
w378819338,,water,waterway=stream,53.1676703,-8.3345076,
w379207581,Dunkellin,water,waterway=river,53.2128278,-8.8404918,
w379207583,Dunkellin,water,waterway=river,53.2138539,-8.8345583,
w379207584,Dunkellin,water,waterway=river,53.2131599,-8.8377826,
w379207585,Dunkellin,water,waterway=river,53.2142005,-8.8491959,
w379816404,Dunkellin,water,waterway=river,53.2196196,-8.7976434,
w379816405,Dunkellin,water,waterway=river,53.2182484,-8.8025509,
w380005724,Dunkellin,water,waterway=river,53.2150911,-8.8292721,
w380220616,,water,waterway=stream,53.3995145,-9.5648837,
w380281339,Dunkellin,water,waterway=river,53.2152851,-8.8158749,
w380281342,Dunkellin,water,waterway=river,53.2172329,-8.8061767,
w380281343,Rahasane Turlough,water,natural=water,53.2231384,-8.7801984,
w380281347,,water,waterway=stream,53.2262499,-8.7738635,
w380284362,Dunkellin,water,waterway=river,53.2215427,-8.7908273,
w380404631,,water,waterway=stream,53.2446257,-8.2943532,
w380404632,,water,waterway=stream,53.2427921,-8.2903684,
w380404635,,water,waterway=stream,53.2405698,-8.2884345,
w380404639,,water,waterway=stream,53.2459734,-8.2963362,
w380404640,,water,waterway=stream,53.247959,-8.299815,
w380406659,,water,waterway=stream,53.2448048,-8.2773242,
w380406660,,water,waterway=stream,53.2410338,-8.2784769,
w380444654,,water,waterway=stream,53.2582704,-8.3226736,
w380444655,,water,waterway=stream,53.2636832,-8.3288275,
w380448407,,water,waterway=stream,53.251421,-8.3189138,
w380448408,,water,waterway=stream,53.2503806,-8.3058624,
w380448409,,water,waterway=stream,53.2476068,-8.317586,
w380448410,,water,waterway=stream,53.248166,-8.3170264,
w380473858,Killoran,water,waterway=river,53.233538,-8.2998998,
w380473859,Killoran,water,waterway=river,53.2351927,-8.3065186,
w380476528,Killoran,water,waterway=river,53.2296515,-8.2961734,
w380476529,Killoran,water,waterway=river,53.2319183,-8.2973036,
w380479711,Killoran,water,waterway=river,53.2242381,-8.2901897,
w380479712,Killoran,water,waterway=river,53.2254937,-8.2915512,
w380479713,Killoran,water,waterway=river,53.2272245,-8.2939903,
w380479721,,water,waterway=stream,53.2329293,-8.2845283,
w380479722,,water,waterway=stream,53.2279695,-8.3159019,
w380479723,,water,waterway=stream,53.2222961,-8.3045451,
w380481181,,water,waterway=stream,53.2380156,-8.2981682,
w380481183,,water,waterway=stream,53.2368145,-8.2947017,
w380481185,,water,waterway=stream,53.2368569,-8.2955523,
w380733096,Kilcrow,water,waterway=river,53.201569,-8.2992591,
w380733103,,water,waterway=stream,53.2114649,-8.3127874,
w380733106,,water,waterway=stream,53.2120855,-8.3276525,
w380733107,,water,waterway=stream,53.2117761,-8.3308165,
w381143223,,water,waterway=stream,53.211067,-8.3404903,
w381360332,Kilcrow,water,waterway=river,53.1839728,-8.3032245,
w381619564,,water,waterway=stream,53.1727245,-8.3461902,
w381619565,,water,waterway=stream,53.1748563,-8.3520378,
w381742248,,water,waterway=stream,53.1765501,-8.3540389,
w381744111,,water,waterway=stream,53.1781742,-8.3555899,
w381786304,,water,waterway=stream,53.2219014,-8.369839,
w381786306,,water,waterway=stream,53.2133003,-8.3500733,
w381786310,,water,waterway=stream,53.2215723,-8.3677204,
w381786313,,water,waterway=stream,53.2129405,-8.3492707,
w381786315,,water,waterway=stream,53.2115006,-8.3479482,
w381793711,,water,waterway=stream,53.1876526,-8.3641145,
w381793712,,water,waterway=stream,53.1798457,-8.3599376,
w381793714,,water,waterway=stream,53.1849315,-8.3668176,
w381954414,Duniry River,water,waterway=river,53.1315241,-8.4394821,
w381954422,,water,waterway=stream,53.1371202,-8.4601766,
w381954423,,water,waterway=river,53.1379171,-8.4202533,
w381954427,,water,waterway=stream,53.1432866,-8.4376084,
w381954428,,water,waterway=river,53.139926,-8.4293787,
w381954429,,water,waterway=stream,53.1402561,-8.4475119,
w381954430,,water,waterway=river,53.1388403,-8.424949,
w381954431,,water,waterway=river,53.1428715,-8.4348627,
w381991269,,water,waterway=river,53.1455729,-8.4389025,
w381991271,,water,waterway=river,53.144591,-8.4374242,
w381991272,,water,waterway=river,53.1415134,-8.4325871,
w382000478,,water,waterway=stream,53.1280037,-8.4830818,
w382009881,,water,waterway=stream,53.1424683,-8.5471124,
w382009882,,water,waterway=river,53.1472461,-8.5070657,
w382009883,,water,waterway=river,53.1437227,-8.5487654,
w382009884,,water,waterway=river,53.1448802,-8.5340624,
w382009885,,water,waterway=river,53.1440868,-8.5430407,
w382009886,,water,waterway=river,53.1428338,-8.5508778,
w382009887,,water,waterway=stream,53.1324611,-8.5535471,
w382009888,,water,waterway=stream,53.1370668,-8.5503919,
w382100589,,water,waterway=river,53.1516476,-8.4581147,
w382100591,,water,waterway=river,53.1497867,-8.4481721,
w382100594,,water,waterway=river,53.1463117,-8.4399891,
w382100595,,water,waterway=river,53.1500729,-8.4851137,
w382105790,,water,waterway=river,53.1406841,-8.4309457,
w382574383,,water,waterway=stream,53.1435384,-8.5926154,
w382574384,,water,waterway=stream,53.1435405,-8.5925454,
w382574385,,water,waterway=stream,53.1491312,-8.6140161,
w382574386,,water,waterway=stream,53.1494881,-8.6141182,
w382574387,,water,waterway=river,53.1447838,-8.6171514,
w382574388,,water,waterway=stream,53.1476897,-8.6080348,
w382574389,,water,waterway=stream,53.1386924,-8.5881909,
w382574390,,water,waterway=stream,53.1449247,-8.5973783,
w382574391,,water,waterway=stream,53.1356391,-8.5863637,
w382574392,,water,waterway=river,53.1427695,-8.6110279,
w382574393,,water,waterway=stream,53.1366423,-8.5990486,
w382574394,,water,waterway=stream,53.1347373,-8.5844948,
w382574395,,water,waterway=river,53.1450026,-8.6199549,
w382574397,,water,waterway=river,53.1506954,-8.6298763,
w383493247,,water,waterway=stream,53.1488494,-8.6809661,
w383493248,,water,waterway=stream,53.1406027,-8.6706445,
w383493249,,water,waterway=stream,53.1223886,-8.6648525,
w383493250,,water,waterway=stream,53.1440108,-8.6748369,
w383493251,,water,waterway=stream,53.1261479,-8.6585972,
w383493252,,water,waterway=stream,53.1495742,-8.6858463,
w383493253,,water,waterway=stream,53.1479769,-8.6729857,
w383493254,,water,waterway=stream,53.1488249,-8.6758979,
w383507399,Clarin,water,waterway=river,53.2510724,-8.8054097,
w383507401,,water,waterway=stream,53.2768428,-8.7453551,
w383507408,,water,waterway=stream,53.2780525,-8.7277859,
w383507410,,water,waterway=stream,53.272727,-8.7618782,
w383507412,Clarin,water,waterway=river,53.2502091,-8.8082379,
w383507426,,water,waterway=stream,53.2779169,-8.7351108,
w383507435,,water,natural=water,53.2840827,-8.6680687,
w383507439,,water,natural=water,53.2823847,-8.6695333,
w383507444,,water,waterway=stream,53.2773177,-8.7424506,
w383507446,,water,waterway=stream,53.2854286,-8.666561,
w383507454,,water,waterway=stream,53.2706632,-8.7791501,
w383543136,,water,waterway=river,53.1456118,-8.6295136,
w383543137,,water,waterway=stream,53.1409714,-8.6342074,
w383543632,,water,waterway=stream,53.15277,-8.6919613,
w383672693,,water,waterway=river,53.1646103,-8.6249118,
w383672694,,water,waterway=stream,53.1526071,-8.6161333,
w383672695,,water,waterway=river,53.156096,-8.6206495,
w383672696,,water,waterway=river,53.1679527,-8.6283929,
w383672697,,water,waterway=river,53.1451812,-8.6244657,
w383672698,,water,waterway=river,53.1607652,-8.6225647,
w383672699,,water,waterway=stream,53.1663025,-8.6328981,
w383680001,,water,waterway=stream,53.156262,-8.6187095,
w383680002,,water,waterway=river,53.1787435,-8.6254285,
w383682367,,water,waterway=river,53.166028,-8.6263599,
w383682368,,water,waterway=stream,53.1648543,-8.6230898,
w384309695,Loughkip River,water,waterway=river,53.3269391,-9.1618686,
w384433253,,water,waterway=river,53.1710542,-8.626824,
w385612785,,water,waterway=river,53.1515916,-8.4732022,
w385612786,,water,waterway=river,53.1516767,-8.4835504,
w385612787,,water,waterway=stream,53.1523542,-8.4841936,
w385613492,,water,waterway=stream,53.1558313,-8.45801,
w385613493,,water,waterway=river,53.1509272,-8.4526137,
w385613494,,water,waterway=stream,53.156079,-8.4718103,
w385741021,,water,waterway=stream,53.1424285,-8.5903022,
w385741022,,water,waterway=stream,53.1412913,-8.5880162,
w385741023,,water,waterway=stream,53.1409462,-8.5872759,
w385767965,,water,waterway=river,53.1822572,-8.6286944,
w385816601,,water,waterway=stream,53.1547271,-8.6955868,
w385816602,,water,waterway=river,53.1549993,-8.7011749,
w385839209,,water,waterway=river,53.1592218,-8.6978489,
w385845452,,water,waterway=river,53.1508828,-8.7080864,
w386403705,,water,waterway=river,53.1455631,-8.7154356,
w386670717,,water,waterway=stream,53.1772294,-8.6662086,
w386670718,,water,waterway=stream,53.1750533,-8.6724658,
w386670719,,water,waterway=river,53.1770221,-8.6643454,
w386670720,,water,waterway=river,53.1746753,-8.6688465,
w386670721,,water,waterway=river,53.1760209,-8.6658024,
w386670722,,water,waterway=river,53.1732135,-8.6736279,
w386691997,,water,waterway=river,53.1662077,-8.6921324,
w386691998,,water,waterway=river,53.1729108,-8.6818415,
w386691999,,water,waterway=river,53.1710486,-8.6867253,
w386694692,,water,waterway=river,53.1832525,-8.6416351,
w386694693,,water,waterway=river,53.1822286,-8.633656,
w386698827,,water,waterway=river,53.1845821,-8.6482959,
w386698828,,water,waterway=river,53.184376,-8.6459642,
w386698829,,water,waterway=river,53.1826549,-8.6546125,
w386700154,,water,waterway=river,53.1801386,-8.6606364,
w386700156,,water,waterway=river,53.1776908,-8.6642167,
w386700157,,water,waterway=river,53.1784219,-8.6631254,
w386876673,,water,waterway=stream,53.1818224,-8.3678646,
w387237939,,water,waterway=river,53.1370797,-8.4165567,
w387241958,,water,waterway=river,53.1478439,-8.4425722,
w387425750,,water,waterway=stream,53.1623254,-8.4660737,
w387425754,,water,waterway=stream,53.1617389,-8.463749,
w387425755,,water,waterway=stream,53.1596925,-8.4612958,
w387425758,,water,waterway=stream,53.1570858,-8.4585451,
w387734126,,water,waterway=stream,53.1880212,-8.3866584,
w387737116,,water,waterway=stream,53.1942869,-8.3793119,
w387737117,,water,waterway=stream,53.1909591,-8.3717157,
w387737118,,water,waterway=stream,53.1855659,-8.3773891,
w387741690,,water,waterway=stream,53.1904085,-8.4008089,
w387741691,,water,waterway=stream,53.1896743,-8.394242,
w387748483,,water,waterway=stream,53.1987511,-8.3804443,
w387748484,,water,waterway=stream,53.1999581,-8.3801492,
w387748486,,water,waterway=stream,53.2007909,-8.3801069,
w387748488,,water,waterway=stream,53.195953,-8.3800631,
w388124474,,water,waterway=stream,53.1895524,-8.4075289,
w388128836,,water,waterway=stream,53.1891154,-8.4153821,
w388130250,,water,waterway=stream,53.1903965,-8.4214096,
w388134188,,water,waterway=stream,53.2138492,-8.3528691,
w388135646,,water,waterway=stream,53.2113885,-8.3361973,
w388142403,,water,waterway=stream,53.1530841,-8.4553919,
w388142404,,water,waterway=stream,53.1562673,-8.4571707,
w388336423,,water,waterway=stream,53.1935269,-8.4314287,
w388336425,,water,waterway=stream,53.1963404,-8.4397753,
w388471979,,water,waterway=stream,53.4495222,-8.3070878,
w388577186,,water,natural=water,53.1783796,-8.6904092,
w388592590,,water,waterway=stream,53.1921295,-8.7378531,
w388592591,,water,waterway=stream,53.1920735,-8.7371979,
w388592592,,water,waterway=stream,53.1920221,-8.7396924,
w389110538,Dunkellin,water,waterway=river,53.224946,-8.7734477,
w389110539,Dunkellin,water,waterway=river,53.2246539,-8.7579572,
w389113415,,water,waterway=stream,53.2137151,-8.7479463,
w389113419,,water,waterway=stream,53.2042425,-8.7432206,
w389244073,,water,waterway=stream,53.2095813,-8.7448624,
w389758509,,water,waterway=stream,53.2156255,-8.3548506,
w389795854,,water,waterway=stream,53.218737,-8.3571322,
w389795855,,water,waterway=stream,53.2209036,-8.3643219,
w389797546,,water,waterway=stream,53.2240819,-8.378963,
w389797552,,water,waterway=stream,53.2338105,-8.3724201,
w389797553,,water,waterway=stream,53.2230057,-8.3755114,
w389797556,,water,waterway=stream,53.2363133,-8.3818889,
w389797559,,water,waterway=stream,53.2224393,-8.3727036,
w389804754,,water,waterway=stream,53.2262936,-8.3877647,
w389804755,,water,waterway=stream,53.238158,-8.3891474,
w389804756,,water,waterway=stream,53.2276202,-8.3934823,
w389804757,,water,waterway=stream,53.2275015,-8.3930748,
w389804758,,water,waterway=stream,53.2379717,-8.3875656,
w389804759,,water,waterway=stream,53.2275482,-8.3932283,
w390149892,,water,waterway=stream,53.2312861,-8.3598431,
w390155526,Killoran,water,waterway=river,53.2379465,-8.319699,
w390155527,Killoran,water,waterway=river,53.2416888,-8.3329853,
w390155528,Killoran,water,waterway=river,53.2407862,-8.3301472,
w390155539,,water,waterway=stream,53.2416799,-8.3367601,
w390155541,,water,waterway=stream,53.230187,-8.3428449,
w390155542,,water,waterway=stream,53.2291743,-8.3398164,
w390155544,,water,waterway=stream,53.228283,-8.3351251,
w390155547,,water,waterway=stream,53.2294407,-8.3401279,
w390155548,,water,waterway=stream,53.232904,-8.3681113,
w390155549,,water,waterway=stream,53.2283204,-8.3299026,
w390155551,,water,waterway=stream,53.2283207,-8.3267629,
w390540702,,water,waterway=stream,53.2282018,-8.3965758,
w390664642,,water,waterway=stream,53.2264826,-8.5111016,
w390664658,,water,waterway=stream,53.2303833,-8.5222025,
w390666122,,water,waterway=stream,53.2245791,-8.5075321,
w390680566,,water,waterway=stream,53.2230151,-8.5027313,
w392591554,,water,waterway=stream,53.2210606,-8.5003814,
w392698482,,water,waterway=stream,53.2102075,-8.4969039,
w393635917,,water,waterway=river,53.2080806,-8.5653401,
w393635922,,water,waterway=river,53.2039263,-8.5661967,
w393659120,,water,waterway=river,53.2059184,-8.5662282,
w393659121,,water,waterway=river,53.1996805,-8.5653359,
w393690226,,water,waterway=river,53.1980369,-8.5655005,
w393690229,,water,waterway=river,53.1966927,-8.5670946,
w393690233,,water,waterway=river,53.1972637,-8.5654169,
w393690237,,water,waterway=river,53.1988232,-8.5656254,
w393885292,,water,waterway=river,53.2106371,-8.5667102,
w393885297,,water,waterway=river,53.2085998,-8.5655682,
w394395290,,water,waterway=river,53.2019507,-8.5649092,
w394502606,,water,waterway=river,53.2216016,-8.579079,
w394502619,,water,waterway=river,53.2209845,-8.574948,
w394502629,,water,waterway=river,53.2164528,-8.5684338,
w394737071,,water,waterway=river,53.2305685,-8.6081485,
w394737079,,water,waterway=river,53.2297815,-8.6015203,
w394753777,,water,waterway=river,53.2259945,-8.6427138,
w394917063,,water,waterway=river,53.2283029,-8.6195424,
w394928912,,water,waterway=river,53.2278153,-8.6590348,
w394947241,,water,waterway=river,53.2263578,-8.6359106,
w394947243,,water,waterway=river,53.2310032,-8.672256,
w394947247,,water,waterway=river,53.2319505,-8.6779138,
w395144732,,water,waterway=river,53.2323457,-8.6838006,
w395155269,Dunkellin,water,waterway=river,53.2305733,-8.7032391,
w395171493,Dunkellin,water,waterway=river,53.2291278,-8.7110034,
w395177056,Dunkellin,water,waterway=river,53.2255251,-8.7484765,
w395177066,,water,waterway=stream,53.2200284,-8.7451399,
w395179933,Dunkellin,water,waterway=river,53.2275331,-8.7361457,
w395180727,Dunkellin,water,waterway=river,53.2281615,-8.726123,
w395180730,Dunkellin,water,waterway=river,53.2278817,-8.7326859,
w395180732,Dunkellin,water,waterway=river,53.2283171,-8.7295791,
w395184017,Dunkellin,water,waterway=river,53.228612,-8.7195966,
w395184019,Dunkellin,water,waterway=river,53.2295355,-8.7138962,
w395799404,Clarin,water,waterway=river,53.2501853,-8.8236323,
w395799405,Dunkellin,water,waterway=river,53.2203787,-8.794943,
w395799416,,water,waterway=stream,53.2224999,-8.7925287,
w395799417,,water,waterway=stream,53.2260182,-8.7878162,
w395893596,Dunkellin,water,waterway=river,53.2237827,-8.7809936,
w395893604,,water,waterway=stream,53.2270013,-8.7830559,
w395893605,,water,waterway=stream,53.2250339,-8.7899564,
w395893606,,water,waterway=stream,53.2279976,-8.7770181,
w395903990,,water,waterway=stream,53.2473279,-8.3547539,
w395903991,,water,waterway=stream,53.2476638,-8.3481001,
w395905280,Killoran,water,waterway=stream,53.2486521,-8.3490846,
w395905281,Killoran,water,waterway=stream,53.2477238,-8.3479975,
w395907235,,water,waterway=stream,53.2513004,-8.3749765,
w395907236,,water,waterway=stream,53.2490308,-8.3676075,
w395907237,,water,waterway=stream,53.252524,-8.3763385,
w395907238,,water,waterway=stream,53.2535474,-8.3754713,
w396010747,,water,waterway=stream,53.266262,-8.340267,
w396010752,,water,waterway=stream,53.2671079,-8.3497249,
w396010755,,water,waterway=stream,53.267353,-8.3565202,
w396010757,,water,waterway=stream,53.2662412,-8.3354378,
w396013627,,water,waterway=stream,53.2653056,-8.3251586,
w396469098,,water,waterway=stream,53.2385068,-8.3937798,
w396476339,,water,waterway=stream,53.2479704,-8.3958095,
w396476340,,water,waterway=stream,53.2495358,-8.3848288,
w396477578,,water,waterway=stream,53.2472281,-8.3987572,
w396478438,,water,waterway=stream,53.2478485,-8.3960865,
w396535532,,water,waterway=stream,53.2532071,-8.377548,
w396539658,,water,waterway=stream,53.2585667,-8.4356602,
w396539659,,water,waterway=stream,53.2549707,-8.43296,
w396539660,,water,waterway=stream,53.2627617,-8.4405367,
w396539663,,water,waterway=stream,53.2511346,-8.4308416,
w396543256,,water,waterway=stream,53.2477667,-8.4454207,
w396543257,,water,waterway=stream,53.2529172,-8.4709614,
w396601098,,water,waterway=stream,53.3180151,-8.365401,
w396601099,,water,waterway=stream,53.3204572,-8.3550329,
w396607783,Cooke's Lough,water,natural=water,53.3133011,-8.3142679,
w396607788,,water,waterway=stream,53.3219671,-8.3482778,
w396607789,,water,waterway=stream,53.3210778,-8.3508564,
w396607790,,water,waterway=stream,53.325395,-8.3411741,
w396607791,,water,waterway=stream,53.3230036,-8.3447138,
w396609574,,water,waterway=stream,53.3309764,-8.3661817,
w396609575,,water,waterway=stream,53.3315202,-8.3674888,
w396609576,,water,waterway=stream,53.3288979,-8.3545889,
w396609577,,water,waterway=stream,53.3294935,-8.3441422,
w396617836,Ballinure River,water,waterway=river,53.2944304,-8.2951241,
w396891478,,water,waterway=stream,53.2352722,-8.5414201,
w396891483,,water,waterway=stream,53.2324567,-8.5414549,
w397607143,Faul Lough,water,natural=water,53.4789801,-10.0342116,
w398069281,Ballinure River,water,waterway=river,53.2989865,-8.2994042,
w398069283,,water,waterway=stream,53.3039474,-8.3109114,
w398069284,,water,waterway=stream,53.3030657,-8.305762,
w398069285,,water,waterway=stream,53.3040422,-8.3116826,
w398347146,,water,waterway=stream,53.2424864,-8.5580397,
w398347148,,water,waterway=stream,53.2350038,-8.539544,
w398347149,,water,waterway=stream,53.2413459,-8.5496875,
w398347150,,water,waterway=stream,53.2394138,-8.5451457,
w398347158,,water,waterway=stream,53.2370504,-8.5423927,
w398414975,,water,waterway=stream,53.3321426,-8.3685427,
w399128259,,water,waterway=stream,53.2605954,-8.4385113,
w399229313,,water,waterway=stream,53.2511118,-8.305498,
w399229314,,water,waterway=stream,53.2504976,-8.3118148,
w399229315,,water,waterway=stream,53.2504494,-8.307056,
w399229316,,water,waterway=stream,53.249517,-8.3023879,
w399229318,,water,waterway=stream,53.2500089,-8.3032625,
w399543461,,water,natural=water,53.331509,-8.3931021,
w399543462,,water,natural=water,53.3313343,-8.3927757,
w399760289,,water,waterway=stream,53.2581953,-8.5003768,
w399760290,,water,waterway=stream,53.2605786,-8.5227148,
w399764153,,water,waterway=stream,53.2846873,-8.493137,
w399882760,,water,waterway=stream,53.2596673,-8.5331767,
w400026174,,water,waterway=stream,53.3011409,-8.5047504,
w400026177,,water,waterway=stream,53.2909682,-8.5075285,
w400026178,,water,waterway=stream,53.2869312,-8.4948852,
w400026179,,water,waterway=stream,53.2880933,-8.5001546,
w400026180,,water,waterway=stream,53.2888982,-8.50258,
w400026181,,water,waterway=stream,53.2895326,-8.5051452,
w400026182,,water,waterway=stream,53.2880466,-8.499419,
w400026184,,water,waterway=stream,53.2877414,-8.4978618,
w400026185,,water,waterway=stream,53.2855629,-8.4931705,
w400026186,,water,waterway=stream,53.2928205,-8.5137545,
w400030791,,water,waterway=stream,53.2956078,-8.5161182,
w400030792,,water,waterway=stream,53.2939338,-8.5181008,
w400030793,,water,waterway=stream,53.2968859,-8.5022995,
w400030794,,water,waterway=stream,53.2954824,-8.5248681,
w400030795,,water,waterway=stream,53.2968094,-8.5087391,
w400033084,,water,waterway=stream,53.2963104,-8.5050471,
w400677120,,water,waterway=stream,53.244207,-8.5805861,
w400677121,,water,waterway=stream,53.2447934,-8.5691592,
w400677122,,water,waterway=stream,53.2423302,-8.5593905,
w400677123,,water,waterway=stream,53.2420081,-8.557221,
w400677124,,water,waterway=stream,53.2417443,-8.553764,
w400677910,,water,waterway=stream,53.2429519,-8.5849514,
w400739763,,water,waterway=river,53.2262077,-8.5879584,
w400739764,,water,waterway=stream,53.2423449,-8.5875235,
w400780920,,water,waterway=stream,53.2435965,-8.5619489,
w400780921,,water,waterway=stream,53.2508861,-8.5569793,
w400872486,,water,waterway=stream,53.2510306,-8.5512526,
w400872487,,water,waterway=stream,53.2522925,-8.5528484,
w400872488,,water,waterway=stream,53.2572966,-8.5480317,
w400877090,,water,waterway=stream,53.2568467,-8.5448333,
w400891373,,water,waterway=river,53.2283293,-8.5976653,
w400892295,,water,waterway=river,53.229348,-8.6002374,
w401498711,,water,waterway=stream,53.2552048,-8.5499791,
w401498712,,water,waterway=stream,53.2746048,-8.5549911,
w401498713,,water,waterway=stream,53.2761045,-8.5501363,
w401500194,,water,waterway=stream,53.2451152,-8.5766695,
w401500195,,water,waterway=stream,53.2502264,-8.5597294,
w401500196,,water,waterway=stream,53.2474247,-8.5617486,
w401502423,,water,waterway=stream,53.2664753,-8.5738312,
w401502425,,water,waterway=stream,53.2704922,-8.5715056,
w401503042,,water,waterway=stream,53.2603999,-8.5781082,
w401503342,,water,waterway=stream,53.2590112,-8.5833576,
w401504247,,water,waterway=stream,53.2573603,-8.5978807,
w401507129,,water,waterway=stream,53.2364967,-8.6634963,
w401507130,,water,waterway=stream,53.2370152,-8.6448071,
w401507131,,water,waterway=stream,53.2369309,-8.6564564,
w401507132,,water,waterway=stream,53.2377773,-8.6506679,
w401507133,,water,waterway=stream,53.2392762,-8.6671449,
w401861799,,water,waterway=stream,53.2775494,-8.548,
w401861801,,water,waterway=stream,53.2719486,-8.5655726,
w401861802,,water,waterway=stream,53.2578896,-8.5915905,
w401861803,,water,waterway=stream,53.2624231,-8.5762102,
w401861804,,water,waterway=stream,53.2766788,-8.5498983,
w401861805,,water,waterway=stream,53.2790394,-8.5435551,
w401865939,,water,waterway=stream,53.2410815,-8.6120059,
w401865944,,water,waterway=stream,53.2415064,-8.618899,
w401865946,,water,waterway=stream,53.2562121,-8.6010832,
w401865948,,water,waterway=stream,53.24199,-8.5892245,
w401865950,,water,waterway=stream,53.2524107,-8.6143929,
w401868533,,water,waterway=river,53.2302411,-8.6043464,
w401868534,,water,waterway=stream,53.2409485,-8.6025023,
w401868535,,water,waterway=stream,53.2408527,-8.6050917,
w401869314,,water,waterway=river,53.2265459,-8.6326232,
w401870660,,water,waterway=stream,53.2388068,-8.630001,
w402003945,Raford,water,waterway=river,53.293411,-8.570689,
w402003948,Raford,water,waterway=river,53.2829164,-8.5907662,
w402003950,Raford,water,waterway=river,53.2897105,-8.557897,
w402003956,,water,waterway=stream,53.2797302,-8.5409069,
w402008401,Raford,water,waterway=river,53.2860679,-8.5852497,
w402008402,Raford,water,waterway=river,53.2926612,-8.5834021,
w402016284,,water,waterway=stream,53.2942065,-8.6118654,
w402020016,Raford,water,waterway=river,53.2787218,-8.6190021,
w402020028,Raford,water,waterway=river,53.2809848,-8.6015808,
w402020032,Raford,water,waterway=river,53.2804174,-8.607375,
w402260731,Raford,water,waterway=river,53.2753565,-8.6308576,
w402260732,,water,waterway=stream,53.2920182,-8.6141918,
w402261574,Raford,water,waterway=river,53.2702798,-8.6284817,
w402264861,,water,waterway=stream,53.2550733,-8.604017,
w402267993,Raford,water,waterway=river,53.2654563,-8.6390808,
w402267994,Raford,water,waterway=river,53.2657152,-8.6320438,
w402267995,Raford,water,waterway=river,53.2659786,-8.6313369,
w402267996,Raford,water,waterway=river,53.2664973,-8.629487,
w402267997,Raford,water,waterway=river,53.2656341,-8.6354463,
w402676038,,water,waterway=stream,53.2505856,-8.625483,
w402677423,Raford,water,waterway=river,53.2650763,-8.6443757,
w403958273,Raford,water,waterway=river,53.2663656,-8.650307,
w403958281,,water,waterway=stream,53.2659795,-8.6490095,
w403959788,,water,waterway=stream,53.2852505,-8.6772442,
w403959789,,water,waterway=stream,53.2846658,-8.6699996,
w403960131,Raford,water,waterway=river,53.2642809,-8.6634944,
w404134633,,water,waterway=stream,53.2885031,-8.6857786,
w404134634,,water,natural=water,53.2846141,-8.6752225,
w404135809,,water,waterway=stream,53.2887755,-8.7043644,
w404316978,,water,waterway=stream,53.2820849,-8.7180859,
w404771530,Raford,water,waterway=river,53.2557968,-8.6909246,
w404771531,Raford,water,waterway=river,53.2452368,-8.7116995,
w404771532,Raford,water,waterway=river,53.2495291,-8.7027173,
w404771534,,water,waterway=stream,53.2787798,-8.7204755,
w404771535,,water,waterway=stream,53.2791664,-8.7244737,
w404773172,Raford,water,waterway=river,53.2623852,-8.6693542,
w404773175,,water,waterway=stream,53.2647019,-8.6685139,
w404773176,,water,waterway=stream,53.2660043,-8.6704699,
w404783340,Raford,water,waterway=river,53.2595719,-8.6756936,
w404783341,Raford,water,waterway=river,53.2639222,-8.6651859,
w404783344,,water,waterway=stream,53.2635497,-8.6777247,
w404783345,,water,waterway=stream,53.2618627,-8.6749626,
w404791420,Raford,water,waterway=river,53.25833,-8.6825898,
w404791421,Raford,water,waterway=river,53.25248,-8.6964337,
w405022459,Raford,water,waterway=river,53.2340256,-8.7175058,
w405022462,Raford,water,waterway=river,53.2416168,-8.7170064,
w405022465,Raford,water,waterway=river,53.239408,-8.7187106,
w405189105,Clarin,water,waterway=river,53.2564829,-8.7914516,
w405189106,Clarin,water,waterway=river,53.2706239,-8.784581,
w405189115,,water,waterway=stream,53.2705626,-8.7766744,
w405197494,,water,waterway=stream,53.2434442,-8.6562816,
w405197495,,water,waterway=stream,53.23746,-8.6578407,
w405197496,,water,waterway=stream,53.2429316,-8.6623406,
w405197497,,water,waterway=stream,53.2489033,-8.6370073,
w405197502,,water,waterway=stream,53.243091,-8.6575637,
w405197504,,water,waterway=stream,53.2419836,-8.6739206,
w405197506,,water,waterway=stream,53.2416742,-8.6709667,
w405200467,,water,waterway=stream,53.2453901,-8.6509062,
w405201866,Raford,water,waterway=river,53.2660171,-8.6548521,
w405208691,Raford,water,waterway=river,53.2643731,-8.6608498,
w405771205,,water,waterway=stream,53.2408193,-8.6800182,
w405771206,,water,waterway=stream,53.239456,-8.6848649,
w405771207,,water,waterway=stream,53.2375035,-8.6894305,
w405771208,,water,waterway=stream,53.2383494,-8.6878373,
w405778571,Dunkellin,water,waterway=river,53.23234,-8.6989354,
w405779173,,water,waterway=stream,53.2371352,-8.6647816,
w405779174,,water,waterway=stream,53.240369,-8.6819364,
w405779715,,water,waterway=stream,53.2425877,-8.6681252,
w405848196,,water,waterway=stream,53.2423413,-8.6705808,
w405848197,,water,waterway=stream,53.2425394,-8.6713183,
w405848198,,water,waterway=stream,53.2415223,-8.676805,
w405849519,,water,waterway=stream,53.2355914,-8.6924814,
w405849522,Dunkellin,water,waterway=river,53.2297063,-8.7072074,
w405849527,,water,waterway=river,53.2336296,-8.6911674,
w405878642,Dunkellin,water,waterway=river,53.2292569,-8.7167424,
w405918480,Dunkellin,water,waterway=river,53.2244835,-8.7659298,
w405918481,Dunkellin,water,waterway=river,53.2270049,-8.739535,
w405994940,Clarin,water,waterway=river,53.2526462,-8.8027573,
w405994941,,water,waterway=stream,53.2278945,-8.7783219,
w406000295,Clarin,water,waterway=river,53.25092,-8.8187583,
w406000296,Clarin,water,waterway=river,53.2497149,-8.8112752,
w406026097,Clarin,water,waterway=river,53.2547434,-8.7971816,
w406026100,Clarin,water,waterway=river,53.263889,-8.7898698,
w406271451,,water,waterway=stream,53.3345612,-8.8990235,
w406420624,Clarin,water,waterway=river,53.2704234,-8.7878828,
w406444373,Clare,water,waterway=river,53.3390697,-8.9202588,
w406444374,Clare,water,waterway=river,53.3419094,-8.9097574,
w406444377,,water,waterway=stream,53.3394711,-8.9010457,
w406461504,Clare,water,waterway=river,53.3393776,-8.9302017,
w406461505,Clare,water,waterway=river,53.3379715,-8.9254251,
w406479644,Waterdale River,water,waterway=river,53.3636147,-8.9889617,
w406489875,Clare,water,waterway=river,53.3465954,-8.9390047,
w406581810,Clare,water,waterway=river,53.3491564,-8.9556302,
w406667328,Clare,water,waterway=river,53.3441648,-8.9334097,
w406667329,Clare,water,waterway=river,53.3393401,-8.9005711,
w406669913,Clare,water,waterway=river,53.33874,-8.8960177,
w406673635,Waterdale River,water,waterway=stream,53.36832,-8.9541327,
w406783313,,water,waterway=stream,53.3795173,-8.9777356,
w406783314,,water,waterway=stream,53.3719686,-8.9456351,
w406798609,,water,waterway=stream,53.3930511,-8.9623134,
w406798610,,water,waterway=stream,53.3928222,-8.9612236,
w406798611,,water,waterway=stream,53.3893853,-8.9688431,
w406798612,,water,waterway=stream,53.384566,-8.9740197,
w406823349,,water,waterway=stream,53.3925202,-8.9644906,
w407018354,,water,waterway=stream,53.3927632,-8.9604936,
w407773017,Clare,water,waterway=river,53.5741087,-8.915941,
w407773022,Clare,water,waterway=river,53.5787462,-8.9146039,
w407778979,Clare,water,waterway=river,53.5574345,-8.898361,
w407778980,Clare,water,waterway=river,53.569826,-8.9138636,
w407778984,,water,waterway=stream,53.5672657,-8.9129062,
w407790256,,water,waterway=stream,53.542411,-8.9011844,
w407945924,,water,waterway=stream,53.5526731,-8.962568,
w407955009,,water,waterway=stream,53.5472655,-8.9197929,
w407978593,Clare,water,waterway=river,53.5155259,-8.9079848,
w408001205,Togher River,water,waterway=river,53.5276304,-8.9563918,
w408001206,Togher River,water,waterway=river,53.5249595,-8.9519538,
w408001207,Togher River,water,waterway=river,53.5274299,-8.954195,
w408001208,Togher River,water,waterway=river,53.5334721,-9.0107429,
w409324032,Clare,water,waterway=river,53.5025787,-8.9012559,
w409324033,Togher River,water,waterway=river,53.5286013,-8.9886642,
w409324053,,water,waterway=stream,53.5026237,-8.9306376,
w409324054,,water,waterway=stream,53.5206635,-8.9466092,
w409324056,,water,waterway=stream,53.5184431,-8.9456009,
w409324057,,water,waterway=stream,53.5222306,-8.949989,
w409324058,,water,waterway=stream,53.4961114,-8.9333888,
w409324065,,water,waterway=stream,53.514138,-8.9496049,
w409835150,,water,waterway=stream,53.5171013,-8.9461663,
w410024997,,water,waterway=stream,53.491133,-8.9039915,
w410030250,,water,waterway=stream,53.5004362,-8.9320003,
w410265206,Clare,water,waterway=river,53.4799972,-8.894536,
w410265207,,water,waterway=stream,53.4868558,-8.8999219,
w410652229,Clare,water,waterway=river,53.3950944,-8.8653202,
w410652230,Clare,water,waterway=river,53.4149034,-8.8798631,
w410652231,Clare,water,waterway=river,53.37525,-8.874608,
w410652232,Clare,water,waterway=river,53.4178231,-8.8817677,
w410652233,Clare,water,waterway=river,53.4065214,-8.8718227,
w411510493,Ahascragh River,water,waterway=river,53.3732241,-8.2962517,
w411510494,Ahascragh River,water,waterway=river,53.3681209,-8.2849386,
w411510504,,water,waterway=stream,53.3279615,-8.3414479,
w411510505,,water,waterway=stream,53.3366998,-8.3034624,
w411510506,,water,waterway=stream,53.3353039,-8.3096689,
w411510507,,water,waterway=stream,53.3536357,-8.3469494,
w411510509,,water,waterway=stream,53.3419665,-8.3264334,
w411510512,,water,waterway=stream,53.337869,-8.317645,
w411510513,,water,waterway=stream,53.3487652,-8.3401951,
w411516192,,water,waterway=stream,53.3443246,-8.3337712,
w411517608,,water,waterway=stream,53.3342159,-8.3630953,
w411517610,,water,waterway=stream,53.3314666,-8.3673956,
w411815184,Ahascragh River,water,waterway=river,53.3877631,-8.3243931,
w411815191,Ahascragh River,water,waterway=river,53.3815312,-8.3163516,
w411815211,,water,waterway=stream,53.3822,-8.3163763,
w411835674,Ahascragh River,water,waterway=river,53.3949383,-8.3328555,
w411835675,Ahascragh River,water,waterway=river,53.3833283,-8.3209699,
w411835682,,water,waterway=stream,53.3337435,-8.3716144,
w411835688,,water,waterway=stream,53.3771907,-8.3315836,
w411835696,,water,waterway=stream,53.3524391,-8.3432757,
w413011128,Clonbrock River,water,waterway=river,53.4103566,-8.3858084,
w413190056,,water,waterway=stream,53.3244667,-8.4951539,
w414679300,,water,waterway=stream,53.2973053,-8.5119964,
w414679305,,water,waterway=stream,53.302588,-8.5013847,
w414679306,,water,waterway=stream,53.3009281,-8.486634,
w414679307,,water,waterway=stream,53.3238374,-8.4978617,
w414679308,,water,waterway=stream,53.3024877,-8.4756384,
w414679309,,water,waterway=stream,53.3008055,-8.4899875,
w414679311,,water,waterway=stream,53.3008248,-8.4884942,
w414679313,,water,waterway=stream,53.3012984,-8.4848598,
w414679314,,water,waterway=stream,53.301583,-8.4937902,
w414679316,,water,waterway=stream,53.302547,-8.4818671,
w414679317,,water,waterway=stream,53.3008116,-8.4897044,
w414679319,,water,waterway=stream,53.2982035,-8.5066756,
w414679320,,water,waterway=stream,53.3024479,-8.4980137,
w414679323,,water,waterway=stream,53.3184725,-8.5098633,
w414679325,,water,waterway=stream,53.3009809,-8.4916484,
w414679328,,water,waterway=stream,53.3216906,-8.503759,
w414679329,,water,waterway=stream,53.3160754,-8.5132632,
w414679332,,water,waterway=stream,53.3008253,-8.4891016,
w414679338,,water,waterway=stream,53.3007951,-8.4909041,
w414723066,Raford River,water,waterway=stream,53.3461584,-8.5298717,
w414723067,Raford River,water,waterway=stream,53.345867,-8.5327899,
w414723068,Raford,water,waterway=river,53.2923715,-8.5448956,
w414723069,Raford,water,waterway=river,53.3291414,-8.5264315,
w414723070,Raford,water,waterway=river,53.2926359,-8.5298476,
w414723071,Raford,water,waterway=river,53.295382,-8.5288758,
w414723072,Raford,water,waterway=river,53.3113939,-8.5240105,
w414723077,,water,waterway=stream,53.2942259,-8.5209862,
w414723078,,water,waterway=stream,53.2938285,-8.5193144,
w414723079,,water,waterway=stream,53.2962107,-8.5285316,
w414723083,,water,waterway=stream,53.354858,-8.5172657,
w414723085,,water,waterway=stream,53.3581768,-8.5066091,
w414723087,,water,waterway=stream,53.3161188,-8.5111937,
w414723089,,water,waterway=stream,53.2961613,-8.52935,
w414723090,,water,waterway=stream,53.2949403,-8.5288253,
w414723513,,water,waterway=stream,53.3257766,-8.5186238,
w414723515,,water,waterway=stream,53.3271872,-8.5174531,
w414724339,Raford,water,waterway=river,53.3149212,-8.5168942,
w414724343,Raford,water,waterway=river,53.3164998,-8.5168208,
w414724350,,water,waterway=stream,53.3320858,-8.5144834,
w414845958,,water,waterway=stream,53.3616626,-8.5146487,
w414845963,,water,waterway=stream,53.3614664,-8.510872,
w414845981,,water,waterway=stream,53.3620963,-8.5179971,
w414845992,,water,waterway=stream,53.3602923,-8.5054117,
w414845995,,water,waterway=stream,53.3570339,-8.5352998,
w414850634,,water,waterway=stream,53.3296349,-8.5158838,
w414862853,Raford,water,waterway=river,53.3109408,-8.5381926,
w414862854,Raford,water,waterway=river,53.3193635,-8.5236732,
w414862855,Raford,water,waterway=river,53.3122778,-8.5482123,
w414862860,,water,waterway=stream,53.3257791,-8.522893,
w414862861,,water,waterway=stream,53.3147976,-8.5461212,
w414862862,,water,waterway=stream,53.317784,-8.5474785,
w414872649,Raford,water,waterway=river,53.3121631,-8.5508626,
w414872650,Raford,water,waterway=river,53.3122687,-8.5629827,
w414872651,Raford,water,waterway=river,53.3123548,-8.5565393,
w414872652,Raford,water,waterway=river,53.2910373,-8.551646,
w414872653,Raford,water,waterway=river,53.3112221,-8.5664739,
w414872654,Raford,water,waterway=river,53.3036998,-8.5523053,
w414873135,Raford,water,waterway=river,53.2963237,-8.5358513,
w414873136,Raford,water,waterway=river,53.2920829,-8.5378746,
w414873137,Raford,water,waterway=river,53.2914006,-8.5335711,
w414873138,Raford,water,waterway=river,53.2963237,-8.5318615,
w414873139,Raford,water,waterway=river,53.2922397,-8.5403526,
w414877643,Raford,water,waterway=river,53.3089746,-8.5628005,
w415066355,Raford,water,waterway=river,53.3124548,-8.566012,
w415066361,,water,waterway=stream,53.3341607,-8.5709431,
w415066363,,water,waterway=stream,53.3118317,-8.5714843,
w415066364,,water,waterway=stream,53.3335504,-8.5702868,
w415066365,,water,waterway=stream,53.3353003,-8.5739378,
w415066366,,water,waterway=stream,53.3347318,-8.5716069,
w415114654,,water,waterway=stream,53.5854054,-8.8569077,
w415374785,,water,waterway=stream,53.349027,-8.5799976,
w415374786,,water,waterway=stream,53.3480888,-8.5757115,
w415374787,,water,waterway=stream,53.3453581,-8.5821359,
w415374788,,water,waterway=stream,53.3489862,-8.5844541,
w415374790,,water,waterway=stream,53.3469501,-8.5832529,
w415374791,,water,waterway=stream,53.3484229,-8.5919246,
w415374792,,water,waterway=stream,53.3465106,-8.5831258,
w415374793,,water,waterway=stream,53.3399584,-8.5782056,
w415846202,,water,waterway=stream,53.3232058,-8.7034851,
w415846208,,water,waterway=stream,53.3222823,-8.6619494,
w415846209,,water,waterway=stream,53.3474529,-8.5856429,
w415846210,,water,waterway=stream,53.3172896,-8.6383094,
w415846212,,water,waterway=stream,53.3326628,-8.6972573,
w415846213,,water,waterway=stream,53.3165173,-8.6342647,
w415846216,,water,waterway=stream,53.320595,-8.6522917,
w415846217,,water,waterway=stream,53.3209082,-8.6264254,
w415846221,,water,waterway=stream,53.3198356,-8.6786659,
w415846223,,water,waterway=stream,53.3164824,-8.6304244,
w415846227,,water,waterway=stream,53.3231108,-8.7016745,
w415846232,,water,waterway=stream,53.3197411,-8.6823758,
w415846236,,water,waterway=stream,53.3186762,-8.6284194,
w415846237,,water,waterway=stream,53.32159,-8.6560535,
w415846238,,water,waterway=stream,53.3213047,-8.6939008,
w415846247,,water,waterway=stream,53.3189218,-8.6457261,
w415846251,,water,waterway=stream,53.327386,-8.7023459,
w415846254,,water,waterway=stream,53.3164472,-8.6311326,
w415846257,,water,waterway=stream,53.3474545,-8.5887195,
w415846259,,water,waterway=stream,53.3221385,-8.6655161,
w415859293,Shiven,water,waterway=river,53.4879298,-8.3768118,
w415859308,,water,waterway=stream,53.4867911,-8.3735167,
w415859311,,water,waterway=stream,53.4690075,-8.3600367,
w415859315,,water,waterway=stream,53.4676316,-8.3552765,
w415859316,,water,waterway=stream,53.4834903,-8.3742846,
w415859319,,water,waterway=stream,53.4703984,-8.3668413,
w415868496,Killaclogher River,water,waterway=river,53.3469541,-8.6538136,
w415868497,Killaclogher River,water,waterway=river,53.3672279,-8.5968032,
w415868504,Killaclogher River,water,waterway=river,53.3477464,-8.6575367,
w415868505,Killaclogher River,water,waterway=river,53.3584835,-8.6102966,
w415868506,Killaclogher River,water,waterway=river,53.351467,-8.6297746,
w415912997,,water,waterway=stream,53.4467828,-8.3400919,
w415913000,,water,waterway=stream,53.4426362,-8.3389297,
w416155733,,water,waterway=stream,53.4290083,-8.4003168,
w416161749,Castlegar River,water,waterway=river,53.4842874,-8.4078173,
w416161752,Castlegar River,water,waterway=river,53.4887976,-8.3960343,
w416161754,Shiven,water,waterway=river,53.4905848,-8.3887743,
w416161755,Shiven,water,waterway=river,53.489996,-8.3865475,
w416161756,Shiven,water,waterway=river,53.489257,-8.3842176,
w416426009,Ahascragh River,water,waterway=river,53.4078862,-8.3459201,
w416426011,Ahascragh River,water,waterway=river,53.4094492,-8.3480374,
w416426014,Clonbrock River,water,waterway=stream,53.4102931,-8.3516052,
w416471531,Clarin,water,waterway=river,53.3094586,-8.7327179,
w416471532,Clarin,water,waterway=river,53.3184971,-8.7145417,
w416471546,,water,waterway=stream,53.2899861,-8.6990313,
w416471556,,water,waterway=stream,53.2867371,-8.7118805,
w416471562,,water,waterway=stream,53.321867,-8.70797,
w416471564,,water,waterway=stream,53.323136,-8.7011334,
w416471570,,water,waterway=stream,53.2906885,-8.6938711,
w416471576,,water,waterway=stream,53.3223214,-8.6681093,
w416471578,,water,waterway=stream,53.3237832,-8.7049021,
w416531384,,water,waterway=stream,53.4129283,-8.4226514,
w416531385,,water,waterway=river,53.4124564,-8.4153791,
w416531386,,water,waterway=stream,53.4120931,-8.4274003,
w416531387,,water,waterway=stream,53.4037368,-8.4307963,
w416531388,,water,waterway=stream,53.3974149,-8.4326212,
w416552486,,water,waterway=stream,53.4161538,-8.4104427,
w416552487,,water,waterway=stream,53.4127676,-8.4070794,
w416552488,,water,waterway=stream,53.4203494,-8.3861271,
w416591102,,water,waterway=stream,53.3195391,-8.6865681,
w416599379,,water,waterway=stream,53.336439,-8.689417,
w416599380,,water,waterway=stream,53.3396027,-8.6880557,
w416599381,,water,waterway=stream,53.3204556,-8.6786659,
w416601437,Castlegar River,water,waterway=river,53.4763553,-8.4096741,
w416601438,Castlegar River,water,waterway=river,53.4800162,-8.4087745,
w416602183,,water,waterway=stream,53.3355638,-8.6925779,
w416885632,Castlegar River,water,waterway=river,53.4810947,-8.457693,
w416885633,Castlegar River,water,waterway=river,53.4779752,-8.4933984,
w416885634,Castlegar River,water,waterway=river,53.4788638,-8.4871654,
w416885635,Castlegar River,water,waterway=river,53.4879933,-8.4056735,
w416885636,Castlegar River,water,waterway=river,53.4812416,-8.4443732,
w416885637,Castlegar River,water,waterway=river,53.4729241,-8.5006762,
w416885639,Castlegar River,water,waterway=river,53.4820217,-8.4527935,
w416885640,Castlegar River,water,waterway=river,53.4782012,-8.4770819,
w416885641,Castlegar River,water,waterway=river,53.4784965,-8.4829142,
w416885642,Castlegar River,water,waterway=river,53.4790393,-8.464829,
w416885643,Castlegar River,water,waterway=river,53.4765076,-8.4977846,
w416885660,,water,waterway=stream,53.4808668,-8.5114596,
w416885661,,water,waterway=stream,53.4969345,-8.455378,
w416885662,,water,waterway=stream,53.4974242,-8.4550255,
w416885663,,water,waterway=stream,53.493544,-8.4554767,
w416885665,,water,waterway=stream,53.4978833,-8.456469,
w416885667,,water,waterway=stream,53.4822286,-8.5131968,
w416885669,,water,waterway=stream,53.4766026,-8.4548461,
w416885686,,water,waterway=stream,53.4786914,-8.5068325,
w416885694,,water,waterway=stream,53.4762125,-8.5002103,
w416885697,,water,waterway=stream,53.4952711,-8.4553352,
w416885706,,water,waterway=stream,53.4772499,-8.5026767,
w416885709,,water,waterway=stream,53.4873462,-8.5137534,
w416996510,Castlegar River,water,waterway=river,53.4698333,-8.5040104,
w416996614,,water,waterway=stream,53.4536379,-8.5359107,
w416996620,,water,waterway=stream,53.4603013,-8.4713711,
w416996645,,water,waterway=stream,53.4800288,-8.5103673,
w416996651,,water,waterway=stream,53.4532555,-8.5335414,
w416996656,,water,waterway=stream,53.4537596,-8.5366747,
w416996664,,water,waterway=stream,53.4540595,-8.5199624,
w416996674,,water,waterway=stream,53.4514404,-8.5482759,
w416996688,,water,waterway=stream,53.46087,-8.5205319,
w416996706,,water,waterway=stream,53.4594048,-8.50907,
w417203896,,water,waterway=stream,53.4229912,-8.4810356,
w417203897,,water,waterway=stream,53.4254676,-8.4708888,
w417203898,,water,waterway=stream,53.4241878,-8.476342,
w417303031,,water,waterway=stream,53.4542763,-8.4683498,
w417303033,,water,waterway=stream,53.4508173,-8.4729006,
w417303039,,water,waterway=stream,53.4512349,-8.4724693,
w417303042,,water,waterway=stream,53.4506492,-8.4731081,
w417303046,,water,waterway=stream,53.4128254,-8.4234532,
w417303048,,water,waterway=stream,53.4190462,-8.416779,
w417303050,,water,waterway=stream,53.466523,-8.471759,
w417318053,,water,waterway=stream,53.4479727,-8.4860116,
w417318054,,water,waterway=stream,53.4476272,-8.4875254,
w417318055,,water,waterway=stream,53.4477741,-8.481208,
w417521516,,water,waterway=stream,53.4526315,-8.5279859,
w417521519,,water,waterway=stream,53.453096,-8.5143782,
w417521522,,water,waterway=stream,53.4478767,-8.5131591,
w417521524,,water,waterway=stream,53.4576253,-8.5130341,
w417521528,,water,waterway=stream,53.4429021,-8.5145847,
w417521531,,water,waterway=stream,53.4393633,-8.5161028,
w417521534,,water,waterway=stream,53.4284874,-8.5135682,
w417621125,,water,waterway=stream,53.4236489,-8.5136777,
w417621128,,water,waterway=stream,53.4199517,-8.5125002,
w417621130,,water,waterway=stream,53.4340268,-8.5158583,
w417621136,,water,waterway=stream,53.4374021,-8.5178839,
w417621138,,water,waterway=stream,53.4174596,-8.5134028,
w417964892,,water,waterway=stream,53.397674,-8.4445936,
w417964894,,water,waterway=stream,53.3651319,-8.5014123,
w417964896,,water,waterway=stream,53.4084428,-8.4335243,
w417964897,,water,waterway=stream,53.4000801,-8.4530722,
w417964899,,water,waterway=stream,53.3970434,-8.444933,
w417964900,,water,waterway=stream,53.37746,-8.471371,
w417964902,,water,waterway=stream,53.4093039,-8.4331731,
w417964903,,water,waterway=stream,53.3910319,-8.4510551,
w417964904,,water,waterway=stream,53.3914611,-8.4366055,
w417964906,,water,waterway=stream,53.4053953,-8.4325202,
w417964907,,water,waterway=stream,53.3806893,-8.4673703,
w417964908,,water,waterway=stream,53.3762123,-8.4772764,
w417964909,,water,waterway=stream,53.3851868,-8.4665102,
w417964912,,water,waterway=stream,53.3963465,-8.445703,
w417964914,,water,waterway=stream,53.4066457,-8.4324725,
w417964916,,water,waterway=stream,53.3756686,-8.4822255,
w417964919,,water,waterway=stream,53.3991997,-8.4480752,
w417964923,,water,waterway=stream,53.3951725,-8.4471766,
w417964925,,water,waterway=stream,53.4088875,-8.4336434,
w417964926,,water,waterway=stream,53.3868778,-8.4358381,
w417964928,,water,waterway=stream,53.3928566,-8.4494647,
w417964930,,water,waterway=stream,53.3799433,-8.4354793,
w417964932,,water,waterway=stream,53.3829326,-8.4358621,
w417964935,,water,waterway=stream,53.4076158,-8.4327622,
w417964936,,water,waterway=stream,53.4079127,-8.433171,
w417964937,,water,waterway=stream,53.4014555,-8.4385708,
w417979081,,water,waterway=stream,53.4122979,-8.4414876,
w417979082,,water,waterway=stream,53.4205705,-8.4885296,
w417979084,,water,waterway=stream,53.4212414,-8.4852711,
w417979085,,water,waterway=stream,53.4105045,-8.4319507,
w417979086,,water,waterway=stream,53.4197176,-8.4568144,
w417979087,,water,waterway=stream,53.4187112,-8.4560233,
w417979088,,water,waterway=stream,53.4159533,-8.4535434,
w418182131,Killaclogher River,water,waterway=river,53.3777738,-8.5754146,
w418182134,Killaclogher River,water,waterway=river,53.3827849,-8.5669824,
w418182137,Killaclogher River,water,waterway=river,53.3750493,-8.5808663,
w418182168,,water,waterway=stream,53.3934857,-8.5851996,
w418182171,,water,waterway=stream,53.3935467,-8.5903732,
w418349127,,water,waterway=stream,53.3922261,-8.4949034,
w418349128,,water,waterway=stream,53.3917479,-8.4998445,
w418370399,Clare,water,waterway=river,53.3547621,-8.8701171,
w418370400,Clare,water,waterway=river,53.3580432,-8.8668214,
w418370401,Clare,water,waterway=river,53.3408772,-8.8890528,
w418370402,Clare,water,waterway=river,53.3486132,-8.8795908,
w418379555,Clare,water,waterway=river,53.3865395,-8.8715678,
w418379556,Clare,water,waterway=river,53.3905829,-8.8682595,
w418392636,,water,waterway=stream,53.3720888,-8.4919607,
w418392637,,water,waterway=stream,53.3922228,-8.4963969,
w418392638,,water,waterway=stream,53.3692197,-8.4957744,
w418392639,,water,waterway=stream,53.3742141,-8.486589,
w418392640,,water,waterway=stream,53.3626152,-8.5053298,
w418404460,Clonbrock River,water,waterway=river,53.4081977,-8.4012462,
w418404461,Clonbrock River,water,waterway=river,53.4123746,-8.3631635,
w418537872,Clare,water,waterway=river,53.3648138,-8.868718,
w418606133,,water,waterway=river,53.395905,-8.6329924,
w418606157,,water,waterway=stream,53.3938368,-8.6273476,
w418606158,,water,waterway=stream,53.394192,-8.6310792,
w418606159,,water,waterway=stream,53.3930225,-8.6313467,
w418606160,,water,waterway=stream,53.3915012,-8.6334425,
w418606161,,water,waterway=stream,53.3941712,-8.6241753,
w418911642,Killaclogher River,water,waterway=river,53.4070401,-8.6567205,
w418911643,Killaclogher River,water,waterway=river,53.401538,-8.6590004,
w418911644,,water,waterway=river,53.4039542,-8.654414,
w418911645,,water,waterway=river,53.4034207,-8.6524473,
w418911646,,water,waterway=river,53.4025103,-8.6475479,
w418911647,,water,waterway=river,53.4048753,-8.6568368,
w418911648,,water,waterway=river,53.4044813,-8.655399,
w418911649,,water,waterway=river,53.4021845,-8.6445263,
w418911650,,water,waterway=river,53.3994998,-8.6391891,
w418911651,,water,waterway=river,53.4023856,-8.6452677,
w418911652,,water,waterway=river,53.4047186,-8.6560326,
w418973101,Killaclogher River,water,waterway=river,53.3865877,-8.662214,
w418973102,Killaclogher River,water,waterway=river,53.3954358,-8.6626971,
w418973103,Killaclogher River,water,waterway=river,53.3973444,-8.6618197,
w418973104,Killaclogher River,water,waterway=river,53.3981208,-8.6609298,
w418973105,Killaclogher River,water,waterway=river,53.3919823,-8.6644511,
w418973106,Killaclogher River,water,waterway=river,53.3962385,-8.6624904,
w418973107,Killaclogher River,water,waterway=river,53.3939003,-8.6643953,
w418973109,Killaclogher River,water,waterway=river,53.3913405,-8.6640212,
w418973111,Killaclogher River,water,waterway=river,53.3874472,-8.6621014,
w418973113,Killaclogher River,water,waterway=river,53.3888723,-8.6627948,
w418973115,Killaclogher River,water,waterway=river,53.3928619,-8.6644815,
w418973116,Killaclogher River,water,waterway=river,53.3903279,-8.6632938,
w418973117,Killaclogher River,water,waterway=river,53.3946061,-8.6637338,
w418973138,,water,waterway=stream,53.3973675,-8.666317,
w418973139,,water,waterway=stream,53.3943752,-8.6760041,
w418973140,,water,waterway=stream,53.4091464,-8.6868545,
w418973141,,water,waterway=stream,53.412512,-8.6859947,
w419089262,Clare,water,waterway=river,53.3828053,-8.8764443,
w419089263,Clare,water,waterway=river,53.3890971,-8.869755,
w419224268,,water,waterway=stream,53.4423292,-8.2861407,
w419224269,,water,waterway=stream,53.4459708,-8.2921144,
w419921867,Clarin,water,waterway=river,53.2856511,-8.7630718,
w420283456,Cloonasoragh River,water,waterway=river,53.2799669,-8.1716289,
w420283457,Cloonasoragh River,water,waterway=river,53.2807774,-8.1607094,
w421375876,,water,waterway=stream,53.2632332,-8.5759903,
w421769233,,water,waterway=stream,53.2283055,-8.3204002,
w424058973,Clarin,water,waterway=river,53.2793011,-8.7779237,
w424058974,Clarin,water,waterway=river,53.2817543,-8.7721927,
w424058975,Clarin,water,waterway=river,53.2782155,-8.7815704,
w424058976,,water,waterway=stream,53.2706415,-8.7813839,
w424070055,Clarin,water,waterway=river,53.286341,-8.7612096,
w424070056,Clarin,water,waterway=river,53.28653,-8.7606874,
w424070057,Clarin,water,waterway=river,53.2883229,-8.7582014,
w424070058,Clarin,water,waterway=river,53.2874346,-8.7594995,
w424169686,Clarin,water,waterway=river,53.2846397,-8.7667793,
w424278899,,water,waterway=stream,53.6392778,-8.8177782,
w424278900,,water,waterway=stream,53.6390334,-8.818766,
w424278901,,water,waterway=stream,53.638639,-8.8190422,
w424282482,,water,waterway=stream,53.6391689,-8.8193017,
w424282483,,water,waterway=stream,53.6412503,-8.8283365,
w424753567,,water,waterway=stream,53.2792229,-8.7211343,
w424753570,,water,waterway=stream,53.279029,-8.7207833,
w424825002,Clarin,water,waterway=river,53.2964781,-8.7457549,
w424825003,Clarin,water,waterway=river,53.2940389,-8.7471526,
w424835497,Clarin,water,waterway=river,53.305344,-8.7361552,
w424835498,Clarin,water,waterway=river,53.2996132,-8.7440075,
w424836976,Clarin,water,waterway=river,53.2997024,-8.7437067,
w424913778,Clarin,water,waterway=river,53.2947478,-8.7464106,
w424913779,Clarin,water,waterway=river,53.2925775,-8.7493434,
w429478240,,water,waterway=canal,53.0929644,-8.1982476,
w432852300,,water,waterway=stream,53.6140137,-9.8787586,
w433023954,Mill Race,water,waterway=stream,53.4997946,-8.4163674,
w434866231,,water,natural=wetland,53.6064891,-9.8927236,
w434866249,,water,waterway=stream,53.601235,-9.8715332,
w434870599,Fiddaunbaun,water,waterway=stream,53.5957516,-9.9425508,
w434872763,Sruffaunmanagh,water,waterway=stream,53.5964776,-9.9288711,
w434872771,,water,waterway=stream,53.597877,-9.917874,
w435650521,Shanmullen Channel,water,waterway=stream,53.2131806,-8.9770235,
w435896507,Loughaunascalia,water,natural=water,53.2334981,-9.0012253,
w435896586,,water,natural=water,53.2346011,-8.943891,
w436026246,,water,natural=water,53.2553415,-8.9509259,
w436127985,,water,natural=water,53.2503698,-8.9787838,
w436127986,,water,natural=water,53.2504292,-8.9759091,
w436127987,,water,natural=water,53.251874,-8.9793309,
w436326207,Pollacullaire,water,natural=water,53.2487388,-8.9661193,
w440531601,Lough Kinlea,water,natural=water,53.1841756,-8.711702,
w461519808,,water,natural=water,53.4214812,-9.3303297,
w461519809,,water,natural=water,53.4210412,-9.3295397,
w462400236,,water,natural=water,53.6661417,-8.4038436,
w462400237,,water,natural=water,53.6399662,-8.3648148,
w463331600,,water,natural=water,53.6431679,-8.784979,
w463331601,,water,natural=water,53.6427481,-8.7837398,
w469941641,,water,waterway=stream,53.5199717,-10.0963191,
w469941642,,water,waterway=stream,53.520313,-10.0962655,
w469941643,,water,waterway=stream,53.5359851,-10.0684827,
w469941644,,water,waterway=stream,53.5357552,-10.0682026,
w469941645,,water,waterway=stream,53.5127369,-10.1044164,
w469941646,,water,waterway=stream,53.5128287,-10.1035623,
w469941649,,water,waterway=stream,53.5470689,-10.1774377,
w469941650,,water,waterway=stream,53.5460681,-10.1769685,
w469941651,,water,waterway=stream,53.5605748,-10.0664313,
w469941652,,water,waterway=stream,53.5609827,-10.0663189,
w469941653,,water,waterway=stream,53.5234862,-10.1210173,
w469941654,,water,waterway=stream,53.5250181,-10.118077,
w469941655,,water,waterway=stream,53.5440935,-10.1455067,
w469941656,,water,waterway=stream,53.5446529,-10.1459967,
w472061167,,water,waterway=stream,53.6182893,-10.2002509,
w472061168,,water,waterway=stream,53.6186098,-10.2004426,
w472061169,,water,waterway=stream,53.6139906,-10.2289061,
w472061170,,water,waterway=stream,53.6140274,-10.2289062,
w476193319,Eglinton Canal,water,waterway=canal,53.2701518,-9.0573836,
w476193362,Terryland River,water,waterway=river,53.2830549,-9.0475099,
w476670743,,water,waterway=stream,53.6030631,-9.8203956,
w476670744,,water,waterway=stream,53.6037871,-9.8172625,
w476678693,Shanaveagh River,water,waterway=stream,53.57356,-9.9383323,
w476678695,Shanaveagh River,water,waterway=stream,53.5683196,-9.9445074,
w476704058,,water,waterway=stream,53.5367737,-9.9006132,
w476706689,,water,waterway=stream,53.5924351,-10.0107077,
w476730308,Dawros River,water,waterway=river,53.5635835,-9.9288792,
w476731319,,water,waterway=stream,53.5942648,-9.9897872,
w476734459,,water,waterway=stream,53.4800634,-9.8597182,
w476734461,,water,waterway=stream,53.4770247,-9.8304745,
w476736273,,water,waterway=stream,53.4526393,-9.8681946,
w476736298,,water,waterway=stream,53.4525868,-9.8621135,
w476738719,,water,waterway=stream,53.4765722,-9.886307,
w476738720,Owenwee River,water,waterway=river,53.4479961,-9.8756461,
w476740508,,water,waterway=stream,53.5135596,-9.8358239,
w476898968,,water,waterway=stream,53.5610078,-9.8799513,
w476898975,,water,waterway=stream,53.574001,-9.8762564,
w476898989,,water,waterway=stream,53.5624456,-9.8742217,
w476900573,Glashastellen Stream,water,waterway=stream,53.561378,-9.9302313,
w476900848,Dawros River,water,waterway=river,53.5613207,-9.9226935,
w476900850,Dawra River,water,waterway=river,53.5614187,-9.9232292,
w476903544,Owneduff,water,waterway=stream,53.5752416,-9.7814048,
w476917810,Tooreenacoona River,water,waterway=river,53.5349821,-9.7738143,
w476919368,,water,waterway=stream,53.5444073,-9.7189279,
w476919369,,water,waterway=stream,53.5448428,-9.7202694,
w476964769,,water,waterway=stream,53.5251354,-9.9557968,
w476966124,Trabeen River,water,waterway=river,53.5417642,-9.9758336,
w476967428,,water,waterway=stream,53.5190863,-10.0396314,
w476967429,,water,waterway=stream,53.5168862,-10.0406372,
w476967430,,water,waterway=stream,53.5331829,-10.0082961,
w477114061,,water,waterway=stream,53.5447721,-10.028282,
w477114062,,water,waterway=stream,53.5487121,-10.0250989,
w477117392,,water,waterway=stream,53.5538701,-10.0323966,
w477117395,,water,waterway=stream,53.5532013,-10.0323374,
w477117398,,water,waterway=stream,53.5518627,-10.0289105,
w477117399,,water,waterway=stream,53.5544007,-10.0345015,
w477119171,,water,waterway=stream,53.5367253,-10.1212624,
w477119172,,water,waterway=stream,53.5362286,-10.1226879,
w477119366,,water,waterway=stream,53.5457709,-10.1477828,
w477119490,,water,waterway=stream,53.5516506,-10.1472739,
w477120976,,water,waterway=stream,53.5895269,-9.9874543,
w477120979,,water,waterway=stream,53.5887571,-9.9905995,
w477125304,,water,waterway=stream,53.6073889,-10.0410596,
w477125311,,water,waterway=stream,53.6060881,-10.0411126,
w477129942,,water,waterway=stream,53.6021524,-9.6056544,
w477129943,,water,waterway=stream,53.5924313,-9.646534,
w477129944,,water,waterway=stream,53.5969565,-9.6426098,
w477129945,,water,waterway=stream,53.5923341,-9.6467573,
w477129946,,water,waterway=stream,53.6027317,-9.6038722,
w477129948,,water,waterway=stream,53.5789099,-9.6693394,
w477129949,,water,waterway=stream,53.5965679,-9.6461211,
w477132287,,water,waterway=stream,53.4709343,-9.607358,
w477133131,,water,waterway=stream,53.5821472,-9.7456422,
w477138811,,water,waterway=stream,53.5351237,-9.5902424,
w477138812,,water,waterway=stream,53.5413664,-9.5953454,
w477138813,,water,waterway=stream,53.5357588,-9.5903985,
w477138815,,water,waterway=stream,53.540268,-9.5918109,
w477278305,,water,natural=water,53.4971801,-9.7872084,
w477278813,,water,natural=water,53.5022836,-9.7911952,
w477278814,,water,waterway=stream,53.5004948,-9.8035929,
w477279593,,water,waterway=stream,53.5447958,-9.7967256,
w477279594,,water,waterway=stream,53.5493853,-9.7940667,
w477279595,,water,waterway=stream,53.5471837,-9.7836817,
w477281451,,water,waterway=stream,53.5475002,-9.6949193,
w477281453,,water,waterway=stream,53.5474236,-9.6966208,
w477281454,,water,waterway=stream,53.5496804,-9.6887417,
w477288527,,water,waterway=stream,53.5502931,-9.5366135,
w477288528,,water,waterway=stream,53.5473986,-9.6102321,
w477288530,,water,waterway=stream,53.5556263,-9.6045791,
w477288532,,water,waterway=stream,53.5446288,-9.5983177,
w477288533,,water,waterway=stream,53.5535108,-9.6127215,
w477288540,,water,waterway=stream,53.5559468,-9.6024718,
w477288541,,water,waterway=stream,53.5458321,-9.5359376,
w477288542,,water,waterway=stream,53.5450087,-9.5988048,
w477288544,,water,waterway=stream,53.5475574,-9.5348711,
w477289498,,water,waterway=stream,53.5345636,-9.6155373,
w477796220,Suck,water,waterway=river,53.3167245,-8.1902629,
w477796221,Suck,water,waterway=river,53.3182281,-8.1911781,
w477796222,Suck,water,waterway=river,53.3198829,-8.1959872,
w477796223,Suck,water,waterway=river,53.3231106,-8.2058011,
w477796224,Suck,water,waterway=river,53.3345211,-8.2261356,
w477796225,Suck,water,waterway=river,53.3337275,-8.2223303,
w477796226,Suck,water,waterway=river,53.3334578,-8.2178509,
w477796227,Suck,water,waterway=river,53.3338405,-8.2132782,
w477796228,Suck,water,waterway=river,53.3323018,-8.2119549,
w477796229,,water,waterway=canal,53.3309796,-8.2179236,
w477796230,,water,waterway=canal,53.3297725,-8.2189922,
w477796231,,water,waterway=canal,53.3287132,-8.218647,
w477796232,Suck,water,waterway=river,53.3273394,-8.2120434,
w477796233,,water,waterway=canal,53.3288163,-8.216104,
w477796234,Bunowen River,water,waterway=river,53.3558679,-8.2693767,
w477796236,Bunowen River,water,waterway=river,53.3514385,-8.2568418,
w477796237,Bunowen River,water,waterway=river,53.3476578,-8.2476352,
w477796238,Bunowen River,water,waterway=river,53.3465344,-8.2451547,
w477796239,Suck,water,waterway=river,53.3489163,-8.2377771,
w477796240,Suck,water,waterway=river,53.3422141,-8.2394952,
w477796241,Suck,water,waterway=river,53.3377939,-8.2324076,
w477796242,Suck,water,waterway=river,53.3366156,-8.2307775,
w477796243,Suck,water,waterway=river,53.3350748,-8.2292894,
w487495944,,water,waterway=stream,53.4351163,-9.3891798,
w487495945,,water,waterway=stream,53.43214,-9.3912411,
w487495946,,water,waterway=stream,53.4295532,-9.4016569,
w487498838,,water,waterway=stream,53.4429817,-9.3811563,
w487498839,,water,waterway=stream,53.4436743,-9.3841907,
w487498840,,water,natural=water,53.437948,-9.4096095,
w487498841,,water,waterway=stream,53.442852,-9.4378504,
w487499635,,water,waterway=stream,53.4554993,-9.4236168,
w487785342,,water,waterway=stream,53.4556689,-9.3902314,
w487785343,,water,waterway=stream,53.4564522,-9.39022,
w487785344,,water,waterway=stream,53.4561714,-9.3899306,
w492109153,,water,natural=water,53.5957566,-9.7820169,
w495202290,Kiltartan River,water,waterway=river,53.1000032,-8.8226085,
w495203253,Kiltartan River,water,waterway=river,53.1017664,-8.8260045,
w496468719,,water,waterway=stream,53.6389479,-8.8182852,
w496468721,,water,waterway=stream,53.6387917,-8.8180243,
w496468723,,water,waterway=stream,53.6418277,-8.8304232,
w496915226,,water,waterway=stream,53.6371674,-8.8190979,
w496915227,,water,waterway=stream,53.6359179,-8.8193434,
w496915228,,water,waterway=stream,53.6352574,-8.8197561,
w496915229,,water,waterway=stream,53.6353366,-8.8202188,
w496915230,,water,waterway=stream,53.6354306,-8.8207432,
w496915231,,water,waterway=stream,53.6354355,-8.8220245,
w496915232,,water,waterway=stream,53.6359331,-8.8229064,
w496915233,,water,waterway=stream,53.6360453,-8.8244517,
w496915234,,water,waterway=stream,53.6360512,-8.8228935,
w496915235,,water,waterway=stream,53.6370632,-8.8248832,
w496915236,,water,waterway=stream,53.636933,-8.828057,
w496915237,,water,waterway=stream,53.6370494,-8.8272533,
w496915238,,water,waterway=stream,53.6365277,-8.8254969,
w496915240,,water,waterway=stream,53.6369462,-8.8232608,
w496915242,,water,waterway=stream,53.6382217,-8.8243783,
w496915244,,water,waterway=stream,53.6376006,-8.823854,
w496915246,,water,waterway=stream,53.6378187,-8.8227165,
w496915248,,water,waterway=stream,53.6390176,-8.8232146,
w496915250,,water,waterway=stream,53.6420016,-8.8312824,
w496915252,,water,waterway=stream,53.6439256,-8.8345949,
w496915256,,water,waterway=stream,53.6471174,-8.8398351,
w496915262,,water,waterway=stream,53.6495779,-8.8324824,
w496915264,,water,waterway=stream,53.6519502,-8.8338011,
w496915266,,water,waterway=stream,53.6550754,-8.836933,
w496915267,,water,waterway=stream,53.6569328,-8.8361261,
w497373608,,water,natural=water,53.6452951,-8.8048956,
w497385079,,water,waterway=stream,53.6465519,-8.8089298,
w497385080,,water,waterway=stream,53.6480091,-8.8128395,
w497385081,,water,waterway=stream,53.648209,-8.8162933,
w497385082,,water,waterway=stream,53.6468308,-8.8190848,
w497385083,,water,waterway=stream,53.6458572,-8.8192037,
w497385084,,water,waterway=stream,53.648979,-8.8225073,
w497385085,,water,waterway=stream,53.6482824,-8.8264904,
w497385086,,water,waterway=stream,53.6477381,-8.8302377,
w497385087,,water,waterway=stream,53.6483439,-8.8338342,
w502984096,,water,natural=water,53.5644633,-10.1016229,
w502984097,,water,waterway=stream,53.564167,-10.1013878,
w504723862,,water,natural=water,53.535169,-10.1636946,
w504723863,,water,waterway=stream,53.5368074,-10.1640727,
w505249637,,water,waterway=stream,53.6288622,-10.2011289,
w505249638,Loughnabraud,water,natural=water,53.6086433,-10.2065241,
w505249639,,water,natural=water,53.6089975,-10.2000372,
w505249640,,water,natural=water,53.6298308,-10.1832674,
w505249641,,water,natural=water,53.6288085,-10.1809633,
w505249642,,water,natural=water,53.6291846,-10.1804403,
w505249643,,water,natural=water,53.6282712,-10.1836321,
w505249644,,water,natural=water,53.6317028,-10.1950349,
w505249645,,water,natural=water,53.6297548,-10.2016237,
w505249646,,water,natural=water,53.6259115,-10.1987242,
w505249647,,water,natural=water,53.6272767,-10.197695,
w505249648,,water,natural=water,53.6273965,-10.1984158,
w505249649,,water,natural=water,53.6275961,-10.2024002,
w505249650,,water,natural=water,53.6261286,-10.1997704,
w505249651,,water,natural=water,53.6301358,-10.1825023,
w505249652,,water,natural=water,53.6287735,-10.1942758,
w505249663,,water,natural=water,53.6298412,-10.1912503,
w505249673,Loughnagrooaun,water,natural=water,53.6299517,-10.1870664,
w505249674,,water,natural=wetland,53.6211924,-10.2224458,
w505249675,,water,waterway=stream,53.6208933,-10.2177611,
w505249676,,water,natural=water,53.6201783,-10.2170036,
w505249679,,water,waterway=stream,53.6204455,-10.225024,
w505249687,,water,waterway=stream,53.6151578,-10.1878024,
w505885186,,water,natural=water,53.6082464,-10.2071525,
w506779396,,water,natural=water,53.5301226,-10.1073206,
w507127560,,water,natural=water,53.5424129,-10.0797991,
w507299826,,water,waterway=stream,53.5123451,-10.0976243,
w508500309,,water,natural=wetland,53.5783499,-10.0467879,
w509975507,,water,natural=water,53.5574621,-9.9851279,
w509975508,,water,natural=water,53.5575963,-9.9859085,
w509975510,,water,natural=water,53.5600766,-9.9945961,
w509975517,,water,natural=water,53.5593059,-9.9973574,
w513258133,,water,natural=wetland,53.214379,-8.9707875,
w513272209,,water,waterway=stream,53.2310626,-8.9231973,
w513300708,,water,natural=wetland,53.2366058,-8.9479016,
w513477262,,water,natural=water,53.0741364,-8.8273007,
w514043806,,water,natural=water,53.3141424,-8.2248177,
w514490723,,water,natural=water,53.2865259,-8.7622291,
w515680194,,water,natural=water,53.5863045,-8.9975318,
w516188271,Lodgehill Lough,water,natural=water,53.0476841,-8.7259985,
w516188305,,water,natural=water,53.0388412,-8.7317055,
w521305872,,water,waterway=stream,53.4218384,-9.0995257,
w522152911,,water,waterway=stream,53.4575141,-9.1026365,
w525704868,Turlough,water,natural=water,53.2315664,-8.4877101,
w525955664,,water,waterway=stream,53.2216258,-8.5266929,
w525955913,,water,waterway=stream,53.2225765,-8.5272059,
w525955914,,water,waterway=stream,53.2229399,-8.5295836,
w525955915,,water,waterway=stream,53.223239,-8.5319648,
w525956133,,water,waterway=stream,53.2247777,-8.5340079,
w525956195,,water,waterway=stream,53.226349,-8.535687,
w525956196,,water,waterway=stream,53.227556,-8.5353906,
w525956398,,water,waterway=stream,53.2287683,-8.5352317,
w525956400,,water,waterway=stream,53.2291561,-8.5351117,
w525956401,,water,waterway=stream,53.229539,-8.5349675,
w525956495,,water,waterway=stream,53.2303811,-8.5330113,
w525956497,,water,waterway=stream,53.2313248,-8.5306036,
w525956931,,water,waterway=stream,53.231499,-8.5302573,
w525956932,,water,waterway=stream,53.2317013,-8.5300205,
w525956933,,water,waterway=stream,53.231896,-8.5305394,
w526278060,Coole River,water,waterway=river,53.096294,-8.8422592,
w526278068,,water,natural=wetland,53.0831264,-8.8731177,
w526291419,,water,waterway=stream,53.4924458,-9.7604761,
w526291420,,water,waterway=stream,53.4921748,-9.763067,
w526291421,,water,waterway=stream,53.4878656,-9.762623,
w526291422,,water,waterway=stream,53.4841782,-9.7610091,
w526291423,,water,waterway=stream,53.4853387,-9.7625699,
w527245725,,water,waterway=stream,53.5124524,-8.8816767,
w527245726,,water,waterway=stream,53.5107112,-8.8787656,
w527245727,,water,waterway=stream,53.5116669,-8.8798173,
w527245955,,water,waterway=stream,53.5092126,-8.8790802,
w527245958,,water,waterway=stream,53.5095519,-8.8796247,
w527245960,,water,waterway=stream,53.5088078,-8.8784029,
w527916006,,water,waterway=stream,53.5363027,-10.118628,
w527916007,,water,waterway=stream,53.5367025,-10.1206415,
w527978022,,water,waterway=stream,53.2123969,-8.8766473,
w527978023,,water,waterway=stream,53.2139269,-8.8728738,
w527978024,,water,waterway=stream,53.2125522,-8.8770765,
w527978025,,water,waterway=stream,53.2139566,-8.8726429,
w547930735,,water,waterway=canal,53.2170319,-7.9729757,
w547930738,,water,waterway=stream,53.1931833,-8.0001904,
w547930739,,water,waterway=canal,53.1938322,-7.9986213,
w551668872,,water,waterway=stream,53.5887426,-9.8161481,
w551685850,Loughaun,water,natural=water,53.5819458,-9.8761942,
w551685851,,water,waterway=stream,53.5796664,-9.8569646,
w551685853,,water,waterway=stream,53.5802203,-9.8530695,
w551685854,,water,waterway=stream,53.5805043,-9.8509214,
w551697000,,water,waterway=stream,53.5773222,-9.9684856,
w551717603,,water,waterway=stream,53.5643,-9.8515768,
w551717607,,water,waterway=stream,53.5641426,-9.8265785,
w551717609,,water,waterway=stream,53.5599936,-9.818243,
w551717610,,water,waterway=stream,53.5652392,-9.827133,
w551717611,,water,waterway=stream,53.5637641,-9.851478,
w551717612,,water,waterway=stream,53.5635111,-9.8515483,
w551717613,,water,waterway=stream,53.5657707,-9.8282596,
w551717614,,water,waterway=stream,53.5630441,-9.8260935,
w551717615,,water,waterway=stream,53.5616969,-9.8256728,
w551718577,,water,waterway=stream,53.5638879,-9.9011079,
w551725041,,water,natural=water,53.5596879,-9.9057661,
w551728256,,water,waterway=stream,53.572637,-9.9358947,
w551728257,,water,waterway=stream,53.5719,-9.9363464,
w551728258,,water,waterway=stream,53.5730662,-9.9357387,
w551730892,Lough Beg,water,natural=water,53.5579263,-9.830561,
w551731680,,water,waterway=stream,53.5505719,-9.88051,
w551732542,,water,waterway=stream,53.5472814,-9.8750701,
w551733811,Loughaunkinakit,water,natural=water,53.5548529,-9.9298058,
w551733812,Sruffaunkinakit,water,waterway=stream,53.5594654,-9.9321733,
w551733817,Sruffaunkinakit,water,waterway=stream,53.5591186,-9.930916,
w551733818,Sruffaunkinakit,water,waterway=stream,53.5570809,-9.9297727,
w551734747,Surraunloughaunnareagh,water,waterway=stream,53.5420065,-9.903263,
w552828160,,water,natural=wetland,52.99802,-8.3342607,
w553236114,,water,natural=wetland,53.0317632,-8.2852118,
w553236115,,water,natural=wetland,53.0344633,-8.2965384,
w553306381,,water,natural=wetland,52.9838814,-8.3513221,
w553321736,Portumna Bay,water,natural=wetland,53.0850415,-8.2077916,
w554859900,,water,natural=wetland,53.0805183,-8.2184027,
w561972087,,water,waterway=river,53.2552618,-8.0324776,
w565954249,,water,natural=wetland,53.2059764,-8.8993442,
w566427071,,water,natural=wetland,53.2017976,-8.8883901,
w567471371,,water,natural=water,53.170378,-8.9475583,
w568387783,,water,natural=wetland,53.1918353,-8.9199328,
w568405103,,water,natural=wetland,53.1936175,-8.9296558,
w568543660,,water,natural=wetland,53.2500594,-8.9179534,
w568562640,,water,natural=wetland,53.2256335,-8.9588624,
w568562644,,water,natural=wetland,53.2179636,-8.954426,
w570046058,,water,natural=water,53.1678833,-8.9682871,
w570322714,,water,natural=water,53.1762075,-8.9679323,
w571051273,,water,natural=wetland,53.153446,-9.0043929,
w587761465,Puffing Hole,water,natural=water,53.0897996,-9.6420364,
w593113672,,water,waterway=stream,53.6114504,-9.8462109,
w593113673,,water,waterway=stream,53.6109633,-9.8439648,
w593113674,,water,waterway=stream,53.6117515,-9.8476276,
w593113675,,water,waterway=stream,53.6116044,-9.8461161,
w593115589,,water,waterway=stream,53.6144431,-9.8373878,
w594315186,,water,waterway=stream,53.574765,-10.000721,
w613691675,,water,waterway=river,53.5604275,-9.854251,
w613691676,,water,waterway=river,53.5592607,-9.8809645,
w619546337,,water,natural=water,53.087831,-8.2321059,
w619546338,,water,natural=water,53.0875453,-8.231788,
w619546339,,water,natural=water,53.0876719,-8.2320651,
w619546343,,water,natural=water,53.0869265,-8.2308537,
w621211227,,water,waterway=river,53.388718,-9.6558201,
w621211228,,water,waterway=river,53.3884109,-9.6561121,
w621211229,,water,waterway=river,53.3874776,-9.6564326,
w631844254,,water,natural=wetland,53.6268163,-10.2491387,
w631844255,,water,natural=wetland,53.6253486,-10.2518479,
w656766449,,water,natural=water,53.1556595,-8.9651775,
w656766450,,water,natural=water,53.1551246,-8.9642249,
w656766451,,water,natural=water,53.1550196,-8.9617731,
w656767055,,water,natural=water,53.1531566,-8.9670334,
w656840342,,water,natural=water,53.1504091,-8.9682206,
w662058095,,water,waterway=stream,53.2578185,-8.5845964,
w663589622,,water,natural=water,53.4175975,-8.6936995,
w664169459,,water,natural=wetland,53.4358204,-8.78069,
w664169468,,water,natural=wetland,53.4451257,-8.7629915,
w667730644,,water,natural=wetland,53.2302234,-8.521664,
w670555215,,water,natural=water,53.5442313,-10.2608588,
w670555217,,water,natural=water,53.5431322,-10.2606163,
w672257275,,water,waterway=stream,53.5362171,-9.0444074,
w672257281,,water,waterway=stream,53.5359234,-9.0444942,
w677558186,,water,waterway=stream,53.4856437,-9.5617171,
w677558187,,water,waterway=stream,53.4865278,-9.5615656,
w685383225,,water,waterway=stream,53.5416149,-9.2884836,
w685383226,,water,waterway=stream,53.5410294,-9.2882981,
w685383227,,water,waterway=stream,53.5413639,-9.2950208,
w685386323,,water,natural=water,53.546896,-9.2845426,
w685479468,,water,natural=water,53.544903,-9.2914345,
w685497700,,water,natural=wetland,53.5577753,-9.3849501,
w685497701,,water,natural=water,53.5580899,-9.3855288,
w685497704,,water,natural=water,53.557985,-9.3847041,
w685497705,,water,natural=water,53.5584745,-9.3860427,
w685497709,,water,natural=water,53.558636,-9.3844431,
w685497710,,water,natural=water,53.5585305,-9.3837027,
w685497711,,water,natural=water,53.558532,-9.3830058,
w685497712,,water,natural=water,53.5585279,-9.3825348,
w685497713,,water,natural=water,53.5587944,-9.3820855,
w685497714,,water,natural=water,53.5580538,-9.3806347,
w685497715,,water,natural=water,53.5564239,-9.3792679,
w685497716,,water,natural=water,53.5596079,-9.3796209,
w685497721,,water,natural=water,53.5575388,-9.3873615,
w685497722,,water,natural=water,53.5585846,-9.3870846,
w685497723,,water,natural=water,53.5586399,-9.3866039,
w685497728,,water,natural=water,53.5587535,-9.3848148,
w685497729,,water,natural=wetland,53.5582146,-9.3842748,
w685497739,,water,natural=water,53.5588561,-9.3804106,
w685497740,,water,natural=wetland,53.5588753,-9.3805489,
w685497741,,water,natural=wetland,53.5584591,-9.3807456,
w685503415,,water,natural=water,53.5593004,-9.3810928,
w685503416,,water,natural=water,53.5595099,-9.3806493,
w685503418,,water,natural=water,53.5596062,-9.3799506,
w685503442,,water,natural=water,53.5523849,-9.3863376,
w685503590,,water,natural=water,53.5563507,-9.3875502,
w685503591,,water,natural=water,53.5559283,-9.3877306,
w685503592,,water,natural=water,53.555633,-9.3884353,
w685519633,,water,waterway=stream,53.4769783,-9.5575697,
w685519634,,water,waterway=stream,53.4759853,-9.5459858,
w685519635,,water,waterway=stream,53.4762276,-9.544945,
w685519636,,water,waterway=stream,53.4788008,-9.5605913,
w685519637,,water,waterway=stream,53.4992328,-9.557735,
w685519638,,water,waterway=stream,53.4992084,-9.5585914,
w685519639,,water,waterway=stream,53.4992469,-9.5591681,
w685519641,,water,waterway=stream,53.5034082,-9.5638266,
w685519652,,water,waterway=stream,53.4933829,-9.5562849,
w685519668,,water,waterway=stream,53.4640002,-9.5456873,
w685519670,,water,waterway=stream,53.4639928,-9.5445433,
w685685832,,water,natural=water,53.5754593,-9.5841924,
w685685833,,water,natural=water,53.5774305,-9.5850791,
w685685836,,water,waterway=river,53.5773539,-9.5865035,
w685685837,,water,waterway=river,53.576557,-9.5840242,
w685685843,,water,waterway=stream,53.5784311,-9.5823764,
w685685849,,water,waterway=stream,53.5793046,-9.5818522,
w685685850,,water,waterway=stream,53.5793455,-9.5815965,
w685685851,,water,waterway=stream,53.5792889,-9.5812603,
w685685866,,water,waterway=stream,53.5554865,-9.6180525,
w685685867,,water,waterway=stream,53.5547296,-9.6165194,
w685685870,,water,waterway=stream,53.5676574,-9.6202405,
w685685871,,water,waterway=stream,53.5670649,-9.6191727,
w685685872,,water,waterway=stream,53.567395,-9.6137687,
w685685873,,water,waterway=stream,53.5640966,-9.6055544,
w685733402,,water,natural=water,53.5593548,-9.5808414,
w685733403,,water,natural=water,53.5587228,-9.6016778,
w685733404,,water,waterway=stream,53.5560285,-9.6026437,
w685733405,,water,waterway=stream,53.5560025,-9.6019292,
w685733406,,water,waterway=stream,53.5559557,-9.6048128,
w685733407,,water,waterway=stream,53.5563017,-9.6046837,
w685733408,,water,waterway=stream,53.553229,-9.6027023,
w685733409,,water,waterway=stream,53.5530043,-9.6035874,
w685733410,,water,waterway=stream,53.551395,-9.6049473,
w685733411,,water,waterway=stream,53.5500264,-9.605668,
w685733412,,water,waterway=stream,53.5495651,-9.6047969,
w685733413,,water,waterway=stream,53.5463625,-9.6071896,
w685733414,,water,waterway=stream,53.5463021,-9.6097479,
w685733415,,water,waterway=stream,53.5466592,-9.6103546,
w685733416,,water,waterway=stream,53.5475751,-9.6114477,
w685733417,,water,waterway=stream,53.5478381,-9.6096817,
w685733420,,water,waterway=stream,53.5518133,-9.6173349,
w685815115,,water,waterway=stream,53.5511956,-9.6488136,
w685815116,,water,waterway=stream,53.5514006,-9.6444392,
w685815117,,water,waterway=stream,53.5513176,-9.6471183,
w685815118,,water,waterway=stream,53.5494055,-9.6463254,
w685815119,,water,waterway=stream,53.5479212,-9.6369222,
w685815120,,water,waterway=stream,53.5481796,-9.6379465,
w685815121,,water,waterway=stream,53.54888,-9.6411867,
w685815122,,water,waterway=stream,53.5494428,-9.6443943,
w685815123,,water,waterway=stream,53.5457159,-9.6401982,
w685815124,,water,waterway=stream,53.5457368,-9.6400067,
w685815125,,water,waterway=stream,53.5459893,-9.6375373,
w685815142,,water,waterway=stream,53.5569246,-9.6959872,
w685815145,,water,waterway=stream,53.5574177,-9.7037818,
w685815146,,water,waterway=stream,53.5633069,-9.6940684,
w685815147,,water,waterway=stream,53.5601022,-9.6954914,
w685815148,,water,waterway=stream,53.5621554,-9.697315,
w685819703,,water,natural=water,53.5516093,-9.7032625,
w685819706,,water,natural=water,53.551509,-9.7029586,
w685819710,,water,waterway=stream,53.551192,-9.7019849,
w685819713,,water,waterway=stream,53.5675004,-9.7104378,
w685819723,Bealan Na Brock River,water,waterway=river,53.5475398,-9.6787177,
w685819763,,water,waterway=stream,53.5670201,-9.7038965,
w685819774,,water,waterway=stream,53.5677491,-9.7045739,
w685819785,,water,waterway=stream,53.5651052,-9.7055436,
w685823638,,water,natural=water,53.5382764,-9.6908479,
w685823642,,water,waterway=stream,53.5345684,-9.7012379,
w685823643,,water,waterway=stream,53.5279078,-9.695301,
w685823646,,water,waterway=stream,53.5290754,-9.6877312,
w685823647,,water,waterway=stream,53.5235026,-9.6861594,
w685823654,,water,waterway=stream,53.539265,-9.6884064,
w685823655,,water,waterway=stream,53.5390934,-9.6871384,
w685824914,,water,natural=water,53.5336093,-9.679341,
w685825802,,water,natural=water,53.5178688,-9.570416,
w685827492,,water,natural=water,53.5098554,-9.5569711,
w685835099,,water,waterway=stream,53.5564342,-9.5935842,
w685835100,,water,waterway=stream,53.556928,-9.5937378,
w685835101,,water,waterway=stream,53.5569644,-9.5873956,
w685835102,,water,waterway=stream,53.5567959,-9.5875969,
w685835103,,water,waterway=stream,53.5552435,-9.5859751,
w685835104,,water,waterway=stream,53.5543155,-9.5825407,
w685835109,,water,waterway=stream,53.5511853,-9.5963579,
w685835110,,water,waterway=stream,53.5514673,-9.5891067,
w685835111,,water,waterway=stream,53.5514594,-9.5954898,
w685835123,,water,waterway=stream,53.5545994,-9.5685103,
w685835125,,water,waterway=stream,53.5510834,-9.5693478,
w685835126,,water,waterway=stream,53.5512921,-9.5666361,
w685835127,,water,waterway=stream,53.551395,-9.5656062,
w685835937,,water,waterway=stream,53.5523104,-9.5511262,
w685835938,,water,waterway=stream,53.5531154,-9.5526729,
w685835945,,water,waterway=stream,53.5517887,-9.5379986,
w685835946,,water,waterway=stream,53.55089,-9.546721,
w685844836,Parkavera River,water,waterway=stream,53.2720254,-9.0581091,
w685848303,,water,waterway=stream,53.2574855,-9.0969678,
w685848308,,water,waterway=stream,53.2592196,-9.0964441,
w688215704,,water,waterway=stream,53.1997049,-8.0325073,
w705856579,,water,waterway=stream,53.4713875,-8.8637434,
w717829910,,water,natural=water,53.2965048,-8.8065184,
w717829911,,water,natural=water,53.2967244,-8.8084146,
w717829912,,water,natural=water,53.2980437,-8.8079534,
w718007129,,water,waterway=stream,53.3589328,-9.3338877,
w718007130,,water,waterway=stream,53.3566075,-9.334134,
w718007131,,water,waterway=stream,53.3574598,-9.3306803,
w718007132,,water,waterway=stream,53.3587208,-9.3306366,
w718007133,,water,waterway=stream,53.3606116,-9.3273189,
w718007134,,water,waterway=stream,53.359805,-9.3290242,
w718020182,,water,waterway=stream,53.3482051,-9.2432833,
w718020183,,water,waterway=stream,53.3519609,-9.2428792,
w718025535,,water,waterway=stream,53.4046511,-9.2917064,
w718025536,,water,waterway=stream,53.403712,-9.2940837,
w720011171,,water,natural=wetland,53.473179,-10.0580602,
w720018719,,water,natural=water,53.4702666,-10.0465584,
w721014482,,water,waterway=stream,53.2134396,-8.5008645,
w721014483,,water,waterway=stream,53.2146094,-8.5005739,
w721018610,,water,waterway=stream,53.2222091,-8.5004781,
w721019500,,water,waterway=stream,53.2157751,-8.5002872,
w721019501,,water,waterway=stream,53.2179093,-8.5006952,
w728071456,,water,waterway=stream,53.5415114,-8.8308585,
w728071457,,water,waterway=stream,53.5417472,-8.8366575,
w728175305,,water,waterway=stream,53.2156756,-8.50031,
w728175306,,water,waterway=stream,53.2157237,-8.5003075,
w729229075,,water,waterway=stream,53.471049,-9.0590092,
w729229076,,water,natural=water,53.4682456,-9.0639727,
w730035743,,water,waterway=stream,53.5323529,-8.8883994,
w730035744,,water,waterway=stream,53.5319033,-8.8882901,
w730035745,,water,waterway=stream,53.5316088,-8.8885105,
w734945235,,water,natural=water,53.5478401,-9.3532461,
w734945239,,water,natural=water,53.5567556,-9.3515295,
w748825910,,water,natural=water,53.6153289,-10.0152907,
w748874498,,water,waterway=stream,53.6278466,-10.2145133,
w749615859,,water,natural=wetland,53.3369369,-9.7464126,
w750272536,,water,natural=wetland,53.3334294,-9.7471851,
w753805581,Middle River,water,waterway=canal,53.2719059,-9.0559159,
w754130294,,water,waterway=stream,53.4188385,-8.2711149,
w754130295,,water,waterway=stream,53.4186303,-8.2700353,
w754130296,,water,waterway=stream,53.4165342,-8.2652229,
w754130297,,water,waterway=river,53.4155226,-8.2620534,
w754130298,,water,natural=water,53.4166757,-8.2645967,
w754130299,,water,waterway=stream,53.4147033,-8.2609354,
w754130300,,water,waterway=stream,53.4128677,-8.2569203,
w754130301,,water,natural=water,53.4128488,-8.2567197,
w754130302,,water,waterway=stream,53.41293,-8.2579597,
w754130304,,water,waterway=stream,53.4145455,-8.2589145,
w754130305,,water,waterway=stream,53.4145538,-8.2584632,
w754130306,,water,waterway=stream,53.4138453,-8.2587348,
w754130307,,water,waterway=stream,53.4139636,-8.2584518,
w754130308,,water,waterway=stream,53.4140322,-8.2582339,
w754414278,,water,natural=water,53.6280117,-10.1407416,
w760064753,,water,waterway=stream,53.2764429,-8.549777,
w760064754,,water,waterway=stream,53.2761991,-8.5499246,
w762453410,,water,waterway=stream,53.5454151,-8.7438788,
w764643604,,water,natural=water,53.135207,-8.9915452,
w765253473,,water,waterway=stream,53.5701462,-9.5191174,
w765689363,,water,waterway=stream,53.1350903,-8.993754,
w765984542,,water,waterway=stream,53.1361831,-8.9978827,
w765984543,,water,waterway=stream,53.1350389,-8.9949167,
w771169563,,water,natural=wetland,53.131472,-8.8858045,
w775721350,Pollnamona,water,natural=water,53.1037989,-8.8863408,
w775721351,Polldalagh,water,natural=water,53.1030022,-8.8845457,
w777173500,,water,natural=wetland,53.5884038,-8.6734415,
w779081071,,water,waterway=stream,53.3776766,-9.5536972,
w779150389,,water,natural=water,53.0937043,-8.8644299,
w779150390,,water,natural=water,53.0940482,-8.8661666,
w779150391,,water,natural=water,53.0940426,-8.8656879,
w779150392,,water,natural=water,53.0935288,-8.8656583,
w779150393,,water,natural=water,53.0988011,-8.8598621,
w779274652,,water,waterway=stream,53.5910903,-9.5657149,
w779274653,,water,waterway=stream,53.5893631,-9.5695892,
w779695602,,water,natural=water,53.0686096,-8.8786659,
w791752360,,water,natural=wetland,53.6462507,-8.9688147,
w793530164,,water,natural=wetland,53.7065624,-8.4642591,
w793659163,,water,natural=water,53.2891816,-8.2028203,
w794901636,,water,natural=water,53.2815997,-9.119961,
w798981193,,water,waterway=stream,53.6404781,-8.8233079,
w798981194,,water,waterway=stream,53.6392052,-8.8194986,
w798981195,,water,waterway=stream,53.6465248,-8.8367113,
w798981196,,water,waterway=stream,53.6475801,-8.8380068,
w798981197,,water,waterway=stream,53.6481077,-8.8344368,
w798981199,,water,waterway=stream,53.6461176,-8.8374614,
w798981200,,water,waterway=stream,53.6471896,-8.811791,
w798981201,,water,waterway=stream,53.6470981,-8.8113278,
w800710626,,water,natural=water,53.3868263,-9.9273478,
w800710629,,water,waterway=stream,53.387897,-9.9227625,
w800712607,,water,waterway=stream,53.3853398,-9.9254407,
w800747935,,water,waterway=stream,53.5807296,-8.4913294,
w800747936,,water,waterway=stream,53.5841564,-8.4970151,
w800839423,Terryland River,water,waterway=river,53.2835602,-9.0575427,
w800839424,Terryland River,water,waterway=river,53.2832851,-9.0568093,
w804392589,,water,waterway=stream,53.3289581,-9.8962808,
w804392590,,water,waterway=stream,53.3290626,-9.8959979,
w804977150,,water,waterway=stream,53.3019438,-9.0761251,
w804977151,,water,waterway=stream,53.3013143,-9.0781318,
w807663744,,water,natural=water,53.2501382,-8.8881245,
w807663753,,water,natural=water,53.2342339,-8.9288163,
w808867594,,water,waterway=stream,53.2866866,-9.110276,
w808867595,,water,waterway=stream,53.2884777,-9.1080825,
w809388413,,water,waterway=stream,53.4107989,-9.0358191,
w809388414,,water,waterway=stream,53.4091323,-9.034423,
w819869403,,water,natural=wetland,53.2232795,-8.5074471,
w821599635,,water,waterway=stream,53.3686561,-9.337369,
w821599636,,water,waterway=stream,53.3722153,-9.3415237,
w821599637,,water,waterway=stream,53.3847083,-9.3738822,
w821599638,,water,waterway=stream,53.3840728,-9.3748416,
w821599639,,water,waterway=stream,53.3630397,-9.4005601,
w821599640,,water,waterway=stream,53.3687746,-9.4079956,
w822228547,,water,waterway=stream,53.0648359,-8.8175712,
w825345925,,water,waterway=stream,53.6132568,-8.8976354,
w830120938,,water,waterway=stream,53.4579017,-9.5495377,
w830120939,,water,waterway=stream,53.458027,-9.5495405,
w837483969,,water,natural=water,53.3160567,-9.0597926,
w837483970,,water,natural=water,53.3161341,-9.0614823,
w837483971,,water,natural=water,53.3164436,-9.060463,
w837483972,,water,natural=water,53.3164579,-9.0600639,
w837483973,,water,natural=water,53.3172472,-9.0614222,
w839109573,,water,natural=wetland,53.1952718,-8.5673246,
w839110307,,water,natural=wetland,53.1922869,-8.5662019,
w843615492,,water,natural=water,53.0307912,-8.8880621,
w843615493,Monreagh Lough,water,natural=water,53.0322522,-8.8875854,
w843615494,Lough Oona,water,natural=water,53.0305941,-8.8924402,
w844322522,,water,waterway=stream,53.0260909,-8.8358912,
w844322523,,water,natural=water,53.0284438,-8.8332304,
w844322524,,water,waterway=stream,53.0354575,-8.8278862,
w844322525,,water,waterway=stream,53.0359364,-8.8271191,
w844322526,,water,waterway=stream,53.0392463,-8.8189263,
w844322527,,water,waterway=stream,53.00975,-8.8602188,
w844322528,,water,waterway=stream,53.0096831,-8.8600364,
w844322529,,water,waterway=stream,53.0098573,-8.8606225,
w844322530,,water,waterway=stream,53.0096944,-8.8596071,
w844322531,,water,waterway=stream,53.0141146,-8.8690701,
w844322532,,water,waterway=stream,53.0140918,-8.8666642,
w844322533,,water,waterway=stream,53.0119883,-8.8637097,
w844322703,,water,waterway=stream,53.0193027,-8.8414541,
w844322704,,water,waterway=stream,53.0232944,-8.8378814,
w844322705,,water,waterway=stream,53.0135045,-8.8476644,
w844322706,,water,waterway=stream,53.0152859,-8.8453742,
w844324004,,water,waterway=stream,53.0075843,-8.8815263,
w844409617,,water,waterway=stream,53.0157957,-8.8604928,
w844409619,,water,natural=water,53.0161742,-8.8586323,
w844567761,,water,natural=water,53.0378207,-8.8454372,
w844568687,,water,natural=water,53.0297714,-8.8772079,
w844568688,,water,natural=water,53.0298278,-8.8722592,
w844568689,,water,natural=water,53.0273871,-8.8735467,
w844568690,,water,natural=water,53.0268314,-8.8562679,
w844568691,,water,natural=water,53.0493127,-8.8526953,
w844998773,,water,natural=water,53.0683954,-8.849144,
w844998781,,water,natural=water,53.0484701,-8.8258906,
w844998786,,water,natural=water,53.0475729,-8.8259885,
w845129778,Uaimb na bhFiach,water,natural=water,53.607676,-10.1960309,
w845461600,,water,natural=wetland,53.1541955,-8.8605085,
w845461601,,water,natural=wetland,53.1628173,-8.868413,
w845493285,,water,natural=water,53.1781744,-8.8374804,
w845809414,,water,natural=wetland,53.1824927,-8.8530493,
w845840020,,water,natural=water,53.1964734,-8.8301184,
w845855995,,water,natural=water,53.1896409,-8.8333806,
w846509503,,water,waterway=stream,53.2190072,-8.8621279,
w846746593,,water,natural=water,53.2170323,-8.8310135,
w846746594,,water,natural=water,53.2168026,-8.8311584,
w846746627,,water,natural=water,53.1972933,-8.8302009,
w847290135,,water,natural=water,53.2592703,-8.8219558,
w848502463,,water,natural=wetland,53.2636566,-8.9127392,
w848548323,,water,natural=wetland,53.269366,-8.9085013,
w849017805,,water,natural=wetland,53.2771709,-8.91334,
w849203303,,water,natural=water,53.2974192,-8.8222173,
w849203304,,water,natural=water,53.2967763,-8.8219182,
w849591238,,water,natural=water,53.2989172,-8.8418692,
w849591239,,water,natural=water,53.2983345,-8.8363821,
w849591240,,water,natural=water,53.2984731,-8.8363351,
w849612434,,water,natural=water,53.2995388,-8.8739136,
w849612435,,water,natural=water,53.2994053,-8.8739276,
w849822586,,water,natural=wetland,53.2818297,-8.8562867,
w849822667,,water,natural=water,53.2983124,-8.8908303,
w849922322,,water,natural=water,53.2852479,-8.9780134,
w850103402,,water,natural=water,53.291386,-8.9615031,
w850103403,,water,natural=water,53.2909873,-8.9627704,
w850152559,,water,natural=water,53.2948053,-8.9365679,
w850152560,,water,natural=water,53.2947436,-8.9397799,
w850152561,,water,natural=water,53.294415,-8.9447312,
w850159672,,water,natural=water,53.2866429,-8.9788865,
w851795340,,water,natural=water,53.3161544,-8.8108487,
w851795341,,water,natural=water,53.3167612,-8.8128751,
w851795342,,water,natural=water,53.3167885,-8.8134444,
w851795370,,water,natural=water,53.3231275,-8.8038307,
w852528468,,water,natural=wetland,53.1020894,-8.6615852,
w852981951,,water,natural=wetland,53.0558743,-8.35639,
w853087966,,water,waterway=river,53.1374615,-8.1591476,
w853523421,,water,natural=water,53.2983036,-8.8950768,
w853523422,,water,natural=water,53.2980022,-8.8966097,
w853523427,,water,natural=water,53.3002905,-8.855246,
w853985253,,water,natural=wetland,53.0533941,-8.3304852,
w856525014,,water,waterway=stream,53.0386215,-8.3528924,
w856525015,,water,waterway=stream,53.0383299,-8.3556752,
w856525016,,water,waterway=stream,53.0384053,-8.3430132,
w856525017,,water,waterway=stream,53.0380154,-8.3435148,
w856525018,,water,waterway=stream,53.0378715,-8.3481234,
w856527337,,water,waterway=stream,53.0341729,-8.3580876,
w856541719,,water,waterway=stream,53.4752538,-9.4450353,
w856541720,,water,waterway=stream,53.4749961,-9.4451281,
w857552020,,water,waterway=stream,53.5412924,-9.2920162,
w857552021,,water,waterway=stream,53.5413868,-9.2946863,
w858025936,,water,waterway=stream,53.6276488,-10.2516656,
w864291217,,water,waterway=stream,53.0312486,-8.6947801,
w864291218,,water,waterway=stream,53.030735,-8.6940923,
w864291592,Owendalulleegh,water,waterway=river,53.0317881,-8.6996977,
w864291593,Owendalulleegh,water,waterway=river,53.0324105,-8.6945994,
w866111688,,water,natural=water,53.2726448,-9.0555896,
w880165944,,water,natural=water,53.4218023,-8.7889954,
w880165964,,water,natural=water,53.4178603,-8.7960647,
w881142017,,water,waterway=stream,53.4946356,-8.8764489,
w881142018,,water,waterway=stream,53.4952162,-8.8765618,
w881142021,,water,waterway=stream,53.4759221,-8.8637635,
w888627304,,water,waterway=stream,53.5879969,-8.8675423,
w888627305,,water,waterway=stream,53.5876838,-8.864893,
w898514088,Moyleen Lough,water,natural=wetland,53.2138799,-8.5205552,
w912773500,,water,natural=wetland,53.209129,-8.5230849,
w913276810,,water,natural=wetland,53.2130373,-8.5285345,
w913277232,,water,natural=wetland,53.2134344,-8.5361002,
w922880962,,water,natural=wetland,53.209761,-8.532256,
w923434923,,water,waterway=stream,53.4416891,-9.8363159,
w930803532,,water,waterway=stream,53.5094208,-9.5136802,
w930803533,,water,natural=water,53.5101053,-9.5132281,
w934654159,,water,waterway=stream,53.4380786,-9.4154878,
w934654160,,water,waterway=stream,53.4398514,-9.4151999,
w934654161,,water,waterway=stream,53.4577934,-9.4415465,
w934654162,,water,waterway=stream,53.4544871,-9.4455152,
w935140104,,water,waterway=stream,53.5457854,-9.3797378,
w935184016,,water,natural=water,53.3625129,-9.3377998,
w935326379,,water,waterway=stream,53.5443608,-9.3751893,
w935326380,,water,waterway=stream,53.5412154,-9.3781032,
w940526306,,water,natural=wetland,53.2092897,-8.5385661,
w940640306,,water,natural=wetland,53.2051456,-8.5408764,
w940794944,,water,natural=wetland,53.2082561,-8.5457757,
w943627369,,water,waterway=stream,53.2312661,-8.530848,
w944030259,,water,natural=wetland,53.2314061,-8.5327602,
w945587417,,water,waterway=stream,53.2368509,-8.5416369,
w945587418,,water,waterway=stream,53.2359378,-8.5406648,
w946492866,,water,natural=water,53.3040817,-9.6908775,
w946492869,,water,natural=water,53.2977426,-9.6857122,
w946492874,,water,natural=water,53.3018974,-9.7047948,
w946492875,,water,natural=water,53.2990222,-9.7085922,
w946492876,,water,natural=water,53.3010091,-9.70638,
w946494148,,water,natural=water,53.3020329,-9.6690718,
w946494149,,water,natural=water,53.3060043,-9.6793346,
w947810454,,water,natural=water,53.3946775,-9.7789577,
w948444564,Eglinton Canal,water,waterway=canal,53.2694072,-9.0556629,
w949222369,,water,waterway=stream,53.3072573,-9.7683957,
w949222370,,water,waterway=stream,53.3071448,-9.7684785,
w949225377,,water,waterway=stream,53.591589,-9.6895219,
w949225378,,water,waterway=stream,53.5913183,-9.6897376,
w949225380,,water,waterway=stream,53.586732,-9.6921301,
w951556012,,water,natural=water,53.2638033,-9.4639087,
w954233487,,water,natural=water,53.2574956,-9.0953432,
w954233488,,water,natural=water,53.2573713,-9.0959351,
w954361683,,water,natural=water,53.2639248,-9.0958402,
w960815609,,water,waterway=stream,53.2793536,-9.1759737,
w960815612,,water,natural=wetland,53.2791559,-9.1788757,
w960815613,,water,waterway=stream,53.2787562,-9.1789161,
w960815614,,water,natural=water,53.2779104,-9.179065,
w960815615,,water,natural=water,53.2785767,-9.1789225,
w960815616,,water,waterway=stream,53.278035,-9.1791754,
w960815617,Loch Toirmeasctha,water,natural=water,53.2773267,-9.1801725,
w960815619,,water,waterway=stream,53.2758459,-9.1770101,
w960815620,,water,waterway=stream,53.2758587,-9.1745063,
w960815621,,water,waterway=stream,53.2758075,-9.1757294,
w960815622,,water,waterway=stream,53.2757829,-9.1759192,
w960815623,,water,waterway=stream,53.2757622,-9.176121,
w960815624,,water,waterway=stream,53.2757613,-9.1760631,
w960815625,,water,waterway=stream,53.2757632,-9.1761867,
w960815626,,water,waterway=stream,53.276481,-9.1792108,
w960815627,,water,waterway=stream,53.2759371,-9.1779937,
w960815628,,water,waterway=stream,53.2759038,-9.1778839,
w960815629,,water,waterway=stream,53.2759607,-9.1780556,
w960815630,,water,waterway=stream,53.2756213,-9.1778415,
w960815633,,water,waterway=stream,53.2741615,-9.1737425,
w960815634,,water,waterway=stream,53.2752431,-9.1741935,
w960815635,,water,waterway=stream,53.2752996,-9.1741947,
w960815636,,water,waterway=stream,53.2753893,-9.1741699,
w960815637,,water,waterway=stream,53.2755349,-9.1740512,
w960815638,,water,waterway=stream,53.2754807,-9.174109,
w960815639,,water,waterway=stream,53.275576,-9.1740208,
w960815640,,water,waterway=stream,53.2758737,-9.1752074,
w960815641,,water,waterway=stream,53.2756863,-9.1741444,
w960816737,,water,waterway=stream,53.2791859,-9.1741927,
w960816738,,water,waterway=stream,53.2794826,-9.178235,
w960816739,,water,waterway=stream,53.2785965,-9.1725407,
w960816740,,water,waterway=stream,53.2789642,-9.1731882,
w960816741,,water,waterway=stream,53.2789389,-9.173129,
w960816742,,water,waterway=stream,53.2789846,-9.173236,
w960816743,,water,waterway=stream,53.278183,-9.1718968,
w960816744,,water,waterway=stream,53.2770472,-9.1715213,
w960816745,,water,waterway=stream,53.2780706,-9.1717933,
w960816746,,water,waterway=stream,53.2780137,-9.1717409,
w960816747,,water,waterway=stream,53.2778297,-9.1717547,
w960816748,,water,waterway=stream,53.276534,-9.1712523,
w960816751,,water,waterway=stream,53.2775381,-9.1717792,
w960816752,,water,natural=water,53.2761343,-9.1712345,
w960816753,,water,waterway=stream,53.2760129,-9.1709802,
w960816754,,water,waterway=stream,53.2755652,-9.1707446,
w960816755,,water,waterway=stream,53.2756198,-9.1707751,
w960816756,,water,waterway=stream,53.2753017,-9.1719283,
w960816757,,water,waterway=stream,53.2748483,-9.1715122,
w960816758,,water,waterway=stream,53.2750288,-9.171667,
w966167074,,water,natural=wetland,53.4667964,-9.1928302,
w966168813,,water,waterway=stream,53.4592902,-9.2086949,
w966187688,,water,waterway=stream,53.2767445,-9.0555463,
w966188259,,water,natural=wetland,53.4680168,-9.1940075,
w966205091,,water,natural=water,53.4614123,-9.212348,
w966205092,,water,natural=water,53.4602507,-9.2123382,
w966205093,,water,natural=water,53.4595931,-9.2118176,
w966205094,,water,natural=water,53.4589299,-9.2117498,
w967254549,,water,natural=water,53.4248896,-10.1348223,
w967255571,,water,natural=water,53.4244461,-10.1442368,
w967361362,,water,natural=water,53.4213,-10.1551369,
w967363714,,water,natural=water,53.4220058,-10.1549036,
w967363720,,water,natural=water,53.4235442,-10.1543148,
w967962953,,water,waterway=stream,53.5166548,-10.0153724,
w967964848,,water,waterway=stream,53.5128388,-10.0197026,
w967964849,,water,waterway=stream,53.5143008,-10.0189517,
w967964850,,water,waterway=stream,53.5167692,-10.0182665,
w967964851,,water,waterway=stream,53.5168261,-10.017317,
w967964852,,water,waterway=stream,53.5165534,-10.017147,
w967964853,,water,waterway=stream,53.5150364,-10.016556,
w967964854,,water,waterway=stream,53.5136787,-10.0180765,
w967964855,,water,waterway=stream,53.5141752,-10.017298,
w967964856,,water,waterway=stream,53.5162359,-10.0254092,
w971679504,,water,waterway=stream,53.2450104,-9.2767719,
w971679505,,water,waterway=stream,53.2464813,-9.2768942,
w971679506,Abhainn Bhaile an tSagairt,water,waterway=stream,53.2440741,-9.2855151,
w971679507,Abhainn Bhaile an tSagairt,water,waterway=stream,53.2459067,-9.2840406,
w971679508,Abhainn Bhaile an tSagairt,water,waterway=stream,53.2468446,-9.2839492,
w971679509,Abhainn Bhaile an tSagairt,water,waterway=stream,53.2477729,-9.2840935,
w971679510,Abhainn Bhaile an tSagairt,water,waterway=stream,53.2481193,-9.2841948,
w971679511,Abhainn Bhaile an tSagairt,water,waterway=stream,53.2484731,-9.284382,
w971679512,Abhainn Bhaile an tSagairt,water,waterway=stream,53.2454131,-9.2841944,
w971679513,Abhainn Bhaile an tSagairt,water,waterway=stream,53.244929,-9.284712,
w972907682,,water,waterway=stream,53.3007362,-9.0950581,
w972907683,,water,natural=water,53.3009024,-9.0915734,
w972907684,,water,natural=water,53.2990937,-9.0951997,
w972907685,,water,natural=water,53.3031483,-9.0963006,
w972907686,,water,natural=water,53.3027506,-9.0945098,
w972907687,,water,waterway=stream,53.3034899,-9.0921194,
w972907688,,water,waterway=stream,53.3026268,-9.0928463,
w972907689,,water,natural=water,53.3019534,-9.0924695,
w972907690,,water,natural=water,53.3003306,-9.0938411,
w978217417,,water,natural=water,53.6549254,-8.8625745,
w978217418,,water,natural=water,53.6545715,-8.8596514,
w991566208,,water,waterway=stream,53.4615061,-9.3579128,
w991566209,,water,waterway=stream,53.4616281,-9.3570151,
w991566210,,water,waterway=stream,53.4678845,-9.3689766,
w991566211,,water,waterway=stream,53.4667686,-9.3720068,
w991566213,,water,waterway=stream,53.4666288,-9.3724033,
w991566214,,water,waterway=stream,53.4665036,-9.3727401,
w991566379,,water,waterway=stream,53.4740537,-10.0512895,
w991566380,,water,waterway=stream,53.4734397,-10.0521795,
w996875996,,water,natural=water,53.0928955,-8.206834,
w998228572,,water,waterway=stream,53.4082542,-9.7849554,
w998228573,,water,waterway=stream,53.4089381,-9.7811779,
w998228574,,water,waterway=stream,53.4088258,-9.7817206,
w998228575,,water,waterway=stream,53.4088337,-9.7821671,
w998228576,,water,waterway=stream,53.4088262,-9.7825744,
w998479410,,water,waterway=stream,53.4083074,-9.7781614,
w998480704,,water,waterway=stream,53.4132851,-9.7864686,
w998480705,,water,waterway=stream,53.4170673,-9.7820607,
w998480706,,water,waterway=stream,53.4155027,-9.7837488,
w998480707,,water,waterway=stream,53.4095695,-9.7894704,
w998480708,,water,waterway=stream,53.4111001,-9.7888394,
w999526705,,water,natural=water,53.2072234,-8.5582012,
w1001847428,,water,natural=water,53.2140998,-8.5603331,
w1001847429,,water,natural=water,53.2140601,-8.5600494,
w1001847430,,water,natural=water,53.2139976,-8.559735,
w1001847431,,water,natural=water,53.2137294,-8.5603316,
w1001847432,,water,natural=water,53.2136707,-8.559937,
w1001847433,,water,natural=water,53.2136577,-8.5598543,
w1002111039,,water,waterway=stream,53.2960252,-9.2445498,
w1002111040,,water,waterway=stream,53.2956227,-9.2462604,
w1002115471,,water,natural=water,53.2883083,-9.2133515,
w1002948798,,water,natural=wetland,53.2126633,-8.5541923,
w1004207432,Poll na bPéist,water,natural=water,53.1215967,-9.7547849,
w1004208607,,water,natural=water,53.1505672,-9.7826987,
w1004222708,,water,natural=water,53.1239743,-9.6650047,
w1004222709,,water,natural=water,53.1236076,-9.6661075,
w1005930707,,water,natural=water,53.298458,-8.7782809,
w1005930710,,water,natural=water,53.2935552,-8.7754582,
w1009721723,,water,natural=water,53.6185142,-8.8880477,
w1013602825,,water,waterway=stream,53.3128889,-8.1992124,
w1018285946,,water,waterway=stream,53.4545064,-9.2161444,
w1018285966,,water,natural=water,53.4550134,-9.2177719,
w1018285967,,water,natural=water,53.4534399,-9.2185088,
w1019991922,,water,waterway=stream,53.466458,-9.7274093,
w1028266764,,water,waterway=stream,53.6212028,-10.2199246,
w1028266765,,water,waterway=stream,53.6209767,-10.2216006,
w1028558564,,water,waterway=stream,53.6147352,-10.1978296,
w1028558565,,water,waterway=stream,53.6164799,-10.1986439,
w1028558566,,water,waterway=stream,53.6167551,-10.1988643,
w1028558568,,water,waterway=stream,53.6162391,-10.1984517,
w1028558570,,water,waterway=stream,53.6161103,-10.1983537,
w1028558571,,water,waterway=stream,53.6156667,-10.1982317,
w1030127652,,water,natural=water,53.1110526,-8.82092,
w1034625313,,water,natural=wetland,53.0704005,-8.815841,
w1037017241,,water,waterway=stream,53.3473252,-8.2040821,
w1037017242,,water,waterway=stream,53.3470222,-8.2043207,
w1040904827,,water,natural=water,53.4310064,-9.3173814,
w1040904828,,water,natural=water,53.4309482,-9.3172248,
w1044073570,,water,natural=water,53.32167,-8.211799,
w1044073571,,water,natural=water,53.3215838,-8.2112834,
w1044073572,,water,natural=water,53.3215209,-8.2110008,
w1044073573,,water,natural=water,53.3214232,-8.2119598,
w1044073574,,water,natural=water,53.321269,-8.2113371,
w1046708552,,water,natural=water,53.5157078,-8.8796937,
w1046708553,,water,natural=water,53.5154811,-8.8797396,
w1046708554,,water,natural=water,53.5155388,-8.8806208,
w1046708555,,water,natural=water,53.5157902,-8.880573,
w1046708556,,water,natural=water,53.5156942,-8.8802062,
w1046708557,,water,natural=water,53.5156796,-8.880012,
w1046708558,,water,natural=water,53.5155799,-8.8802306,
w1046708559,,water,natural=water,53.5155653,-8.8800361,
w1046708560,,water,natural=water,53.5153792,-8.8789261,
w1046708561,,water,natural=water,53.5156904,-8.8809073,
w1046708562,,water,natural=water,53.5160089,-8.8794847,
w1046708563,,water,natural=water,53.5159897,-8.8792587,
w1047002239,,water,waterway=stream,53.558374,-9.8892637,
w1047002240,,water,waterway=stream,53.5582893,-9.8892128,
w1049144942,Blackwater,water,waterway=river,53.0493761,-8.8166267,
w1049708768,,water,waterway=stream,53.4812094,-8.5117338,
w1050643015,Middle River,water,waterway=canal,53.2721556,-9.0556398,
w1050645508,,water,natural=water,53.2916376,-8.7519269,
w1050645509,,water,natural=water,53.2917043,-8.7517245,
w1050645510,,water,natural=water,53.2920864,-8.7516594,
w1050645511,,water,natural=water,53.2920217,-8.752003,
w1050645512,,water,natural=water,53.2919743,-8.7521462,
w1050645513,,water,natural=water,53.2925623,-8.752117,
w1050645514,,water,natural=water,53.2919048,-8.752356,
w1050645518,,water,natural=water,53.292255,-8.7518116,
w1050853227,,water,natural=water,53.4168619,-9.0561448,
w1050853228,,water,natural=water,53.4173223,-9.0551711,
w1050853229,,water,natural=water,53.4173569,-9.0557405,
w1050853230,,water,natural=water,53.4167796,-9.0570179,
w1050853231,,water,natural=water,53.4165041,-9.0554815,
w1050853239,,water,natural=water,53.4173439,-9.0561113,
w1051164909,Loughan,water,natural=water,53.6055061,-9.6060854,
w1051164910,,water,natural=water,53.6053472,-9.6088701,
w1051369427,,water,natural=wetland,53.0731493,-8.8128667,
w1051679750,,water,natural=water,53.3274943,-8.8657465,
w1051679751,,water,natural=water,53.3260837,-8.8642053,
w1051964941,,water,waterway=stream,53.5597041,-9.8076241,
w1051964942,,water,waterway=stream,53.5598188,-9.8078879,
w1053027713,,water,waterway=stream,53.2505333,-9.1498666,
w1053027714,,water,waterway=stream,53.2520905,-9.149471,
w1053027715,,water,waterway=stream,53.2515853,-9.14916,
w1053310090,,water,waterway=stream,53.2497701,-9.1582089,
w1053310091,,water,waterway=stream,53.2473184,-9.1627728,
w1053310092,,water,waterway=stream,53.2481832,-9.1631273,
w1053310093,,water,waterway=stream,53.2486575,-9.1626138,
w1053310094,,water,waterway=stream,53.2471635,-9.1643791,
w1053310095,,water,waterway=stream,53.2473298,-9.1643712,
w1053310096,,water,waterway=stream,53.246725,-9.1644818,
w1054613652,,water,waterway=stream,53.5266244,-9.5046254,
w1055792200,Distillery River,water,waterway=canal,53.2772527,-9.0587604,
w1056091412,,water,natural=water,53.3485326,-8.9557543,
w1056091413,,water,natural=water,53.3485414,-8.955602,
w1056091414,,water,natural=water,53.3485939,-8.9554882,
w1056091415,,water,natural=water,53.3486443,-8.9553785,
w1056454704,,water,natural=wetland,53.0659955,-8.8155998,
w1056713323,,water,natural=wetland,53.0683326,-8.7966571,
w1056994507,,water,natural=wetland,53.0994594,-8.8082237,
w1057373741,,water,natural=wetland,53.336331,-9.003194,
w1057419275,,water,natural=wetland,53.0690431,-8.8018843,
w1058208991,,water,natural=wetland,53.0252627,-8.8292328,
w1058350990,,water,waterway=river,53.2754247,-8.9177457,
w1058350991,,water,waterway=river,53.2742787,-8.9201431,
w1060883108,,water,natural=wetland,53.2013514,-8.6607838,
w1061283328,,water,waterway=stream,53.2493834,-9.1601297,
w1061283329,,water,waterway=stream,53.249285,-9.1609235,
w1061283330,,water,waterway=stream,53.2489054,-9.1614056,
w1061283331,,water,waterway=stream,53.2484854,-9.1617299,
w1061283332,,water,waterway=stream,53.2496445,-9.1587232,
w1061283333,,water,waterway=stream,53.2496596,-9.1586339,
w1064421333,,water,natural=water,53.3427358,-8.4348675,
w1064421717,,water,natural=water,53.3435956,-8.4322958,
w1066791699,,water,natural=wetland,53.0968781,-8.7607065,
w1069679654,,water,natural=wetland,53.0378972,-8.8232926,
w1069679655,,water,natural=wetland,53.0386238,-8.8181448,
w1069681027,,water,natural=wetland,53.0325877,-8.8324513,
w1075203157,,water,natural=wetland,53.0095851,-8.7920083,
w1075323064,,water,waterway=stream,53.4817009,-9.9763878,
w1075323065,,water,waterway=stream,53.4826038,-9.977173,
w1075323066,,water,waterway=stream,53.4833879,-9.9585312,
w1075323067,,water,waterway=stream,53.4835078,-9.958466,
w1075323070,,water,waterway=stream,53.4720621,-9.8884234,
w1075323071,,water,waterway=stream,53.4721736,-9.8881021,
w1075323072,,water,waterway=stream,53.4271775,-9.7712376,
w1075323073,,water,waterway=stream,53.4277354,-9.7712995,
w1075323076,,water,waterway=stream,53.3905235,-9.6785552,
w1075323077,,water,waterway=stream,53.3922404,-9.676407,
w1075323082,,water,waterway=stream,53.4962278,-9.9762816,
w1075323083,,water,waterway=stream,53.4967869,-9.9775719,
w1075323084,,water,waterway=stream,53.3943607,-9.6812853,
w1075323085,,water,waterway=stream,53.3925401,-9.6831404,
w1075325459,,water,waterway=stream,53.4290565,-9.3877792,
w1075325460,,water,waterway=stream,53.4297676,-9.3881037,
w1075368315,,water,waterway=stream,53.553363,-8.8082008,
w1075368316,,water,waterway=stream,53.5541119,-8.81119,
w1075368317,,water,waterway=stream,53.5541933,-8.8116053,
w1075368318,,water,waterway=stream,53.5542436,-8.8120924,
w1075368319,,water,waterway=stream,53.5584783,-8.8273111,
w1075368320,,water,waterway=stream,53.5585784,-8.8255219,
w1075513789,,water,waterway=stream,53.320427,-8.6519365,
w1075513790,,water,waterway=stream,53.3203096,-8.6516606,
w1075562423,Distillery River,water,waterway=canal,53.2743158,-9.0561763,
w1075562424,Distillery River,water,waterway=canal,53.2754286,-9.0565808,
w1075569028,Parkavera River,water,waterway=canal,53.2725549,-9.0584459,
w1075907176,,water,waterway=stream,53.278887,-8.1647542,
w1075907177,,water,waterway=stream,53.2764653,-8.164544,
w1076616555,,water,natural=water,53.087007,-8.2306218,
w1077505096,,water,natural=wetland,53.1199206,-8.8063372,
w1077563800,Sruffaunboy,water,waterway=stream,53.5522075,-9.9525968,
w1077563801,Sruffaunboy,water,waterway=stream,53.5520447,-9.9514643,
w1077563803,,water,waterway=stream,53.5611007,-9.8724736,
w1077563804,,water,waterway=stream,53.560024,-9.8712144,
w1077563805,,water,waterway=stream,53.5754673,-9.7745109,
w1077563806,,water,waterway=stream,53.5755433,-9.7753642,
w1077565849,,water,waterway=stream,53.5188914,-10.0412333,
w1077565850,,water,waterway=stream,53.5190642,-10.0407742,
w1077565851,,water,waterway=stream,53.5129469,-10.0359949,
w1077565852,,water,waterway=stream,53.5132129,-10.0360387,
w1077567794,,water,waterway=stream,53.5948177,-9.7041138,
w1077567795,,water,waterway=stream,53.5946098,-9.7041536,
w1077569571,,water,waterway=stream,53.5009336,-10.0196394,
w1077569572,,water,waterway=stream,53.5008008,-10.0207061,
w1077574475,,water,waterway=stream,53.4701634,-9.8733717,
w1077574476,,water,waterway=stream,53.4707156,-9.8777824,
w1077574477,,water,waterway=stream,53.483584,-9.9585343,
w1077574478,,water,waterway=stream,53.4836647,-9.9586162,
w1077584380,,water,waterway=stream,53.3440463,-9.200537,
w1077584381,,water,waterway=stream,53.343987,-9.2006591,
w1077584383,,water,waterway=stream,53.3440146,-9.2005641,
w1077584387,,water,waterway=stream,53.3819611,-9.2466411,
w1077584388,,water,waterway=stream,53.3820054,-9.2464794,
w1077584389,,water,waterway=stream,53.3493341,-9.1999099,
w1077584390,,water,waterway=stream,53.349883,-9.199481,
w1077584391,,water,waterway=stream,53.3498014,-9.1996633,
w1077584392,,water,waterway=stream,53.3497427,-9.1998559,
w1077912182,,water,waterway=stream,53.1055757,-8.2427893,
w1077912183,,water,waterway=stream,53.1031202,-8.2412924,
w1077912184,,water,waterway=stream,53.1036714,-8.242355,
w1077912185,,water,waterway=stream,53.1042464,-8.2433848,
w1080055177,,water,waterway=river,53.4018602,-9.6560825,
w1080055178,Liggan River,water,waterway=river,53.4014644,-9.664038,
w1080055475,,water,waterway=stream,53.4719852,-9.9417315,
w1080591155,,water,waterway=stream,53.4837782,-8.51468,
w1080591156,,water,waterway=stream,53.4832299,-8.5145732,
w1082718330,Convent River,water,waterway=canal,53.2708706,-9.0559904,
w1089682909,,water,waterway=stream,53.2907744,-9.0632837,
w1091101696,,water,natural=wetland,53.0270392,-8.7747213,
w1092651344,,water,natural=water,53.0844374,-8.2209467,
w1093656653,Lough Ahileleen,water,natural=water,53.0666251,-8.7650568,
w1095026204,,water,natural=wetland,53.5833861,-8.5808345,
w1095474556,,water,natural=wetland,53.0406241,-8.7902659,
w1097473538,,water,waterway=stream,53.2583669,-9.6192839,
w1097473539,,water,waterway=stream,53.2581895,-9.6193082,
w1098926096,,water,natural=wetland,53.1409171,-8.8017299,
w1099371586,,water,waterway=stream,53.5538852,-9.8489897,
w1099375022,,water,waterway=stream,53.56456,-9.8596367,
w1101329306,,water,natural=water,53.1364245,-8.7885644,
w1102435078,,water,natural=wetland,53.0035152,-8.8646658,
w1103005333,,water,natural=water,52.9904967,-8.8537611,
w1103401032,,water,waterway=stream,53.4551582,-9.0955809,
w1103401033,,water,waterway=stream,53.4553243,-9.0971101,
w1106946213,,water,natural=wetland,52.9821275,-8.8327236,
w1108602250,,water,natural=wetland,53.163375,-8.777831,
w1108609638,,water,natural=wetland,53.1530206,-8.786374,
w1112508669,,water,waterway=stream,53.3349627,-9.7198876,
w1112508670,,water,waterway=stream,53.3363933,-9.7236111,
w1113454768,,water,natural=wetland,52.970993,-8.8190894,
w1115594126,,water,natural=wetland,53.0093386,-8.8130546,
w1116607143,,water,natural=wetland,52.9733384,-8.8598101,
w1116608237,,water,natural=wetland,52.9666536,-8.8508428,
w1116616021,,water,natural=water,52.9748832,-8.7823945,
w1117676315,,water,natural=wetland,53.1785262,-8.6635512,
w1119046855,,water,natural=water,52.9912837,-8.846157,
w1120663784,,water,natural=wetland,53.1666483,-8.7719748,
w1120664266,,water,natural=water,53.165648,-8.7572126,
w1120859262,,water,natural=water,53.0625618,-8.8022856,
w1122152483,,water,natural=wetland,53.0775071,-8.4555027,
w1122456450,,water,natural=water,53.2944835,-9.1076885,
w1122481876,,water,natural=water,53.6660059,-8.4074647,
w1122481898,,water,natural=water,53.6615321,-8.394118,
w1122481899,,water,natural=water,53.6633184,-8.396831,
w1122484800,,water,natural=water,53.666872,-8.4126359,
w1122487001,,water,natural=water,53.690789,-8.4453441,
w1122487002,,water,natural=water,53.6940615,-8.4497667,
w1122487004,,water,natural=water,53.6957771,-8.4550229,
w1122704617,Corrib,water,waterway=river,53.3131888,-9.1048901,
w1122704618,,water,waterway=stream,53.3162514,-9.1160758,
w1122730287,,water,natural=water,53.5400244,-8.290578,
w1122730288,,water,natural=water,53.5385461,-8.2870844,
w1122730292,,water,natural=water,53.5341644,-8.2915631,
w1122730304,,water,natural=water,53.536434,-8.2873338,
w1122730306,,water,natural=water,53.5310094,-8.2921511,
w1123882044,,water,natural=wetland,53.2200854,-8.0547359,
w1123932749,,water,natural=wetland,53.2416042,-8.0941533,
w1125254043,Abhainn Bhoth Loiscthe,water,waterway=river,53.2872499,-9.3143866,
w1125281139,,water,natural=wetland,53.1038331,-8.492581,
w1125477174,,water,natural=water,53.1662084,-8.8455756,
w1125649575,,water,waterway=stream,53.2881153,-9.277697,
w1125690033,,water,natural=wetland,53.0589017,-8.8012825,
w1127559505,,water,natural=wetland,53.5585566,-8.6925023,
w1127900176,,water,natural=water,53.5407226,-8.2930751,
w1127900178,,water,natural=water,53.5411529,-8.2933393,
w1127900190,,water,natural=water,53.5522525,-8.2969013,
w1127900191,,water,natural=water,53.549865,-8.2980117,
w1127900194,,water,natural=water,53.5475464,-8.2950975,
w1127900199,,water,natural=water,53.5453216,-8.2922423,
w1127900200,,water,natural=water,53.5429324,-8.2952142,
w1127905969,,water,waterway=canal,53.5659737,-8.2862648,
w1127905982,,water,natural=water,53.5655795,-8.2841635,
w1127905985,,water,natural=water,53.5636774,-8.292536,
w1127905992,,water,natural=water,53.5654233,-8.2979447,
w1127905993,,water,natural=water,53.5636901,-8.3025983,
w1127905994,,water,natural=water,53.5616685,-8.3053878,
w1127906007,,water,natural=water,53.5543355,-8.2962924,
w1127906008,,water,natural=water,53.5541567,-8.2956473,
w1127906009,,water,natural=water,53.5556063,-8.2984262,
w1127906010,,water,natural=water,53.5572294,-8.3012921,
w1127906011,,water,natural=water,53.5586033,-8.3037725,
w1127906012,,water,natural=water,53.558958,-8.303745,
w1127907316,,water,natural=water,53.5739735,-8.3017776,
w1127907320,,water,natural=water,53.5690464,-8.2893951,
w1127907321,,water,natural=water,53.5691842,-8.2892919,
w1127907328,,water,natural=water,53.5675327,-8.2867571,
w1127907338,,water,natural=water,53.5709586,-8.2937309,
w1131773434,,water,natural=water,53.0625017,-8.8312766,
w1131780529,,water,natural=wetland,53.1151773,-8.7745196,
w1132030432,,water,natural=wetland,53.1882468,-8.818892,
w1132328264,,water,natural=water,53.5776883,-8.3062324,
w1132328265,,water,natural=water,53.5769701,-8.3135023,
w1133004603,,water,natural=water,53.644358,-8.362551,
w1133004637,,water,natural=water,53.642054,-8.3636775,
w1133006277,,water,natural=water,53.6565674,-8.3825509,
w1133006278,,water,natural=water,53.6543881,-8.3798057,
w1133006279,,water,natural=water,53.6536959,-8.3765978,
w1133006280,,water,natural=water,53.6546742,-8.3731028,
w1133006747,,water,natural=water,53.6541751,-8.3701242,
w1133006748,,water,natural=water,53.652498,-8.3661184,
w1133006749,,water,natural=water,53.6500688,-8.3624143,
w1133006750,,water,natural=water,53.6469695,-8.3616538,
w1133007952,,water,natural=water,53.6604306,-8.3912533,
w1133007953,,water,natural=water,53.6598838,-8.3878349,
w1133007954,,water,natural=water,53.6585567,-8.3850682,
w1133803997,,water,natural=water,53.3465525,-8.9451295,
w1133908600,,water,waterway=stream,53.3298776,-9.1578485,
w1133973884,,water,natural=water,53.2624115,-9.5657554,
w1133973889,,water,natural=water,53.2646414,-9.5631017,
w1133973890,,water,natural=water,53.2643134,-9.5641185,
w1133973891,,water,natural=water,53.2640053,-9.5652321,
w1133973892,,water,natural=water,53.2641804,-9.5655232,
w1134294053,,water,natural=water,53.1966279,-8.7826123,
w1134341603,,water,natural=water,53.1461302,-8.7778189,
w1135454032,,water,natural=water,53.6801162,-8.4355554,
w1135454033,,water,natural=water,53.6824277,-8.4353462,
w1135456174,,water,natural=water,53.6688091,-8.4208385,
w1135456175,,water,natural=water,53.6715648,-8.4298384,
w1135456176,,water,natural=water,53.6746803,-8.4338334,
w1135456177,,water,natural=water,53.6776593,-8.4364459,
w1136270152,,water,natural=water,53.1614985,-8.6043604,
w1136275220,,water,natural=water,53.1638891,-8.5943305,
w1136290792,,water,natural=wetland,53.4653036,-8.8290813,
w1136290793,,water,natural=wetland,53.4677532,-8.8324048,
w1136290804,,water,natural=wetland,53.4863764,-8.8557686,
w1136290805,,water,natural=wetland,53.4763885,-8.8477363,
w1136290806,,water,natural=wetland,53.4721014,-8.855038,
w1136290808,,water,natural=wetland,53.4686308,-8.8488244,
w1137723861,,water,natural=wetland,53.5035147,-8.8794275,
w1137723864,,water,natural=wetland,53.5026389,-8.8749496,
w1137723866,,water,natural=wetland,53.5007811,-8.8679221,
w1137723869,,water,natural=wetland,53.4955255,-8.8700371,
w1137723873,,water,natural=wetland,53.471587,-8.8053234,
w1137723878,,water,natural=wetland,53.4849409,-8.8348383,
w1137723883,,water,natural=wetland,53.4748168,-8.8128899,
w1137723884,,water,natural=wetland,53.4809422,-8.8231923,
w1137723887,,water,natural=wetland,53.4747392,-8.8342081,
w1137723896,,water,natural=wetland,53.4776279,-8.8414488,
w1138151708,,water,natural=water,53.0488061,-8.4910986,
w1138489467,,water,natural=water,53.6233202,-8.7543654,
w1138498074,,water,waterway=stream,53.1600875,-8.7189845,
w1138502919,,water,natural=water,53.0942721,-8.8132225,
w1138502935,,water,natural=water,53.0889034,-8.808243,
w1138502936,,water,natural=water,53.0919281,-8.8077493,
w1138502937,,water,natural=water,53.0911391,-8.8070654,
w1138502938,,water,natural=water,53.0900107,-8.8071527,
w1138503723,,water,natural=water,53.3481793,-8.9485158,
w1138507295,,water,waterway=stream,53.3559525,-8.3573969,
w1138770561,,water,natural=wetland,53.2737597,-9.183963,
w1138770562,,water,natural=wetland,53.2731444,-9.1792362,
w1138822161,,water,natural=wetland,53.2750908,-9.1945173,
w1138843283,,water,natural=wetland,53.2752759,-9.1668959,
w1138855606,,water,natural=wetland,53.2732084,-9.1534446,
w1138950717,,water,natural=wetland,53.2957297,-9.2440951,
w1138950718,,water,waterway=stream,53.2919028,-9.2505735,
w1138950719,,water,waterway=stream,53.2922801,-9.250623,
w1138950720,,water,natural=wetland,53.2937937,-9.2478449,
w1138950721,,water,natural=wetland,53.2945704,-9.2508866,
w1138950722,,water,natural=wetland,53.2986269,-9.2463599,
w1138955714,,water,natural=wetland,53.2816385,-9.214322,
w1138955715,,water,waterway=stream,53.2820686,-9.2063683,
w1138955716,,water,natural=wetland,53.2820447,-9.203207,
w1138957509,,water,natural=wetland,53.2885717,-9.2049269,
w1139033216,,water,natural=wetland,53.2862516,-9.2365978,
w1139035284,,water,waterway=stream,53.2924162,-9.251015,
w1139035285,,water,waterway=stream,53.2922172,-9.2513813,
w1139035286,,water,natural=wetland,53.2944895,-9.2562656,
w1139045391,Sruthán Bhaile an tSagairt,water,waterway=stream,53.2699292,-9.2816269,
w1139045392,Sruthán Bhaile an tSagairt,water,waterway=stream,53.2701648,-9.2816222,
w1139045394,Sruthán Bhaile an tSagairt,water,waterway=stream,53.2704296,-9.2816227,
w1139045395,Sruthán Bhaile an tSagairt,water,waterway=stream,53.2706584,-9.2816167,
w1139051614,,water,waterway=stream,53.5452882,-10.25931,
w1140592331,,water,natural=wetland,53.4652978,-8.8022,
w1140592333,,water,natural=water,53.4585249,-8.7750641,
w1140592335,,water,natural=wetland,53.4671386,-8.7855193,
w1140592339,,water,natural=wetland,53.4602153,-8.8207903,
w1140592341,,water,natural=wetland,53.4643333,-8.8231937,
w1140607443,,water,natural=wetland,53.5111675,-8.8850963,
w1140607446,,water,natural=wetland,53.4941741,-8.7352963,
w1140607447,,water,natural=wetland,53.4952119,-8.7443582,
w1140813333,,water,natural=water,53.4804256,-9.138408,
w1141576403,,water,natural=water,53.0320766,-8.4184608,
w1141576542,,water,natural=water,53.031418,-8.4177833,
w1147202642,,water,natural=water,53.0970021,-8.7747674,
w1147380922,,water,natural=water,53.7116602,-8.4567375,
w1147381478,,water,natural=water,53.70675,-8.4508675,
w1147381479,,water,natural=water,53.7091548,-8.4549451,
w1152782225,,water,natural=wetland,53.0616397,-8.7981608,
w1155005522,,water,waterway=stream,53.2402864,-8.6823484,
w1155005523,,water,waterway=stream,53.2402354,-8.6825679,
w1156393118,,water,waterway=stream,53.4550432,-9.8704244,
w1156393119,,water,waterway=stream,53.4554697,-9.8716344,
w1158304486,,water,natural=wetland,53.4527426,-9.902941,
w1158305051,,water,natural=water,53.4616908,-9.9890345,
w1158405959,,water,waterway=stream,53.41983,-9.9716986,
w1158407328,,water,waterway=stream,53.4381175,-9.9989438,
w1158408852,,water,waterway=stream,53.45188,-10.0079951,
w1158408859,,water,waterway=stream,53.4533495,-10.0115892,
w1158408860,,water,waterway=stream,53.4532561,-10.0110783,
w1158408861,,water,waterway=stream,53.4535053,-10.0101462,
w1158461298,,water,waterway=stream,53.4344825,-9.7214614,
w1158462057,,water,waterway=stream,53.4210011,-9.7142369,
w1158462058,,water,waterway=stream,53.4181703,-9.7169753,
w1158542267,,water,natural=water,53.5366284,-9.7179724,
w1158542268,,water,natural=water,53.5387756,-9.7234795,
w1158542269,,water,natural=water,53.5336492,-9.7243568,
w1158542270,,water,natural=water,53.5332473,-9.7246922,
w1158542271,,water,natural=water,53.5333655,-9.7240811,
w1158542272,,water,natural=water,53.5331391,-9.7228863,
w1158542273,,water,natural=water,53.5330862,-9.7234115,
w1158542274,,water,natural=water,53.5298965,-9.712105,
w1158691494,,water,waterway=stream,53.4534266,-9.7190393,
w1158691495,,water,waterway=stream,53.4570069,-9.7196737,
w1158692674,,water,waterway=stream,53.4619894,-9.7432141,
w1158701484,,water,waterway=stream,53.3200134,-9.681501,
w1158701485,,water,waterway=stream,53.31847,-9.6831672,
w1158707642,,water,waterway=stream,53.3680937,-9.4979322,
w1158718030,,water,natural=water,53.3306279,-9.5287058,
w1158939320,,water,waterway=stream,53.2919437,-9.5199654,
w1158939321,Abhainn Chasla,water,waterway=river,53.2916333,-9.521966,
w1158939322,,water,natural=water,53.2919067,-9.5219781,
w1158939327,,water,natural=water,53.3000304,-9.5202488,
w1158939331,,water,natural=water,53.302878,-9.5190203,
w1158940306,,water,natural=water,53.2856788,-9.5317676,
w1158942171,,water,waterway=stream,53.5024976,-9.6062176,
w1158942172,,water,waterway=stream,53.50412,-9.6088814,
w1158942173,,water,waterway=stream,53.5042701,-9.6088061,
w1158942174,,water,waterway=stream,53.5044013,-9.6097233,
w1158942180,,water,waterway=stream,53.5062947,-9.6061647,
w1158942181,,water,waterway=stream,53.5063489,-9.6060781,
w1158942184,,water,waterway=stream,53.506494,-9.6055538,
w1158944314,,water,waterway=stream,53.5075943,-9.5896941,
w1158944322,,water,natural=water,53.5047113,-9.5882636,
w1158945925,,water,waterway=stream,53.4990461,-9.5993217,
w1158946773,,water,waterway=stream,53.5016577,-9.6030952,
w1158946774,,water,waterway=stream,53.4931041,-9.6043844,
w1158946775,,water,waterway=stream,53.4952216,-9.6195589,
w1158946779,,water,waterway=stream,53.4987938,-9.6210583,
w1158951766,,water,waterway=stream,53.5136526,-9.63874,
w1158951767,,water,waterway=stream,53.5131466,-9.6299512,
w1158953182,,water,natural=water,53.4804939,-9.6057388,
w1158953183,,water,natural=water,53.4829981,-9.6154243,
w1158953184,,water,natural=water,53.4838773,-9.6162604,
w1158953185,,water,natural=water,53.4833414,-9.6150541,
w1159011699,,water,waterway=stream,53.4547778,-9.8052004,
w1159011700,,water,waterway=stream,53.4546257,-9.8052963,
w1159017144,,water,waterway=stream,53.4765025,-9.9639097,
w1159017145,,water,waterway=stream,53.4765846,-9.9639024,
w1159045677,,water,waterway=stream,53.5443834,-9.9732271,
w1159045678,,water,waterway=stream,53.5442257,-9.9728722,
w1159048286,,water,natural=water,53.4270164,-9.6630227,
w1159048632,,water,waterway=stream,53.4688932,-9.667207,
w1159048633,,water,waterway=stream,53.4712008,-9.6660479,
w1159049275,,water,waterway=stream,53.4156701,-9.5165298,
w1159049276,,water,waterway=stream,53.4161237,-9.517246,
w1159049277,,water,waterway=stream,53.4147865,-9.5152397,
w1159050563,,water,waterway=stream,53.4344744,-9.4989683,
w1159050564,,water,natural=water,53.4330984,-9.4968823,
w1159050565,,water,natural=water,53.4341325,-9.4984223,
w1159050566,,water,natural=water,53.4352378,-9.4994931,
w1159050567,,water,waterway=stream,53.4315071,-9.505915,
w1159055081,,water,waterway=stream,53.4973418,-9.5366063,
w1159055082,,water,waterway=stream,53.4966387,-9.5339121,
w1159055085,,water,waterway=stream,53.497122,-9.5387303,
w1159056634,,water,waterway=stream,53.5124281,-9.4975452,
w1159057318,,water,waterway=stream,53.5020244,-9.540468,
w1159057319,,water,waterway=stream,53.5021892,-9.5402661,
w1159057321,,water,waterway=stream,53.5025292,-9.539287,
w1159057590,,water,waterway=stream,53.5106337,-9.543248,
w1159057591,,water,waterway=stream,53.5105408,-9.5414509,
w1159057592,,water,waterway=stream,53.5103625,-9.5416628,
w1159057593,,water,waterway=stream,53.508992,-9.5423434,
w1159057594,,water,waterway=stream,53.5120425,-9.5426184,
w1159057595,,water,waterway=stream,53.5115289,-9.5403868,
w1159058763,,water,waterway=stream,53.4987287,-9.5398248,
w1159058764,,water,waterway=stream,53.4980227,-9.5403935,
w1159058766,,water,waterway=stream,53.4965659,-9.538862,
w1159058769,,water,waterway=stream,53.4900132,-9.5562196,
w1159063315,,water,waterway=stream,53.4813742,-9.5456104,
w1159063316,,water,waterway=stream,53.4781933,-9.5508538,
w1159064165,,water,waterway=stream,53.4927771,-9.5692869,
w1159064166,,water,waterway=stream,53.4943009,-9.5641103,
w1159064167,,water,waterway=stream,53.4982955,-9.5606649,
w1159064168,,water,waterway=stream,53.4956276,-9.5613758,
w1159064169,,water,waterway=stream,53.4944585,-9.5627062,
w1159067270,,water,waterway=stream,53.4683042,-9.555548,
w1159067274,,water,waterway=stream,53.4630801,-9.5615722,
w1159067275,,water,waterway=stream,53.4627564,-9.563885,
w1159067870,,water,waterway=stream,53.4655472,-9.5435708,
w1159067871,,water,waterway=stream,53.4696406,-9.5489571,
w1159068232,,water,waterway=stream,53.4663783,-9.6107498,
w1159068234,,water,waterway=stream,53.4622425,-9.6188601,
w1159068544,,water,waterway=stream,53.4590974,-9.6301858,
w1159068545,,water,waterway=stream,53.4614729,-9.6301671,
w1159068546,,water,waterway=stream,53.4634849,-9.6296574,
w1159070842,,water,waterway=stream,53.4475057,-9.6182446,
w1159072086,,water,waterway=stream,53.4456455,-9.5954176,
w1159072087,,water,waterway=stream,53.4445408,-9.5958777,
w1159072090,,water,waterway=stream,53.4430599,-9.5859562,
w1159072091,,water,waterway=stream,53.442746,-9.5860326,
w1159072092,,water,waterway=stream,53.4436718,-9.5861185,
w1159072369,,water,waterway=stream,53.4422603,-9.5691467,
w1159072371,,water,waterway=stream,53.4445791,-9.5747225,
w1159072372,,water,waterway=stream,53.4437614,-9.5727785,
w1159072373,,water,waterway=stream,53.4436007,-9.5715527,
w1159072379,,water,waterway=stream,53.4371764,-9.5646598,
w1159074013,,water,waterway=stream,53.4309374,-9.5599106,
w1159154386,,water,waterway=stream,53.4000995,-9.7434276,
w1159154387,,water,waterway=stream,53.400025,-9.7532688,
w1159154388,,water,waterway=stream,53.3968641,-9.7491438,
w1159156299,,water,waterway=stream,53.2383853,-9.5162795,
w1159156300,,water,waterway=stream,53.238327,-9.5163834,
w1159171158,,water,natural=water,53.4189156,-9.7440784,
w1159171159,,water,waterway=river,53.4097554,-9.7521657,
w1159188033,,water,natural=water,53.3501158,-9.4816089,
w1159196187,,water,waterway=stream,53.4153049,-9.559295,
w1159200325,,water,waterway=stream,53.2445563,-9.5350499,
w1159200326,,water,waterway=stream,53.2438463,-9.539206,
w1159200327,,water,waterway=stream,53.2453764,-9.5323328,
w1159200328,,water,waterway=stream,53.2446614,-9.5334486,
w1159200851,,water,natural=water,53.3229302,-9.7499671,
w1159200852,,water,natural=water,53.3228324,-9.7499841,
w1159200853,,water,natural=water,53.3231509,-9.7500136,
w1159203328,,water,natural=water,53.2509764,-9.6060644,
w1159203329,,water,natural=water,53.2510107,-9.6058852,
w1159210656,,water,waterway=stream,53.4221065,-9.5992358,
w1159216525,,water,waterway=stream,53.4020734,-9.5630477,
w1159225247,,water,natural=water,53.4010039,-9.6572425,
w1159225310,,water,natural=water,53.3993966,-9.6582976,
w1159225312,,water,natural=water,53.3976722,-9.658664,
w1159226558,,water,natural=water,53.4062501,-9.6721148,
w1159226559,,water,natural=water,53.4065279,-9.6732816,
w1159231812,,water,waterway=stream,53.3904087,-9.6729263,
w1159231813,,water,waterway=stream,53.3907878,-9.6727962,
w1159231814,,water,waterway=stream,53.3909165,-9.6720779,
w1159233984,,water,waterway=stream,53.5026884,-9.7152206,
w1159233985,,water,waterway=stream,53.502823,-9.7294506,
w1159233986,,water,waterway=stream,53.5043718,-9.7326456,
w1159233987,,water,waterway=stream,53.5042193,-9.7324021,
w1159237797,,water,waterway=stream,53.376075,-9.6736859,
w1159237798,,water,waterway=stream,53.3754657,-9.6716987,
w1159237799,,water,waterway=stream,53.3762478,-9.6688368,
w1159241888,,water,waterway=stream,53.3703814,-9.6979451,
w1159242190,,water,natural=water,53.4849677,-9.8294994,
w1159246329,,water,natural=water,53.5256551,-9.7700217,
w1159246330,,water,natural=water,53.5266564,-9.7721833,
w1159246332,,water,waterway=stream,53.5271976,-9.7742856,
w1159246670,,water,waterway=stream,53.5047824,-9.90054,
w1159246671,,water,waterway=stream,53.496495,-9.8988158,
w1159246672,,water,waterway=stream,53.4972552,-9.8989284,
w1159246679,,water,natural=water,53.5342589,-9.7740836,
w1159246680,,water,natural=water,53.5282309,-9.7717729,
w1159246681,,water,natural=water,53.5290744,-9.7730725,
w1159246682,,water,natural=water,53.5297719,-9.7720639,
w1159246683,,water,natural=water,53.5309716,-9.7734748,
w1159246684,,water,natural=water,53.53018,-9.7758284,
w1159247429,,water,natural=water,53.4888068,-9.7450313,
w1159247434,,water,waterway=stream,53.4926011,-9.7351403,
w1159247435,,water,waterway=stream,53.4952572,-9.7357706,
w1159247436,,water,waterway=stream,53.4956006,-9.7362175,
w1159249260,,water,waterway=stream,53.5393853,-9.7409135,
w1159249261,,water,waterway=stream,53.5385783,-9.7498976,
w1159249262,,water,waterway=stream,53.5378025,-9.7486656,
w1159249263,,water,waterway=stream,53.5373699,-9.7522809,
w1159249264,,water,waterway=stream,53.5381978,-9.7509711,
w1159255754,,water,waterway=stream,53.3776303,-9.6264242,
w1159376558,,water,waterway=stream,53.5364358,-9.8832781,
w1159376559,,water,waterway=stream,53.5329097,-9.8792564,
w1159376560,,water,waterway=stream,53.5346732,-9.8836966,
w1159376561,,water,natural=water,53.5358011,-9.8665884,
w1159376767,,water,natural=water,53.5367106,-9.8899162,
w1159474744,,water,waterway=stream,53.2336266,-9.4485084,
w1159474745,,water,waterway=stream,53.2346625,-9.4506025,
w1159474746,,water,waterway=stream,53.2349175,-9.4514972,
w1159474747,,water,waterway=stream,53.234673,-9.4518659,
w1159490876,,water,waterway=stream,53.4359389,-9.4590388,
w1159490877,,water,waterway=stream,53.4362969,-9.4591467,
w1159490878,,water,waterway=stream,53.4367435,-9.4588141,
w1159491274,,water,waterway=stream,53.4386923,-9.4661855,
w1159491275,,water,waterway=stream,53.4385869,-9.4663545,
w1159491276,,water,waterway=stream,53.4369311,-9.4677378,
w1159491277,,water,waterway=stream,53.4375443,-9.4622644,
w1159491278,,water,waterway=stream,53.437369,-9.4625297,
w1159491279,,water,waterway=stream,53.4359541,-9.4637024,
w1159495673,,water,waterway=stream,53.2514874,-9.6054446,
w1159499900,,water,waterway=stream,53.4631475,-9.9911342,
w1159499901,,water,waterway=stream,53.4623671,-9.9911437,
w1159499902,,water,natural=water,53.4624278,-9.9921619,
w1159502707,,water,waterway=stream,53.4161306,-9.4754879,
w1159502708,,water,waterway=stream,53.4162881,-9.4754047,
w1159502709,,water,waterway=stream,53.4165344,-9.4742321,
w1159502710,,water,waterway=stream,53.41749,-9.4907762,
w1159502711,,water,waterway=stream,53.4205752,-9.4902434,
w1159502906,,water,waterway=stream,53.4366778,-9.4823886,
w1159504226,,water,waterway=stream,53.417783,-9.4693163,
w1159504558,,water,waterway=stream,53.4045576,-9.4627522,
w1159504559,,water,waterway=stream,53.4052329,-9.4641909,
w1159504560,,water,waterway=stream,53.4038318,-9.463945,
w1159505068,,water,natural=water,53.3583953,-9.4492346,
w1159505323,,water,waterway=stream,53.3544778,-9.4607982,
w1159505324,,water,natural=water,53.3559097,-9.4551073,
w1159505325,,water,waterway=stream,53.3530553,-9.452008,
w1159505971,,water,natural=water,53.3429384,-9.4524733,
w1159507502,,water,natural=water,53.2940446,-9.4309432,
w1159693387,,water,waterway=stream,53.2619381,-9.4483622,
w1159693388,,water,waterway=stream,53.2621463,-9.4480437,
w1159693389,,water,waterway=stream,53.2598224,-9.4483831,
w1159693508,,water,waterway=stream,53.2785569,-9.4461609,
w1159698987,,water,waterway=stream,53.3060907,-9.3281796,
w1159698989,,water,waterway=stream,53.3072011,-9.3261796,
w1159699155,,water,natural=water,53.3228577,-9.3222144,
w1159699953,,water,waterway=stream,53.3058081,-9.3496882,
w1159699959,,water,waterway=stream,53.315319,-9.3529281,
w1159700693,,water,waterway=stream,53.2984272,-9.3505628,
w1159704019,,water,waterway=stream,53.3057124,-9.3649717,
w1159704540,,water,waterway=stream,53.310177,-9.371823,
w1159707478,,water,waterway=stream,53.2874015,-9.3102063,
w1159707527,,water,waterway=stream,53.2811623,-9.3024179,
w1159707528,,water,waterway=stream,53.2813228,-9.3022186,
w1159707529,,water,waterway=stream,53.2807795,-9.3029548,
w1159707530,,water,waterway=stream,53.2814562,-9.3020345,
w1159723069,,water,natural=water,53.3968676,-9.2976617,
w1159970482,,water,waterway=stream,53.3708266,-9.3356112,
w1159970485,,water,waterway=stream,53.3722678,-9.3362572,
w1159976434,,water,waterway=stream,53.387384,-9.3408539,
w1159978891,,water,waterway=stream,53.4033227,-9.3656562,
w1160005889,,water,waterway=stream,53.2542117,-9.3466353,
w1160005893,,water,waterway=stream,53.2533452,-9.347051,
w1160005894,,water,waterway=stream,53.2534882,-9.3468905,
w1160005895,,water,waterway=stream,53.2526348,-9.3477079,
w1160005896,,water,waterway=stream,53.2531791,-9.3472195,
w1160005897,,water,waterway=stream,53.2513895,-9.3488138,
w1160005898,,water,waterway=stream,53.2520856,-9.3482227,
w1160005899,,water,waterway=stream,53.2538392,-9.3467778,
w1160010682,,water,natural=water,53.3301435,-9.2701262,
w1160034762,,water,natural=water,53.4382511,-9.8493612,
w1160206418,,water,waterway=stream,53.2447337,-9.2962173,
w1160206419,,water,waterway=stream,53.2450908,-9.295473,
w1160206420,,water,waterway=stream,53.2460835,-9.2943585,
w1160258956,,water,waterway=stream,53.2534581,-9.3127048,
w1160258957,,water,waterway=stream,53.2533956,-9.3124077,
w1160258958,,water,waterway=stream,53.253519,-9.313197,
w1160260290,,water,waterway=stream,53.3411777,-9.2105649,
w1160266162,Loughkip River,water,waterway=river,53.3160616,-9.2255131,
w1160266163,Loughkip River,water,waterway=river,53.3166872,-9.2253105,
w1160267901,,water,waterway=stream,53.2890448,-9.2172919,
w1160270606,Sruthán Bhaile an tSagairt,water,waterway=stream,53.2617115,-9.2797732,
w1160270607,Sruthán Bhaile an tSagairt,water,waterway=stream,53.2620868,-9.2800498,
w1160270615,Sruthán Bhaile an tSagairt,water,waterway=stream,53.2611335,-9.2797535,
w1160270616,Sruthán Bhaile an tSagairt,water,waterway=stream,53.261618,-9.2796975,
w1160270824,,water,natural=water,53.4929812,-9.9599919,
w1160271469,,water,waterway=stream,53.4910574,-9.9337206,
w1160273655,,water,waterway=stream,53.2674868,-9.2086883,
w1160273656,,water,waterway=stream,53.2684964,-9.2058679,
w1160287421,,water,natural=wetland,53.0547135,-8.7845442,
w1160374721,,water,waterway=stream,53.3958748,-9.1896461,
w1160374722,,water,waterway=stream,53.3967478,-9.1906615,
w1160529568,,water,waterway=stream,53.2942289,-9.1652376,
w1160529569,,water,waterway=stream,53.2942478,-9.1654978,
w1160529570,,water,waterway=stream,53.2939103,-9.1645457,
w1160529571,,water,waterway=stream,53.2941801,-9.1649869,
w1160529572,,water,waterway=stream,53.2942851,-9.1659384,
w1160543956,,water,waterway=stream,53.4098108,-9.3623043,
w1160543957,,water,waterway=stream,53.4098045,-9.3618215,
w1160543958,,water,waterway=stream,53.4098005,-9.3610986,
w1160545279,,water,natural=water,53.4622601,-9.4361856,
w1160545801,,water,natural=water,53.4628848,-9.4125983,
w1160547526,,water,natural=water,53.4742679,-9.4882728,
w1160547527,,water,waterway=stream,53.4728569,-9.4876773,
w1160555945,,water,waterway=stream,53.543836,-9.3851559,
w1160558258,,water,natural=water,53.548791,-9.381144,
w1160567864,,water,waterway=stream,53.525602,-9.3577569,
w1160567867,,water,waterway=stream,53.5248926,-9.3563497,
w1160568816,,water,waterway=stream,53.5250255,-9.3626677,
w1160571404,,water,waterway=stream,53.5366508,-9.4017803,
w1160571405,,water,waterway=stream,53.5367448,-9.4012908,
w1160571406,,water,waterway=stream,53.5353372,-9.4040501,
w1160735026,,water,waterway=stream,53.5547004,-9.8693009,
w1160736145,,water,waterway=stream,53.4315159,-9.281957,
w1160759594,,water,natural=water,53.4276665,-9.3265588,
w1160759595,,water,natural=water,53.4274027,-9.327637,
w1160766754,,water,natural=water,53.428026,-9.3255499,
w1160848377,,water,natural=water,53.4142071,-9.9475596,
w1161061535,,water,waterway=stream,53.4776413,-9.3946913,
w1161066999,,water,natural=water,53.4763381,-9.3789406,
w1161067741,,water,waterway=stream,53.4730683,-9.4017454,
w1161086802,,water,natural=water,53.5366516,-9.3330574,
w1161094535,,water,natural=water,53.5281894,-9.3233653,
w1161097548,,water,natural=water,53.5385106,-9.3148486,
w1161120710,,water,waterway=stream,53.4731106,-9.4002086,
w1161120711,,water,waterway=stream,53.4734015,-9.3999872,
w1161120712,,water,waterway=stream,53.4738792,-9.4000328,
w1161134266,,water,waterway=stream,53.5034989,-9.4826281,
w1161138017,,water,waterway=stream,53.4899086,-9.4768837,
w1161138045,,water,waterway=stream,53.4898486,-9.4786275,
w1161138046,,water,waterway=stream,53.4898045,-9.4786817,
w1161138047,,water,waterway=stream,53.4894252,-9.4790836,
w1161145272,,water,natural=water,53.477896,-9.4468495,
w1161173108,,water,waterway=stream,53.4594746,-9.3444498,
w1161173109,,water,waterway=stream,53.4591237,-9.3450012,
w1161173110,,water,waterway=stream,53.4588858,-9.3454116,
w1161173111,,water,waterway=stream,53.4594687,-9.3456892,
w1161173112,,water,waterway=stream,53.4589361,-9.3461761,
w1161173113,,water,waterway=stream,53.4600105,-9.3451758,
w1161186189,,water,waterway=stream,53.4498047,-9.4749251,
w1161186190,,water,waterway=stream,53.4497169,-9.4749948,
w1161186191,,water,waterway=stream,53.4502657,-9.4749112,
w1161186192,,water,waterway=stream,53.4499393,-9.4748859,
w1161186193,,water,waterway=stream,53.4493715,-9.4750214,
w1161187216,,water,natural=water,53.4503622,-9.3937249,
w1161191041,Derrylaura River,water,waterway=river,53.4372769,-9.3367791,
w1161191042,Derrylaura River,water,waterway=river,53.4377126,-9.3378794,
w1161191059,,water,waterway=stream,53.4399834,-9.322569,
w1161191060,,water,waterway=stream,53.4392843,-9.3222035,
w1161193459,,water,waterway=stream,53.4369018,-9.4438701,
w1161206271,,water,waterway=stream,53.4243811,-9.3733917,
w1161206272,,water,waterway=stream,53.423851,-9.3786471,
w1161206279,,water,waterway=stream,53.4253727,-9.3733457,
w1161207085,,water,natural=water,53.4330651,-9.3149159,
w1161207086,,water,natural=water,53.4322825,-9.3159228,
w1161207087,,water,natural=water,53.433272,-9.3139319,
w1161207089,,water,natural=water,53.4348052,-9.3108245,
w1161350534,,water,natural=water,53.4203874,-9.273043,
w1161360595,Drimneen,water,waterway=river,53.4144622,-9.2811852,
w1161360596,Drimneen,water,waterway=river,53.4140445,-9.2820296,
w1161364582,Drimneen,water,natural=water,53.4209942,-9.2690313,
w1161384352,Drimneen,water,waterway=river,53.3996822,-9.2805945,
w1161384353,Drimneen,water,waterway=river,53.3996537,-9.280572,
w1161521212,,water,natural=water,53.3865719,-9.1512465,
w1161525839,,water,waterway=stream,53.3708847,-9.1272073,
w1161525840,,water,waterway=stream,53.3712159,-9.1264737,
w1161525841,,water,waterway=stream,53.3715568,-9.1257388,
w1161525842,,water,waterway=stream,53.3739263,-9.1246639,
w1161525843,,water,waterway=stream,53.3727128,-9.1251809,
w1161525844,,water,waterway=stream,53.3721373,-9.1254385,
w1161530400,,water,waterway=stream,53.3908789,-9.1935543,
w1161530401,,water,waterway=stream,53.3906674,-9.1985831,
w1161536989,,water,natural=wetland,53.3881531,-9.2014521,
w1161536990,,water,natural=wetland,53.3846161,-9.1998381,
w1161538290,,water,natural=water,53.38625,-9.2124733,
w1161639227,,water,waterway=stream,53.3948827,-9.2624076,
w1161644547,,water,natural=water,53.3634323,-9.1245545,
w1161825165,,water,natural=wetland,53.382544,-9.1670213,
w1161837186,,water,natural=wetland,53.3409086,-9.1480547,
w1162268228,,water,waterway=stream,53.4823607,-9.6934713,
w1162268229,,water,waterway=stream,53.4720669,-9.7033869,
w1162268230,,water,waterway=stream,53.4673897,-9.706064,
w1162268231,,water,natural=water,53.4676085,-9.7020851,
w1162268232,,water,natural=water,53.4626897,-9.7057745,
w1162268233,,water,natural=water,53.4630681,-9.7096772,
w1162288842,Lough Beg,water,natural=water,53.3531761,-9.2102806,
w1162288843,,water,natural=water,53.3536605,-9.2102015,
w1162288844,,water,waterway=river,53.3548667,-9.2111222,
w1162288845,,water,waterway=river,53.3560346,-9.2124069,
w1162292438,An Loch Beag,water,natural=water,53.3679885,-9.2486818,
w1162472816,,water,waterway=stream,53.3813979,-9.2535332,
w1162472817,,water,waterway=stream,53.3812291,-9.253674,
w1162472818,,water,waterway=stream,53.3807262,-9.2543856,
w1162563835,,water,waterway=stream,53.2522822,-9.4317037,
w1162572546,,water,natural=water,53.2418237,-9.4400433,
w1162607761,,water,waterway=stream,53.2576514,-9.2740462,
w1162607762,,water,waterway=stream,53.2577773,-9.2739134,
w1162607763,,water,waterway=stream,53.2580598,-9.2737054,
w1162607804,Abhainn Bhaile an tSagairt,water,waterway=stream,53.2540223,-9.2824512,
w1162607805,Abhainn Bhaile an tSagairt,water,waterway=stream,53.2543363,-9.280881,
w1162627140,,water,waterway=stream,53.2562016,-9.2575854,
w1162633281,,water,waterway=stream,53.2530762,-9.2411743,
w1162633282,,water,waterway=stream,53.2531424,-9.2411784,
w1162633283,,water,waterway=stream,53.2529075,-9.2410626,
w1162633284,,water,waterway=stream,53.2530322,-9.2411565,
w1162633285,,water,waterway=stream,53.2525697,-9.2407613,
w1162633286,,water,waterway=stream,53.2527899,-9.2409416,
w1162633287,,water,waterway=stream,53.2533097,-9.2410684,
w1162645359,,water,natural=water,53.2769641,-9.5356809,
w1162645409,,water,waterway=stream,53.2736841,-9.5148509,
w1162645416,,water,waterway=stream,53.2729881,-9.5218547,
w1162645417,,water,waterway=stream,53.2729472,-9.5207081,
w1162645418,,water,waterway=stream,53.2729372,-9.5229537,
w1162645419,,water,waterway=stream,53.2731228,-9.5191276,
w1162645495,,water,waterway=stream,53.2723778,-9.5235787,
w1162645496,,water,waterway=stream,53.2718645,-9.5242935,
w1162645497,,water,waterway=stream,53.2709209,-9.5266463,
w1162645533,,water,waterway=stream,53.2518502,-9.5030625,
w1162645534,,water,waterway=stream,53.2520371,-9.5032047,
w1162645535,,water,waterway=stream,53.2528968,-9.5036707,
w1162916223,,water,waterway=stream,53.249875,-9.2039775,
w1162920729,,water,waterway=stream,53.2472627,-9.2116721,
w1162920730,,water,waterway=stream,53.247363,-9.2116727,
w1162920731,,water,waterway=stream,53.2474701,-9.211735,
w1162928450,,water,waterway=stream,53.2484042,-9.2552076,
w1162928451,,water,waterway=stream,53.2489339,-9.2550279,
w1162928452,,water,waterway=stream,53.2478127,-9.2553431,
w1162928453,,water,waterway=stream,53.2471603,-9.2554423,
w1162928454,,water,waterway=stream,53.2460816,-9.2553672,
w1162932832,,water,waterway=stream,53.24257,-9.3115092,
w1162932833,,water,waterway=stream,53.2429187,-9.3114294,
w1162932834,,water,waterway=stream,53.2431154,-9.3114012,
w1162937012,,water,waterway=stream,53.2505443,-9.2983724,
w1163001720,,water,waterway=stream,53.2499901,-9.253758,
w1163001721,,water,waterway=stream,53.2503777,-9.2531075,
w1163001722,,water,waterway=stream,53.2491558,-9.2539861,
w1163001723,,water,waterway=stream,53.2492748,-9.253951,
w1163001724,,water,waterway=stream,53.2486746,-9.2539818,
w1163001725,,water,waterway=stream,53.249033,-9.254029,
w1163001726,,water,waterway=stream,53.2481523,-9.2538518,
w1163001727,,water,waterway=stream,53.2483023,-9.2539604,
w1163001728,,water,waterway=stream,53.2496351,-9.2536748,
w1163028708,,water,waterway=stream,53.2461798,-9.3285499,
w1163030719,,water,waterway=stream,53.2458391,-9.3512875,
w1163030720,,water,waterway=stream,53.2462315,-9.3510222,
w1163030721,,water,waterway=stream,53.2471178,-9.3506929,
w1163053897,,water,waterway=stream,53.2498923,-9.3496864,
w1163053898,,water,waterway=stream,53.2500649,-9.349545,
w1163053899,,water,waterway=stream,53.2492195,-9.3501317,
w1163053900,,water,waterway=stream,53.2497282,-9.3498574,
w1163053901,,water,waterway=stream,53.2503734,-9.3495221,
w1163053902,,water,waterway=stream,53.2506959,-9.349386,
w1163056522,,water,waterway=stream,53.2462455,-9.358179,
w1163056523,,water,waterway=stream,53.2463439,-9.359101,
w1163056569,,water,waterway=stream,53.2483437,-9.3502497,
w1163056570,,water,waterway=stream,53.2486715,-9.3503067,
w1163056572,,water,waterway=stream,53.2480219,-9.3503678,
w1163073692,,water,waterway=stream,53.2724817,-9.5964614,
w1163073693,,water,waterway=stream,53.2727263,-9.5964202,
w1163073694,,water,waterway=stream,53.2731473,-9.5964872,
w1163076909,,water,natural=water,53.2650012,-9.6175205,
w1163079038,,water,waterway=stream,53.2377488,-9.5397726,
w1163079039,,water,waterway=stream,53.2377239,-9.5399483,
w1163079040,,water,waterway=stream,53.2378949,-9.5408387,
w1163079046,,water,waterway=stream,53.2332549,-9.5437193,
w1163079047,,water,waterway=stream,53.2333986,-9.5433835,
w1163079048,,water,waterway=stream,53.2337956,-9.542776,
w1163079073,,water,waterway=stream,53.2382485,-9.5531814,
w1163082237,,water,waterway=stream,53.2566137,-9.5914957,
w1163083229,,water,waterway=stream,53.2534231,-9.6052074,
w1163083231,,water,waterway=stream,53.2525928,-9.605194,
w1163083238,,water,waterway=stream,53.2532001,-9.6012522,
w1163087478,,water,waterway=stream,53.241082,-9.3406105,
w1163088516,,water,waterway=stream,53.2430375,-9.3524326,
w1163089386,,water,waterway=stream,53.2413087,-9.3529822,
w1163089387,,water,waterway=stream,53.241552,-9.353032,
w1163098995,,water,waterway=stream,53.2478894,-9.3632987,
w1163098996,,water,waterway=stream,53.2482661,-9.3628594,
w1163098997,,water,waterway=stream,53.2485751,-9.3623672,
w1163101567,Abhainn Ruibhe,water,waterway=river,53.2439691,-9.3644804,
w1163101568,Abhainn Ruibhe,water,waterway=river,53.2468775,-9.3642992,
w1163103190,,water,waterway=stream,53.2515817,-9.3815915,
w1163103191,,water,waterway=stream,53.2516399,-9.3815468,
w1163103192,,water,waterway=stream,53.2515169,-9.3816343,
w1163103193,,water,waterway=stream,53.2517668,-9.3814825,
w1163104282,,water,natural=water,53.5870958,-10.0130413,
w1163111698,,water,natural=water,53.2930747,-9.5638585,
w1163114656,,water,waterway=stream,53.2386965,-9.4031714,
w1163114657,,water,waterway=stream,53.2389424,-9.4028022,
w1163114658,,water,waterway=stream,53.2408232,-9.4018903,
w1163114659,,water,waterway=stream,53.2387142,-9.4044698,
w1163115489,,water,waterway=stream,53.2350373,-9.4151431,
w1163115490,,water,waterway=stream,53.2351585,-9.4151182,
w1163115491,,water,waterway=stream,53.2347346,-9.4154623,
w1163115492,,water,waterway=stream,53.2349174,-9.4151967,
w1163115493,,water,waterway=stream,53.235352,-9.4151745,
w1163116746,,water,waterway=stream,53.2342836,-9.4235404,
w1163116747,,water,waterway=stream,53.2355439,-9.4238985,
w1163116748,,water,waterway=stream,53.2370642,-9.4249579,
w1163121255,,water,waterway=stream,53.2406005,-9.4253951,
w1163356585,,water,waterway=stream,53.2456052,-9.4133882,
w1163356586,,water,waterway=stream,53.2457199,-9.4142921,
w1163363940,,water,waterway=stream,53.2510353,-9.5470043,
w1163363943,,water,waterway=stream,53.2498233,-9.543757,
w1163363944,,water,waterway=stream,53.2501146,-9.5440286,
w1163363945,,water,waterway=stream,53.2505093,-9.5444041,
w1163363952,,water,waterway=stream,53.2463193,-9.5461124,
w1163363953,,water,waterway=stream,53.2465906,-9.5460999,
w1163363954,,water,waterway=stream,53.2470279,-9.5459215,
w1163371101,,water,waterway=stream,53.5278041,-10.1559672,
w1163371102,,water,waterway=stream,53.527662,-10.1580316,
w1163371103,,water,waterway=stream,53.5271292,-10.1574223,
w1163371104,,water,waterway=stream,53.5264906,-10.1571407,
w1163376974,,water,waterway=stream,53.5602101,-10.1683604,
w1163376981,,water,waterway=stream,53.5570346,-10.1610943,
w1163376982,,water,waterway=stream,53.5570228,-10.1618037,
w1163376983,,water,waterway=stream,53.5569749,-10.162835,
w1163376997,,water,waterway=stream,53.5591809,-10.1530615,
w1163396802,,water,natural=water,53.5549865,-10.131956,
w1163400350,,water,waterway=stream,53.5574535,-10.0745262,
w1163400351,,water,waterway=stream,53.5578233,-10.0747097,
w1163400352,,water,waterway=stream,53.5587386,-10.0752796,
w1163402167,,water,waterway=stream,53.5595942,-10.0527323,
w1163402168,,water,waterway=stream,53.5601884,-10.0533512,
w1163402174,,water,waterway=stream,53.5581327,-10.0533268,
w1163402176,,water,waterway=stream,53.5538647,-10.057109,
w1163402180,,water,natural=water,53.5630728,-10.0542061,
w1163412050,,water,waterway=stream,53.579807,-9.9810624,
w1163412051,,water,waterway=stream,53.5815539,-9.9874856,
w1163412062,,water,waterway=stream,53.5727632,-9.9841328,
w1163412063,,water,waterway=stream,53.5729113,-9.9841489,
w1163412064,,water,waterway=stream,53.5744123,-9.9847631,
w1163425677,,water,waterway=stream,53.578279,-9.966106,
w1163433147,,water,waterway=stream,53.4757535,-10.0106172,
w1163433148,,water,waterway=stream,53.4760922,-10.010615,
w1163434154,,water,waterway=stream,53.4775517,-10.004429,
w1163437533,,water,natural=water,53.4870892,-10.0168636,
w1163441385,,water,natural=water,53.3980643,-9.9819334,
w1163476316,,water,waterway=stream,53.4002421,-10.0007793,
w1163492904,,water,waterway=stream,53.4092404,-10.1267485,
w1163492905,,water,waterway=stream,53.4081908,-10.1284115,
w1163492906,,water,waterway=stream,53.4077323,-10.128907,
w1163689150,,water,waterway=stream,53.4156283,-10.0555562,
w1163689151,,water,waterway=stream,53.4156846,-10.0555785,
w1163689152,,water,waterway=stream,53.4160026,-10.055949,
w1163701997,,water,natural=water,53.4569622,-10.0518813,
w1163716099,,water,waterway=stream,53.4387538,-10.0805634,
w1163716100,,water,waterway=stream,53.4386265,-10.0793467,
w1163716101,,water,waterway=stream,53.4384399,-10.0825705,
w1163716102,,water,natural=water,53.4385197,-10.0820855,
w1163716103,,water,waterway=stream,53.4382011,-10.079949,
w1163732302,,water,waterway=stream,53.4651668,-10.0513398,
w1163732303,,water,waterway=stream,53.4653075,-10.0521583,
w1163736075,,water,waterway=stream,53.4756649,-10.0266218,
w1163743769,,water,waterway=river,53.5008873,-9.7058995,
w1163748940,,water,natural=water,53.4122981,-9.6039155,
w1163836025,,water,waterway=stream,53.5060867,-10.0810382,
w1163901152,,water,natural=water,53.3295731,-9.5462803,
w1164276468,,water,waterway=stream,53.39844,-9.8638782,
w1164276469,,water,waterway=stream,53.3984301,-9.8640754,
w1164276470,,water,waterway=stream,53.3984208,-9.8646325,
w1164276471,,water,waterway=stream,53.3984133,-9.8627458,
w1164276472,,water,waterway=stream,53.3983872,-9.8629247,
w1164276473,,water,waterway=stream,53.3986631,-9.8639375,
w1164276474,,water,waterway=stream,53.3986955,-9.8642832,
w1164276475,,water,waterway=stream,53.3984898,-9.8634368,
w1164286431,,water,natural=water,53.3730928,-9.9238707,
w1164369666,Loch Chnoc na Luachra,water,natural=water,53.3704654,-9.8247922,
w1164377956,,water,waterway=stream,53.3744292,-9.8321642,
w1164377957,,water,waterway=stream,53.3724769,-9.8331888,
w1164377961,,water,waterway=stream,53.3772646,-9.8322178,
w1164420195,,water,natural=water,53.3695065,-9.8539471,
w1164487593,,water,waterway=stream,53.3241265,-9.8431828,
w1164487594,,water,waterway=stream,53.3242966,-9.8428347,
w1164487595,,water,waterway=stream,53.3253503,-9.8425745,
w1164490156,,water,waterway=river,53.3222291,-9.8190217,
w1164490157,,water,waterway=river,53.3246357,-9.8187388,
w1164493882,,water,waterway=stream,53.3166831,-9.8313743,
w1164553566,,water,waterway=stream,53.348042,-9.5430248,
w1164553567,,water,waterway=stream,53.347976,-9.5429315,
w1164553568,,water,waterway=stream,53.3470844,-9.545653,
w1164701206,,water,waterway=stream,53.3166686,-9.5970045,
w1164778913,,water,waterway=stream,53.4343595,-9.5773323,
w1164819834,,water,natural=water,53.3482674,-9.618183,
w1164822690,,water,natural=water,53.3080864,-9.5629881,
w1164822691,,water,natural=water,53.3077444,-9.5632989,
w1164918141,,water,natural=water,53.3382714,-9.628326,
w1164965986,,water,waterway=stream,53.314912,-9.6025532,
w1165040032,,water,natural=water,53.3947927,-9.7840816,
w1165040242,,water,natural=water,53.2780767,-9.5376436,
w1165050701,,water,waterway=stream,53.3144955,-9.5593473,
w1165484858,,water,waterway=stream,53.4196422,-10.0612366,
w1165484859,,water,waterway=stream,53.4195428,-10.0614812,
w1165484860,,water,waterway=stream,53.4183933,-10.0652976,
w1165484861,,water,waterway=stream,53.4187381,-10.0647498,
w1165911642,,water,waterway=stream,53.4182869,-9.8013413,
w1165911643,,water,waterway=stream,53.4184103,-9.8012162,
w1165960785,,water,waterway=stream,53.4928063,-9.6340367,
w1165962916,,water,waterway=stream,53.5035705,-9.5961741,
w1165962917,,water,waterway=stream,53.5023678,-9.5965147,
w1165998708,,water,waterway=stream,53.5942532,-9.7728901,
w1165998709,,water,waterway=stream,53.5936164,-9.7732635,
w1165998710,,water,waterway=stream,53.596208,-9.7733924,
w1165998711,,water,waterway=stream,53.5959879,-9.7731865,
w1165998712,,water,waterway=stream,53.5951135,-9.7729537,
w1166096201,,water,waterway=stream,53.5997215,-9.7381864,
w1166096202,,water,waterway=stream,53.5996143,-9.7380931,
w1166096203,,water,waterway=stream,53.5975208,-9.7387878,
w1166096206,,water,waterway=stream,53.5970632,-9.7420406,
w1166096207,,water,waterway=stream,53.5993869,-9.7422359,
w1166096208,,water,waterway=stream,53.5992471,-9.7422493,
w1166096209,,water,waterway=stream,53.5977691,-9.7431873,
w1166096213,,water,waterway=stream,53.5992636,-9.7454265,
w1166096214,,water,waterway=stream,53.5991298,-9.7454596,
w1166096215,,water,waterway=stream,53.5967225,-9.7478208,
w1166096216,,water,waterway=stream,53.5987881,-9.7507134,
w1166096217,,water,waterway=stream,53.5986604,-9.7507058,
w1166096218,,water,waterway=stream,53.5981216,-9.7507216,
w1166096219,,water,waterway=stream,53.5983949,-9.7540743,
w1166096220,,water,waterway=stream,53.5981885,-9.7539349,
w1166096221,,water,waterway=stream,53.5976107,-9.7538169,
w1166102945,,water,waterway=stream,53.6073287,-10.2868437,
w1171759246,,water,natural=water,53.0454797,-8.803849,
w1174883892,,water,waterway=river,53.2498019,-8.8122623,
w1176861280,,water,waterway=stream,53.2538898,-9.5846563,
w1176861281,,water,waterway=stream,53.2534324,-9.5846684,
w1176861282,,water,waterway=stream,53.2516091,-9.584284,
w1176861283,,water,waterway=stream,53.2518606,-9.5840185,
w1179604693,,water,natural=wetland,53.1027773,-8.7729138,
w1180991013,,water,waterway=stream,53.2931192,-8.3532716,
w1180991014,,water,waterway=stream,53.2934495,-8.3580146,
w1180991015,,water,waterway=stream,53.2932747,-8.3562389,
w1180991016,,water,waterway=stream,53.2933036,-8.3565278,
w1180991017,,water,waterway=stream,53.2933554,-8.3568074,
w1180991018,,water,waterway=stream,53.2934633,-8.3568878,
w1180991019,,water,waterway=stream,53.2935489,-8.3569516,
w1181125346,,water,natural=water,53.5220547,-9.5810451,
w1181125356,,water,natural=water,53.518552,-9.6034308,
w1181125357,,water,natural=water,53.5179794,-9.6015333,
w1181125358,,water,natural=water,53.5178191,-9.6024732,
w1181813117,,water,natural=water,53.0675026,-8.9173928,
w1187912479,,water,waterway=canal,53.1616273,-8.1213708,
w1187912480,,water,waterway=canal,53.1619201,-8.1174574,
w1187912482,,water,waterway=canal,53.1619108,-8.1152115,
w1187932761,,water,natural=wetland,53.2129441,-8.1832724,
w1188035099,,water,waterway=stream,53.5141201,-10.0367152,
w1188035100,,water,waterway=stream,53.5149995,-10.0374854,
w1188113005,Mill Race,water,waterway=canal,53.3970046,-8.335674,
w1188113006,Mill Race,water,waterway=canal,53.3958508,-8.3348203,
w1188113007,Mill Race,water,waterway=canal,53.3988651,-8.33723,
w1188113136,,water,natural=water,53.3951246,-8.3362975,
w1188113137,,water,natural=water,53.3934464,-8.3322985,
w1190328875,,water,natural=water,53.2940243,-8.7598947,
w1192142653,,water,waterway=stream,53.3361717,-9.867573,
w1192142654,,water,waterway=stream,53.3374727,-9.8663766,
w1192636389,,water,natural=water,53.3090781,-8.7995365,
w1192955174,,water,waterway=stream,53.4794581,-9.4612651,
w1192955175,,water,waterway=stream,53.4793774,-9.4611371,
w1192955176,,water,waterway=stream,53.4778542,-9.4669102,
w1193104437,,water,waterway=stream,53.2890971,-8.462289,
w1193104438,,water,waterway=stream,53.2865187,-8.4792099,
w1193104439,,water,waterway=stream,53.2857076,-8.4755528,
w1193960214,,water,natural=water,53.3107785,-8.2257563,
w1193960215,,water,natural=water,53.3106078,-8.2254277,
w1193960217,,water,natural=water,53.3107167,-8.2268037,
w1193960218,,water,natural=water,53.3114714,-8.2269308,
w1194713538,,water,waterway=stream,53.3227648,-9.0580065,
w1195180463,,water,waterway=stream,53.4384547,-10.1344655,
w1197303467,,water,waterway=stream,53.6066221,-10.0224402,
w1197303468,,water,waterway=stream,53.6065013,-10.0223859,
w1197303470,,water,waterway=stream,53.6023176,-10.0005955,
w1197303471,,water,waterway=stream,53.6028757,-10.0015943,
w1197303473,,water,waterway=stream,53.6045187,-10.0026001,
w1197303474,,water,waterway=stream,53.6040378,-10.0023343,
w1197303475,,water,waterway=stream,53.607401,-10.029431,
w1197303476,,water,waterway=stream,53.6074519,-10.029656,
w1197303477,,water,waterway=stream,53.6075438,-10.0302068,
w1197303478,,water,waterway=stream,53.6075036,-10.0306293,
w1205906849,,water,natural=wetland,53.2596971,-9.1109538,
w1206107692,,water,waterway=stream,53.5418423,-9.4658885,
w1206107693,,water,waterway=stream,53.5427147,-9.4655896,
w1206107707,,water,waterway=stream,53.550214,-9.4692788,
w1207438085,,water,waterway=stream,53.4733811,-9.8293855,
w1207446165,,water,waterway=stream,53.529171,-10.1378899,
w1207446166,,water,waterway=stream,53.529567,-10.13689,
w1207446169,,water,waterway=stream,53.5304598,-10.1370375,
w1207453082,,water,waterway=stream,53.3176218,-9.1384372,
w1207453083,,water,waterway=stream,53.3174961,-9.1377864,
w1207453661,,water,waterway=stream,53.3529334,-9.147016,
w1207453662,,water,waterway=stream,53.3532964,-9.1478413,
w1207453663,,water,waterway=stream,53.3562901,-9.1581626,
w1207453664,,water,waterway=stream,53.356291,-9.1569981,
w1207466826,,water,natural=water,53.4267879,-10.1289419,
w1207475119,,water,waterway=stream,53.5663787,-9.8603373,
w1207475122,,water,waterway=stream,53.5513486,-9.8526549,
w1207475503,,water,waterway=stream,53.5858434,-9.937243,
w1207477718,,water,waterway=stream,53.5957045,-9.7026069,
w1207477719,,water,waterway=stream,53.5943642,-9.7019022,
w1207478827,,water,waterway=stream,53.5514506,-10.0436792,
w1207478828,,water,waterway=stream,53.5505981,-10.0498644,
w1207480956,,water,waterway=stream,53.4965204,-9.9461782,
w1207482579,,water,natural=water,53.4956421,-9.9587215,
w1207482580,,water,natural=water,53.4937896,-9.9554345,
w1207496381,,water,waterway=stream,53.5100156,-9.9811337,
w1207496382,,water,waterway=stream,53.513069,-9.9727298,
w1207500847,,water,waterway=stream,53.5305693,-9.9455546,
w1207500850,,water,waterway=stream,53.5365363,-9.9498967,
w1207500851,,water,waterway=stream,53.5359142,-9.9487823,
w1207500856,,water,waterway=stream,53.5371941,-9.9515851,
w1207500857,,water,waterway=stream,53.537087,-9.9510174,
w1207500858,,water,waterway=stream,53.5369513,-9.9430789,
w1207507307,,water,waterway=stream,53.5058665,-9.9184812,
w1207606747,,water,waterway=stream,53.4976521,-9.9089491,
w1207606748,,water,waterway=stream,53.4992895,-9.9142398,
w1207606749,,water,waterway=stream,53.4975492,-9.9101813,
w1207606750,,water,waterway=stream,53.4978918,-9.9113705,
w1207606752,,water,natural=water,53.4946927,-9.9104914,
w1207606753,,water,waterway=stream,53.4958146,-9.92773,
w1207606981,,water,waterway=stream,53.5000923,-9.8953164,
w1207606982,,water,waterway=stream,53.5024691,-9.8895429,
w1207607578,,water,waterway=stream,53.5056665,-9.868911,
w1207607733,,water,waterway=stream,53.5137118,-9.8534616,
w1207609177,,water,natural=water,53.5320433,-9.7812613,
w1207609178,,water,natural=water,53.5325713,-9.7814108,
w1207609179,,water,natural=water,53.5318691,-9.7778455,
w1207609180,,water,natural=water,53.5322294,-9.7795996,
w1207609181,,water,natural=water,53.5320182,-9.7832407,
w1207609193,,water,waterway=stream,53.5308783,-9.7880291,
w1207609351,,water,waterway=stream,53.5405543,-9.8178917,
w1207609711,,water,waterway=stream,53.5186276,-9.8129636,
w1207609712,,water,waterway=stream,53.517274,-9.8173249,
w1207610001,,water,waterway=stream,53.5061295,-9.8095362,
w1207610002,,water,waterway=stream,53.5069222,-9.8121824,
w1207610470,,water,natural=water,53.495583,-9.9048092,
w1207610473,,water,natural=water,53.4964155,-9.8956816,
w1207611288,,water,natural=water,53.4850795,-9.8078634,
w1207613332,,water,natural=water,53.4638709,-9.7243582,
w1207613336,,water,natural=water,53.4648285,-9.7254551,
w1207701756,,water,natural=water,53.4239425,-9.5508488,
w1207703877,,water,natural=water,53.478112,-9.7486429,
w1207703878,,water,natural=water,53.4861424,-9.7448748,
w1207703879,,water,natural=water,53.4871481,-9.7453156,
w1207703883,,water,waterway=canal,53.4850684,-9.7463766,
w1207703884,,water,waterway=canal,53.4851146,-9.7462012,
w1207703885,,water,waterway=canal,53.4849486,-9.7467047,
w1207712666,,water,waterway=stream,53.5718888,-10.0876709,
w1207716669,,water,natural=water,53.5126789,-9.4276563,
w1207716688,,water,natural=water,53.5144899,-9.4447596,
w1207716689,,water,natural=water,53.5139359,-9.4400736,
w1207719309,,water,waterway=stream,53.5025723,-10.000698,
w1207719310,,water,waterway=stream,53.5024714,-10.0003526,
w1207719311,,water,waterway=stream,53.5018887,-9.9985165,
w1207719312,,water,waterway=stream,53.5018458,-9.9984653,
w1207719390,,water,waterway=stream,53.4993397,-9.4008046,
w1207719391,,water,waterway=stream,53.4990909,-9.400755,
w1207719392,,water,waterway=stream,53.5011701,-9.4012626,
w1207719393,,water,waterway=stream,53.5011214,-9.4013042,
w1207719394,,water,waterway=stream,53.5002439,-9.4011667,
w1207719397,,water,waterway=stream,53.5021219,-9.4040786,
w1207719398,,water,waterway=stream,53.502024,-9.4042339,
w1207719399,,water,waterway=stream,53.5022742,-9.4033606,
w1207720136,,water,waterway=stream,53.5888948,-9.8503809,
w1207720137,,water,waterway=stream,53.5879125,-9.8493278,
w1207721920,,water,natural=water,53.5996133,-9.8499651,
w1207722634,,water,natural=water,53.6041548,-9.8618073,
w1207722635,,water,natural=water,53.6046978,-9.8636085,
w1207723674,,water,natural=water,53.5609007,-9.8313622,
w1207723675,,water,natural=water,53.5603167,-9.8328951,
w1207723676,,water,natural=water,53.5611054,-9.8347472,
w1207725427,,water,waterway=stream,53.5460403,-9.7818352,
w1207725428,,water,waterway=stream,53.5446526,-9.7881901,
w1207725429,,water,waterway=stream,53.5464499,-9.7856876,
w1207725430,,water,waterway=stream,53.5473209,-9.7848731,
w1207727818,,water,natural=water,53.5468364,-9.6944341,
w1207727821,,water,waterway=stream,53.5446884,-9.6928522,
w1207727822,,water,natural=water,53.5443724,-9.691666,
w1207727823,,water,natural=water,53.5432226,-9.6901748,
w1207727824,,water,natural=water,53.5414231,-9.6889584,
w1207729177,,water,natural=water,53.5516379,-9.6362744,
w1207735105,,water,waterway=stream,53.5715743,-9.7307154,
w1207758352,,water,natural=water,53.6013018,-9.5942415,
w1207759131,,water,natural=water,53.611923,-9.5649559,
w1207759132,,water,natural=water,53.6099586,-9.5651745,
w1209187213,,water,waterway=stream,53.6117259,-9.8345676,
w1209187214,,water,waterway=stream,53.6118311,-9.8342297,
w1209187215,,water,waterway=stream,53.6141504,-9.8379313,
w1209187250,,water,waterway=stream,53.6100878,-9.82871,
w1209187251,,water,waterway=stream,53.6096125,-9.8290688,
w1209978033,,water,waterway=stream,53.3377788,-8.2345145,
w1209978034,Suck,water,waterway=river,53.3378979,-8.2342789,
w1209978429,,water,waterway=stream,53.60441,-8.4056449,
w1209978430,,water,waterway=stream,53.606117,-8.4094594,
w1211365668,,water,natural=wetland,53.1492339,-8.2524214,
w1214067055,Corrib,water,waterway=river,53.2858925,-9.0608601,
w1214067056,Terryland River,water,waterway=river,53.2848164,-9.0597941,
w1214067057,,water,waterway=river,53.3250792,-9.1561069,
w1214067058,,water,waterway=stream,53.3320046,-9.1558986,
w1214067059,,water,waterway=stream,53.3371687,-9.1570977,
w1214067060,,water,waterway=stream,53.2983175,-9.2024189,
w1214067061,,water,waterway=stream,53.2934654,-9.1925285,
w1214067062,,water,waterway=stream,53.2970444,-9.2126418,
w1214067063,,water,waterway=stream,53.2704045,-9.1718478,
w1214067064,,water,waterway=stream,53.2730275,-9.1740698,
w1214067065,,water,waterway=stream,53.2791229,-9.1788768,
w1214067066,,water,waterway=stream,53.2745728,-9.1773415,
w1214067067,Knock River,water,waterway=river,53.2967231,-9.2640993,
w1214067068,,water,waterway=stream,53.2903733,-9.2712861,
w1214067069,,water,waterway=stream,53.3179396,-9.2679395,
w1214067070,,water,waterway=stream,53.3189119,-9.2802998,
w1214067071,,water,waterway=stream,53.318064,-9.2777103,
w1214067072,,water,waterway=river,53.3298806,-9.3065018,
w1214067073,,water,waterway=stream,53.3298653,-9.3037216,
w1214067074,,water,waterway=river,53.324747,-9.3166794,
w1214067075,,water,waterway=stream,53.3241165,-9.3200463,
w1214067076,,water,waterway=river,53.3253866,-9.3168046,
w1214067077,,water,waterway=stream,53.2989182,-9.3208249,
w1214067078,,water,waterway=stream,53.2958514,-9.316758,
w1214067079,,water,waterway=stream,53.2884433,-9.3212235,
w1214067080,,water,waterway=stream,53.2779174,-9.3097933,
w1214069121,,water,waterway=stream,53.3113675,-9.4118671,
w1214069122,,water,waterway=stream,53.3027313,-9.3885536,
w1214069123,,water,waterway=stream,53.3028015,-9.3896881,
w1214069124,,water,waterway=stream,53.2946205,-9.3831519,
w1214069125,,water,waterway=stream,53.2958783,-9.3877621,
w1214069126,,water,waterway=stream,53.2966751,-9.3784749,
w1214069127,,water,waterway=stream,53.2845354,-9.3873896,
w1214069128,,water,waterway=stream,53.2703853,-9.4204053,
w1214069129,,water,waterway=stream,53.2960303,-9.4109872,
w1214069130,,water,waterway=stream,53.284163,-9.41358,
w1214069131,,water,waterway=stream,53.2758158,-9.4085008,
w1214069132,,water,waterway=stream,53.2765495,-9.4084861,
w1214069133,,water,waterway=stream,53.2650196,-9.4123881,
w1214069134,,water,waterway=stream,53.2651276,-9.4125317,
w1214069135,,water,waterway=stream,53.2795593,-9.4500842,
w1214069136,,water,waterway=stream,53.276269,-9.4575381,
w1214069137,,water,waterway=stream,53.2717148,-9.4596817,
w1214069313,,water,waterway=river,53.3175241,-9.2388672,
w1214069314,,water,waterway=river,53.3177126,-9.2385955,
w1215353274,,water,waterway=stream,53.3517207,-9.1942097,
w1215353842,,water,waterway=stream,53.3578375,-9.1981731,
w1215353843,,water,waterway=stream,53.3718118,-9.2212045,
w1215353844,,water,waterway=stream,53.3648994,-9.2053836,
w1215353845,,water,waterway=stream,53.371717,-9.2199757,
w1215353846,,water,waterway=stream,53.3718701,-9.2157785,
w1215353847,,water,waterway=stream,53.3732385,-9.2027303,
w1215353848,,water,waterway=stream,53.3726416,-9.198444,
w1215355097,,water,waterway=stream,53.3915534,-9.3048233,
w1215355098,,water,waterway=stream,53.3926255,-9.3112117,
w1215355397,,water,waterway=stream,53.3789334,-9.2435977,
w1215355398,,water,waterway=stream,53.3810072,-9.2438746,
w1215355399,,water,waterway=stream,53.3808839,-9.2441093,
w1215355452,,water,waterway=stream,53.3418018,-9.3121149,
w1215355565,,water,waterway=stream,53.3637723,-9.3323406,
w1215356011,,water,waterway=stream,53.3525782,-9.4530541,
w1215356012,,water,waterway=stream,53.3532098,-9.4536606,
w1215356013,,water,waterway=stream,53.3529864,-9.45686,
w1215359149,,water,waterway=stream,53.3238654,-9.3635203,
w1215359150,,water,waterway=stream,53.3189362,-9.3522654,
w1215359151,,water,waterway=stream,53.3215079,-9.351281,
w1215359152,,water,waterway=stream,53.3031702,-9.3451413,
w1215359153,,water,waterway=stream,53.29883,-9.3473445,
w1215359154,,water,waterway=stream,53.306437,-9.3467885,
w1215359155,,water,waterway=stream,53.3051885,-9.3457482,
w1215359156,,water,waterway=stream,53.3109333,-9.3420189,
w1215359157,,water,waterway=stream,53.2866485,-9.3608502,
w1215359158,,water,waterway=stream,53.3050681,-9.351403,
w1215359159,,water,waterway=stream,53.3047337,-9.3512374,
w1215361342,,water,waterway=stream,53.4371907,-9.4548404,
w1215361343,,water,waterway=stream,53.4338659,-9.4413173,
w1215361344,,water,waterway=stream,53.4355831,-9.445469,
w1215361345,,water,waterway=stream,53.437616,-9.4578994,
w1215361346,,water,waterway=stream,53.4383253,-9.4608386,
w1215361347,,water,waterway=stream,53.439593,-9.4646666,
w1215361348,,water,waterway=river,53.4284459,-9.4266351,
w1215361349,,water,waterway=stream,53.4294029,-9.4277761,
w1215361350,,water,waterway=river,53.4201484,-9.4097927,
w1215361351,,water,waterway=stream,53.4185844,-9.4061635,
w1215361352,Owenriff River,water,waterway=river,53.4163733,-9.3709384,
w1215361353,,water,waterway=stream,53.4058297,-9.3762689,
w1215361354,,water,waterway=stream,53.4042362,-9.3697875,
w1215367362,,water,waterway=stream,53.338701,-9.492277,
w1215367363,,water,waterway=stream,53.3346837,-9.4969771,
w1215367364,,water,waterway=river,53.3371427,-9.4554009,
w1215367365,,water,waterway=stream,53.3375471,-9.4542931,
w1215367366,,water,waterway=stream,53.3378625,-9.4683379,
w1215367367,,water,waterway=river,53.3364981,-9.4693405,
w1215367368,,water,waterway=river,53.3373146,-9.4731907,
w1215367369,,water,waterway=river,53.3338003,-9.4815184,
w1215367370,,water,waterway=stream,53.3326333,-9.4793612,
w1215367371,,water,waterway=river,53.3187174,-9.5091275,
w1215367372,,water,waterway=stream,53.3270854,-9.5027839,
w1215367373,,water,waterway=stream,53.3101365,-9.5041817,
w1215367374,,water,waterway=stream,53.3111758,-9.5100247,
w1215367375,,water,waterway=stream,53.3126216,-9.516729,
w1215367376,,water,waterway=stream,53.3154656,-9.4579072,
w1215367377,,water,waterway=stream,53.3158926,-9.4573225,
w1215367378,,water,waterway=stream,53.3163754,-9.457332,
w1215367379,,water,waterway=stream,53.3168259,-9.4574271,
w1215367380,,water,waterway=stream,53.3120624,-9.4978881,
w1215367381,,water,waterway=stream,53.3103705,-9.4979483,
w1215367382,,water,waterway=stream,53.3068599,-9.459209,
w1215367383,,water,waterway=stream,53.2939802,-9.4571056,
w1215367384,,water,waterway=stream,53.2889438,-9.453211,
w1215367385,,water,waterway=stream,53.3147815,-9.4581637,
w1215367386,,water,waterway=stream,53.317176,-9.4481737,
w1215367387,,water,waterway=stream,53.3186199,-9.4537005,
w1215367642,,water,waterway=stream,53.2471836,-9.4949278,
w1215367643,,water,waterway=stream,53.2489738,-9.4978514,
w1215367644,,water,waterway=stream,53.2403637,-9.4941442,
w1215368112,,water,waterway=stream,53.2477196,-9.5124438,
w1215368113,,water,waterway=stream,53.2363607,-9.5144461,
w1215368114,,water,waterway=stream,53.2379779,-9.5121566,
w1215370052,,water,waterway=stream,53.3768773,-9.448229,
w1215370053,,water,waterway=stream,53.3735965,-9.4485242,
w1215370054,,water,waterway=stream,53.3734455,-9.4505594,
w1215370055,,water,waterway=stream,53.3771735,-9.4490617,
w1215370056,,water,waterway=stream,53.3991061,-9.4524041,
w1215370057,,water,waterway=stream,53.3993415,-9.4491365,
w1215370135,,water,waterway=stream,53.3902346,-9.4373926,
w1215371098,,water,waterway=stream,53.3918514,-9.4244832,
w1215371099,,water,waterway=stream,53.379784,-9.4210242,
w1216111160,,water,waterway=stream,53.3510787,-9.6236206,
w1216111161,,water,waterway=stream,53.3510786,-9.6217703,
w1217805084,Coos River,water,waterway=river,52.9867074,-8.3487387,
w1217824156,,water,waterway=stream,53.3029861,-9.4211528,
w1217826707,,water,waterway=river,53.3255846,-9.1033636,
w1217826708,,water,waterway=river,53.331862,-9.0680003,
w1219776634,,water,waterway=stream,53.2772448,-9.4807157,
w1219776635,,water,waterway=stream,53.2748438,-9.4855303,
w1219780426,,water,waterway=stream,53.3588816,-9.4905153,
w1219780427,,water,waterway=stream,53.3678999,-9.501463,
w1219780428,,water,waterway=stream,53.3630376,-9.5060706,
w1219780429,,water,waterway=stream,53.3568538,-9.5184409,
w1219780430,,water,waterway=stream,53.3487212,-9.5223176,
w1219780431,,water,waterway=stream,53.3283176,-9.5418513,
w1219780432,,water,waterway=stream,53.3258832,-9.5444058,
w1219780433,,water,waterway=stream,53.3244662,-9.546245,
w1219781537,,water,waterway=stream,53.3039361,-9.531455,
w1219781538,,water,waterway=stream,53.3009714,-9.5407865,
w1219781539,,water,waterway=stream,53.2960293,-9.551912,
w1219781540,,water,waterway=stream,53.3012557,-9.5595219,
w1219781541,,water,waterway=stream,53.3035046,-9.5575937,
w1219781542,,water,waterway=stream,53.2988889,-9.556747,
w1219823513,,water,waterway=stream,53.3719834,-9.5410149,
w1219823514,,water,waterway=stream,53.3732639,-9.5379084,
w1220511123,,water,natural=wetland,53.2538433,-9.1297138,
w1220546086,,water,waterway=stream,53.2360855,-9.4241564,
w1220546087,,water,waterway=stream,53.2364451,-9.4244676,
w1220546532,,water,waterway=stream,53.2538373,-9.4293699,
w1220546533,,water,waterway=stream,53.2536014,-9.4298058,
w1220548321,,water,waterway=stream,53.2444755,-9.4336025,
w1220548322,,water,waterway=stream,53.244265,-9.434307,
w1220548323,,water,waterway=stream,53.2443769,-9.4342999,
w1220548325,,water,waterway=stream,53.2444404,-9.4341321,
w1220548326,,water,waterway=stream,53.2444579,-9.4339208,
w1220560331,,water,waterway=stream,53.2562992,-9.3456718,
w1220560332,,water,waterway=stream,53.2584029,-9.3472988,
w1220560335,,water,waterway=stream,53.2449439,-9.351645,
w1220560336,,water,waterway=stream,53.2694015,-9.3461485,
w1221053979,,water,waterway=stream,53.4577412,-9.7742148,
w1221053980,,water,waterway=stream,53.4576273,-9.7741709,
w1221065604,,water,waterway=stream,53.5190413,-9.8164824,
w1221074190,Tooreenacoona River,water,waterway=stream,53.5597592,-9.7574885,
w1221074191,Tooreenacoona River,water,waterway=stream,53.5611403,-9.7653199,
w1221078322,,water,waterway=stream,53.2581658,-9.0974339,
w1221078323,,water,waterway=stream,53.2563349,-9.0980406,
w1221078324,,water,waterway=stream,53.2561325,-9.0975147,
w1221078325,,water,waterway=stream,53.2558662,-9.097296,
w1221078326,,water,waterway=stream,53.2568149,-9.0972381,
w1221078327,,water,waterway=stream,53.2565631,-9.0973769,
w1221078328,,water,waterway=stream,53.2570534,-9.0971886,
w1222031956,,water,natural=water,53.2820405,-9.0526249,
w1222031957,,water,natural=water,53.2831166,-9.0487913,
w1222031958,,water,natural=water,53.2836997,-9.0452195,
w1222031959,,water,natural=water,53.2843221,-9.0588396,
w1222031960,,water,natural=water,53.2854694,-9.0421409,
w1222031961,,water,natural=water,53.2887494,-9.0360612,
w1222031962,,water,natural=water,53.2934302,-9.0264635,
w1225520306,,water,waterway=stream,53.3911452,-9.192793,
w1225520307,,water,waterway=stream,53.3914671,-9.1920949,
w1225520308,,water,waterway=river,53.3863793,-9.1252837,
w1225520309,,water,waterway=stream,53.3869229,-9.1423501,
w1225520310,,water,waterway=stream,53.3951557,-9.1135705,
w1225520311,,water,waterway=stream,53.4085683,-9.1635164,
w1225520312,,water,natural=water,53.4090812,-9.1628861,
w1225520869,Carrowndulla Lough,water,natural=water,53.3915133,-9.2866369,
w1225521544,,water,waterway=stream,53.4002179,-9.3412397,
w1225521545,,water,waterway=stream,53.3981351,-9.3442975,
w1227460065,,water,waterway=stream,53.5261279,-9.9222986,
w1227460066,,water,waterway=stream,53.5260861,-9.9221959,
w1227460067,,water,waterway=stream,53.5261407,-9.9222971,
w1227460068,,water,waterway=stream,53.5261356,-9.9221843,
w1230365171,,water,natural=wetland,53.3215123,-9.1322199,
w1230365172,,water,natural=wetland,53.3219766,-9.1307411,
w1230365173,,water,natural=wetland,53.3225439,-9.129325,
w1230365174,,water,natural=wetland,53.3243412,-9.1340698,
w1230365175,,water,natural=wetland,53.324742,-9.131604,
w1230365176,,water,natural=wetland,53.3250762,-9.1301007,
w1230365188,,water,natural=wetland,53.3201719,-9.130151,
w1230365189,,water,natural=wetland,53.3213484,-9.127586,
w1230365190,,water,natural=wetland,53.3189038,-9.1286264,
w1230365191,,water,natural=wetland,53.3199564,-9.1260372,
w1230365192,,water,natural=wetland,53.3174924,-9.1267088,
w1230365193,,water,natural=wetland,53.3182742,-9.1246103,
w1230365194,,water,natural=wetland,53.3222629,-9.1252799,
w1230365195,,water,natural=wetland,53.3220793,-9.1228126,
w1230365196,,water,natural=wetland,53.3183126,-9.1200408,
w1230372226,,water,natural=wetland,53.3208688,-9.1241157,
w1230372227,,water,natural=wetland,53.3161298,-9.1243171,
w1230372228,,water,natural=wetland,53.3163616,-9.1218592,
w1230374538,,water,natural=wetland,53.3130361,-9.1319928,
w1230380815,,water,natural=wetland,53.3165593,-9.1461865,
w1230381558,,water,natural=water,53.5771465,-9.7830288,
w1230381559,,water,natural=water,53.5771544,-9.7834768,
w1230427879,,water,natural=water,53.5268027,-9.7677034,
w1230427880,,water,natural=water,53.5256902,-9.7686494,
w1230428574,,water,natural=water,53.4420538,-9.8917172,
w1230428575,,water,natural=water,53.440054,-9.8896553,
w1230433090,,water,natural=water,53.425315,-9.9775231,
w1230433091,,water,natural=water,53.4252591,-9.9779058,
w1230433092,,water,natural=water,53.4250507,-9.978035,
w1230433093,,water,natural=water,53.4255428,-9.9780559,
w1230433094,,water,natural=water,53.4243836,-9.9785022,
w1230433095,,water,natural=water,53.4252759,-9.9797662,
w1230800691,,water,natural=water,53.345629,-9.5044499,
w1230800695,,water,natural=water,53.33175,-9.5284402,
w1231414603,,water,natural=water,53.3859075,-9.6665445,
w1231417809,,water,natural=water,53.2818968,-9.3467876,
w1231726234,,water,natural=water,53.3581509,-9.2720546,
w1231768723,,water,natural=water,53.2973983,-9.6949175,
w1231768724,,water,natural=water,53.2993692,-9.7008614,
w1231768725,,water,natural=water,53.3007201,-9.7021529,
w1232213705,Loch an tSamhaidh Beag,water,natural=water,53.3318245,-9.2313467,
w1232245335,,water,natural=wetland,53.298367,-9.257989,
w1236656523,,water,waterway=stream,53.0205372,-8.5119288,
w1236656524,,water,waterway=stream,53.0239687,-8.525338,
w1236656525,,water,waterway=stream,53.0242624,-8.522412,
w1236656532,,water,waterway=stream,53.0245405,-8.5139281,
w1237544491,,water,natural=water,53.2433156,-9.5916532,
w1237544493,,water,natural=water,53.254295,-9.6121621,
w1237544495,,water,natural=wetland,53.2580124,-9.6093866,
w1237546390,Loch na Naomh,water,natural=water,53.2625096,-9.588751,
w1239406715,,water,waterway=stream,53.1000502,-9.6508274,
w1239469221,,water,waterway=stream,53.6959836,-8.4762972,
w1239469222,,water,waterway=stream,53.6945953,-8.4786664,
w1239469223,,water,waterway=stream,53.6948327,-8.4782748,
w1239469225,,water,waterway=stream,53.7025925,-8.4918493,
w1239482125,,water,waterway=stream,53.0986744,-9.6458518,
w1240202846,,water,waterway=stream,53.098589,-9.6477885,
w1245361644,,water,natural=wetland,53.1141536,-9.6866782,
w1250856831,,water,natural=wetland,53.1092831,-9.6677289,
w1251535177,,water,waterway=stream,53.114631,-9.6869867,
w1253693765,,water,waterway=stream,53.3080141,-9.1515586,
w1255815589,,water,waterway=stream,53.3057002,-9.1554023,
w1255815591,,water,waterway=stream,53.3059364,-9.1536022,
w1255815593,,water,waterway=stream,53.3059605,-9.1534891,
w1255815598,,water,waterway=stream,53.3056809,-9.1537114,
w1255815599,,water,waterway=stream,53.3059561,-9.1534769,
w1255815600,,water,waterway=stream,53.3059115,-9.1534951,
w1263241456,,water,waterway=stream,53.118085,-9.6960042,
w1263241457,,water,waterway=stream,53.1176679,-9.6965625,
w1263241458,,water,waterway=stream,53.1179954,-9.6958903,
w1263241459,,water,waterway=stream,53.1176817,-9.6968052,
w1263273427,,water,natural=water,53.5662401,-9.4867917,
w1264077726,,water,natural=water,53.4757378,-9.1790882,
w1264315867,,water,waterway=stream,53.6355298,-8.6466763,
w1264315868,,water,waterway=stream,53.6285071,-8.649198,
w1264315869,,water,waterway=stream,53.6290387,-8.6495109,
w1264982553,,water,natural=water,53.3949161,-8.7302084,
w1264982566,,water,natural=water,53.3854865,-8.7159797,
w1264982571,,water,natural=water,53.3843854,-8.7224694,
w1265263206,,water,waterway=stream,53.1603814,-8.4676214,
w1265263207,,water,waterway=stream,53.1601265,-8.4698583,
w1265263208,,water,waterway=stream,53.160771,-8.4756907,
w1265264315,,water,waterway=stream,53.1600465,-8.473065,
w1268208358,,water,waterway=stream,53.1996312,-8.5683756,
w1268208359,,water,waterway=stream,53.1995824,-8.565495,
w1268208360,,water,waterway=stream,53.1995906,-8.5656343,
w1268208361,,water,waterway=stream,53.1976025,-8.5743212,
w1268208362,,water,waterway=stream,53.1977993,-8.5742802,
w1268208363,,water,waterway=stream,53.1978804,-8.5742661,
w1268208555,,water,waterway=stream,53.1981171,-8.5742199,
w1268208556,,water,waterway=stream,53.1984395,-8.5741501,
w1268208557,,water,waterway=stream,53.1984915,-8.5741393,
w1268208558,,water,waterway=stream,53.1983645,-8.5741656,
w1268237756,,water,waterway=stream,53.0900286,-8.4610192,
w1268237757,,water,waterway=stream,53.0905034,-8.4599927,
w1268237758,,water,waterway=stream,53.0899247,-8.4638581,
w1268237759,,water,waterway=stream,53.0898204,-8.4647579,
w1268237762,,water,waterway=stream,53.0898944,-8.4624251,
w1270109817,Puffing Hole,water,natural=water,53.0903797,-9.6431529,
w1270431182,,water,natural=water,53.4851832,-9.1226247,
w1270718360,,water,natural=water,53.4798712,-9.1659351,
w1270834991,,water,natural=water,53.5486702,-9.0292211,
w1270834992,,water,natural=water,53.5514478,-9.0278368,
w1270835029,,water,natural=wetland,53.5633268,-9.0378964,
w1270835033,,water,natural=water,53.5641828,-9.0303125,
w1270835035,,water,natural=water,53.565035,-9.0284791,
w1270835045,,water,waterway=canal,53.5652072,-9.0279033,
w1270875287,,water,natural=water,53.5308823,-9.0547802,
w1274923630,Corrib,water,waterway=river,53.2745624,-9.0557197,
w1283350329,,water,natural=water,53.1316301,-9.7085715,
w1284889621,,water,waterway=stream,53.2594273,-8.935135,
w1284897201,,water,natural=water,53.359922,-9.5843688,
w1284897203,,water,natural=water,53.3629696,-9.6065748,
w1286220339,,water,natural=water,53.3779495,-8.8785343,
w1287076759,,water,waterway=stream,53.5335565,-10.1744799,
w1287081446,,water,natural=water,53.5655792,-10.0669743,
w1294479786,,water,waterway=stream,53.5905211,-10.0063053,
w1294479787,,water,waterway=stream,53.590074,-10.0048419,
w1294479788,,water,waterway=stream,53.5855464,-9.9778443,
w1294479789,,water,waterway=stream,53.5841806,-9.9776082,
w1294479792,,water,waterway=stream,53.5679487,-9.9648554,
w1294479793,,water,waterway=stream,53.5678056,-9.9645317,
w1294479794,,water,waterway=stream,53.5431969,-9.9902386,
w1294479795,,water,waterway=stream,53.5431777,-9.9901638,
w1294479796,,water,waterway=stream,53.5432911,-9.9910656,
w1294479797,,water,waterway=stream,53.5434018,-9.9919005,
w1294479798,,water,waterway=stream,53.580585,-10.0227239,
w1294479799,,water,waterway=stream,53.5807062,-10.0211686,
w1294479800,,water,waterway=stream,53.5942323,-10.0145248,
w1294479801,,water,waterway=stream,53.5939578,-10.0137566,
w1294482710,,water,waterway=stream,53.611791,-9.847941,
w1294482711,,water,waterway=stream,53.6117859,-9.8477987,
w1294482712,,water,waterway=stream,53.5867396,-9.8180033,
w1294482713,,water,waterway=stream,53.5868025,-9.8175805,
w1294482716,,water,waterway=stream,53.5637442,-9.8461722,
w1294482717,,water,waterway=stream,53.5638366,-9.8458824,
w1294482720,,water,waterway=stream,53.5490448,-9.7910481,
w1294482721,,water,waterway=stream,53.5488835,-9.7919209,
w1294482724,Tooreenacoona River,water,waterway=stream,53.5601768,-9.7868358,
w1294482725,Tooreenacoona River,water,waterway=stream,53.5574804,-9.784846,
w1294482726,,water,waterway=stream,53.6097208,-9.8271098,
w1294482727,,water,waterway=stream,53.6092793,-9.8274322,
w1294482728,,water,waterway=stream,53.6094529,-9.8292713,
w1294482729,,water,waterway=stream,53.6093019,-9.8295334,
w1294483846,,water,waterway=stream,53.6014522,-10.0320174,
w1294483847,,water,waterway=stream,53.6014325,-10.0318028,
w1294485441,,water,waterway=stream,53.6006496,-9.9073023,
w1294485442,,water,waterway=stream,53.5999239,-9.9071412,
w1294485443,,water,waterway=stream,53.6018009,-9.9026512,
w1294485444,,water,waterway=stream,53.6006916,-9.9012252,
w1300081896,,water,natural=wetland,53.1723406,-8.2413554,
w1300081897,,water,natural=wetland,53.1880343,-8.2619466,
w1300081898,,water,natural=wetland,53.2237353,-8.2673808,
w1300769667,Loch na Péiste,water,natural=water,53.3688307,-9.8396448,
w1301529075,,water,waterway=stream,53.4159024,-9.4574258,
w1301529076,,water,waterway=stream,53.4183802,-9.4669398,
w1301529077,Derrygauna,water,waterway=stream,53.4245929,-9.4770201,
w1302124400,Loch Cait,water,natural=water,53.3690331,-9.256436,
w1302366679,,water,natural=water,53.6583459,-8.8411906,
w1302370809,,water,natural=wetland,53.3742836,-9.9696222,
w1302862226,Black Lough,water,natural=water,53.0122244,-8.4114879,
w1303146189,,water,waterway=stream,53.0909524,-8.4586814,
w1303146190,,water,waterway=stream,53.0909415,-8.4589308,
w1303146191,,water,waterway=stream,53.0907957,-8.4579096,
w1303146192,,water,waterway=stream,53.090987,-8.4583984,
w1303146211,,water,natural=water,53.1175826,-8.4127351,
w1303321512,,water,natural=water,53.6531354,-8.8735078,
w1303335663,,water,natural=water,53.1755765,-8.5415537,
w1303878193,,water,natural=wetland,53.3516525,-8.2496295,
w1303878195,,water,natural=wetland,53.348828,-8.2667796,
w1304130510,Turra River,water,waterway=stream,53.0904727,-8.7769745,
w1304130513,Ballycahalan River,water,waterway=river,53.0903418,-8.7721767,
w1304130518,Turra River,water,waterway=stream,53.0867976,-8.7767352,
w1304314217,,water,waterway=river,53.1744389,-8.6235758,
w1304920262,Woodford River,water,waterway=river,53.0142172,-8.3090225,
w1305090001,,water,natural=water,53.5239643,-9.9150717,
w1305090002,,water,natural=water,53.5243915,-9.9154963,
w1305090003,,water,natural=water,53.5240981,-9.9148252,
w1305090004,,water,natural=wetland,53.5233623,-9.9165184,
w1305376104,,water,waterway=stream,53.5928691,-9.7769211,
w1305376105,,water,waterway=stream,53.5915575,-9.7756536,
w1305377197,,water,waterway=stream,53.5941656,-9.7047486,
w1305377198,,water,waterway=stream,53.5937723,-9.705456,
w1305390829,,water,waterway=stream,53.3390634,-8.9007888,
w1305390830,,water,waterway=stream,53.3386875,-8.9005692,
w1306693453,,water,natural=water,53.2037416,-8.4474993,
w1306693454,,water,natural=water,53.2040581,-8.4542799,
w1306936887,,water,waterway=stream,53.2205777,-8.3601733,
w1306936888,,water,waterway=stream,53.2205743,-8.3615896,
w1307023639,Kilcrow,water,waterway=river,53.1504701,-8.3069626,
w1307023640,Kilcrow,water,waterway=river,53.1504633,-8.30494,
w1307538286,,water,waterway=stream,53.1272282,-9.6606793,
w1307538287,,water,waterway=stream,53.1273788,-9.6604539,
w1308271978,Ballinure River,water,waterway=river,53.2908021,-8.2393576,
w1308271980,Ballinure River,water,waterway=river,53.291758,-8.2434287,
w1308504598,,water,natural=water,53.5716799,-9.9617303,
w1311370222,,water,natural=wetland,53.1284367,-9.751561,
w1311370223,,water,natural=wetland,53.1291583,-9.7520204,
w1311565925,,water,natural=wetland,53.1297419,-9.6542352,
w1311899996,Black River,water,waterway=river,53.4785058,-9.1691566,
w1312074254,,water,natural=wetland,53.1273576,-9.6548733,
w1313000059,Owenaglanna River,water,waterway=stream,53.1156564,-8.5518037,
w1313003219,Owenaglanna River,water,waterway=stream,53.1104647,-8.5695599,
w1313003220,,water,waterway=stream,53.1100292,-8.6594231,
w1313003222,Boleyneendorrish River,water,waterway=stream,53.1116636,-8.6295743,
w1313869474,,water,natural=water,53.5372322,-9.0406879,
w1314410602,,water,natural=water,53.1265506,-9.6585475,
w1314410603,,water,natural=water,53.1267819,-9.6595885,
w1314410617,,water,natural=water,53.127774,-9.6620266,
w1314615472,,water,natural=wetland,53.128762,-9.6651494,
w1314615473,,water,natural=wetland,53.1288874,-9.6649456,
w1314615474,,water,natural=water,53.1288004,-9.6650926,
w1314717098,,water,natural=water,53.1273111,-9.6609036,
w1314717100,,water,natural=water,53.1275849,-9.6605245,
w1314717102,,water,natural=wetland,53.1285427,-9.6640064,
w1314717103,,water,natural=wetland,53.1279408,-9.663346,
w1314721725,,water,natural=wetland,53.1282337,-9.6642974,
w1314721729,,water,natural=wetland,53.1290898,-9.6655354,
w1314721730,,water,natural=wetland,53.1290403,-9.6656371,
w1314721732,,water,natural=water,53.1291351,-9.665712,
w1314721733,,water,natural=wetland,53.1295032,-9.6655709,
w1314721735,,water,natural=wetland,53.1267526,-9.6593685,
w1314721736,,water,natural=wetland,53.1269061,-9.6600281,
w1314721737,,water,natural=wetland,53.1272562,-9.6608289,
w1314899280,,water,natural=wetland,53.1273872,-9.6640556,
w1314899281,,water,natural=wetland,53.1269974,-9.6631777,
w1315318958,,water,natural=wetland,53.1281183,-9.7517971,
w1316257739,Cong Canal Lock 3 (remains),water,natural=water,53.5429707,-9.2848676,
w1317382096,,water,natural=water,53.1396582,-9.7083291,
w1317385250,,water,natural=wetland,53.1395749,-9.7080103,
w1317385251,,water,natural=wetland,53.1397264,-9.7083275,
w1317385259,,water,natural=wetland,53.1378459,-9.7097843,
w1317399963,,water,natural=wetland,53.1395188,-9.7067815,
w1317402632,,water,natural=wetland,53.139492,-9.705865,
w1318114927,Fairfield Lough,water,natural=water,53.3155979,-8.3111479,
w1318114928,Lyons' Lough,water,natural=water,53.3139883,-8.3097665,
w1322293001,,water,natural=wetland,53.1254272,-9.7587245,
w1323854043,,water,natural=wetland,53.137968,-9.6998717,
w1323895932,,water,natural=wetland,53.1370253,-9.699869,
w1324078425,,water,natural=wetland,53.1380769,-9.7001268,
w1324239906,,water,natural=wetland,53.488213,-9.0463721,
w1325525420,,water,natural=wetland,53.4925529,-9.0461552,
w1327385861,,water,natural=wetland,53.4860135,-9.0588526,
w1327385864,,water,natural=wetland,53.4855982,-9.06279,
w1329510232,,water,waterway=stream,53.2689564,-9.6659735,
w1329510233,,water,waterway=stream,53.2699619,-9.6653058,
w1333296482,Drimneen,water,waterway=river,53.4325767,-9.2557481,
w1333296483,,water,waterway=river,53.4469476,-9.28795,
w1333296484,,water,waterway=river,53.4427849,-9.3093256,
w1333297314,,water,waterway=stream,53.4752854,-9.5403691,
w1333297315,,water,waterway=stream,53.4678431,-9.535017,
w1333299679,,water,waterway=stream,53.4646013,-9.5387268,
w1333299680,,water,waterway=stream,53.4613981,-9.5402294,
w1333299681,,water,waterway=stream,53.4645366,-9.5426041,
w1333299682,,water,waterway=stream,53.4559096,-9.5670426,
w1333299683,,water,waterway=stream,53.456052,-9.5697781,
w1333299684,,water,waterway=stream,53.445219,-9.5935911,
w1333299685,,water,waterway=stream,53.4454962,-9.5933024,
w1333299686,,water,waterway=stream,53.4447293,-9.5880442,
w1333299687,,water,waterway=stream,53.4454155,-9.5918219,
w1333299688,,water,waterway=stream,53.4470576,-9.5916439,
w1333299689,,water,waterway=stream,53.446432,-9.5924752,
w1333301130,,water,waterway=stream,53.4380719,-9.4979048,
w1333301131,,water,waterway=stream,53.4173015,-9.4768023,
w1333301132,,water,waterway=stream,53.4173448,-9.4751693,
w1333301133,,water,waterway=stream,53.4168045,-9.4763982,
w1333301134,,water,waterway=stream,53.4167106,-9.4762103,
w1333517709,,water,waterway=stream,53.3647451,-9.2164345,
w1333517710,,water,waterway=stream,53.3663323,-9.2137954,
w1333517711,,water,waterway=stream,53.3663516,-9.21393,
w1333517712,,water,waterway=stream,53.3631071,-9.2190079,
w1333518366,,water,waterway=stream,53.3927394,-9.2600581,
w1333518367,,water,waterway=stream,53.3941436,-9.2609485,
w1333518368,,water,waterway=stream,53.3940329,-9.2604797,
w1333519563,,water,waterway=stream,53.416497,-9.1156983,
w1333519564,,water,waterway=stream,53.4225842,-9.1113961,
w1333519565,,water,waterway=stream,53.4256271,-9.1130707,
w1334814406,,water,waterway=stream,53.365663,-9.3860505,
w1336290634,,water,waterway=river,53.3425438,-9.0728877,
w1336290875,,water,waterway=river,53.4079735,-9.0718266,
w1336290876,,water,waterway=stream,53.4048761,-9.0663416,
w1341660655,,water,natural=water,53.3614734,-8.7853553,
w1341660659,Nohilly's Pond,water,natural=water,53.3600718,-8.7877269,
w1341801322,,water,natural=water,53.3600082,-8.7956121,
w1342485518,Loughnaveeneeny,water,natural=water,53.6259414,-10.2539623,
w1342722249,,water,waterway=stream,53.5902791,-9.7885909,
w1344545677,,water,natural=wetland,53.5321285,-8.8196853,
w1346747768,,water,waterway=stream,53.5518501,-10.050133,
w1346747769,,water,waterway=stream,53.5500796,-10.047844,
w1346748007,,water,waterway=stream,53.4975949,-9.8949432,
w1346748008,,water,waterway=stream,53.4968697,-9.8946322,
w1346748009,,water,waterway=stream,53.497028,-9.8947343,
w1346748870,,water,waterway=stream,53.4996678,-9.888851,
w1346748871,,water,waterway=stream,53.5000574,-9.8889631,
w1346748872,,water,waterway=stream,53.4981338,-9.8888163,
w1347133663,,water,waterway=stream,53.4723116,-9.2029154,
w1347133664,,water,waterway=stream,53.4657204,-9.2117847,
w1348246613,,water,waterway=stream,53.5461071,-9.9277214,
w1348246614,,water,waterway=stream,53.5470755,-9.9312195,
w1348246615,,water,waterway=stream,53.5465858,-9.9300156,
w1348660359,,water,waterway=stream,53.1724697,-8.1485021,
w1348660360,,water,waterway=stream,53.1719038,-8.1478764,
w1348660361,,water,waterway=stream,53.1709323,-8.1472045,
w1348660362,,water,waterway=stream,53.1699782,-8.1465282,
w1356272051,,water,natural=wetland,53.4977346,-8.776086,
w1356272091,,water,waterway=stream,53.4925671,-8.7657006,
w1356272092,,water,waterway=stream,53.4920879,-8.7655728,
w1356272093,,water,waterway=stream,53.4929945,-8.7655623,
w1356272094,,water,waterway=stream,53.4919999,-8.7655439,
w1356272706,,water,natural=water,53.5474675,-8.7676357,
w1360688217,,water,natural=water,53.1414726,-9.7576502,
w1360688218,,water,waterway=stream,53.1416211,-9.7575968,
w1364618173,,water,natural=water,53.1758246,-8.2977502,
w1364618174,,water,natural=water,53.17641,-8.302568,
w1364618175,,water,natural=water,53.1768659,-8.3055724,
w1366331494,Duniry River,water,waterway=river,53.130995,-8.4348524,
w1366331496,Duniry River,water,waterway=river,53.1315217,-8.436623,
w1366335213,,water,waterway=stream,53.1383877,-8.4296707,
w1366335214,,water,waterway=stream,53.139232,-8.4285563,
w1366335215,,water,waterway=stream,53.139032,-8.4288444,
w1366335216,,water,waterway=stream,53.1377441,-8.4305648,
w1366335217,,water,waterway=stream,53.137773,-8.433496,
w1366335242,,water,waterway=stream,53.1300194,-8.4502438,
w1366341842,,water,natural=water,53.1393514,-8.3094397,
w1366343865,,water,waterway=stream,53.1501122,-8.3500071,
w1366343866,,water,waterway=stream,53.1490847,-8.3473789,
w1366343867,,water,waterway=stream,53.1493595,-8.3481864,
w1366361668,,water,natural=water,53.1786869,-8.3710942,
w1366362252,,water,waterway=stream,53.1817264,-8.3668705,
w1366362253,,water,waterway=stream,53.1830048,-8.37026,
w1366364006,,water,waterway=stream,53.212041,-8.3293274,
w1366364479,,water,waterway=stream,53.2582876,-8.5077309,
w1366364480,,water,waterway=stream,53.2598142,-8.5191837,
w1366364481,,water,waterway=stream,53.2590433,-8.514093,
w1366662728,,water,waterway=stream,53.3328172,-8.3697699,
w1366662730,,water,waterway=stream,53.3373888,-8.3642289,
w1367809790,,water,natural=water,53.5280646,-8.8843366,
w1367809791,,water,natural=water,53.5311238,-8.8843882,
w1367812307,,water,natural=water,53.5420989,-8.8805708,
w1367816064,,water,natural=water,53.529482,-8.8877379,
w1367886979,,water,natural=wetland,53.5721227,-9.04082,
w1367886980,,water,natural=wetland,53.5701223,-9.0388551,
w1367945513,,water,natural=water,53.5593426,-9.0344051,
w1367945514,,water,natural=water,53.556681,-9.0308239,
w1367945533,,water,natural=water,53.5439765,-9.0331287,
w1367955938,,water,waterway=stream,53.6053288,-8.9792621,
w1367955939,,water,waterway=stream,53.6055884,-8.9781955,
w1367956802,Turloghboy,water,natural=wetland,53.6045088,-8.9799795,
w1368069752,,water,waterway=stream,53.5224808,-8.8363658,
w1368069753,,water,waterway=stream,53.5220412,-8.8377633,
w1368069754,,water,waterway=stream,53.5229141,-8.83497,
w1368069755,,water,waterway=stream,53.5212565,-8.8380477,
w1368069756,,water,waterway=stream,53.5229636,-8.8334305,
w1368075225,,water,natural=water,53.522305,-8.8741777,
w1368075379,,water,natural=water,53.5205529,-8.8871795,
w1368677652,River Nanny,water,waterway=river,53.5163288,-8.8519315,
w1368677653,River Nanny,water,waterway=river,53.516542,-8.8517249,
w1368677658,,water,natural=water,53.5163553,-8.8518363,
w1368677990,River Nanny,water,waterway=river,53.5169566,-8.8468788,
w1368677991,River Nanny,water,waterway=river,53.5171052,-8.8471198,
w1368677992,River Nanny,water,waterway=river,53.5170416,-8.8470236,
w1368678455,,water,waterway=stream,53.5164171,-8.8450966,
w1368678456,,water,waterway=stream,53.5175438,-8.8430762,
w1369205660,,water,natural=water,53.5150589,-8.8408872,
w1369220386,,water,natural=water,53.3888394,-8.8699794,
w1369233759,,water,natural=water,53.5123187,-8.8323185,
w1369394618,,water,waterway=stream,53.5186808,-8.8418142,
w1369394619,,water,waterway=stream,53.5202678,-8.8397925,
w1369396290,,water,natural=water,53.5197783,-8.8244583,
w1369396824,,water,natural=water,53.5189231,-8.8145066,
w1369398403,,water,natural=water,53.5030084,-8.81763,
w1369802438,,water,natural=water,53.4058248,-8.8087797,
w1369804076,,water,waterway=stream,53.4392016,-8.7491754,
w1369804077,,water,waterway=stream,53.4386121,-8.7486269,
w1369804078,,water,waterway=stream,53.4385106,-8.7464033,
w1369804353,,water,natural=water,53.4395327,-8.7518328,
w1369804519,,water,waterway=stream,53.4399831,-8.7490115,
w1369804520,,water,waterway=stream,53.4397904,-8.7490406,
w1369804522,,water,natural=water,53.4402196,-8.7470491,
w1370076368,,water,natural=water,53.4643392,-9.0974636,
w1370077153,,water,natural=water,53.4683254,-9.0973979,
w1370089767,,water,natural=water,53.5132359,-9.0732251,
w1370095333,,water,natural=water,53.5028026,-9.042381,
w1370098047,,water,natural=water,53.5217844,-9.0786351,
w1370115324,,water,waterway=stream,53.4794396,-8.5239396,
w1370115325,,water,waterway=stream,53.4787987,-8.5248555,
w1370115335,,water,waterway=stream,53.4802065,-8.5193047,
w1370119876,,water,natural=water,53.4706887,-8.5018375,
w1370338004,,water,waterway=stream,53.4706236,-8.5112983,
w1370338005,,water,waterway=stream,53.4706244,-8.5153793,
w1370338006,,water,waterway=stream,53.469894,-8.5080514,
w1370339022,,water,natural=water,53.4695907,-8.504412,
w1370339044,,water,natural=wetland,53.4697515,-8.5070243,
w1370341766,,water,waterway=stream,53.4697784,-8.4876953,
w1370343989,,water,natural=water,53.3917352,-8.3287139,
w1370345330,,water,natural=water,53.3954505,-8.3345447,
w1370346044,,water,natural=water,53.3960594,-8.3389058,
w1370602968,,water,waterway=stream,53.4107618,-8.2775688,
w1370622982,,water,natural=water,53.5969082,-8.3627935,
w1370660814,,water,waterway=stream,53.667242,-8.5008395,
w1370662091,,water,waterway=stream,53.665938,-8.5030303,
w1370662092,,water,waterway=stream,53.6659215,-8.5027325,
w1370662093,,water,waterway=stream,53.665452,-8.5045051,
w1370662094,,water,waterway=stream,53.6659376,-8.5032643,
w1370663538,,water,natural=water,53.4362472,-8.6754892,
w1370664181,,water,natural=wetland,53.4459436,-8.6784115,
w1370665983,,water,natural=water,53.4540699,-8.6770335,
w1370670215,,water,waterway=stream,53.3137279,-8.2047346,
w1370670216,,water,waterway=stream,53.313754,-8.2048895,
w1370670497,,water,waterway=stream,53.3152057,-8.2138617,
w1370670498,,water,waterway=stream,53.3153683,-8.2159088,
w1370676361,,water,natural=water,53.3269372,-8.2116486,
w1370709400,,water,natural=water,53.3353641,-8.2331217,
w1370710679,,water,natural=water,53.3355772,-8.2365308,
w1370826397,,water,waterway=stream,53.3160058,-8.2226664,
w1370826398,,water,waterway=stream,53.3160371,-8.2231166,
w1375415506,,water,natural=water,53.3285967,-8.2184084,
w1375421860,,water,natural=water,53.4782592,-8.6717279,
w1375422425,,water,natural=wetland,53.4924338,-8.6757875,
w1375425893,,water,natural=water,53.5086753,-8.6766645,
w1375428936,,water,natural=wetland,53.5092544,-8.6686984,
w1376533242,,water,waterway=stream,53.331154,-9.0205583,
w1377870567,,water,natural=wetland,53.5529678,-8.6771613,
w1379343609,,water,natural=wetland,53.5844448,-8.6725621,
w1379343610,,water,natural=wetland,53.5821714,-8.6642287,
w1379353836,,water,waterway=stream,53.6006811,-8.6718312,
w1379354811,,water,waterway=stream,53.6105394,-8.6709916,
w1379365092,,water,waterway=stream,53.666375,-8.6835236,
w1380059773,,water,natural=wetland,53.5743303,-8.6812028,
w1380060312,,water,natural=wetland,53.5686183,-8.6855453,
w1380071132,,water,natural=wetland,53.5330766,-8.6857652,
w1380071757,,water,natural=wetland,53.5251432,-8.6834049,
w1380073934,,water,natural=water,53.7108359,-8.4575737,
w1380076062,,water,natural=water,53.6866784,-8.4450411,
w1380076063,,water,natural=water,53.6844547,-8.4399569,
w1380076594,,water,natural=water,53.7053381,-8.6153774,
w1380076595,,water,natural=water,53.7051055,-8.6133027,
w1380077008,,water,natural=water,53.3971216,-8.8682541,
w1380159704,,water,waterway=stream,53.567975,-9.7668936,
w1380159705,,water,waterway=stream,53.5680075,-9.7663678,
w1380333660,Terryland River,water,waterway=river,53.2924581,-9.0300494,
w1380333661,Terryland River,water,waterway=river,53.2915585,-9.0304319,
w1380693969,,water,natural=wetland,53.5019862,-8.6839172,
w1380693970,,water,natural=wetland,53.5035323,-8.6876053,
w1380693971,,water,natural=wetland,53.5052648,-8.6796659,
w1381257065,,water,waterway=river,53.4878789,-9.4083648,
w1381257066,,water,waterway=river,53.478614,-9.486067,
w1381257067,,water,waterway=stream,53.4865615,-9.5109258,
w1381257068,,water,waterway=stream,53.4936111,-9.5084215,
w1381257069,,water,waterway=stream,53.4939068,-9.5025858,
w1381257070,,water,waterway=stream,53.4981167,-9.5291851,
w1381257071,,water,waterway=stream,53.4972823,-9.5324058,
w1381257072,,water,waterway=stream,53.5030315,-9.5355736,
w1381257073,,water,waterway=stream,53.5053472,-9.5339273,
w1381257074,,water,waterway=stream,53.5043686,-9.5317997,
w1381257075,,water,waterway=stream,53.4844052,-9.4596361,
w1381257076,,water,waterway=stream,53.4903595,-9.4655273,
w1381260689,,water,waterway=river,53.4733939,-9.2417562,
w1381529158,,water,natural=wetland,53.4475257,-8.6861046,
w1381529160,,water,waterway=stream,53.4527393,-8.6885366,
w1381529161,,water,natural=water,53.4524172,-8.6879687,
w1381530593,,water,natural=water,53.4397304,-8.6821409,
w1381530595,,water,natural=water,53.4398886,-8.6906718,
w1381530596,,water,natural=water,53.4375991,-8.6844691,
w1381546994,,water,waterway=stream,53.4334197,-8.7315174,
w1381546995,,water,waterway=stream,53.4332041,-8.7304281,
w1381546996,,water,waterway=stream,53.4356212,-8.7330467,
w1381546997,,water,waterway=stream,53.4350188,-8.7327459,
w1381546998,,water,waterway=stream,53.4342371,-8.7321313,
w1381550312,,water,waterway=stream,53.3945661,-8.6225349,
w1381550313,,water,waterway=stream,53.3950496,-8.6212707,
w1381551307,,water,natural=wetland,53.3958963,-8.5558846,
w1381552727,,water,waterway=stream,53.405405,-8.4343176,
w1381555730,,water,natural=water,53.3876572,-8.323891,
w1381717384,,water,waterway=stream,53.4534195,-9.5765475,
w1381717385,,water,waterway=stream,53.454735,-9.5606803,
w1381717386,,water,waterway=stream,53.4530541,-9.5322921,
w1381719014,,water,waterway=stream,53.4899762,-9.4341278,
w1381719015,,water,waterway=stream,53.4872582,-9.4159713,
w1381719016,,water,waterway=stream,53.4858914,-9.4042917,
w1381719017,,water,waterway=stream,53.4846202,-9.3861839,
w1381719018,,water,waterway=stream,53.4829118,-9.3857302,
w1381719019,,water,waterway=stream,53.4732733,-9.3506982,
w1381719020,,water,waterway=stream,53.4675498,-9.3475252,
w1381719021,,water,waterway=stream,53.4621634,-9.3452337,
w1381719022,,water,waterway=stream,53.4604184,-9.3440848,
w1381827386,,water,natural=water,53.6708453,-8.665416,
w1381827800,,water,natural=wetland,53.6645518,-8.6632152,
w1381828365,,water,natural=water,53.6622263,-8.6610119,
w1381831798,Pollanargid,water,natural=water,53.6044044,-8.5563357,
w1381834326,,water,natural=water,53.602771,-8.662819,
w1381837891,,water,waterway=stream,53.5532048,-8.6492981,
w1382524471,,water,natural=wetland,53.5185025,-8.6680086,
w1382525236,,water,natural=wetland,53.5141668,-8.6657717,
w1382527469,,water,waterway=stream,53.4927697,-8.6624299,
w1382527470,,water,waterway=stream,53.4924305,-8.6626776,
w1382527471,,water,waterway=stream,53.4921094,-8.6629566,
w1382527472,,water,waterway=stream,53.491985,-8.6633052,
w1382527474,,water,natural=wetland,53.4913768,-8.6603807,
w1382527703,,water,natural=water,53.4862015,-8.6636556,
w1382527707,,water,natural=wetland,53.4822135,-8.6619389,
w1382626263,,water,natural=water,53.2733781,-9.1756832,
w1382626264,,water,natural=water,53.2737929,-9.1764147,
w1382626267,,water,natural=water,53.2740814,-9.1765141,
w1382626268,,water,natural=water,53.2748841,-9.1771723,
w1382626269,,water,natural=water,53.2789047,-9.1679015,
w1382800843,,water,natural=water,53.4460222,-8.6658092,
w1382800848,,water,waterway=stream,53.4457928,-8.6629148,
w1382800849,,water,natural=water,53.4455302,-8.6627792,
w1382802247,,water,natural=water,53.4246579,-8.6597889,
w1382803072,,water,natural=water,53.4391532,-8.6994998,
w1382803077,,water,natural=water,53.4403495,-8.6963389,
w1382857229,,water,waterway=stream,53.4616033,-8.7008018,
w1382857230,,water,waterway=stream,53.4616113,-8.7007635,
w1382863609,,water,waterway=stream,53.4978989,-8.7006483,
w1382863610,,water,waterway=stream,53.4994181,-8.6971065,
w1382864317,,water,natural=wetland,53.5035712,-8.6997058,
w1382864760,,water,natural=water,53.5126662,-8.6956793,
w1382870265,,water,waterway=stream,53.454583,-9.0917136,
w1382870266,,water,waterway=stream,53.4554214,-9.0908653,
w1382870267,,water,waterway=stream,53.4546199,-9.0930245,
w1382870271,,water,waterway=stream,53.4530535,-9.0879104,
w1382870272,,water,waterway=stream,53.453268,-9.0871434,
w1382870273,,water,waterway=stream,53.452614,-9.0887805,
w1382870320,,water,natural=water,53.4515217,-9.095743,
w1382876708,,water,natural=water,53.4451669,-9.0833086,
w1382879080,,water,natural=water,53.4825733,-9.121287,
w1382881292,,water,natural=water,53.5252382,-9.0655742,
w1382881293,,water,natural=water,53.5240859,-9.0714605,
w1382881746,,water,natural=water,53.5248564,-9.0550311,
w1383076343,,water,natural=water,53.6099102,-8.6958411,
w1383076348,,water,natural=water,53.6058202,-8.6974387,
w1383507297,,water,natural=water,53.4479646,-8.705163,
w1383548017,,water,waterway=stream,53.4493779,-8.7046896,
w1383548018,,water,waterway=stream,53.4495796,-8.7062111,
w1383548019,,water,waterway=stream,53.4492138,-8.7074865,
w1383622242,,water,natural=water,53.4994732,-8.7019048,
w1383622264,,water,waterway=stream,53.4987115,-8.7106867,
w1383622265,,water,waterway=stream,53.4987282,-8.7105428,
w1383622266,,water,waterway=stream,53.4986994,-8.7103919,
w1383622267,,water,waterway=stream,53.4982899,-8.7055136,
w1383623986,,water,natural=water,53.511838,-8.7030887,
w1383623987,,water,natural=water,53.5132921,-8.7103531,
w1383623989,,water,natural=wetland,53.5109115,-8.7131453,
w1383624338,,water,natural=wetland,53.5087025,-8.7229353,
w1383624728,,water,natural=wetland,53.5193747,-8.7224579,
w1383625948,,water,natural=water,53.5153907,-8.7286028,
w1383628225,,water,natural=water,53.5120249,-8.7473341,
w1383628230,,water,natural=water,53.5135033,-8.7373911,
w1383632178,,water,waterway=stream,53.5135868,-8.7519683,
w1383632179,,water,waterway=stream,53.5135517,-8.7523515,
w1383632180,,water,waterway=stream,53.5135855,-8.751567,
w1383632181,,water,waterway=stream,53.5134577,-8.7540999,
w1383632193,,water,natural=water,53.5113291,-8.7590567,
w1383632196,,water,waterway=stream,53.5135073,-8.7495028,
w1383633388,,water,natural=water,53.51068,-8.7658869,
w1383633390,,water,natural=water,53.5116453,-8.763719,
w1383633391,,water,waterway=stream,53.5125762,-8.7574603,
w1383635801,,water,natural=water,53.5001921,-8.7727318,
w1383636854,,water,natural=water,53.4970469,-8.7832822,
w1383636855,,water,natural=water,53.4965931,-8.7852558,
w1383646840,,water,natural=water,53.4899075,-8.7825735,
w1383646841,,water,natural=water,53.4882933,-8.7792497,
w1383646868,,water,natural=water,53.4936874,-8.7884325,
w1383646870,,water,natural=water,53.4921487,-8.7868859,
w1383647360,,water,natural=wetland,53.5233224,-8.7053648,
w1383733079,,water,natural=water,53.5352381,-8.7020508,
w1383743278,,water,natural=wetland,53.6624595,-8.6967656,
w1383745196,,water,natural=water,53.5448353,-8.7117909,
w1383748645,,water,natural=water,53.5855759,-8.7097311,
w1383749690,,water,waterway=stream,53.5932506,-8.7139003,
w1383749691,,water,waterway=stream,53.5913386,-8.7092152,
w1383749704,,water,waterway=stream,53.58887,-8.7041199,
w1383750389,,water,natural=water,53.605385,-8.7075907,
w1383823773,,water,waterway=stream,53.3764228,-9.5390243,
w1383823774,,water,waterway=stream,53.3805989,-9.5351779,
w1383823775,,water,waterway=stream,53.3811135,-9.5333843,
w1383823776,,water,waterway=stream,53.374926,-9.503791,
w1383823777,,water,waterway=stream,53.373456,-9.4998235,
w1383823778,,water,waterway=stream,53.3741322,-9.500606,
w1383825125,,water,waterway=stream,53.440206,-9.535736,
w1383825126,,water,waterway=river,53.4364293,-9.5448176,
w1383825966,,water,waterway=stream,53.4627176,-9.559902,
w1383825967,,water,waterway=stream,53.4624441,-9.5611452,
w1383828257,,water,waterway=river,53.5082035,-9.7539293,
w1383828258,,water,waterway=stream,53.5263659,-9.7630647,
w1383828259,,water,waterway=stream,53.5229767,-9.7538806,
w1383828260,,water,waterway=stream,53.5222213,-9.7625561,
w1383828261,,water,waterway=stream,53.5153762,-9.739897,
w1383828262,,water,waterway=stream,53.5104078,-9.7362995,
w1383828263,,water,waterway=stream,53.5068561,-9.7428894,
w1383828264,,water,waterway=stream,53.50476,-9.7364011,
w1383828265,,water,waterway=stream,53.496044,-9.739071,
w1383828266,,water,waterway=river,53.4736563,-9.7735738,
w1383828267,,water,waterway=stream,53.4631041,-9.7999312,
w1383828269,,water,waterway=stream,53.4747879,-9.7720009,
w1383828270,,water,waterway=stream,53.4791011,-9.7625214,
w1383828271,,water,waterway=stream,53.48328,-9.7546168,
w1383828272,,water,waterway=canal,53.4842758,-9.7476319,
w1383829333,,water,waterway=stream,53.5160688,-9.7365148,
w1383829334,,water,waterway=stream,53.5160042,-9.7367987,
w1383857372,,water,waterway=river,53.5716521,-9.4028075,
w1383857373,,water,waterway=stream,53.5636684,-9.4429615,
w1383857374,,water,waterway=stream,53.5594944,-9.4805953,
w1383857375,,water,waterway=stream,53.5555513,-9.4984606,
w1383857376,,water,waterway=river,53.5643695,-9.4787789,
w1383857378,,water,waterway=stream,53.5657568,-9.4596119,
w1383857379,,water,waterway=stream,53.5574931,-9.4963725,
w1384379264,,water,waterway=river,53.5774591,-9.5508249,
w1384379265,,water,waterway=stream,53.5784927,-9.5212221,
w1384379266,,water,waterway=stream,53.579643,-9.5403417,
w1384379267,,water,waterway=stream,53.5782093,-9.5559633,
w1384379268,,water,waterway=river,53.5773243,-9.5622662,
w1384379269,,water,waterway=stream,53.5765191,-9.5792817,
w1384379270,,water,waterway=stream,53.5753246,-9.5684669,
w1384379271,,water,waterway=stream,53.5750269,-9.5615709,
w1384379272,,water,waterway=stream,53.5752431,-9.5553073,
w1384940275,,water,natural=water,53.6076034,-8.7194585,
w1384940276,,water,natural=water,53.609024,-8.7247485,
w1384940278,,water,natural=water,53.6057741,-8.7152728,
w1384941040,,water,natural=water,53.6023185,-8.7202169,
w1384943158,,water,waterway=stream,53.5951195,-8.7185406,
w1384943159,,water,waterway=stream,53.5951929,-8.7204183,
w1384962158,,water,natural=wetland,53.5869199,-8.7206394,
w1385152078,,water,natural=water,53.564785,-8.7211295,
w1385154171,,water,natural=water,53.5581651,-8.7170914,
w1385154179,,water,natural=water,53.5536719,-8.7127443,
w1385157286,,water,natural=water,53.5445063,-8.7200694,
w1385167363,,water,natural=water,53.4403291,-8.7310933,
w1385178168,,water,natural=water,53.4394405,-8.7391292,
w1385178169,,water,natural=water,53.4394847,-8.7445338,
w1385189318,,water,natural=water,53.4430451,-8.7178063,
w1385191115,,water,waterway=stream,53.468746,-8.7245907,
w1385195264,,water,natural=wetland,53.4831506,-8.7303811,
w1385201251,,water,natural=water,53.5594214,-8.7309431,
w1385319936,,water,waterway=stream,53.6013878,-8.7286015,
w1385633441,,water,waterway=stream,53.2656055,-9.1311777,
w1385633442,,water,waterway=stream,53.2670376,-9.1300918,
w1385635975,,water,waterway=stream,53.52665,-9.457979,
w1385635976,,water,waterway=stream,53.5277309,-9.4576007,
w1385635978,,water,waterway=stream,53.5196577,-9.3587218,
w1385635979,,water,waterway=stream,53.5225423,-9.3578549,
w1385635980,,water,waterway=stream,53.515176,-9.386941,
w1385635981,,water,waterway=stream,53.5160432,-9.3917634,
w1385635982,,water,waterway=stream,53.5120557,-9.4068152,
w1385635983,,water,waterway=stream,53.506081,-9.4004509,
w1385742141,,water,waterway=stream,53.6433989,-8.728683,
w1385842799,,water,natural=water,53.6276166,-8.7424125,
w1385844737,,water,natural=water,53.6246776,-8.7433895,
w1385847094,,water,natural=water,53.6184131,-8.738645,
w1385849654,,water,natural=water,53.6192273,-8.7412978,
w1385849703,,water,natural=water,53.6205995,-8.7434904,
w1385851220,,water,natural=water,53.61448,-8.7390828,
w1385851223,,water,natural=water,53.6121653,-8.7359205,
w1385851763,,water,waterway=stream,53.613834,-8.7417899,
w1385851764,,water,waterway=stream,53.6137572,-8.7423625,
w1385851765,,water,waterway=stream,53.6143729,-8.7402437,
w1385851766,,water,waterway=stream,53.6141157,-8.7403106,
w1385851767,,water,waterway=stream,53.6139175,-8.7412079,
w1385851768,,water,waterway=stream,53.6137401,-8.742673,
w1385851769,,water,waterway=stream,53.614009,-8.7407411,
w1385870534,,water,natural=water,53.6175273,-8.7368546,
w1385902952,Lough Agar,water,natural=water,53.5608727,-8.7404207,
w1385903225,,water,natural=wetland,53.5589409,-8.7402249,
w1385904710,,water,natural=water,53.5440761,-8.7384291,
w1385904711,,water,natural=water,53.5457773,-8.7458601,
w1385904725,,water,natural=water,53.542507,-8.7366683,
w1385909017,,water,natural=water,53.5253462,-8.7357645,
w1385969400,,water,waterway=stream,53.3394045,-8.2375654,
w1385969401,,water,waterway=stream,53.3394277,-8.2379798,
w1385969402,,water,waterway=stream,53.3396535,-8.2363592,
w1385980513,,water,natural=water,53.5095961,-8.7671421,
w1385983135,,water,natural=water,53.5075543,-8.9043331,
w1386319796,,water,waterway=stream,53.5094163,-8.9568635,
w1386968452,,water,waterway=stream,53.5104985,-9.027464,
w1386968453,,water,waterway=stream,53.5098055,-9.0281318,
w1386968454,,water,waterway=stream,53.5113856,-9.025377,
w1386984515,,water,waterway=stream,53.5591176,-8.7489476,
w1386984516,,water,waterway=stream,53.5589941,-8.7509224,
w1386984517,,water,waterway=stream,53.5596396,-8.7467815,
w1386984518,,water,waterway=stream,53.5594295,-8.746905,
w1386984519,,water,waterway=stream,53.5592084,-8.7479115,
w1386986229,,water,natural=wetland,53.5746233,-8.755956,
w1387003581,,water,natural=water,53.6230371,-8.7558883,
w1387003585,,water,natural=water,53.6239152,-8.7521399,
w1387003586,,water,natural=water,53.6235242,-8.747908,
w1387088279,,water,natural=water,53.6093173,-8.7526059,
w1387093195,,water,natural=water,53.6198592,-8.7691028,
w1387094218,,water,waterway=canal,53.6220548,-8.7588102,
w1387390612,,water,natural=water,53.5620318,-8.7619055,
w1387390613,,water,natural=water,53.5612706,-8.7569246,
w1387391035,,water,natural=water,53.5474543,-8.7598056,
w1387391036,,water,natural=water,53.5491256,-8.7628144,
w1387392258,,water,natural=water,53.5315977,-8.7666399,
w1387798919,,water,natural=wetland,53.6031345,-8.7702844,
w1387799818,,water,waterway=stream,53.5947673,-8.7748962,
w1387806021,,water,natural=water,53.5494672,-8.7752756,
w1387844884,,water,natural=water,53.5242871,-8.7782586,
w1387847971,,water,waterway=stream,53.5363534,-8.786697,
w1387850777,,water,natural=water,53.5489487,-8.7816421,
w1387853814,,water,natural=wetland,53.569103,-8.7852135,
w1387856911,,water,natural=water,53.6134325,-8.8018647,
w1387876331,,water,natural=water,53.6476411,-8.8712709,
w1388040654,,water,natural=water,53.6277718,-8.7980492,
w1388043140,,water,natural=wetland,53.6175897,-8.7915087,
w1388043681,,water,natural=wetland,53.6053991,-8.803466,
w1388043682,,water,natural=wetland,53.6062714,-8.7927828,
w1388043683,,water,natural=wetland,53.608773,-8.7939468,
w1388046952,,water,natural=wetland,53.5981129,-8.7973935,
w1388046964,,water,natural=wetland,53.5932896,-8.7940326,
w1388096996,,water,natural=wetland,53.5343106,-8.7933273,
w1388101226,,water,natural=wetland,53.5582129,-8.8061697,
w1388101868,,water,natural=water,53.5636025,-8.8035518,
w1388101872,,water,natural=water,53.5615928,-8.8008434,
w1388102351,,water,natural=wetland,53.5709251,-8.8020042,
w1388102491,,water,natural=wetland,53.5780027,-8.8078595,
w1388193326,,water,natural=wetland,53.5986396,-8.8155199,
w1388194397,,water,natural=wetland,53.608262,-8.8231293,
w1388200639,,water,natural=wetland,53.6383632,-8.8300359,
w1388466355,,water,natural=water,53.6157525,-8.8323554,
w1388468320,,water,natural=wetland,53.5986746,-8.8260609,
w1388469386,,water,natural=wetland,53.5889115,-8.8411939,
w1388542289,,water,natural=water,53.6017285,-8.8385303,
w1388542290,,water,natural=water,53.6049514,-8.8437143,
w1388578707,,water,natural=water,53.6209554,-8.850816,
w1388605767,,water,natural=wetland,53.639788,-8.8524377,
w1388606989,,water,natural=water,53.6321083,-8.8580624,
w1388607001,,water,natural=wetland,53.6321863,-8.8457671,
w1388609421,,water,natural=wetland,53.6156829,-8.852942,
w1388654740,,water,natural=wetland,53.5746493,-8.8489616,
w1388655598,,water,waterway=stream,53.5547945,-8.8493774,
w1388655599,,water,waterway=stream,53.5559632,-8.8484486,
w1388655600,,water,waterway=stream,53.557884,-8.8479537,
w1388655601,,water,waterway=stream,53.5581784,-8.8482375,
w1388655602,,water,waterway=stream,53.5575908,-8.847675,
w1388655603,,water,waterway=stream,53.5589249,-8.8480804,
w1388655612,,water,waterway=stream,53.5567844,-8.8477768,
w1388656450,,water,waterway=stream,53.5528569,-8.8487725,
w1389034967,,water,natural=water,53.5378319,-8.8538204,
w1389035284,,water,natural=wetland,53.6437601,-8.8614687,
w1389035285,,water,natural=water,53.6421589,-8.8607083,
w1389035287,,water,natural=wetland,53.6392108,-8.8588348,
w1389037875,,water,natural=water,53.6254073,-8.8604099,
w1389038405,,water,natural=water,53.6235446,-8.8593033,
w1389038406,,water,natural=water,53.621618,-8.8627643,
w1389040793,,water,waterway=stream,53.6121678,-8.8623038,
w1389040794,,water,waterway=river,53.6082,-8.8539069,
w1389040795,,water,natural=water,53.6117185,-8.8639659,
w1389040796,,water,waterway=river,53.6117659,-8.8661644,
w1389040797,,water,waterway=river,53.6115744,-8.8686891,
w1389047599,,water,natural=wetland,53.5657083,-8.8608438,
w1389052506,,water,natural=water,53.5534691,-8.8573817,
w1389058625,,water,waterway=stream,53.5404186,-8.8564566,
w1389058626,,water,waterway=stream,53.5408166,-8.8563748,
w1389058627,,water,waterway=stream,53.5414354,-8.8558388,
w1389058628,,water,natural=water,53.5420431,-8.8552735,
w1389073423,,water,natural=water,53.5237685,-8.8780817,
w1389073426,,water,natural=water,53.5234323,-8.8795448,
w1389073427,,water,natural=water,53.5243273,-8.8806197,
w1389074535,,water,natural=water,53.5196515,-9.0840619,
w1389342336,,water,natural=wetland,53.5662164,-8.8845859,
w1389346861,,water,natural=wetland,53.6132715,-8.8724419,
w1389347540,,water,natural=water,53.6241466,-8.8720487,
w1389355252,,water,natural=water,53.523686,-9.0438585,
w1389356203,,water,natural=water,53.546025,-8.8861188,
w1389359301,,water,natural=water,53.5630055,-8.9040278,
w1389361138,,water,waterway=canal,53.5539182,-8.890707,
w1389361139,,water,waterway=canal,53.5538802,-8.8904462,
w1389361140,,water,waterway=canal,53.5538303,-8.8910971,
w1389402146,,water,natural=water,53.6231185,-8.8830082,
w1389407341,,water,natural=wetland,53.6392728,-8.9202654,
w1389409397,,water,natural=wetland,53.6430509,-8.9254582,
w1389414469,,water,waterway=stream,53.6361493,-8.9022135,
w1389414470,,water,waterway=stream,53.6355157,-8.9045771,
w1389659409,,water,natural=wetland,53.62336,-8.9514702,
w1389659410,,water,natural=wetland,53.6212918,-8.9433646,
w1389663998,,water,waterway=canal,53.6150899,-8.8919674,
w1389664039,,water,natural=water,53.6154816,-8.8935112,
w1389763789,,water,natural=water,53.6125889,-8.9029732,
w1389766793,,water,waterway=stream,53.6187002,-8.9191385,
w1389770036,,water,natural=wetland,53.5335326,-8.5670454,
w1389865966,,water,natural=water,53.6072236,-8.9139755,
w1389867205,,water,waterway=stream,53.6111698,-8.9273611,
w1389867206,,water,waterway=stream,53.61188,-8.927895,
w1389867207,,water,waterway=stream,53.6122747,-8.9283107,
w1389875389,,water,waterway=stream,53.6015403,-8.9355693,
w1389876322,,water,natural=water,53.6003309,-8.9211547,
w1389882107,,water,natural=water,53.524789,-9.0312499,
w1389882800,,water,natural=water,53.530485,-9.0195389,
w1389886558,,water,natural=water,53.5768915,-9.0256883,
w1389886992,,water,natural=water,53.5703353,-9.0208265,
w1390059849,,water,waterway=stream,53.5546323,-9.0287151,
w1390059850,,water,natural=wetland,53.5566196,-9.0273527,
w1390068793,,water,natural=water,53.5989541,-8.9650731,
w1390073688,,water,natural=water,53.5986294,-8.9382416,
w1390085770,,water,natural=water,53.5950951,-8.9165251,
w1390088427,,water,natural=water,53.5890118,-8.9094521,
w1390131418,,water,natural=water,53.5894624,-8.9825684,
w1390131433,Edhollaun Turlough,water,natural=water,53.5884492,-8.9813031,
w1390133018,,water,natural=water,53.5874897,-8.9963428,
w1390133935,,water,natural=water,53.5887655,-9.0059284,
w1390135611,Turlough Bodarrig,water,natural=water,53.578402,-8.9920193,
w1390162225,,water,natural=wetland,53.5818799,-8.9495943,
w1390203002,,water,natural=wetland,53.5805136,-8.9170939,
w1390203003,,water,natural=water,53.5806929,-8.9099835,
w1390203575,,water,natural=water,53.5817901,-8.9019068,
w1390203579,,water,natural=wetland,53.5834643,-8.9011749,
w1390205678,,water,natural=wetland,53.5772779,-8.8981485,
w1390214253,,water,natural=water,53.5304438,-8.8883818,
w1390214270,,water,natural=water,53.5328232,-8.8884903,
w1390214772,,water,natural=water,53.5205839,-8.896424,
w1390214789,,water,natural=wetland,53.5228311,-8.8923012,
w1390215244,,water,natural=water,53.5189694,-8.904496,
w1390217942,,water,natural=wetland,53.529999,-8.8969828,
w1390227016,,water,natural=wetland,53.5314297,-8.9082384,
w1390227404,,water,natural=wetland,53.5367448,-8.8989553,
w1390231128,,water,natural=wetland,53.5624186,-8.9103467,
w1390231129,,water,waterway=stream,53.5650657,-8.9023697,
w1390231130,,water,waterway=stream,53.5641776,-8.8941058,
w1390231131,,water,waterway=stream,53.5649004,-8.9042689,
w1390234747,,water,natural=water,53.574105,-8.9158223,
w1390238579,Pollbodárrig,water,natural=water,53.5768053,-8.9889709,
w1390791339,,water,natural=water,53.5632099,-8.9729842,
w1390791348,,water,natural=wetland,53.559446,-8.9634652,
w1390792269,,water,natural=wetland,53.5636844,-8.952452,
w1390793386,,water,natural=wetland,53.5601996,-8.95051,
w1390798242,,water,natural=wetland,53.5543791,-8.9540237,
w1390798244,,water,natural=wetland,53.5574226,-8.9456553,
w1390798645,,water,natural=wetland,53.553954,-8.9645085,
w1390798647,,water,natural=wetland,53.5557798,-8.9715654,
w1390802457,,water,natural=wetland,53.5526585,-8.9884633,
w1390802458,,water,natural=wetland,53.5543308,-8.9903945,
w1390802459,,water,natural=wetland,53.554212,-8.9934281,
w1390802461,,water,waterway=stream,53.5557052,-8.9890574,
w1390802462,,water,waterway=stream,53.5548305,-8.9874092,
w1390802472,,water,waterway=stream,53.5580757,-8.9952961,
w1390802473,,water,waterway=stream,53.5578776,-8.9941549,
w1390802474,,water,waterway=stream,53.5567726,-8.9915841,
w1390807945,,water,natural=wetland,53.5545243,-9.0158325,
w1390808246,,water,natural=wetland,53.5497838,-9.0155724,
w1390809627,,water,natural=wetland,53.545146,-8.9921057,
w1390809630,,water,natural=wetland,53.5521358,-9.005109,
w1390810181,,water,natural=wetland,53.5504905,-8.9888012,
w1390811038,,water,natural=wetland,53.5516626,-8.9715573,
w1390811040,,water,natural=wetland,53.5494203,-8.9676494,
w1390811147,,water,natural=wetland,53.5490347,-8.9583314,
w1390813676,,water,waterway=stream,53.5481551,-8.9217018,
w1390813677,,water,waterway=stream,53.5476213,-8.9202574,
w1390813678,,water,waterway=stream,53.5474477,-8.9201825,
w1390820327,,water,natural=water,53.5153958,-8.9109488,
w1390820590,,water,natural=wetland,53.5143121,-8.9259678,
w1390912574,,water,natural=wetland,53.5339407,-8.9386466,
w1390912848,,water,natural=wetland,53.5303105,-8.9389819,
w1390917412,,water,natural=wetland,53.534296,-8.9480344,
w1390921294,,water,waterway=stream,53.5377546,-8.9589536,
w1390921295,,water,waterway=stream,53.5406129,-8.9562163,
w1390987304,Togher River,water,waterway=river,53.5235437,-8.9611507,
w1390987305,Togher River,water,waterway=river,53.5232482,-8.9576336,
w1390987307,,water,natural=water,53.5235448,-8.9611228,
w1390987309,Togher River,water,waterway=river,53.5238174,-8.9646644,
w1390987310,Togher River,water,waterway=river,53.5228436,-8.9547515,
w1390987311,,water,natural=wetland,53.5250053,-8.9612657,
w1391019139,,water,natural=water,53.5238789,-8.9837084,
w1391023347,,water,natural=wetland,53.5454331,-8.9672739,
w1391024788,,water,natural=wetland,53.5259645,-9.0023652,
w1391024789,,water,natural=water,53.5260087,-8.9973481,
w1391026251,,water,natural=wetland,53.5343997,-8.9811569,
w1391026366,,water,natural=wetland,53.538216,-8.9912716,
w1391026633,,water,natural=wetland,53.527082,-8.9707286,
w1391029698,,water,natural=water,53.5342174,-9.0120935,
w1391030025,,water,natural=wetland,53.5309867,-8.983799,
w1391031113,,water,natural=wetland,53.5214646,-9.0153578,
w1391031114,,water,natural=wetland,53.5234133,-9.0187776,
w1391032590,,water,natural=water,53.5250341,-8.9906895,
w1391033364,,water,natural=water,53.5235886,-8.9750368,
w1391033365,Togher River,water,waterway=river,53.5235943,-8.974035,
w1391033366,Togher River,water,waterway=river,53.5235903,-8.9706148,
w1391033368,,water,natural=water,53.523593,-8.9706167,
w1391033369,,water,natural=water,53.523707,-8.9659351,
w1391033370,Togher River,water,waterway=river,53.523599,-8.967193,
w1391033371,Togher River,water,waterway=river,53.5237087,-8.9659277,
w1391043828,,water,natural=wetland,53.5350598,-8.9697468,
w1391044542,,water,waterway=stream,53.5049203,-8.7364389,
w1391044543,,water,waterway=stream,53.505229,-8.7355095,
w1391044544,,water,waterway=stream,53.5028788,-8.7391499,
w1391044545,,water,waterway=stream,53.5031416,-8.7387195,
w1391044546,,water,waterway=stream,53.5040277,-8.7375789,
w1391044547,,water,waterway=stream,53.5022193,-8.7375224,
w1391044548,,water,waterway=stream,53.5021929,-8.7372047,
w1391044549,,water,waterway=stream,53.5024372,-8.7386788,
w1391044550,,water,waterway=stream,53.5022446,-8.7378455,
w1391045420,,water,natural=water,53.5014477,-8.7474434,
w1391181711,,water,natural=water,53.4725846,-8.7454732,
w1391190610,,water,waterway=stream,53.4455777,-8.7490386,
w1391190611,,water,waterway=stream,53.4451503,-8.7483801,
w1391190612,,water,waterway=stream,53.4448796,-8.7475862,
w1391193183,,water,natural=water,53.4353388,-8.7671247,
w1391205897,,water,natural=wetland,53.4832863,-8.7706358,
w1391205904,,water,natural=water,53.4845383,-8.7770221,
w1391218414,,water,natural=water,53.4511968,-8.776094,
w1391229136,,water,natural=water,53.4301127,-8.783682,
w1391241195,,water,natural=water,53.4786864,-8.7830712,
w1391241196,,water,waterway=river,53.4780211,-8.7831185,
w1391241223,,water,natural=water,53.4760491,-8.7890021,
w1391624471,,water,waterway=stream,53.4627017,-9.7994399,
w1391624472,,water,waterway=stream,53.4623653,-9.7990957,
w1391697236,,water,natural=water,53.4758935,-8.7948346,
w1391704717,,water,natural=water,53.4283037,-8.7929597,
w1391704718,,water,natural=water,53.4264422,-8.7999357,
w1391709733,,water,natural=water,53.4260096,-8.8107921,
w1391709735,,water,natural=water,53.4263399,-8.8095633,
w1391709758,,water,natural=water,53.4260555,-8.8067929,
w1391711737,,water,natural=water,53.4836861,-9.114336,
w1391711746,Lough Turrae,water,natural=water,53.484157,-9.1111347,
w1391712250,,water,natural=water,53.4925951,-9.1172777,
w1391715057,,water,natural=water,53.4749549,-8.7998597,
w1391715058,,water,natural=water,53.4748483,-8.8029959,
w1391715060,,water,natural=water,53.4744368,-8.8100709,
w1392129077,Glashastellen Stream,water,waterway=stream,53.5639894,-9.9338486,
w1392129078,Glashastellen Stream,water,waterway=stream,53.562544,-9.9331692,
w1392322059,Owenriff River,water,waterway=river,53.4329932,-9.3148098,
w1392846424,,water,natural=water,53.4227426,-8.8192903,
w1392846441,,water,waterway=stream,53.425872,-8.8152248,
w1392846442,,water,waterway=stream,53.4255252,-8.8158565,
w1392846443,,water,waterway=stream,53.4249102,-8.8162239,
w1392846448,,water,natural=water,53.4255408,-8.8123931,
w1392846451,,water,natural=water,53.4249083,-8.8150276,
w1392849753,,water,natural=water,53.4206812,-8.8258302,
w1392849754,,water,natural=water,53.4200078,-8.8315775,
w1393387147,,water,natural=water,53.4722038,-8.82229,
w1393387148,,water,natural=water,53.4710606,-8.8295772,
w1393390153,,water,natural=water,53.4691112,-8.8385318,
w1393391390,,water,natural=water,53.4651841,-8.8419033,
w1393391393,,water,natural=water,53.4619524,-8.8435636,
w1393480552,,water,natural=water,53.4185527,-8.8368152,
w1393480561,,water,natural=water,53.4156853,-8.8412529,
w1393482520,,water,natural=water,53.4138853,-8.845124,
w1393672888,,water,natural=water,53.4152409,-8.8515036,
w1393679627,,water,natural=water,53.4420015,-8.8517269,
w1393679773,,water,natural=water,53.4173418,-8.8622486,
w1393681060,,water,natural=water,53.4607874,-8.8465912,
w1393681064,,water,natural=water,53.4578533,-8.8522567,
w1393879769,,water,natural=water,53.4950091,-8.85686,
w1393881774,,water,waterway=stream,53.4674249,-8.8615735,
w1393881775,,water,waterway=stream,53.4674912,-8.8614998,
w1393881776,,water,waterway=stream,53.4676931,-8.8612569,
w1393881777,,water,waterway=stream,53.468374,-8.8613816,
w1393881790,,water,waterway=stream,53.4658366,-8.8632787,
w1393881791,,water,natural=water,53.4687349,-8.8692525,
w1393883998,,water,natural=water,53.4555572,-8.8624229,
w1393883999,,water,natural=water,53.4466447,-8.8620105,
w1393885446,,water,natural=water,53.4531578,-8.857715,
w1393915359,,water,natural=water,53.4365629,-8.8631437,
w1393922972,,water,natural=water,53.4327997,-8.8698185,
w1393938247,,water,natural=water,53.4048191,-8.875491,
w1393940164,,water,natural=water,53.4203226,-8.8734773,
w1394016827,,water,natural=water,53.4847865,-8.8771529,
w1394019344,,water,natural=water,53.4925736,-8.8867593,
w1394019345,,water,natural=water,53.4897826,-8.881816,
w1394029697,,water,natural=water,53.4228637,-8.8802261,
w1394029699,,water,natural=water,53.4225231,-8.8810066,
w1394031955,,water,natural=water,53.4078318,-8.8790425,
w1394031957,,water,natural=water,53.4131098,-8.8798647,
w1394214133,,water,natural=water,53.496333,-8.8955891,
w1394214134,,water,natural=water,53.4986473,-8.8955972,
w1394214182,,water,natural=water,53.4952113,-8.8917616,
w1394215682,,water,natural=water,53.4938242,-8.8891853,
w1394216571,,water,natural=water,53.4797301,-8.8950836,
w1394216572,,water,natural=water,53.4763269,-8.8908738,
w1394217336,,water,waterway=stream,53.4718072,-8.8909345,
w1394217339,Clare,water,waterway=river,53.4738708,-8.8888635,
w1394217369,,water,waterway=river,53.4746033,-8.8888986,
w1394234235,,water,natural=water,53.4143707,-8.8960774,
w1395303875,,water,natural=water,53.4096387,-8.9055633,
w1395331327,,water,natural=water,53.4973903,-8.9315893,
w1395341509,,water,natural=water,53.4280646,-8.9249214,
w1395343989,,water,natural=water,53.4096445,-8.9284891,
w1395546697,,water,natural=water,53.5036744,-8.987672,
w1395546698,,water,natural=water,53.5051448,-8.9872483,
w1395546781,,water,natural=water,53.5056405,-9.0036332,
w1395563441,,water,natural=water,53.4837148,-8.9484769,
w1395563444,,water,natural=water,53.4816407,-8.9502177,
w1395580397,,water,natural=water,53.4173636,-8.9580651,
w1408570798,,water,natural=water,53.4365305,-8.9825712,
w1408654611,,water,natural=wetland,53.4139924,-9.0183297,
w1408755813,,water,natural=wetland,53.4184269,-9.0003267,
w1408764704,,water,natural=water,53.4235226,-9.0108181,
w1409159674,,water,natural=water,53.2820492,-9.1740003,
w1409159675,,water,natural=water,53.2821535,-9.1775257,
w1409159676,,water,waterway=stream,53.2773157,-9.1800702,
w1409159677,,water,waterway=stream,53.2776156,-9.1794047,
w1409159678,,water,waterway=stream,53.2777089,-9.1797226,
w1409159679,,water,waterway=stream,53.2777049,-9.1799577,
w1409301585,,water,waterway=stream,53.4372303,-9.0325024,
w1409301586,,water,waterway=stream,53.436778,-9.0322722,
w1409312676,,water,natural=water,53.4475881,-9.0334198,
w1409880287,,water,waterway=stream,53.4541956,-9.0676984,
w1409880288,,water,waterway=stream,53.4536808,-9.0673443,
w1409880289,,water,waterway=stream,53.4529807,-9.0671673,
w1409880290,,water,waterway=stream,53.4522817,-9.0670158,
w1409880291,,water,waterway=stream,53.4502619,-9.065841,
w1409887331,,water,waterway=stream,53.4486822,-9.030629,
w1409887332,,water,waterway=stream,53.4491039,-9.0312942,
w1409887333,,water,waterway=stream,53.4491263,-9.0325641,
w1409896131,,water,waterway=stream,53.4603022,-9.0699844,
w1409896132,,water,waterway=stream,53.4603299,-9.0700223,
w1409896133,,water,waterway=stream,53.4582258,-9.0699981,
w1409896134,,water,waterway=stream,53.4589555,-9.0696578,
w1409896135,,water,waterway=stream,53.4559873,-9.0690941,
w1409896136,,water,waterway=stream,53.457487,-9.0702716,
w1409896137,,water,waterway=stream,53.4596318,-9.0696648,
w1410125335,Turlough Monaghan,water,natural=wetland,53.4633819,-9.0104306,
w1410385139,,water,waterway=stream,53.498252,-9.0270921,
w1410385140,,water,waterway=stream,53.4979931,-9.0254134,
w1410423655,,water,waterway=stream,53.5597735,-8.5761997,
w1410440522,,water,waterway=stream,53.5545419,-8.549147,
w1410440523,,water,waterway=stream,53.5544156,-8.5488549,
w1410440524,,water,waterway=stream,53.5547263,-8.5495311,
w1410448973,,water,natural=water,53.4989226,-8.4142359,
w1410451680,,water,natural=water,53.560091,-8.3072211,
w1410522836,,water,natural=water,53.3395419,-8.2708007,
w1410526128,,water,natural=wetland,53.3456069,-8.2791048,
w1410526301,,water,natural=wetland,53.3442955,-8.2655302,
w1410526577,,water,natural=water,53.3498412,-8.2520024,
w1410529836,,water,natural=wetland,53.3594713,-8.2497937,
w1410575834,,water,natural=water,53.3537472,-8.2629934,
w1410577066,,water,natural=wetland,53.3513322,-8.2921672,
w1410579616,,water,natural=water,53.3596107,-8.2784973,
w1410594828,,water,natural=water,53.372139,-8.2933299,
w1410597520,,water,natural=wetland,53.3850216,-8.2714498,
w1410602082,,water,natural=water,53.3931198,-8.2977275,
w1410609567,,water,natural=wetland,53.3986872,-8.2512213,
w1410707627,,water,natural=water,53.4852726,-8.4863806,
w1410707879,,water,natural=wetland,53.4961451,-8.4925658,
w1410708794,,water,natural=wetland,53.4986966,-8.502962,
w1410708895,,water,natural=wetland,53.5021029,-8.4788133,
w1410708896,,water,natural=wetland,53.5062823,-8.498016,
w1410710174,,water,natural=wetland,53.5314032,-8.4898245,
w1410712363,,water,natural=water,53.5416674,-8.4822567,
w1410714981,,water,natural=wetland,53.4505877,-8.491755,
w1410727024,,water,natural=water,53.4074964,-8.6567062,
w1410737278,,water,waterway=stream,53.4078906,-8.6300116,
w1410738096,,water,natural=water,53.4046921,-8.644312,
w1410738109,,water,natural=water,53.4086085,-8.6431275,
w1410740701,,water,waterway=stream,53.41197,-8.6181146,
w1410852510,,water,natural=water,53.4117406,-8.5760971,
w1410852511,,water,natural=water,53.4116135,-8.5724151,
w1410962040,,water,natural=water,53.4168851,-8.578902,
w1410969047,,water,waterway=stream,53.4200054,-8.5144928,
w1410969048,,water,waterway=stream,53.4200166,-8.5141227,
w1410969049,,water,waterway=stream,53.4200305,-8.5135096,
w1411273363,,water,natural=wetland,53.4321014,-8.4945989,
w1411605559,,water,natural=wetland,53.4507299,-8.5176122,
w1411688515,,water,waterway=stream,53.4428795,-8.5625399,
w1411688516,,water,waterway=stream,53.4426948,-8.5630004,
w1411796828,,water,natural=water,53.4474666,-8.5854942,
w1411808611,,water,natural=water,53.4455021,-8.6513874,
w1412331067,,water,waterway=stream,53.4525357,-8.5372983,
w1412331687,,water,natural=wetland,53.4573781,-8.5303768,
w1412331688,,water,natural=wetland,53.4540379,-8.5263401,
w1412332352,,water,natural=water,53.2793707,-9.1649227,
w1412332354,,water,waterway=stream,53.2797706,-9.164262,
w1412332355,,water,waterway=stream,53.2794473,-9.1646524,
w1412334197,,water,natural=water,53.4562327,-8.6541333,
w1412334656,,water,natural=water,53.4623164,-8.5298726,
w1412335111,,water,natural=wetland,53.4557365,-8.5209304,
w1412336292,,water,natural=water,53.4614277,-8.6322683,
w1412340925,,water,natural=water,53.4612042,-8.6025121,
w1412341082,,water,natural=wetland,53.4926179,-8.5433549,
w1412341108,,water,natural=wetland,53.5048628,-8.5344726,
w1412341406,Annagh Lough,water,natural=water,53.505871,-8.5574752,
w1412557807,,water,natural=water,53.4722911,-8.5912979,
w1412559899,,water,natural=water,53.4711964,-8.626595,
w1412566435,,water,waterway=stream,53.471352,-8.5497583,
w1412584555,,water,waterway=stream,53.4784391,-8.5680307,
w1412589521,,water,natural=water,53.4767683,-8.4964838,
w1412604106,,water,natural=wetland,53.4837611,-8.6135972,
w1412604107,Turloùgh Quinn,water,natural=water,53.4853263,-8.6169792,
w1412712124,,water,natural=wetland,53.487056,-8.6382205,
w1412886878,,water,natural=wetland,53.508854,-8.496455,
w1412887795,,water,natural=wetland,53.5176867,-8.5049844,
w1412889942,,water,natural=wetland,53.5509565,-8.4966213,
w1413088863,,water,natural=wetland,53.4984766,-8.6456662,
w1413090726,,water,waterway=stream,53.500427,-8.6261786,
w1413090727,,water,waterway=stream,53.5003425,-8.6251795,
w1413090728,,water,waterway=stream,53.5004398,-8.627431,
w1413337356,,water,natural=water,53.4982911,-8.6061359,
w1413337357,,water,natural=water,53.495885,-8.6063022,
w1413337764,,water,natural=wetland,53.4973467,-8.584591,
w1413919732,,water,natural=wetland,53.5028241,-8.5743463,
w1413920306,,water,natural=wetland,53.5070036,-8.5885433,
w1413920307,Creggauns Lough,water,natural=water,53.5053829,-8.5915795,
w1413920883,,water,natural=wetland,53.5056046,-8.6024666,
w1413922040,,water,natural=wetland,53.5066107,-8.6217534,
w1413922465,,water,natural=wetland,53.5019243,-8.6274273,
w1413922466,,water,natural=wetland,53.5035276,-8.6347148,
w1413922467,,water,natural=wetland,53.5058472,-8.6292417,
w1413922894,,water,natural=water,53.506626,-8.6438537,
w1413922895,,water,natural=wetland,53.5037174,-8.6423591,
w1413922896,,water,natural=wetland,53.5006304,-8.6393496,
w1413924929,,water,natural=wetland,53.517063,-8.5553992,
w1413933484,,water,natural=wetland,53.5160216,-8.5272575,
w1413934581,,water,natural=wetland,53.5112274,-8.5062665,
w1413935883,,water,natural=wetland,53.5157411,-8.5049307,
w1413936857,,water,natural=wetland,53.5266355,-8.5334588,
w1413937234,,water,natural=wetland,53.5275062,-8.5219923,
w1413937929,,water,waterway=stream,53.5271204,-8.5100544,
w1413937930,,water,waterway=stream,53.5252852,-8.5092718,
w1413937931,,water,waterway=stream,53.524136,-8.5081614,
w1413939500,,water,natural=wetland,53.5286526,-8.5073018,
w1414165620,,water,natural=wetland,53.5466219,-8.6332503,
w1414166546,,water,natural=wetland,53.5332569,-8.6376169,
w1414168052,,water,natural=wetland,53.5191507,-8.6355758,
w1414168053,,water,natural=wetland,53.5262467,-8.6389553,
w1414168748,,water,natural=wetland,53.5083339,-8.6393213,
w1414169479,,water,natural=water,53.5083683,-8.6547945,
w1414169480,,water,natural=water,53.5075819,-8.6505606,
w1414170491,,water,natural=wetland,53.5161334,-8.6555743,
w1414171008,,water,waterway=stream,53.5300245,-8.6592114,
w1414171009,,water,waterway=stream,53.5329556,-8.6514142,
w1414171010,,water,waterway=stream,53.5317854,-8.6542775,
w1414171023,,water,waterway=stream,53.5329747,-8.6511521,
w1414171024,,water,waterway=stream,53.5329639,-8.6512781,
w1414171026,,water,waterway=stream,53.5331046,-8.6455227,
w1414171027,,water,waterway=stream,53.5331286,-8.6465849,
w1414171028,,water,waterway=stream,53.5329189,-8.6488742,
w1414296989,,water,natural=wetland,53.5523743,-8.6275237,
w1414297227,,water,natural=wetland,53.5473736,-8.6178866,
w1414359984,,water,waterway=stream,53.524833,-8.6361212,
w1414359985,,water,waterway=stream,53.524777,-8.6362274,
w1415856845,,water,natural=water,53.5141263,-8.5850389,
w1415954966,,water,waterway=stream,53.3975795,-8.6833144,
w1415954967,,water,waterway=stream,53.3970388,-8.6848755,
w1415954968,,water,waterway=stream,53.3968799,-8.6859621,
w1415957280,,water,natural=water,53.3874394,-8.6548309,
w1415957288,,water,natural=water,53.3871075,-8.6621856,
w1415957293,,water,natural=wetland,53.3868746,-8.6601732,
w1416099809,,water,waterway=stream,53.5929346,-8.388028,
w1416099810,,water,waterway=stream,53.5926516,-8.3915377,
w1416099811,,water,waterway=stream,53.5934831,-8.4023965,
w1416104367,,water,waterway=stream,53.6106524,-8.4022061,
w1416104368,,water,waterway=stream,53.6103079,-8.4014498,
w1416104372,,water,waterway=stream,53.6080847,-8.40046,
w1416570830,,water,waterway=stream,53.3719705,-8.437105,
w1416570831,,water,waterway=stream,53.3721417,-8.4366652,
w1416570832,,water,waterway=stream,53.3718073,-8.4375308,
w1416570833,,water,waterway=stream,53.373109,-8.4360859,
w1416570834,,water,waterway=stream,53.3709799,-8.4394513,
w1416570835,,water,waterway=stream,53.3711223,-8.4391951,
w1416570836,,water,waterway=stream,53.3704999,-8.4402412,
w1416570837,,water,waterway=stream,53.3707807,-8.4397738,
w1416570838,,water,waterway=stream,53.3714632,-8.4383684,
w1416576402,,water,waterway=stream,53.3596306,-8.4142056,
w1416576403,,water,waterway=stream,53.3596745,-8.4122134,
w1416576404,,water,waterway=stream,53.3599437,-8.4079863,
w1416603003,,water,waterway=stream,53.3599389,-8.4038061,
w1416603004,,water,waterway=stream,53.3607288,-8.4028887,
w1416609442,,water,natural=water,53.3734371,-8.4012138,
w1416622268,,water,natural=wetland,53.3553285,-8.2911587,
w1416622272,,water,natural=water,53.3646287,-8.2831255,
w1416622971,,water,waterway=stream,53.3580127,-8.2725602,
w1416622972,,water,natural=wetland,53.3578307,-8.2688722,
w1416626141,,water,natural=water,53.3512546,-8.4305423,
w1416626156,,water,natural=water,53.3527335,-8.4231776,
w1416626188,,water,natural=water,53.3513203,-8.4093401,
w1416626235,,water,natural=wetland,53.3486492,-8.3277119,
w1417046673,,water,natural=water,53.3158377,-8.2855479,
w1417568532,,water,waterway=stream,53.3103042,-8.2415733,
w1417568533,,water,waterway=stream,53.3100325,-8.2378578,
w1417568534,,water,waterway=stream,53.3106848,-8.2452601,
w1417573570,,water,waterway=stream,53.2957752,-8.2440269,
w1417573571,,water,waterway=stream,53.2965231,-8.2459192,
w1417573597,,water,waterway=stream,53.2934749,-8.2439263,
w1417573598,,water,waterway=stream,53.294754,-8.242659,
w1417573599,,water,waterway=stream,53.2969102,-8.2474333,
w1417575333,,water,natural=water,53.2905451,-8.2387536,
w1417575334,,water,natural=water,53.2912762,-8.2421326,
w1417575842,,water,waterway=stream,53.2920821,-8.2444476,
w1417575843,,water,natural=water,53.2922686,-8.2472,
w1417579733,,water,natural=water,53.289238,-8.2668712,
w1417580652,,water,natural=water,53.2853774,-8.2738517,
w1417580666,Ballinure River,water,waterway=river,53.293977,-8.2740779,
w1417580667,Ballinure River,water,waterway=river,53.2938616,-8.2743671,
w1417591536,,water,waterway=stream,53.3043152,-8.3202591,
w1417591537,,water,waterway=stream,53.3042558,-8.3206732,
w1417591538,,water,waterway=stream,53.3042011,-8.3210866,
w1417591539,,water,waterway=stream,53.3046293,-8.3227272,
w1417591540,,water,waterway=stream,53.3045147,-8.3193495,
w1417594563,,water,waterway=stream,53.2854486,-8.3240951,
w1417597647,,water,natural=water,53.3111378,-8.3387121,
w1417598977,,water,waterway=stream,53.3004805,-8.3464389,
w1417598978,,water,waterway=stream,53.3000691,-8.3466183,
w1417598979,,water,waterway=stream,53.301214,-8.3456877,
w1417598980,,water,waterway=stream,53.3009242,-8.3459363,
w1417598981,,water,waterway=stream,53.3023278,-8.3447878,
w1417598982,,water,waterway=stream,53.3015491,-8.3455237,
w1417598983,,water,waterway=stream,53.3007223,-8.3462275,
w1417609368,,water,natural=water,53.3001514,-8.3784744,
w1417612499,,water,waterway=stream,53.3110165,-8.3901578,
w1417612500,,water,waterway=stream,53.3110152,-8.3880589,
w1417612501,,water,waterway=stream,53.3114549,-8.3865021,
w1417950526,Ballyphilipeen Lough,water,natural=water,53.5451702,-8.6062566,
w1417950902,,water,waterway=stream,53.5342548,-8.6320031,
w1417950903,,water,waterway=stream,53.5338803,-8.6300625,
w1417950904,,water,waterway=stream,53.5348996,-8.634983,
w1417950905,,water,waterway=stream,53.5346805,-8.6339021,
w1417950906,,water,waterway=stream,53.5358853,-8.6291156,
w1417951393,,water,natural=wetland,53.537333,-8.6247879,
w1417951419,,water,natural=water,53.5357899,-8.6180127,
w1417951491,,water,natural=wetland,53.5375274,-8.6079758,
w1417955888,,water,natural=wetland,53.5212871,-8.5869366,
w1417956689,,water,natural=wetland,53.5243556,-8.5989153,
w1417956976,,water,natural=water,53.5134298,-8.602016,
w1417956982,,water,natural=wetland,53.5084042,-8.5973704,
w1417958326,,water,natural=wetland,53.5307651,-8.6318127,
w1417958327,,water,natural=wetland,53.5278283,-8.6288381,
w1417958892,,water,natural=wetland,53.5228692,-8.6088878,
w1417960485,,water,natural=wetland,53.5088532,-8.6249891,
w1418065900,,water,natural=water,53.500321,-8.4180754,
w1418076811,,water,natural=water,53.4976603,-8.3190067,
w1418091008,,water,waterway=stream,53.4961153,-8.2958486,
w1418091009,,water,waterway=stream,53.4959891,-8.2959692,
w1418091010,,water,waterway=stream,53.4958655,-8.2962066,
w1418091011,,water,natural=water,53.4976004,-8.2941618,
w1418091012,,water,waterway=stream,53.5004171,-8.3002457,
w1418099316,,water,natural=water,53.5490436,-8.297529,
w1418099317,,water,waterway=stream,53.5498429,-8.3028074,
w1418104363,,water,waterway=stream,53.5602976,-8.3107867,
w1418104364,,water,natural=water,53.5602024,-8.3095515,
w1418110207,,water,natural=water,53.5273727,-8.2854312,
w1418114025,,water,natural=water,53.5030162,-8.3086949,
w1418119184,,water,natural=water,53.508785,-8.4338347,
w1418119998,,water,natural=water,53.5043036,-8.4258733,
w1418148338,,water,natural=water,53.5444901,-8.3264881,
w1418219470,,water,waterway=stream,53.3041794,-8.3214104,
w1418219471,,water,waterway=stream,53.3041769,-8.3217482,
w1418219472,,water,waterway=stream,53.3047528,-8.3182709,
w1418219473,,water,waterway=stream,53.304728,-8.318387,
w1418421677,,water,natural=water,53.5059297,-8.323484,
w1418421679,,water,natural=water,53.5052832,-8.3217767,
w1418442160,Cloonlyon River,water,waterway=river,53.5226687,-8.3475745,
w1418442161,Cloonlyon River,water,waterway=river,53.5271121,-8.3545941,
w1418443893,,water,natural=water,53.509124,-8.3397985,
w1418496964,,water,waterway=stream,53.5056206,-8.3400533,
w1418496965,,water,waterway=stream,53.5052334,-8.3389154,
w1418496966,,water,waterway=stream,53.5074762,-8.3461205,
w1418496967,,water,waterway=stream,53.5069271,-8.3440499,
w1418496968,,water,waterway=stream,53.5062826,-8.3420355,
w1418498964,,water,waterway=stream,53.5262793,-8.3554392,
w1418498965,,water,waterway=stream,53.5265225,-8.3570056,
w1418498966,,water,waterway=stream,53.5263582,-8.3549416,
w1418528594,,water,waterway=stream,53.527964,-8.3643899,
w1418528595,,water,waterway=stream,53.5268094,-8.3694833,
w1418530438,,water,waterway=stream,53.5455506,-8.3701519,
w1418530439,,water,waterway=stream,53.5454948,-8.370057,
w1418530440,,water,waterway=stream,53.5449423,-8.3688077,
w1418532382,,water,waterway=stream,53.5456467,-8.3752238,
w1418532383,,water,waterway=stream,53.5457057,-8.3744219,
w1418532384,,water,waterway=stream,53.5457702,-8.3756925,
w1418533445,,water,waterway=stream,53.5261679,-8.3722616,
w1418534292,,water,waterway=stream,53.5261135,-8.3748912,
w1418534293,,water,waterway=stream,53.5280551,-8.3765327,
w1418707612,,water,natural=water,53.5397392,-8.4536697,
w1418715970,,water,natural=water,53.5218773,-8.3923504,
w1418718250,,water,natural=water,53.5126657,-8.45395,
w1418721967,Shiven,water,waterway=river,53.5526401,-8.4613493,
w1418721968,Shiven,water,waterway=river,53.5529101,-8.4614305,
w1418723113,,water,natural=water,53.5483725,-8.4581366,
w1418724269,,water,natural=water,53.5244589,-8.4449847,
w1418724270,,water,natural=water,53.5221339,-8.447396,
w1418776610,,water,natural=water,53.4780733,-8.4273288,
w1418776799,,water,natural=water,53.4847458,-8.4081134,
w1418776826,,water,natural=water,53.4865425,-8.4490791,
w1418776827,,water,natural=water,53.4877687,-8.4506763,
w1418777352,,water,natural=wetland,53.4733504,-8.4603217,
w1418777353,,water,natural=wetland,53.48075,-8.4622166,
w1418777355,,water,natural=water,53.4781423,-8.4649242,
w1418778773,,water,natural=water,53.4678363,-8.4645464,
w1418781143,Pollaneask Turlough,water,natural=water,53.4568392,-8.432562,
w1418890078,,water,waterway=stream,53.4475853,-8.4521536,
w1418890079,,water,waterway=stream,53.447485,-8.4523306,
w1418890080,,water,waterway=stream,53.447719,-8.4515524,
w1418890081,,water,waterway=stream,53.4476531,-8.4518602,
w1418890082,,water,waterway=stream,53.448219,-8.4512972,
w1418893010,,water,natural=water,53.4442581,-8.4220974,
w1419123455,,water,waterway=stream,53.4374073,-8.4282886,
w1419281814,,water,waterway=stream,53.4144533,-8.4304331,
w1419281815,,water,waterway=stream,53.4155151,-8.4315509,
w1419281816,,water,waterway=stream,53.4134255,-8.4293461,
w1419281817,,water,waterway=stream,53.4158268,-8.4318325,
w1419281818,,water,waterway=stream,53.4128505,-8.4276645,
w1419284770,,water,natural=water,53.4084914,-8.4006062,
w1419285609,,water,natural=water,53.4877455,-8.3755879,
w1419288096,,water,natural=water,53.410462,-8.3774112,
w1419288370,,water,natural=water,53.4082056,-8.3827755,
w1419288371,,water,natural=water,53.4089874,-8.3796561,
w1419288372,,water,natural=water,53.4084155,-8.3813379,
w1419350410,,water,natural=water,53.4109859,-8.3545969,
w1419350555,,water,natural=water,53.405022,-8.3436402,
w1419350556,,water,natural=water,53.4083871,-8.3469754,
w1419351734,,water,natural=wetland,53.4251081,-8.351031,
w1419353469,,water,waterway=stream,53.4057696,-8.3188102,
w1419601062,,water,natural=water,53.4899995,-8.3289806,
w1419601063,,water,waterway=stream,53.4843092,-8.3250877,
w1419601071,,water,waterway=stream,53.4848396,-8.3265363,
w1419601072,,water,waterway=stream,53.4844072,-8.3268549,
w1419601074,,water,waterway=stream,53.486388,-8.3260848,
w1419601075,,water,waterway=stream,53.4861799,-8.3261145,
w1419601076,,water,waterway=stream,53.4855495,-8.3262916,
w1419601569,,water,natural=water,53.475763,-8.352132,
w1419602924,Ballinlass Lough,water,natural=water,53.4872827,-8.3453903,
w1419603118,,water,natural=water,53.4883847,-8.3381134,
w1419609979,,water,natural=water,53.4465889,-8.2457181,
w1419610057,,water,natural=wetland,53.419848,-8.2801697,
w1419638288,,water,waterway=stream,53.5786185,-8.4724999,
w1419638289,,water,waterway=stream,53.57991,-8.4732598,
w1419638699,,water,natural=wetland,53.5840022,-8.4590382,
w1419661474,,water,waterway=river,53.6495465,-8.432799,
w1419661478,,water,natural=water,53.649245,-8.431982,
w1419661484,,water,natural=water,53.6468538,-8.4331428,
w1419666478,,water,natural=water,53.6209712,-8.4893964,
w1419666480,,water,natural=water,53.62321,-8.4818852,
w1419674396,,water,natural=water,53.6521232,-8.3880852,
w1419675968,,water,waterway=stream,53.6615968,-8.4899969,
w1419680015,,water,waterway=stream,53.6723812,-8.4657785,
w1419680016,,water,waterway=stream,53.6718282,-8.4639654,
w1419680018,,water,waterway=stream,53.6744205,-8.4715908,
w1419680019,,water,waterway=stream,53.6729484,-8.4675997,
w1419680020,,water,waterway=stream,53.6710536,-8.4616788,
w1419681261,,water,waterway=stream,53.6739169,-8.4793646,
w1419685321,,water,natural=water,53.7013239,-8.4870652,
w1419686535,,water,natural=water,53.7034436,-8.4981621,
w1419688102,,water,natural=water,53.7015944,-8.5181279,
w1419688126,,water,natural=water,53.7046888,-8.5078504,
w1419961561,,water,waterway=stream,53.6021955,-8.5132201,
w1419961562,,water,waterway=stream,53.6021676,-8.5133462,
w1419961563,,water,waterway=stream,53.6022664,-8.5128956,
w1419961564,,water,waterway=stream,53.6022218,-8.513082,
w1419961565,,water,waterway=stream,53.60272,-8.5117771,
w1419961566,,water,waterway=stream,53.6023221,-8.5126904,
w1419961567,,water,waterway=stream,53.6020993,-8.5136372,
w1419963359,,water,natural=wetland,53.5704759,-8.535524,
w1419977870,,water,natural=water,53.5763911,-8.5816305,
w1419990831,,water,natural=wetland,53.603555,-8.5813233,
w1419993106,,water,waterway=stream,53.5769187,-8.6130571,
w1419993107,,water,waterway=stream,53.5745559,-8.6135626,
w1419993108,,water,waterway=stream,53.5778354,-8.6132818,
w1419995009,,water,natural=water,53.5925905,-8.6307033,
w1419995883,,water,natural=wetland,53.5938809,-8.6444555,
w1419995898,,water,natural=water,53.5928812,-8.6394896,
w1419996126,,water,natural=wetland,53.6012211,-8.6516532,
w1420001192,,water,natural=wetland,53.6063542,-8.6337795,
w1420001193,,water,natural=wetland,53.6023993,-8.6258681,
w1420001195,,water,natural=water,53.6036684,-8.633581,
w1420002142,,water,waterway=stream,53.580592,-8.6539993,
w1420002143,,water,waterway=stream,53.5803777,-8.6560398,
w1420002144,,water,waterway=stream,53.5813136,-8.6509701,
w1420002337,,water,natural=wetland,53.5869822,-8.6506836,
w1420002338,,water,natural=wetland,53.5903874,-8.6408766,
w1420002487,,water,natural=wetland,53.5949823,-8.6525081,
w1420008531,,water,natural=wetland,53.6111258,-8.6005274,
w1420009512,Turlough Cappul,water,natural=water,53.6207274,-8.6023283,
w1420009984,,water,natural=wetland,53.654284,-8.590537,
w1420009985,,water,natural=wetland,53.6554704,-8.5961285,
w1420009986,,water,natural=wetland,53.6511976,-8.600414,
w1420009987,,water,natural=wetland,53.6506153,-8.596932,
w1420010227,,water,natural=wetland,53.6546331,-8.5854901,
w1420018537,,water,natural=wetland,53.6452899,-8.5976467,
w1420018538,,water,natural=wetland,53.6416251,-8.5975902,
w1420018541,,water,natural=wetland,53.6411794,-8.5861487,
w1420018698,,water,natural=wetland,53.647913,-8.5859499,
w1420065721,,water,natural=wetland,53.6406498,-8.5676375,
w1420070904,,water,waterway=stream,53.6001605,-8.5619451,
w1420261430,,water,waterway=stream,53.634492,-8.6504159,
w1420261431,,water,waterway=stream,53.6344388,-8.6506493,
w1420261432,,water,waterway=stream,53.634502,-8.6512828,
w1420261442,,water,waterway=stream,53.6348781,-8.6498129,
w1420261443,,water,waterway=stream,53.635255,-8.6500048,
w1420261444,,water,waterway=stream,53.634096,-8.6490652,
w1420261445,,water,waterway=stream,53.6345448,-8.6493456,
w1420261446,,water,waterway=stream,53.6360429,-8.6520933,
w1420261483,,water,waterway=stream,53.6335932,-8.6486192,
w1420261484,,water,waterway=stream,53.6337884,-8.6482205,
w1420261485,,water,waterway=stream,53.6311723,-8.6486702,
w1420261486,,water,waterway=stream,53.6333423,-8.6489038,
w1420262333,,water,natural=water,53.6228604,-8.6484517,
w1420262479,,water,natural=water,53.6143523,-8.6462382,
w1420262480,,water,natural=water,53.6124374,-8.6467927,
w1420275540,,water,natural=water,53.6962812,-8.5679949,
w1420277265,,water,natural=water,53.6990332,-8.5370817,
w1420278087,,water,natural=water,53.6996212,-8.5269469,
w1420278088,,water,natural=water,53.6998197,-8.5323892,
w1420281051,,water,natural=water,53.6979371,-8.5954398,
w1420281072,,water,natural=wetland,53.6906588,-8.5989663,
w1420282535,,water,waterway=stream,53.7052846,-8.5623663,
w1420282536,,water,natural=water,53.7054437,-8.5617238,
w1420283416,,water,natural=wetland,53.7058811,-8.5195568,
w1420457169,,water,natural=water,53.4890505,-8.3675024,
w1420457189,,water,natural=water,53.4881197,-8.3625739,
w1420626194,,water,natural=water,53.4890807,-8.3876552,
w1420626609,,water,natural=water,53.4941841,-8.471316,
w1420627654,,water,natural=water,53.4149064,-8.2602483,
w1420627885,,water,natural=wetland,53.4085532,-8.2443917,
w1420659904,,water,natural=water,53.5131552,-9.0022283,
w1420783315,,water,waterway=stream,53.6370128,-8.6549188,
w1420783316,,water,waterway=stream,53.6368147,-8.6541896,
w1420810818,,water,natural=wetland,53.644563,-8.5863143,
w1420819179,,water,natural=water,53.6998682,-8.4807982,
w1420819180,,water,natural=water,53.6999917,-8.4807318,
w1420819181,,water,natural=water,53.6969279,-8.4721554,
w1420828361,,water,natural=water,53.6982107,-8.4495277,
w1420828363,,water,natural=water,53.6996105,-8.4551664,
w1420828364,,water,natural=water,53.6983429,-8.4585098,
w1420828999,,water,natural=water,53.6984032,-8.4617257,
w1420900188,,water,natural=water,53.6097955,-8.6064624,
w1420900233,,water,natural=water,53.6075641,-8.6120327,
w1420900240,,water,natural=water,53.6071141,-8.6127455,
w1421047221,,water,natural=water,53.6949612,-8.4633176,
w1421052256,,water,natural=water,53.6942585,-8.58001,
w1421052258,,water,natural=water,53.69458,-8.5869643,
w1421053179,,water,natural=water,53.6943075,-8.5757663,
w1421053248,,water,natural=water,53.6952017,-8.5572861,
w1421053766,,water,natural=water,53.6955286,-8.5127251,
w1421053771,,water,natural=water,53.6913969,-8.5078907,
w1421205422,,water,natural=water,53.682988,-8.5145759,
w1421205423,,water,natural=water,53.6823439,-8.5185875,
w1421205426,,water,natural=water,53.6806885,-8.5212493,
w1421326312,,water,waterway=stream,53.6670686,-8.5548882,
w1421326321,,water,natural=water,53.6667241,-8.5510915,
w1421327958,,water,natural=wetland,53.6587347,-8.572163,
w1421327970,,water,natural=wetland,53.6606682,-8.5781202,
w1421327997,,water,natural=water,53.6599443,-8.5707978,
w1421327998,,water,waterway=stream,53.6585822,-8.5707495,
w1421327999,,water,waterway=stream,53.6592996,-8.5690681,
w1421328000,,water,waterway=stream,53.6579527,-8.571255,
w1421329617,,water,natural=water,53.6651187,-8.5264817,
w1421501790,,water,waterway=stream,53.674357,-8.4751906,
w1421501791,,water,waterway=stream,53.6744354,-8.4771157,
w1421501792,,water,waterway=stream,53.6744832,-8.4727465,
w1421501793,,water,waterway=stream,53.6743057,-8.4732729,
w1421505168,,water,waterway=stream,53.664423,-8.505541,
w1421505169,,water,waterway=stream,53.6648466,-8.5056912,
w1421506549,,water,natural=water,53.6596814,-8.4612067,
w1421879017,,water,waterway=stream,53.6362154,-8.6256008,
w1421890442,Turlough Bryounagh,water,natural=water,53.6155993,-8.6088127,
w1421892706,Cultiafadda Lough,water,natural=water,53.6358749,-8.5870855,
w1422177951,,water,natural=wetland,53.6225621,-8.5613,
w1422180001,,water,natural=water,53.6433372,-8.5090211,
w1422183430,,water,waterway=stream,53.6129689,-8.4385538,
w1422183431,,water,waterway=stream,53.6128495,-8.4388639,
w1422183432,,water,waterway=stream,53.6132095,-8.4378768,
w1422183433,,water,waterway=stream,53.613083,-8.4382202,
w1422183434,,water,waterway=stream,53.6140072,-8.4359059,
w1422183435,,water,waterway=stream,53.6133496,-8.4375388,
w1422183436,,water,waterway=stream,53.6122563,-8.4394422,
w1422184827,,water,natural=water,53.6194684,-8.4721354,
w1422185091,,water,natural=wetland,53.6245273,-8.4522109,
w1422368582,,water,waterway=stream,53.5610343,-8.3329812,
w1422368583,,water,waterway=stream,53.5608227,-8.333206,
w1422368967,,water,waterway=stream,53.5707866,-8.3315577,
w1422380363,Shiven,water,waterway=river,53.5706897,-8.4704648,
w1422380364,Shiven,water,waterway=river,53.5710242,-8.470792,
w1422382613,,water,natural=water,53.5875702,-8.6031894,
w1422382757,,water,natural=water,53.5924969,-8.6218153,
w1422611580,,water,waterway=stream,53.5818572,-8.64561,
w1422734615,,water,natural=wetland,53.5595957,-8.6171007,
w1422744653,,water,waterway=stream,53.5759992,-8.6141193,
w1422744654,,water,waterway=stream,53.5757784,-8.6141804,
w1422744655,,water,waterway=stream,53.5764404,-8.613596,
w1422744656,,water,waterway=stream,53.5755216,-8.6142187,
w1422747184,,water,natural=wetland,53.5411537,-8.4705556,
w1422747650,,water,natural=water,53.5456291,-8.4561521,
w1422747657,,water,natural=water,53.5422638,-8.4546051,
w1422747818,,water,waterway=stream,53.5346087,-8.3889446,
w1422747819,,water,waterway=stream,53.5347149,-8.3891499,
w1422747824,,water,waterway=stream,53.534466,-8.3884001,
w1422747825,,water,waterway=stream,53.5345386,-8.3887783,
w1422747827,,water,waterway=stream,53.5341926,-8.3872643,
w1422747828,,water,waterway=stream,53.5343911,-8.3880186,
w1422747829,,water,waterway=stream,53.5338599,-8.3858897,
w1422747830,,water,waterway=stream,53.5339994,-8.38652,
w1422747831,,water,waterway=stream,53.5352494,-8.3917027,
w1422749058,,water,natural=wetland,53.5347968,-8.4688148,
w1422750375,,water,natural=water,53.5341373,-8.3984819,
w1422752735,,water,natural=water,53.5309301,-8.4508399,
w1422753769,,water,natural=water,53.5210488,-8.4516889,
w1422817621,,water,natural=water,53.5049953,-8.4595632,
w1422817633,,water,natural=water,53.5064884,-8.4620188,
w1422818578,,water,natural=water,53.5083178,-8.4652937,
w1422818579,,water,natural=water,53.509237,-8.4675293,
w1422818597,,water,waterway=stream,53.5088133,-8.4664526,
w1422818598,,water,waterway=stream,53.5099203,-8.4689998,
w1422818983,,water,natural=wetland,53.4757346,-8.2978428,
w1422856735,,water,natural=water,53.4892696,-8.3448021,
w1422856741,,water,waterway=stream,53.4892938,-8.3471405,
w1422857595,,water,natural=water,53.4869906,-8.3548303,
w1422885348,,water,natural=water,53.4907092,-8.463668,
w1422887479,,water,natural=water,53.4889894,-8.4053717,
w1422897017,,water,natural=water,53.4930097,-8.397051,
w1422897018,,water,natural=water,53.4887583,-8.3995071,
w1422897044,,water,natural=water,53.4899163,-8.4031456,
w1422899855,,water,waterway=stream,53.4865841,-8.3929009,
w1422899856,,water,natural=water,53.4873255,-8.3948965,
w1422900736,,water,natural=water,53.4760652,-8.409752,
w1422905968,,water,natural=water,53.4818687,-8.4459153,
w1422910182,,water,natural=water,53.4781957,-8.4762163,
w1422919117,,water,natural=water,53.4241213,-8.343234,
w1422921827,,water,natural=water,53.4016948,-8.3397656,
w1422922665,,water,waterway=canal,53.4097704,-8.3486654,
w1422924243,,water,natural=water,53.4132221,-8.3630737,
w1422991935,,water,natural=water,53.4321846,-8.4636488,
w1423003164,,water,natural=water,53.4126866,-8.4232448,
w1423003165,,water,natural=water,53.4117301,-8.4138423,
w1423005520,,water,waterway=stream,53.4089067,-8.387281,
w1423005521,,water,waterway=stream,53.4090698,-8.3881514,
w1423005522,,water,waterway=stream,53.4088296,-8.3858792,
w1423005523,,water,waterway=stream,53.408873,-8.386897,
w1423005524,,water,waterway=stream,53.40871,-8.3839591,
w1423005525,,water,waterway=stream,53.4087548,-8.3844003,
w1423005526,,water,waterway=stream,53.4087884,-8.3848348,
w1423005527,,water,waterway=stream,53.4088886,-8.3870852,
w1423005528,,water,waterway=stream,53.4083773,-8.3835608,
w1423005529,,water,natural=water,53.4079466,-8.3864059,
w1423005530,,water,natural=water,53.4081501,-8.3916631,
w1426010023,,water,waterway=stream,53.6084094,-8.5756687,
w1426187272,,water,natural=water,53.3677593,-8.7766768,
w1428358045,,water,waterway=stream,53.4811683,-9.0484696,
w1430203390,,water,natural=wetland,53.150298,-9.7827469,
w1430203391,,water,natural=wetland,53.1501238,-9.7821099,
w1442169544,,water,waterway=stream,53.2792015,-8.6479154,
w1443228527,,water,waterway=canal,53.6668554,-8.5493937,
w1443228528,,water,waterway=canal,53.6668515,-8.5494776,
w1443228529,,water,waterway=canal,53.6667413,-8.5503664,
w1443228530,,water,waterway=canal,53.6667255,-8.5505951,
w1443228531,,water,waterway=canal,53.6667946,-8.549897,
w1443228532,,water,waterway=stream,53.6662729,-8.5505109,
w1443228533,,water,waterway=stream,53.6663038,-8.5505786,
w1443228534,,water,waterway=stream,53.6664775,-8.5510828,
w1444129428,,water,waterway=stream,53.1993971,-8.5724905,
w1444129429,,water,waterway=stream,53.1996207,-8.5710836,
w1444129430,,water,waterway=stream,53.1987806,-8.5740384,
w1444129431,,water,waterway=stream,53.1991211,-8.5738895,
w1445437032,,water,waterway=stream,53.1809491,-8.3641213,
w1445437033,,water,waterway=stream,53.1810811,-8.3651444,
w1445776846,,water,waterway=stream,53.2332407,-8.1798128,
w1445776849,,water,waterway=stream,53.2345389,-8.1753217,
w1445780814,,water,natural=wetland,53.712182,-8.4819531,
w1446725175,,water,waterway=stream,53.48913,-9.5553923,
w1447438891,,water,natural=water,53.5318874,-9.4112225,
w1447438892,,water,natural=water,53.5312783,-9.4213753,
w1449723744,,water,waterway=stream,53.3341875,-9.818764,
w1449723745,,water,waterway=stream,53.3344151,-9.8194667,
w1449869619,,water,waterway=stream,53.5948992,-9.7788762,
w1449869620,,water,waterway=stream,53.5941955,-9.7782443,
w1449869621,,water,waterway=stream,53.5671586,-9.7988422,
w1449869622,,water,waterway=stream,53.567707,-9.7980652,
w1449869625,,water,waterway=stream,53.5636955,-9.7885287,
w1449869626,,water,waterway=stream,53.5645871,-9.7890021,
w1449869627,,water,waterway=stream,53.5018164,-9.628449,
w1449869628,,water,waterway=stream,53.5018338,-9.6282746,
w1449874360,,water,waterway=stream,53.4159117,-9.7761792,
w1449874361,,water,waterway=stream,53.4159952,-9.7760812,
w1449876989,,water,waterway=stream,53.5348424,-9.4601547,
w1449886590,,water,waterway=stream,53.2400037,-9.3413302,
w1449886591,,water,waterway=stream,53.2402501,-9.3411452,
w1449892717,,water,waterway=stream,53.3865094,-9.1961167,
w1449892718,,water,waterway=stream,53.3878467,-9.1952415,
w1449896768,,water,waterway=stream,53.473889,-9.0568398,
w1449896769,,water,waterway=stream,53.4726215,-9.0561813,
w1449896770,,water,waterway=stream,53.4676965,-9.0635963,
w1449896771,,water,waterway=stream,53.4694829,-9.0618404,
w1451501175,,water,natural=water,53.2017732,-8.7940261,
w1451799022,,water,natural=wetland,53.3115949,-8.6958543,
w1452385260,,water,waterway=stream,53.6500326,-8.4318518,
w1452385266,,water,waterway=stream,53.6447162,-8.4341153,
w1452385267,,water,waterway=stream,53.6458286,-8.433993,
w1452385268,,water,waterway=stream,53.6456697,-8.4339065,
w1463732015,,water,waterway=stream,53.1263007,-9.6585065,
w1463732016,,water,waterway=stream,53.1264104,-9.6586988,
w1466038768,,water,natural=water,53.1043569,-8.8302238,
w1466046347,,water,natural=water,53.0558146,-8.7883186,
w1466046356,,water,natural=water,53.0511415,-8.7693751,
w1466049864,,water,natural=water,53.1017739,-8.8259488,
w1466049865,,water,natural=water,53.0908021,-8.8071964,
w1466049866,,water,waterway=stream,53.0906403,-8.8069171,
w1471997452,,water,natural=wetland,53.6690962,-8.4400295,
w1472002964,,water,natural=water,53.5633694,-8.2861359,
w1472002970,,water,natural=water,53.5284136,-8.2878333,
w1474380892,,water,natural=water,53.6199452,-8.888038,
w1475468726,,water,waterway=stream,53.5439001,-9.3870005,
w1475468727,,water,waterway=stream,53.5420007,-9.3919514,
w1475468728,,water,waterway=stream,53.5417971,-9.3925277,
w1475468729,,water,waterway=stream,53.5416318,-9.3931054,
w1475468730,,water,waterway=stream,53.5416629,-9.3934208,
w1475468731,,water,waterway=stream,53.5417017,-9.3937141,
w1475468732,,water,waterway=stream,53.5412405,-9.395275,
w1475468733,,water,waterway=stream,53.5407591,-9.3968955,
w1475468734,,water,waterway=stream,53.5400221,-9.4121924,
w1475468740,,water,waterway=stream,53.5420091,-9.4076996,
w1475468741,,water,waterway=stream,53.5420409,-9.4082083,
w1476439663,,water,waterway=stream,53.2803823,-9.1202115,
w1476439664,,water,waterway=stream,53.2811376,-9.1200204,
w1476459087,,water,waterway=stream,53.2844252,-9.1127202,
w1476459088,,water,waterway=stream,53.2837786,-9.1124682,
w1476459089,,water,waterway=stream,53.2829737,-9.1124649,
w1476459090,,water,waterway=stream,53.2831144,-9.112421,
w1477880992,,water,waterway=stream,53.2977817,-9.2063505,
w1477880993,,water,waterway=stream,53.297769,-9.2041661,
w1477881098,,water,waterway=stream,53.3367461,-9.1590112,
w1477881428,,water,waterway=stream,53.3138583,-9.1262416,
w1478824759,,water,waterway=stream,53.4773162,-8.4624008,
w1482878342,,water,waterway=river,53.5425921,-9.2871802,
w1482894706,,water,waterway=stream,53.4728477,-9.8710508,
w1482894717,,water,waterway=stream,53.444965,-9.6172831,
w1482894721,Recess River,water,waterway=river,53.4631418,-9.7117898,
w1492038439,Distillery River,water,waterway=canal,53.2753082,-9.0565097,
w1492038440,Distillery River,water,waterway=canal,53.2751645,-9.056444,
w1494649618,,water,waterway=stream,53.1162287,-8.2392941,
w1494649619,,water,waterway=stream,53.1163535,-8.2393183,
w1494649620,,water,waterway=stream,53.1164759,-8.2393437,
w1494649621,,water,waterway=stream,53.1167769,-8.239386,
w1494649622,,water,waterway=stream,53.1170721,-8.2394327,
w1494649623,,water,waterway=stream,53.1171676,-8.2394541,
w1494649624,,water,waterway=stream,53.1173638,-8.2395077,
w1494649625,,water,waterway=stream,53.1168441,-8.2417735,
w1494649636,,water,waterway=stream,53.1153473,-8.2388925,
w1494649637,,water,waterway=stream,53.1157132,-8.2392934,
w1494649643,,water,waterway=stream,53.1153116,-8.2376996,
w1494664563,,water,natural=water,53.1677411,-8.3020987,
w1494681309,,water,natural=water,53.1677102,-8.3103392,
w1494681346,,water,natural=water,53.1675003,-8.3069093,
w1494751841,Fullaghan's Lough,water,natural=water,53.1957835,-8.4097798,
w1494751850,Crow's Lough,water,natural=water,53.1931089,-8.4067003,
w1494755385,,water,waterway=stream,53.1999517,-8.4630061,
w1494756224,,water,waterway=stream,53.1998932,-8.4638387,
w1494756225,,water,waterway=stream,53.1995698,-8.4677822,
w1494771001,,water,waterway=stream,53.1745389,-8.0797922,
w1494771002,,water,waterway=stream,53.1742137,-8.082771,
w1494771006,,water,waterway=stream,53.1744908,-8.0806956,
w1497038973,,water,natural=water,53.3304625,-8.4089318,
w1497038981,,water,waterway=stream,53.3338927,-8.4009066,
w1497038982,,water,waterway=stream,53.3332732,-8.4013398,
w1497038983,,water,waterway=stream,53.3328936,-8.4016899,
w1497038984,,water,waterway=stream,53.3326814,-8.4017489,
w1497086473,,water,waterway=stream,53.3896891,-8.4825724,
w1497086474,,water,waterway=stream,53.3905715,-8.4882337,
w1497090607,,water,natural=water,53.2654857,-8.2590432,
w1497130534,,water,natural=wetland,53.378479,-8.6783087,
w1497183158,,water,natural=water,53.3851234,-9.0237344,
w1499613138,,water,waterway=stream,53.2021187,-8.2588923,
w1499613139,,water,waterway=stream,53.2016337,-8.2593173,
w1499617442,,water,waterway=stream,53.0267628,-8.3473569,
w1499617443,,water,waterway=stream,53.0266964,-8.3474569,
w1499617444,,water,waterway=stream,53.0265455,-8.3476797,
w1499626319,,water,waterway=stream,53.0864747,-8.4295944,
w1499626320,,water,waterway=stream,53.0860633,-8.4279581,
w1499649283,,water,waterway=stream,53.3709781,-9.1591134,
w1499649284,,water,waterway=stream,53.3709411,-9.1590914,
w1499649285,,water,waterway=stream,53.3718028,-9.1595971,
w1499659576,,water,waterway=stream,53.286855,-9.5657855,
w1499773649,,water,waterway=stream,53.3076617,-9.7946598,
w1499773650,,water,waterway=stream,53.3079989,-9.7948726,
w1499773651,,water,waterway=stream,53.3065737,-9.7940837,
w1499773652,,water,waterway=stream,53.306609,-9.7940879,
w1499773653,,water,waterway=stream,53.3071182,-9.7943863,
w1530455590,Lough Emlaghkeeragh,water,natural=water,53.4170871,-10.0127935,
w1530475012,,water,waterway=stream,53.2640696,-9.6194769,
r12889,Lough Derg,water,natural=water,52.9522626,-8.3317359,
r48071,Loch Inse,water,natural=water,53.2707815,-9.17038,
r189915,Lough Corrib - Loch Coirib,water,natural=water,53.4222688,-9.2904147,
r1207969,Lough Mask,water,natural=water,53.6290922,-9.398166,
r1876599,,water,natural=water,53.2969153,-9.0882295,
r2372620,Coole Lough,water,natural=water,53.0878501,-8.8520262,
r2397130,Lough Nahinch,water,natural=water,53.3970236,-8.5537693,
r2397131,,water,natural=wetland,53.3933497,-8.5596416,
r2397142,,water,natural=wetland,53.2498652,-8.4933862,
r2399222,Lough Shindilla,water,natural=water,53.4546158,-9.5670211,
r2433640,,water,natural=water,53.670873,-8.6458977,
r2499009,Loch na Tulaí,water,natural=water,53.2404574,-9.4930742,
r2548338,,water,natural=water,53.4320558,-10.1451559,
r2548374,,water,natural=water,53.4507875,-10.0233829,
r2548667,Aillebrack Lough,water,natural=water,53.4219882,-10.1281071,
r2548668,Lettershask Lough North,water,natural=water,53.4317275,-10.0466752,
r2548669,Lettershask Lough,water,natural=water,53.4233435,-10.0623607,
r2548670,Lough Anaserd,water,natural=water,53.4308227,-10.0990963,
r2548671,Lough Ascardaun,water,natural=water,53.4388253,-10.0540888,
r2548672,Lough Derreen,water,natural=water,53.4221575,-10.1164984,
r2548673,Lough Kankoge,water,natural=water,53.4249227,-10.0466538,
r2548674,Lough Nacorrussaun,water,natural=water,53.435227,-10.03703,
r2548675,Lough Nambrackkeagh,water,natural=water,53.4278506,-10.0400555,
r2548676,Manninmore Lough,water,natural=water,53.4375215,-10.1056301,
r2548677,Maumeen Lough,water,natural=water,53.4034042,-10.0227078,
r2548678,Lough Emlaghnabehy,water,natural=water,53.4466405,-10.0460208,
r2548679,Eagles Lough,water,natural=water,53.4207031,-10.020057,
r2548680,,water,natural=water,53.4196608,-10.0565672,
r2548681,,water,natural=water,53.435521,-10.0646943,
r2548682,,water,natural=water,53.4190151,-10.0591743,
r2548683,,water,natural=water,53.4247181,-10.1301248,
r2548684,,water,natural=water,53.4189943,-10.0250674,
r2548685,,water,natural=water,53.4373647,-10.1155222,
r2548686,,water,natural=water,53.4284035,-10.0257969,
r2548687,,water,natural=water,53.436173,-10.1029265,
r2548688,Lough Emlaghkeeragh,water,natural=water,53.4196508,-10.0129813,
r2548689,,water,natural=water,53.4297587,-10.0296432,
r2548690,Lough Namoon,water,natural=water,53.4200701,-10.024622,
r2548691,Lough Carrick,water,natural=water,53.411233,-10.0011527,
r2548692,,water,natural=water,53.3983193,-10.0131261,
r2548733,Lough Avrickmore,water,natural=water,53.4440656,-9.9992967,
r2548734,,water,natural=water,53.4439314,-9.9909819,
r2548735,,water,natural=water,53.4480273,-9.9945331,
r2548736,Lough Nabeeba,water,natural=water,53.4491007,-9.9988586,
r2548742,Lough Aweiddree,water,natural=water,53.4313856,-10.0225568,
r2548743,Loughaunsallagh,water,natural=water,53.4342364,-10.0042104,
r2548744,,water,natural=water,53.4362816,-10.0105834,
r2548745,,water,natural=water,53.4347157,-10.0254321,
r2548746,,water,natural=water,53.4351184,-10.0144672,
r2548749,Lough Atuartaun,water,natural=water,53.4110795,-10.007633,
r2548750,Lough Dooey,water,natural=water,53.4246478,-10.0085878,
r2548751,Lough Iska,water,natural=water,53.4120291,-10.0113934,
r2548764,,water,natural=water,53.4236633,-9.9750603,
r2548765,,water,natural=water,53.4170266,-9.9885785,
r2548766,,water,natural=water,53.4291419,-9.9900055,
r2548767,,water,natural=water,53.4419185,-9.9948979,
r2548768,,water,natural=water,53.4229184,-10.0007773,
r2548769,,water,natural=water,53.4193987,-9.9896193,
r2548770,,water,natural=water,53.4234075,-9.9650502,
r2548771,,water,natural=water,53.422989,-9.9727428,
r2548772,,water,natural=water,53.4200574,-9.9811435,
r2548773,,water,natural=water,53.4292122,-9.9941039,
r2548774,,water,natural=water,53.431392,-9.9839329,
r2548775,,water,natural=water,53.4245392,-9.9904776,
r2548776,,water,natural=water,53.4228593,-9.99758,
r2548777,,water,natural=water,53.426572,-9.9921727,
r2548778,,water,natural=water,53.4171032,-9.9850166,
r2548779,,water,natural=water,53.4211442,-9.9737192,
r2548780,,water,natural=water,53.4195714,-10.0026333,
r2548788,Boolagare Lough,water,natural=water,53.4289692,-10.0041246,
r2548789,Lough Allinour,water,natural=water,53.4374831,-9.9769807,
r2548790,Lough Agh,water,natural=water,53.438429,-9.9906492,
r2548791,Lough Awaddy,water,natural=water,53.4340574,-9.9935782,
r2548792,Lough Bollard,water,natural=water,53.416457,-9.9694753,
r2548793,Lough Barrcostello,water,natural=water,53.4161249,-10.0008309,
r2548794,Lough Fadda,water,natural=water,53.4432725,-10.0059914,
r2548795,Lough Nasoodery,water,natural=water,53.4250184,-9.9853492,
r2548796,,water,natural=water,53.4121729,-9.9874735,
r2548797,,water,natural=water,53.417698,-9.9747062,
r2548798,Lough Atruffaungarr,water,natural=water,53.4333607,-9.9996936,
r2548799,Lough Anillaunlughy,water,natural=water,53.4165787,-9.9807572,
r2548800,,water,natural=water,53.4103249,-9.9792123,
r2548801,,water,natural=water,53.4102097,-9.9814546,
r2548802,,water,natural=water,53.4089211,-9.9828923,
r2548822,Ballyagroun Lough,water,natural=water,53.4385697,-9.9809933,
r2548823,Doolagh Lough,water,natural=water,53.4258624,-9.9526692,
r2548824,Lough Cam,water,natural=water,53.4286496,-9.9197423,
r2548825,Lough Naballagh,water,natural=water,53.447759,-9.9885034,
r2548826,Lough Naweelaun,water,natural=water,53.4276331,-9.9385285,
r2548828,Ballywalter Lough,water,natural=water,53.4438674,-9.9771416,
r2548829,,water,natural=water,53.434353,-9.9120551,
r2548831,Lough Nahallagh,water,natural=water,53.4496247,-9.9774313,
r2548832,Sruffaunvougheen Lough,water,natural=water,53.4407424,-9.9701786,
r2548833,,water,natural=water,53.4471392,-9.9739873,
r2548834,,water,natural=water,53.4469986,-9.9815619,
r2548835,Lough Faddanagraigue,water,natural=water,53.4347093,-9.9283415,
r2548836,,water,natural=water,53.4340446,-9.924168,
r2548837,Lough Amunagh,water,natural=water,53.4492796,-9.9731505,
r2548838,,water,natural=water,53.4239126,-9.9271292,
r2548839,,water,natural=water,53.43237,-9.927274,
r2548840,,water,natural=water,53.4307528,-9.9259651,
r2548841,,water,natural=water,53.4355115,-9.9121087,
r2548867,Lough Nagraiguebeg,water,natural=water,53.441797,-9.9422729,
r2548868,Lough Sallaghmore,water,natural=water,53.4371285,-9.9354387,
r2548869,,water,natural=water,53.4616349,-9.9696663,
r2548870,,water,natural=water,53.4564032,-9.9763745,
r2548871,Lough Sruffauncam,water,natural=water,53.4348755,-9.9389685,
r2548872,Lough Shaungagh,water,natural=water,53.4289629,-9.95121,
r2548873,,water,natural=water,53.441944,-9.953227,
r2548874,Kerryhill Lough,water,natural=water,53.4255684,-9.9638164,
r2548875,,water,natural=water,53.444449,-9.9481416,
r2548876,,water,natural=water,53.432664,-9.9420261,
r2548877,Doolagh Beg Lough,water,natural=water,53.4262652,-9.94694,
r2548878,,water,natural=water,53.4306249,-9.9489677,
r2548879,Lough Nambrackderg More,water,natural=water,53.4475288,-9.9565959,
r2548880,Lough Avougheen,water,natural=water,53.4441812,-9.9638808,
r2548881,Tullaghlumman More Lough,water,natural=water,53.4327982,-9.9583554,
r2548882,,water,natural=water,53.4625515,-9.9676627,
r2548883,Lough Scannive,water,natural=water,53.4361153,-9.9538493,
r2548884,,water,natural=water,53.4350161,-9.965887,
r2548885,Tullaghlumman Beg Lough,water,natural=water,53.4276524,-9.9592137,
r2548886,,water,natural=water,53.4433754,-9.9572396,
r2548887,Cloonagat Lough,water,natural=water,53.4589424,-9.9716431,
r2548888,,water,natural=water,53.4402568,-9.9485922,
r2548889,,water,natural=water,53.4299345,-9.9467898,
r2548890,Lough Nambrackderg,water,natural=water,53.4302925,-9.9596858,
r2548891,Lough Nasoodery West,water,natural=water,53.4292822,-9.9707473,
r2548892,Lough Nambrackderg Beg,water,natural=water,53.4489442,-9.9612415,
r2548893,,water,natural=water,53.4378794,-9.9457383,
r2548894,,water,natural=water,53.4369335,-9.9489891,
r2548900,Arkeen Lough,water,natural=water,53.4425255,-9.9082088,
r2548901,Arkeenbeg Lough,water,natural=water,53.4425126,-9.8878133,
r2548904,Loughanessaundoo,water,natural=water,53.4530939,-9.9113631,
r2548905,Loughaunarow,water,natural=water,53.4636406,-9.9532485,
r2548906,Bunavohaun Lough,water,natural=water,53.4537296,-9.9708599,
r2548907,Beaghcauneen Lough,water,natural=water,53.4574188,-9.988525,
r2548908,,water,natural=water,53.4657036,-9.9950158,
r2548909,Lough Madderiska,water,natural=water,53.4544547,-9.9793088,
r2548962,Conga Lough,water,natural=water,53.4567543,-9.9454808,
r2548963,Derrywaking Loughs,water,natural=water,53.4755191,-9.9909121,
r2548964,Loughaunarraor,water,natural=water,53.4871136,-9.9563706,
r2548966,Lough Awheelabeg,water,natural=water,53.4469698,-9.9149251,
r2548967,Lough Derrycunlaghbeg,water,natural=water,53.4530364,-9.9565423,
r2548968,,water,natural=water,53.4528583,-9.9228616,
r2548969,Lough Nambrackmore,water,natural=water,53.443254,-9.9312437,
r2548970,Derrycunlagh More Lough,water,natural=water,53.4483977,-9.9476374,
r2548971,,water,natural=water,53.4481103,-9.9428737,
r2548972,,water,natural=water,53.4809655,-9.9916792,
r2548973,,water,natural=water,53.4628709,-9.9624967,
r2548974,,water,natural=water,53.4818275,-9.996475,
r2548975,,water,natural=water,53.4386911,-9.8788977,
r2548976,,water,natural=water,53.4567993,-9.9242699,
r2548977,,water,natural=water,53.4810933,-9.9856389,
r2548978,Lough Agaddy,water,natural=water,53.4555824,-9.9665737,
r2548979,,water,natural=water,53.4513306,-9.9622285,
r2548980,,water,natural=water,53.4556526,-9.9469561,
r2548981,,water,natural=water,53.4620948,-9.9513817,
r2548982,,water,natural=water,53.4363232,-9.8955274,
r2548983,,water,natural=water,53.454525,-9.917339,
r2548984,,water,natural=water,53.4475545,-9.936018,
r2548985,,water,natural=water,53.4443021,-9.9447298,
r2548987,,water,natural=water,53.4566204,-9.9291516,
r2548988,,water,natural=water,53.458933,-9.983139,
r2548989,,water,natural=water,53.4602552,-9.9431634,
r2548990,,water,natural=water,53.4516309,-9.9530232,
r2548991,,water,natural=water,53.4849494,-9.958334,
r2548992,,water,natural=water,53.4401737,-9.9137556,
r2548993,,water,natural=water,53.4731246,-9.9779623,
r2548994,,water,natural=water,53.4626633,-9.9893296,
r2548995,,water,natural=water,53.4455992,-9.9106443,
r2548996,,water,natural=water,53.443516,-9.9130904,
r2548997,,water,natural=water,53.448628,-9.9199891,
r2548998,,water,natural=water,53.4487845,-9.9172817,
r2549000,,water,natural=water,53.4512411,-9.918884,
r2549001,Lough Nasoodery East,water,natural=water,53.4475353,-9.9271881,
r2549002,,water,natural=water,53.4577767,-9.9130047,
r2550915,Loughanillaun,water,natural=water,53.4680921,-9.9158907,
r2550918,,water,natural=water,53.4466216,-9.8971367,
r2550919,,water,natural=water,53.452487,-9.8949802,
r2550920,,water,natural=water,53.4672364,-9.8951626,
r2550921,,water,natural=water,53.4642952,-9.9145066,
r2550922,,water,natural=water,53.4502341,-9.9042714,
r2550923,,water,natural=water,53.4656717,-9.9065351,
r2550924,,water,natural=water,53.4656078,-9.9197531,
r2550925,,water,natural=water,53.4489889,-9.8900771,
r2550926,,water,natural=water,53.4521101,-9.8908282,
r2551299,Athry Lough,water,natural=water,53.4568167,-9.7910875,
r2551300,Croaghat Lough,water,natural=water,53.4704956,-9.9328315,
r2551302,Island Lough,water,natural=water,53.4748805,-9.9340225,
r2551303,Killeen Lough,water,natural=water,53.4577144,-9.8541823,
r2551304,Lough Bana,water,natural=water,53.4309956,-9.7925305,
r2551305,Lough Emlagh,water,natural=water,53.4392215,-9.7731757,
r2551306,Lough Fadda West,water,natural=water,53.4730239,-9.9464457,
r2551307,Lough Killauncrom,water,natural=water,53.4276972,-9.7904063,
r2551308,Lough Nambrackeogh,water,natural=water,53.4327087,-9.7703004,
r2551309,Rusheen Lough,water,natural=water,53.478916,-9.9274832,
r2551310,Loch Bhaile na hInse,water,natural=water,53.4650069,-9.8409054,
r2551311,,water,natural=water,53.4693057,-9.9453843,
r2551312,,water,natural=water,53.4445768,-9.800604,
r2551313,,water,natural=water,53.4590734,-9.7982597,
r2551314,,water,natural=water,53.4479953,-9.8560989,
r2551315,,water,natural=water,53.4388701,-9.7952879,
r2551316,,water,natural=water,53.4415414,-9.7792267,
r2551317,,water,natural=water,53.4503275,-9.9019003,
r2551318,Lough Nacoogarrow,water,natural=water,53.4563759,-9.7718105,
r2551319,,water,natural=water,53.4672006,-9.9317801,
r2551320,,water,natural=water,53.4444554,-9.7893655,
r2551321,,water,natural=water,53.4728947,-9.9316943,
r2551322,,water,natural=water,53.4580194,-9.837022,
r2551842,Clogheratinny Lough,water,natural=water,53.4447397,-9.7211509,
r2551843,Lochanna Chora Chinn Cnoic,water,natural=water,53.3876861,-9.7579515,
r2551844,Loch Dhoire an Chláir,water,natural=water,53.4761999,-9.7730772,
r2551845,Glantarkan Lough,water,natural=water,53.4182605,-9.7669905,
r2551846,Loch Ghleann Dá Loch,water,natural=water,53.4634871,-9.7428949,
r2551847,Kane's Lough,water,natural=water,53.4380904,-9.7256577,
r2551848,Lehanaghbeg Lough North,water,natural=water,53.501136,-9.699179,
r2551849,Lehanaghbeg Lough,water,natural=water,53.5035164,-9.7104549,
r2551850,Lough Aluggaun,water,natural=water,53.4318266,-9.7161037,
r2551851,Lough Achuss,water,natural=water,53.4509472,-9.7222782,
r2551852,Lough Agilkry,water,natural=water,53.4404422,-9.7252286,
r2551853,Lough Aknockaunglass,water,natural=water,53.4439761,-9.7441864,
r2551854,Lough Alurgan,water,natural=water,53.414942,-9.7748065,
r2551855,Lough Duff,water,natural=water,53.44927,-9.7013355,
r2551856,Lough Nacrogy,water,natural=water,53.4196194,-9.7014749,
r2551857,Lough Nevreaghoge,water,natural=water,53.4389276,-9.7382963,
r2551858,Lough Wheelaun,water,natural=water,53.4412985,-9.7510046,
r2551859,Loughanillaun,water,natural=water,53.4425577,-9.7336722,
r2551860,Loughaunanny,water,natural=water,53.4545633,-9.7107768,
r2551861,Loughaunemlagheask,water,natural=water,53.4436949,-9.7622752,
r2551863,Park Lough,water,natural=water,53.4599326,-9.6816266,
r2551866,,water,natural=water,53.4166589,-9.7022581,
r2551867,,water,natural=water,53.4022917,-9.7426146,
r2551868,,water,natural=water,53.4063788,-9.7540462,
r2551869,,water,natural=water,53.4530492,-9.7404957,
r2551870,,water,natural=water,53.4516884,-9.7287959,
r2551871,,water,natural=water,53.453439,-9.7362363,
r2551873,,water,natural=water,53.40241,-9.7285464,
r2551875,,water,natural=water,53.4285826,-9.7175816,
r2551877,,water,natural=water,53.439867,-9.7172276,
r2551878,,water,natural=water,53.403603,-9.7378457,
r2551882,,water,natural=water,53.4147566,-9.7511629,
r2551885,,water,natural=water,53.4323636,-9.7348952,
r2551886,,water,natural=water,53.4050613,-9.7354264,
r2551887,,water,natural=water,53.4408608,-9.7164685,
r2551889,,water,natural=water,53.4425255,-9.7239518,
r2551890,,water,natural=water,53.4273456,-9.7166643,
r2551891,,water,natural=water,53.4495879,-9.7279134,
r2551892,,water,natural=water,53.4260223,-9.7143441,
r2551893,,water,natural=water,53.4299762,-9.7114688,
r2551894,,water,natural=water,53.4665595,-9.7475714,
r2551895,,water,natural=water,53.4046759,-9.7314083,
r2551897,,water,natural=water,53.4022085,-9.739278,
r2551898,,water,natural=water,53.4668596,-9.7443849,
r2551899,,water,natural=water,53.3998802,-9.7725213,
r2551900,,water,natural=water,53.4482254,-9.7472602,
r2551901,Lough Inagh,water,natural=water,53.5100881,-9.7508597,
r2551902,Lough Clogherbowbartleymede,water,natural=water,53.4265289,-9.7058201,
r2551903,,water,natural=water,53.4512751,-9.7030869,
r2551971,Loch Bhun na Cluife,water,natural=water,53.3292775,-9.8861504,
r2551972,Lough Nafaha,water,natural=water,53.3175824,-9.8713499,
r2552059,Loch an Ghearraidh,water,natural=water,53.3225909,-9.8326671,
r2552060,Loch an tSrutháin Dheirg,water,natural=water,53.3286816,-9.832077,
r2552061,Loch an Chaoráin,water,natural=water,53.3718145,-9.8393565,
r2552062,Lough Ateesky,water,natural=water,53.314179,-9.8302102,
r2552063,Lough Bola,water,natural=water,53.3466315,-9.8476338,
r2552064,Lough Cam,water,natural=water,53.3523316,-9.8558414,
r2552065,Loch an Roisín,water,natural=water,53.3700606,-9.8329139,
r2552066,Loch Doirín an Iarla,water,natural=water,53.3600669,-9.8536741,
r2552067,Lough Dohola,water,natural=water,53.3345537,-9.8322755,
r2552069,Lough Tawnaghboy,water,natural=water,53.3403545,-9.8422157,
r2552070,Loch na dTamhnach,water,natural=water,53.3657266,-9.8440772,
r2552071,Mill Lough,water,natural=water,53.3334614,-9.8692632,
r2552072,Shallow Lough,water,natural=water,53.3557833,-9.8525476,
r2552073,,water,natural=water,53.3067752,-9.8562062,
r2552074,,water,natural=water,53.338042,-9.8292822,
r2552075,,water,natural=water,53.3431858,-9.8380423,
r2552076,,water,natural=water,53.3163967,-9.8248136,
r2552077,Loch na nÉan,water,natural=water,53.341988,-9.8470545,
r2552260,Black Lough,water,natural=water,53.3499429,-9.8198569,
r2552262,Loch Dhúleitir,water,natural=water,53.3481945,-9.804622,
r2552263,Feaghran Lough,water,natural=water,53.4243409,-9.7363972,
r2552264,Loch Fhada Ghleannáin,water,natural=water,53.3477269,-9.7897822,
r2552265,Lough Cong,water,natural=water,53.420735,-9.71892,
r2552266,Loch na Dúlocha,water,natural=water,53.350135,-9.8008132,
r2552267,Loch na bhFaoileán,water,natural=water,53.335691,-9.8032165,
r2552268,Loch Padhbram,water,natural=water,53.3414818,-9.7824132,
r2552269,Loch Síodumhach,water,natural=water,53.3191589,-9.7956419,
r2552270,Loch Troscan,water,natural=water,53.3115253,-9.7872412,
r2552271,Loughanillaun,water,natural=water,53.4001392,-9.7236675,
r2552272,Loch an Áiléir,water,natural=water,53.339533,-9.7942042,
r2552273,Loch an Óir,water,natural=water,53.3259774,-9.7583867,
r2552274,Loughanillaun,water,natural=water,53.4132332,-9.7314083,
r2552275,Loch Chnocán na Mná Mairbhe,water,natural=water,53.361247,-9.8184913,
r2552276,,water,natural=water,53.3509516,-9.8061669,
r2552277,,water,natural=water,53.3610978,-9.7977233,
r2552278,,water,natural=water,53.3475124,-9.8150986,
r2552279,,water,natural=water,53.3515728,-9.8060328,
r2552280,,water,natural=water,53.38576,-9.7332752,
r2552281,,water,natural=water,53.4086142,-9.7128904,
r2552282,Loch Bheitheach Ghaibhnín,water,natural=water,53.4100115,-9.7437841,
r2552283,,water,natural=water,53.3978044,-9.728474,
r2552284,,water,natural=water,53.3521427,-9.8072559,
r2552285,,water,natural=water,53.4087356,-9.7077406,
r2552286,,water,natural=water,53.3343615,-9.7691202,
r2552726,Loch Tana,water,natural=water,53.4168454,-9.7125939,
r2552727,White Lough,water,natural=water,53.4269557,-9.7239196,
r2552728,Whitehillock Lough,water,natural=water,53.4285346,-9.7309423,
r2552847,Loch na nÁthanna Móra,water,natural=water,53.37433,-9.808259,
r2552848,Loch an Bhealaigh,water,natural=water,53.3752303,-9.8101048,
r2552849,Loch na Gráige,water,natural=water,53.3701609,-9.8114738,
r2552850,,water,natural=water,53.3722305,-9.8128724,
r2552851,,water,natural=water,53.3759126,-9.8015669,
r2552987,Loch an Phíobaire,water,natural=water,53.3733187,-9.7688854,
r2552988,Lough Nacallaghy,water,natural=water,53.3826564,-9.8016715,
r2552989,Loch na nAobh,water,natural=water,53.3827474,-9.7885233,
r2552990,,water,natural=water,53.3791174,-9.7780037,
r2552991,Loch na nAobh,water,natural=water,53.379399,-9.8011994,
r2553031,Loch Conaortha,water,natural=water,53.370623,-9.6908319,
r2553033,Lough Cuskeamatinny,water,natural=water,53.4359019,-9.6989751,
r2553034,Lough Curreel,water,natural=water,53.4166747,-9.6838367,
r2553035,Loch na Brocaí,water,natural=water,53.3802438,-9.7246224,
r2553036,Lough Nambrackmore,water,natural=water,53.4278443,-9.7130353,
r2553037,,water,natural=water,53.4220969,-9.698149,
r2553038,Loch na gCapall,water,natural=water,53.4197664,-9.6953032,
r2553703,Loch Ard Doire,water,natural=water,53.4521307,-9.530688,
r2553723,Black Loughs,water,natural=water,53.4286624,-9.6685589,
r2553725,Loch Inbhear Beag,water,natural=water,53.3937387,-9.6385074,
r2553726,Loch Inbhear Mór,water,natural=water,53.3931327,-9.6519211,
r2553728,Loch Chluain Toipín,water,natural=water,53.4505255,-9.6410662,
r2553731,Lough Agaddy,water,natural=water,53.4440545,-9.5343959,
r2553735,Lough Agay,water,natural=water,53.4431158,-9.6810122,
r2553738,Loch an Loigín,water,natural=water,53.4011467,-9.6619713,
r2553741,Loch Oiriúlach,water,natural=water,53.384429,-9.6165776,
r2553745,Loch an Bhaile,water,natural=water,53.3924911,-9.6639991,
r2553747,Loch Bun na hEasca,water,natural=water,53.4113992,-9.6558774,
r2553748,Loch Barr na hEasca,water,natural=water,53.4212529,-9.64944,
r2553749,Loch na gCreagán,water,natural=water,53.4052851,-9.6300638,
r2553750,Lough Duff,water,natural=water,53.4151466,-9.6688915,
r2553751,Lough Fadda,water,natural=water,53.4475481,-9.5824278,
r2553752,Lough Fadda,water,natural=water,53.445139,-9.7046828,
r2553753,Loch Fada na gCnámh,water,natural=water,53.4265752,-9.6311367,
r2553754,Loch Inbhir,water,natural=water,53.4004172,-9.6190399,
r2553755,Lough Mongaun,water,natural=water,53.447056,-9.6738482,
r2553756,Loch na hAbhna Gairbhe,water,natural=water,53.4048885,-9.6219071,
r2553757,Lough Natully,water,natural=water,53.424961,-9.6857894,
r2553758,Loch na nÓrán,water,natural=water,53.4360771,-9.6402884,
r2553759,Loughanillaun,water,natural=water,53.464509,-9.5343089,
r2553760,Loughaunanillaun,water,natural=water,53.3980378,-9.6330142,
r2553761,Loughaunemlagh,water,natural=water,53.4443689,-9.6956492,
r2553762,Loughaunierin,water,natural=water,53.4542374,-9.4887006,
r2553763,Loughnacrevy,water,natural=water,53.459444,-9.4990379,
r2553764,Maunwee Lough,water,natural=water,53.4773835,-9.5410021,
r2553765,Loch Úraid,water,natural=water,53.4521235,-9.6125632,
r2553766,Loch Sheanadh Bhéara,water,natural=water,53.4243729,-9.6139849,
r2553768,,water,natural=water,53.4563872,-9.5431307,
r2553769,Lough Derracross North,water,natural=water,53.4290173,-9.6793682,
r2553770,,water,natural=water,53.4406978,-9.5534974,
r2553771,,water,natural=water,53.4083678,-9.6686286,
r2553772,,water,natural=water,53.445852,-9.6208805,
r2553773,,water,natural=water,53.4609387,-9.507283,
r2553774,,water,natural=water,53.3903286,-9.6223497,
r2553775,,water,natural=water,53.4365293,-9.6848345,
r2553776,,water,natural=water,53.3917234,-9.6300531,
r2553777,,water,natural=water,53.4358678,-9.6757289,
r2553778,,water,natural=water,53.4372979,-9.6757418,
r2553779,,water,natural=water,53.4220617,-9.6394944,
r2553780,,water,natural=water,53.4057616,-9.6283954,
r2553781,,water,natural=water,53.4624589,-9.5257688,
r2553782,,water,natural=water,53.4549211,-9.5531219,
r2553783,,water,natural=water,53.4622929,-9.5599508,
r2553784,,water,natural=water,53.4307592,-9.650749,
r2553785,,water,natural=water,53.4236761,-9.590469,
r2553786,,water,natural=water,53.396624,-9.6624005,
r2553787,,water,natural=water,53.4110443,-9.6500677,
r2553788,Lough Minnaun,water,natural=water,53.4452605,-9.7121115,
r2553789,,water,natural=water,53.4231102,-9.6849525,
r2553790,,water,natural=water,53.3985751,-9.6286797,
r2553791,,water,natural=water,53.4468835,-9.5916653,
r2553792,,water,natural=water,53.4251592,-9.7005522,
r2553793,,water,natural=water,53.4607151,-9.5112419,
r2553794,,water,natural=water,53.4607247,-9.5148361,
r2553795,,water,natural=water,53.4673929,-9.4824028,
r2553796,,water,natural=water,53.4600508,-9.5183069,
r2553797,,water,natural=water,53.4219067,-9.6396017,
r2553798,,water,natural=water,53.4255716,-9.7005468,
r2553799,,water,natural=water,53.4666616,-9.5493614,
r2553800,,water,natural=water,53.4263707,-9.7003752,
r2553801,,water,natural=water,53.4451391,-9.5924592,
r2553802,,water,natural=water,53.461801,-9.5038604,
r2553803,Loch Dhoire Shalach,water,natural=water,53.4407231,-9.5645884,
r2553804,,water,natural=water,53.4255043,-9.6495796,
r2553805,,water,natural=water,53.4282789,-9.68418,
r2553806,,water,natural=water,53.4368888,-9.7075796,
r2553807,,water,natural=water,53.4478548,-9.5495438,
r2553808,,water,natural=water,53.436793,-9.6589565,
r2554122,Loch Achadh Bhuaile,water,natural=water,53.4143887,-9.545381,
r2554123,Loch na hEasléime,water,natural=water,53.4366459,-9.5474947,
r2554124,Loch an Fhraoigh,water,natural=water,53.4287391,-9.5538515,
r2554125,,water,natural=water,53.3912371,-9.5870089,
r2554126,,water,natural=water,53.3859264,-9.5621609,
r2554127,,water,natural=water,53.4085981,-9.5266592,
r2554128,,water,natural=water,53.4096469,-9.5389733,
r2554129,Loch na Spiortha,water,natural=water,53.4110411,-9.5359022,
r2554182,Loch an Chaolaigh,water,natural=water,53.2583012,-9.6947801,
r2554183,Loch an Bhalla,water,natural=water,53.2494112,-9.6884501,
r2554185,Loch na Feannóige,water,natural=water,53.2596522,-9.6887076,
r2554186,Loch Tan,water,natural=water,53.2568699,-9.6572115,
r2554187,Loch na gCeann,water,natural=water,53.2535836,-9.6980953,
r2554188,An Lochán,water,natural=water,53.2595238,-9.6810633,
r2554189,Loch an Iolra,water,natural=water,53.2567375,-9.7072685,
r2554190,,water,natural=water,53.2583846,-9.6588921,
r2554191,,water,natural=water,53.258866,-9.6705329,
r2554192,,water,natural=water,53.2489427,-9.6679312,
r2554193,,water,natural=water,53.2647188,-9.7553337,
r2554194,,water,natural=water,53.2498414,-9.6808594,
r2554195,Lough Awaallia,water,natural=water,53.2548225,-9.6942759,
r2554416,Loch na bhFraochóg,water,natural=water,53.2909054,-9.5800995,
r2554417,Loch Leacrach,water,natural=water,53.3019155,-9.575926,
r2554418,Loch na Tamhnaí,water,natural=water,53.3153135,-9.565562,
r2554419,Loch Fada,water,natural=water,53.3150148,-9.59267,
r2554420,Loch an Tuairín,water,natural=water,53.2976452,-9.5926046,
r2554421,Loch an Ghadaí,water,natural=water,53.3088714,-9.6007741,
r2554422,Loch Cara Fionnla,water,natural=water,53.3012056,-9.5587492,
r2554423,Loch na Cora Dóite,water,natural=water,53.310179,-9.5665169,
r2554424,Loch Uí Chadhain,water,natural=water,53.2954233,-9.5512712,
r2554425,Loch Tanaí,water,natural=water,53.3141597,-9.5758724,
r2554426,Loch an Oileáinín,water,natural=water,53.3173581,-9.6011925,
r2554427,Loch an Bhric Mhóir,water,natural=water,53.2989677,-9.5757758,
r2554429,Loch an Mhuilinn,water,natural=water,53.2697559,-9.5938016,
r2554430,,water,natural=water,53.2883851,-9.5786459,
r2554431,Loch na bhFraochóg Beag,water,natural=water,53.2897959,-9.5761192,
r2554432,,water,natural=water,53.3091856,-9.5494473,
r2554433,,water,natural=water,53.3103138,-9.6002484,
r2554434,,water,natural=water,53.3089035,-9.608059,
r2554435,Lough Scalpdonnell,water,natural=water,53.2636985,-9.6036923,
r2554436,,water,natural=water,53.3099628,-9.6046203,
r2554437,,water,natural=water,53.3035921,-9.5779914,
r2554445,Loch na Lannach,water,natural=water,53.3589976,-9.578383,
r2554446,Loch an Ultóra,water,natural=water,53.3653647,-9.5587707,
r2554447,Loch Chamais,water,natural=water,53.3571983,-9.5544469,
r2557028,Loch Ghlas Sticín,water,natural=water,53.2544629,-9.5314711,
r2557029,Loch an Chraoibhín,water,natural=water,53.2352167,-9.5131946,
r2557030,Loch an tSeanbhaile,water,natural=water,53.2382914,-9.5382142,
r2557031,Loch na nOileán,water,natural=water,53.2477485,-9.5128727,
r2557032,Loch Ros an Mhíl,water,natural=water,53.2667474,-9.5482778,
r2557033,Loch na Bántraí,water,natural=water,53.2388307,-9.5203836,
r2557034,,water,natural=water,53.2590553,-9.5213914,
r2557035,,water,natural=water,53.2417715,-9.5146396,
r2557036,,water,natural=water,53.2429913,-9.5167405,
r2557037,,water,natural=water,53.256196,-9.5253772,
r2557038,,water,natural=water,53.2542962,-9.5215953,
r2557039,,water,natural=water,53.260156,-9.5298082,
r2557040,,water,natural=water,53.2620926,-9.5314711,
r2557041,,water,natural=water,53.2576594,-9.5313263,
r2557042,,water,natural=water,53.253513,-9.5156032,
r2557284,Loch Clochar na gCon,water,natural=water,53.2843425,-9.4137329,
r2557285,Loch na gCaorán Dubh,water,natural=water,53.2754598,-9.2864084,
r2557286,Loch Chnoc an Locha,water,natural=water,53.2965666,-9.2611675,
r2557287,Loch an Dobhráin,water,natural=water,53.2636695,-9.4772905,
r2557288,Loch Ghleann Daimh,water,natural=water,53.2778013,-9.4812548,
r2557289,Loch Cloichrigh,water,natural=water,53.2485638,-9.4824082,
r2557290,Lough Cam,water,natural=water,53.3028451,-9.2739952,
r2557291,Lough Logananny,water,natural=water,53.2702372,-9.2928404,
r2557292,Loch na hÓige,water,natural=water,53.260862,-9.5046866,
r2557293,Lough Nambrackkeogh,water,natural=water,53.2952726,-9.2881787,
r2557294,Loch Uachtair na Tulaí,water,natural=water,53.2472798,-9.4953311,
r2557295,Loch Uachtair,water,natural=water,53.2750395,-9.485144,
r2557296,Lough Poll,water,natural=water,53.305275,-9.2969334,
r2557299,Loughaunib,water,natural=water,53.2628418,-9.5176685,
r2557300,Loch Sheanadh Croise,water,natural=water,53.2928615,-9.4920266,
r2557301,Loch Bhéal na Comhlann,water,natural=water,53.2830821,-9.3880481,
r2557302,Loichíní Pholl an Dúigh,water,natural=water,53.2535251,-9.4708853,
r2557304,Loch an Locháin Bhig,water,natural=water,53.2582626,-9.401046,
r2557305,,water,natural=water,53.2668974,-9.4073868,
r2557306,,water,natural=water,53.2790009,-9.4157982,
r2557308,,water,natural=water,53.2687293,-9.4060242,
r2557309,,water,natural=water,53.2675326,-9.4055575,
r2557310,,water,natural=water,53.2617637,-9.5187682,
r2557311,,water,natural=water,53.2642343,-9.4090014,
r2557312,,water,natural=water,53.2673497,-9.4068236,
r2557314,,water,natural=water,53.2590986,-9.4587028,
r2557315,,water,natural=water,53.2827616,-9.382976,
r2557316,,water,natural=water,53.2675005,-9.5149649,
r2557317,,water,natural=water,53.2661434,-9.4057775,
r2557319,Loch an Fhiolair,water,natural=water,53.2641605,-9.5161343,
r2559189,Loch Dhoire an Fhéich,water,natural=water,53.2949905,-9.5387453,
r2559190,Loch na Coille,water,natural=water,53.3247951,-9.4887972,
r2559191,Loch na mBruaichíní,water,natural=water,53.3127943,-9.5289767,
r2559192,Loch Bharr an tSrutháin,water,natural=water,53.3006524,-9.539271,
r2559193,Loch an Mhianaigh,water,natural=water,53.3036017,-9.5302749,
r2559194,,water,natural=water,53.2934642,-9.5436054,
r2559195,Loch Fada Crosáin,water,natural=water,53.2923817,-9.5570431,
r2559196,,water,natural=water,53.2949889,-9.5325762,
r2559288,Loch na Craoibhe,water,natural=water,53.3278294,-9.5412504,
r2561335,Lough Emlaghnacourty,water,natural=water,53.4471967,-10.0262957,
r2566644,Loch Niollach,water,natural=water,53.2692617,-9.3447251,
r2566645,,water,natural=water,53.2871231,-9.3565079,
r2566646,,water,natural=water,53.2870397,-9.3605608,
r2566647,,water,natural=water,53.2817978,-9.3525839,
r2566908,,water,natural=water,53.2842622,-9.3427651,
r2567065,Loch an Chlaí,water,natural=water,53.28813,-9.4526035,
r2567068,Loch Bhantracha Muiris,water,natural=water,53.2948602,-9.4568199,
r2567197,Loch an Ghiolcaigh,water,natural=water,53.2915436,-9.4322347,
r2567198,Loch Fhada Ghleannáin,water,natural=water,53.2762072,-9.4578928,
r2567199,,water,natural=water,53.3031168,-9.4496691,
r2567200,,water,natural=water,53.2793284,-9.4501528,
r2567364,Loch Ghleann Mhac Muirinn,water,natural=water,53.3183533,-9.5056093,
r2567365,Loch Barr an Ghoibín,water,natural=water,53.3104756,-9.5200986,
r2567367,,water,natural=water,53.3036145,-9.5201039,
r2567368,,water,natural=water,53.3000801,-9.5221988,
r2567486,Loichín na hAille,water,natural=water,53.314745,-9.4585114,
r2567487,Loch an Doirín,water,natural=water,53.3371307,-9.4555968,
r2567488,Loch Fhormaoil,water,natural=water,53.3361505,-9.4693834,
r2567489,,water,natural=water,53.3133874,-9.461959,
r2567490,,water,natural=water,53.3294631,-9.4739932,
r2567491,,water,natural=water,53.3230186,-9.4666206,
r2567492,Loch an Roisín,water,natural=water,53.3335158,-9.4803348,
r2567493,,water,natural=water,53.3145219,-9.4686538,
r2567572,Loch na bhFreangach,water,natural=water,53.3492768,-9.5220673,
r2567573,Loch na Meacan,water,natural=water,53.3491968,-9.5080018,
r2567574,Loch Mhuiceanach,water,natural=water,53.3401171,-9.5052981,
r2567575,Loch Mhuiceanach Choille,water,natural=water,53.3387472,-9.4933462,
r2567576,,water,natural=water,53.3413858,-9.4702202,
r2567578,Loch na Sceiche,water,natural=water,53.3305699,-9.5170477,
r2567593,,water,natural=water,53.3463227,-9.4849133,
r2568152,Loch an Iolra,water,natural=water,53.3539166,-9.539609,
r2568153,Loch an Chriathraigh,water,natural=water,53.3465901,-9.5304626,
r2568154,Loch an Damba,water,natural=water,53.3568077,-9.5185536,
r2568155,Loch Idir Dhá Chnoc,water,natural=water,53.339536,-9.5272816,
r2568156,Loch na Gairfine,water,natural=water,53.3643915,-9.508557,
r2568157,,water,natural=water,53.3693836,-9.4748389,
r2568158,Loch an Óir,water,natural=water,53.3718401,-9.479667,
r2568368,Loichín na hÁithe,water,natural=water,53.3958051,-9.5251841,
r2568369,Loch Domhain,water,natural=water,53.4233596,-9.5284402,
r2568371,Loch na Foirnéise,water,natural=water,53.3735681,-9.5396089,
r2568373,Loch na nUilleann,water,natural=water,53.4250342,-9.5160162,
r2568374,Loch an Mhianaigh,water,natural=water,53.3816613,-9.5441473,
r2568375,Loch Ghleann Trasna,water,natural=water,53.4002278,-9.5292669,
r2568376,,water,natural=water,53.377671,-9.4778753,
r2568378,Loch na mBreac Buí,water,natural=water,53.4252616,-9.5326486,
r2568379,,water,natural=water,53.3867839,-9.5434123,
r2568380,Loch Sheanadh na Siongán,water,natural=water,53.3803317,-9.5351565,
r2569166,Loch an Phréacháin,water,natural=water,53.4379845,-9.5056733,
r2569167,Loch Bó Finne,water,natural=water,53.4376458,-9.4545991,
r2569168,Lough Nasilloge,water,natural=water,53.429535,-9.5366726,
r2569169,Loichín an tSionnaigh,water,natural=water,53.4307905,-9.5245267,
r2569170,,water,natural=water,53.4396817,-9.4776231,
r2569171,,water,natural=water,53.431523,-9.5122987,
r2569172,,water,natural=water,53.4172248,-9.4761237,
r2569213,Lough Adrehul,water,natural=water,53.4285666,-9.4267577,
r2569214,Lough Agruffara,water,natural=water,53.4210066,-9.408909,
r2569221,Loch Sheanabháin,water,natural=water,53.3990773,-9.4514126,
r2569359,Lough Nabroughdoo,water,natural=water,53.4027856,-9.4450634,
r2569360,Loch an tSealbháin,water,natural=water,53.4051818,-9.440024,
r2569361,Loch an Iarainn,water,natural=water,53.3903894,-9.4714701,
r2569362,,water,natural=water,53.407578,-9.4616801,
r2569363,,water,natural=water,53.406406,-9.4494009,
r2569364,,water,natural=water,53.4102673,-9.4680315,
r2569402,Loch an Chlochair,water,natural=water,53.3764246,-9.4467248,
r2569403,Loch Conga,water,natural=water,53.3917259,-9.4255453,
r2569404,Shannadullaghaun Lough,water,natural=water,53.3906165,-9.4372023,
r2569405,,water,natural=water,53.3997922,-9.4322186,
r2569530,Na Lochanna Móra,water,natural=water,53.2947598,-9.3835247,
r2569591,Loch Chnocán na Lao,water,natural=water,53.3028482,-9.4248265,
r2569598,,water,natural=water,53.3112366,-9.4114798,
r2569727,Loch Leacrach,water,natural=water,53.3115797,-9.4448733,
r2569728,Loch na mBantracha,water,natural=water,53.3137784,-9.4359737,
r2569729,Loch Fhada na bhFraochlaí,water,natural=water,53.3096646,-9.4309366,
r2569730,Loch Mhór Mháire,water,natural=water,53.3027313,-9.3866989,
r2569731,Loch na nEach,water,natural=water,53.3170825,-9.4472927,
r2569732,Loch na bhFraochlaí,water,natural=water,53.3188578,-9.4538748,
r2569733,,water,natural=water,53.3201124,-9.4208086,
r2569734,,water,natural=water,53.3224403,-9.4036424,
r2569735,,water,natural=water,53.2984434,-9.3706915,
r2569736,,water,natural=water,53.3320262,-9.4440526,
r2569737,,water,natural=water,53.3245583,-9.4512811,
r2569738,,water,natural=water,53.3270605,-9.4521421,
r2569739,Loch na nOileán,water,natural=water,53.2958094,-9.4107123,
r2569740,,water,natural=water,53.2930377,-9.3745565,
r2569741,,water,natural=water,53.3186431,-9.4419712,
r2571235,Lettercraffroe Lough,water,natural=water,53.3809198,-9.419151,
r2571239,Loch an Bhéaláin Íochtair,water,natural=water,53.3195146,-9.3504221,
r2571240,Loch na Tamhnaí Íochtair,water,natural=water,53.2916975,-9.3521172,
r2571241,Loch an Bhéaláin Uachtair,water,natural=water,53.3232364,-9.3643427,
r2571242,,water,natural=water,53.3889722,-9.4220692,
r2571243,,water,natural=water,53.3888347,-9.4226378,
r2571244,,water,natural=water,53.3142335,-9.369337,
r2571245,,water,natural=water,53.38942,-9.4212592,
r2571587,Buffy Lough,water,natural=water,53.3920364,-9.3048312,
r2571589,Lough Seecon,water,natural=water,53.4452797,-9.3776196,
r2571590,Ross Lake,water,natural=water,53.372301,-9.2176734,
r2571591,Shannaghree Lough,water,natural=water,53.4007725,-9.3458166,
r2571592,,water,natural=water,53.4506821,-9.3974572,
r2571593,,water,natural=water,53.4078268,-9.3697392,
r2571594,,water,natural=water,53.46167,-9.4166941,
r2571595,,water,natural=water,53.3946377,-9.3677974,
r2571596,,water,natural=water,53.3941418,-9.3655228,
r2571598,,water,natural=water,53.3990789,-9.3295223,
r2571599,,water,natural=water,53.3898711,-9.2645162,
r2571600,,water,natural=water,53.3889881,-9.2760176,
r2571641,Loch Bhaile Uí Chuirc,water,natural=water,53.3306061,-9.1567756,
r2575755,,water,natural=water,53.4251158,-10.0765923,
r2580474,Loch Scainimh,water,natural=water,53.327158,-9.7917098,
r2580475,,water,natural=water,53.371088,-9.6738804,
r2580518,Loch na Tulaí Buí,water,natural=water,53.3362396,-9.7909588,
r2580536,Loch Céim na Caillí,water,natural=water,53.3323529,-9.8180276,
r2580537,Lough Nageeron,water,natural=water,53.3199665,-9.8748046,
r2589828,Loch Bhaile na Cille,water,natural=water,53.2395882,-9.7013032,
r2590053,Loch Thoirbirt,water,natural=water,53.2470198,-9.6761709,
r2639307,,water,natural=water,53.3699293,-9.9586075,
r2639447,Cregduff Lough,water,natural=water,53.3855681,-9.9313134,
r2639448,Rick's Lough,water,natural=water,53.3879164,-9.9306214,
r2639449,,water,natural=water,53.3977596,-9.9694544,
r2639604,,water,natural=water,53.3994323,-9.9314046,
r2639642,Lough Nasrrahoge,water,natural=water,53.4329484,-9.8989392,
r2639643,Toombeola Lough,water,natural=water,53.4277036,-9.869585,
r2639874,,water,natural=water,53.4365245,-9.9125702,
r2643915,Courhoor Lough,water,natural=water,53.5450377,-10.1197922,
r2643916,Emlaghbeg Lough,water,natural=water,53.5504499,-10.140177,
r2643917,Lough Aughrusbeg,water,natural=water,53.5530661,-10.174628,
r2643918,Lough Nawarewaun,water,natural=water,53.5279176,-10.1096964,
r2643919,Maw Lough,water,natural=water,53.530883,-10.0843978,
r2644153,Fahy Lough,water,natural=water,53.5305753,-10.1595372,
r2644154,Garraunbaun Lough,water,natural=water,53.5479574,-10.0201321,
r2644155,Glenbrickeen Lough,water,natural=water,53.5100471,-10.0177395,
r2644156,Lough Acraunnereen,water,natural=water,53.4975176,-10.0373465,
r2644157,Lough Animma,water,natural=water,53.4927212,-10.0383496,
r2644158,Lough Auna,water,natural=water,53.5092687,-9.985376,
r2644159,Lough Ballynakill,water,natural=water,53.5564283,-10.0518089,
r2644160,Lough Cregg,water,natural=water,53.4957881,-9.9413019,
r2644161,Lough Louraderagh,water,natural=water,53.5281663,-9.9902898,
r2644162,Lough Naguroge,water,natural=water,53.5242918,-9.966917,
r2644163,Lough Nambrackkeagh,water,natural=water,53.4964103,-10.0027245,
r2644164,Lough Tanny,water,natural=water,53.5285107,-10.0408441,
r2644165,Shantakeever Lough,water,natural=water,53.50351,-10.0055623,
r2644166,,water,natural=water,53.5360195,-10.1613772,
r2644186,Knockaunbaun Lough,water,natural=water,53.5665639,-10.0997347,
r2644187,Lough Nahillion,water,natural=water,53.5148893,-9.9220169,
r2644188,Lough Nawtawny,water,natural=water,53.5668091,-10.0873482,
r2644189,Lough Touther,water,natural=water,53.5684339,-9.9068356,
r2644190,Tully Lough,water,natural=water,53.5907344,-9.9820071,
r2644191,,water,natural=water,53.5568587,-10.0761232,
r2644192,,water,natural=water,53.5566164,-10.0873911,
r2644193,,water,natural=water,53.5850284,-9.7941184,
r2645735,,water,natural=water,53.487455,-9.9037564,
r2645774,Lough Doo,water,natural=water,53.0108909,-8.881883,
r2654713,Lough Atickipple,water,natural=water,53.0091448,-8.8129234,
r2654714,,water,natural=water,53.0135279,-8.7961972,
r2655919,Loch an Doirín,water,natural=water,53.4343339,-9.8418725,
r2655920,,water,natural=water,53.4395011,-9.9082973,
r2655985,Lough Awheelamore,water,natural=water,53.4434951,-9.9176713,
r2668706,Loch na bhFaoileán,water,natural=water,53.341285,-9.3091606,
r2668707,Loch Thulaigh na nUan,water,natural=water,53.328433,-9.2972288,
r2668708,Loch Shliabh an Aonaigh,water,natural=water,53.3171806,-9.2654618,
r2724655,Illion Lough,water,natural=water,53.4659023,-9.6705916,
r2724656,,water,natural=water,53.4685633,-9.6788724,
r2929338,Loch an Oileain Mhóir,water,natural=water,53.3066595,-9.3430457,
r2968027,Lough Fee,water,natural=water,53.5859231,-9.8207897,
r3232455,,water,natural=water,53.5193417,-8.2770825,
r3236079,,water,natural=water,53.4935733,-8.2828753,
r3281141,,water,natural=water,53.5545563,-10.0910736,
r3284601,Loch na nArd Doiriú,water,natural=water,53.3300557,-9.3064114,
r3291640,,water,natural=water,53.3207805,-9.5414006,
r3317204,Loch Chonga Beag,water,natural=water,53.2694799,-9.4343376,
r3319905,Loch Bhoth Loiscthe (Íochtarach),water,natural=water,53.2876816,-9.3151401,
r3319913,,water,natural=water,53.3176916,-9.412654,
r3319930,Loch Chonga Mór,water,natural=water,53.2680878,-9.4198139,
r3416424,Pollacappul Lough,water,natural=water,53.5591676,-9.8810078,
r3416437,Kylemore Lough,water,natural=water,53.5603884,-9.8550177,
r3493829,Lough Nafooey,water,natural=water,53.5777776,-9.550809,
r3499120,Lough Hacket,water,natural=water,53.4888059,-9.0451092,
r3499349,Ashford Castle Lake,water,natural=water,53.5387012,-9.289089,
r3517282,,water,natural=wetland,53.6661959,-8.6183608,
r3529197,,water,natural=water,53.5270986,-9.4574964,
r3533387,Coolin Lough,water,natural=water,53.540788,-9.4133632,
r3536460,,water,natural=water,53.5425141,-9.4076768,
r3546530,,water,natural=water,53.5428564,-9.2861676,
r3547607,Summerville Lough,water,natural=water,53.4986322,-8.594678,
r3704343,,water,natural=water,53.4116466,-9.9185223,
r3776350,,water,natural=water,53.3883695,-10.0156999,
r3806680,,water,natural=water,53.3176349,-9.239056,
r3824890,,water,natural=water,53.4574401,-9.8646966,
r3863369,,water,natural=water,53.3357831,-9.0274908,
r3865442,,water,natural=wetland,53.323735,-9.0088795,
r3885510,,water,natural=wetland,53.2742274,-9.114326,
r4033150,,water,natural=water,53.3597343,-9.0367489,
r4090350,,water,natural=water,53.274095,-9.0586291,
r4167626,,water,natural=wetland,53.3710961,-8.6046582,
r4214062,,water,natural=water,53.2623734,-8.059094,
r4253235,Lough Rea,water,natural=water,53.1885682,-8.5761206,
r4427833,,water,natural=water,53.4239549,-9.5216416,
r4655057,,water,natural=water,53.0272366,-8.8664884,
r4675832,,water,natural=water,53.1612741,-8.8393495,
r4726866,Lough Cutra,water,natural=water,53.0341583,-8.7841952,
r4740867,Lough Alewnaghta,water,natural=water,52.9719287,-8.3566865,
r4763703,,water,natural=water,53.1378182,-8.159141,
r4772812,,water,natural=water,53.1714889,-8.084385,
r4784940,Ballynakill Lough,water,natural=water,53.0097628,-8.7988503,
r5666942,,water,natural=wetland,53.2456747,-8.3275745,
r5677922,,water,natural=wetland,53.1845842,-8.329443,
r5836697,,water,natural=wetland,53.2365288,-8.3643776,
r5903967,,water,natural=water,53.2046981,-8.4499917,
r6005655,,water,natural=wetland,53.2533034,-8.5265127,
r6141096,Woodford River,water,waterway=river,53.0290326,-8.3510163,
r6182044,,water,natural=wetland,53.345152,-8.5308609,
r6193241,,water,natural=wetland,53.4489889,-8.3536944,
r6194452,,water,natural=wetland,53.4761035,-8.386702,
r6194453,,water,natural=wetland,53.4794646,-8.4016656,
r6201212,,water,natural=wetland,53.461444,-8.4549367,
r6201213,,water,natural=wetland,53.4950554,-8.4465016,
r6201214,,water,natural=wetland,53.4572979,-8.441133,
r6201215,,water,natural=wetland,53.4584213,-8.4486126,
r6202144,,water,natural=wetland,53.4732138,-8.5377796,
r6206795,,water,natural=wetland,53.3613793,-8.6788646,
r6215605,,water,natural=wetland,53.4092606,-8.6075008,
r6215606,,water,natural=wetland,53.4034233,-8.5940119,
r6221982,,water,natural=wetland,53.5302543,-8.3028962,
r6226023,,water,natural=wetland,53.3742712,-8.6262889,
r6228769,,water,natural=wetland,53.398349,-8.6690429,
r6390026,,water,natural=water,53.0931063,-8.1986547,
r6652926,,water,natural=wetland,53.2591061,-8.9372579,
r7166922,,water,natural=water,53.4556906,-9.3974985,
r7372275,,water,natural=wetland,53.5354153,-10.1613061,
r7376147,,water,natural=water,53.6306109,-10.1932673,
r7376148,Lake Gowlanagower,water,natural=water,53.6285926,-10.1954895,
r7376149,,water,natural=water,53.6104615,-10.1962889,
r7380879,,water,natural=water,53.6304957,-10.1888242,
r7426276,,water,natural=water,53.2881226,-9.57054,
r7563487,Tonroe Turlough,water,natural=wetland,53.2375599,-8.8965038,
r7592361,Doo Lough,water,natural=water,53.0853379,-8.8641047,
r7609322,,water,natural=wetland,53.2119477,-8.8797605,
r7897118,,water,natural=wetland,52.9972329,-8.3335066,
r8067228,,water,natural=wetland,53.2121825,-8.875148,
r8067275,,water,natural=wetland,53.208035,-8.8868746,
r8067368,,water,natural=wetland,53.2022584,-8.8996553,
r8086429,,water,natural=water,53.1932173,-8.9031073,
r8098082,,water,natural=wetland,53.1914625,-8.9239964,
r8099300,,water,natural=wetland,53.2527812,-8.9524037,
r8099301,,water,natural=water,53.2547325,-8.9550069,
r8101779,,water,natural=wetland,53.1959185,-8.9309527,
r8102945,,water,natural=wetland,53.1615412,-8.9406811,
r8105279,,water,natural=wetland,53.1547326,-8.9371339,
r8105280,,water,natural=wetland,53.1573768,-8.9397866,
r8106901,,water,natural=wetland,53.1441811,-8.9238972,
r8119583,,water,natural=wetland,53.1656853,-8.9763933,
r8120403,,water,natural=wetland,53.162355,-8.9922492,
r8128008,,water,natural=wetland,53.156583,-9.0104078,
r8204482,,water,natural=wetland,53.2155473,-8.999026,
r8245911,,water,natural=wetland,53.154365,-8.9978913,
r8248505,,water,natural=wetland,53.1456021,-8.9991584,
r9135605,,water,natural=wetland,53.1575915,-8.9718307,
r9135610,,water,natural=wetland,53.1615027,-8.9855584,
r9135634,,water,natural=water,53.1534989,-8.9600452,
r9347625,,water,natural=wetland,53.5345175,-9.0318528,
r9513162,,water,natural=water,53.5579871,-9.3851392,
r9517148,,water,natural=water,53.5379529,-9.6877695,
r9517181,,water,natural=water,53.5079642,-9.5453375,
r9517182,,water,natural=water,53.512125,-9.5542454,
r9822789,Dalgan,water,waterway=river,53.7008371,-8.8167962,
r10696283,,water,natural=wetland,53.1341771,-8.8819675,
r10696331,,water,natural=wetland,53.1186362,-8.8422427,
r10718943,,water,natural=wetland,53.1285012,-8.8787958,
r10720806,,water,natural=water,53.1161812,-8.8395685,
r10728041,,water,natural=wetland,53.5800028,-8.5261872,
r10732940,,water,natural=wetland,53.6157138,-8.5053146,
r10732962,,water,natural=wetland,53.6036975,-8.4610686,
r10743336,,water,natural=wetland,53.610152,-8.665866,
r10743356,,water,natural=wetland,53.6128123,-8.6671347,
r10743379,,water,natural=wetland,53.5992156,-8.7075233,
r10743380,,water,natural=wetland,53.5961565,-8.6987579,
r10780287,,water,natural=water,53.0667273,-8.9173526,
r10780295,Lough Mannagh,water,natural=water,53.0628267,-8.889538,
r10995248,,water,natural=wetland,53.6395612,-8.9653085,
r10995252,,water,natural=wetland,53.6510107,-8.9649028,
r11564720,,water,natural=wetland,53.132555,-8.5195005,
r11568619,,water,natural=water,52.9891956,-8.8872877,
r11572655,,water,natural=wetland,53.0458957,-8.8965172,
r11577984,,water,natural=wetland,53.0311212,-8.890002,
r11578173,Termon Lough,water,natural=water,53.0231184,-8.8795415,
r11578939,,water,natural=wetland,53.0147557,-8.8853324,
r11578982,,water,natural=wetland,52.999664,-8.8902193,
r11581478,,water,natural=wetland,53.0102106,-8.8675064,
r11583981,,water,natural=wetland,53.0465576,-8.8716183,
r11584227,,water,natural=wetland,53.0378553,-8.8767171,
r11584232,,water,natural=wetland,53.0343755,-8.8683761,
r11587832,,water,natural=wetland,53.0589661,-8.843624,
r11592833,,water,natural=wetland,53.0733178,-8.8560721,
r11592834,,water,natural=wetland,53.065354,-8.8593593,
r11593058,,water,natural=wetland,53.0862517,-8.8518529,
r11596503,,water,natural=water,53.1565163,-8.8520098,
r11597197,,water,natural=wetland,53.1722983,-8.9007068,
r11597198,,water,natural=wetland,53.1718322,-8.9132414,
r11599883,Lough Fingall,water,natural=wetland,53.1829246,-8.8732007,
r11599884,,water,natural=wetland,53.1818177,-8.8813465,
r11599886,,water,natural=wetland,53.1827241,-8.8928104,
r11599900,,water,natural=wetland,53.1902685,-8.8791713,
r11599901,,water,natural=wetland,53.192732,-8.8762665,
r11600076,,water,natural=wetland,53.1867841,-8.8981613,
r11600200,,water,natural=wetland,53.1679388,-8.8761618,
r11600201,,water,natural=wetland,53.170148,-8.8724899,
r11604080,,water,natural=wetland,53.5898938,-8.885343,
r11642655,,water,natural=wetland,53.6338499,-8.9241252,
r11642656,,water,natural=wetland,53.6330942,-8.9139998,
r11684746,,water,natural=wetland,53.1279222,-8.6979748,
r14190305,Callow Lough,water,natural=water,53.3593815,-8.4198332,
r14318925,,water,natural=water,53.273202,-9.0587273,
r14585678,Killtullagh Lough,water,natural=water,53.5833216,-8.5877384,
r14638009,,water,natural=water,53.4783412,-9.9119449,
r14651718,Suck,water,waterway=river,53.526697,-8.3414758,
r14996492,Corrib,water,waterway=river,53.2962251,-9.0880595,
r14996493,Eglinton Canal,water,waterway=canal,53.2740529,-9.0581959,
r14996494,Gaol River,water,waterway=canal,53.2745714,-9.0577373,
r14996495,Convent River,water,waterway=canal,53.2726612,-9.0584593,
r14996496,Parkavera River,water,waterway=canal,53.2718676,-9.058429,
r14996497,Mederia River,water,waterway=canal,53.2711785,-9.0580202,
r14996499,Friars River,water,waterway=canal,53.2750271,-9.0553918,
r14996500,Middle River,water,waterway=canal,53.2721556,-9.055737,
r15010987,,water,natural=water,53.6654314,-8.4005767,
r15013853,,water,natural=wetland,53.3132551,-9.105417,
r15053898,Loughkip River,water,waterway=river,53.3156328,-9.1998099,
r15053910,Knock River,water,waterway=river,53.2721372,-9.2441954,
r15053913,Abhainn Bhoth Loiscthe,water,waterway=river,53.2833963,-9.3162039,
r15053929,Abhainn Ruibhe,water,waterway=river,53.262684,-9.3739102,
r15061260,,water,natural=wetland,53.2865326,-9.2793105,
r15320670,,water,natural=wetland,53.5770785,-8.316275,
r15330640,,water,natural=wetland,53.6400679,-8.3674139,
r15334645,,water,natural=water,53.4742603,-9.2004048,
r15445035,,water,natural=wetland,53.2683485,-9.1910069,
r15553925,,water,natural=wetland,53.6878292,-8.6417314,
r15669046,,water,natural=water,53.2929709,-9.5230121,
r15669048,,water,natural=water,53.2890055,-9.5213606,
r15674118,,water,natural=wetland,53.4000463,-9.7001982,
r15678487,,water,natural=wetland,53.2875126,-9.4891834,
r15683276,,water,natural=water,53.3083738,-9.3204242,
r15690836,Lough Kip,water,natural=water,53.2973609,-9.2039946,
r15690882,Loch na Tamhnaí Airde,water,natural=water,53.2856144,-9.180175,
r15702836,Owenna,water,waterway=stream,53.4769326,-9.3951303,
r15710600,,water,natural=wetland,53.3929917,-9.1886285,
r15737382,Lough Rannaghaun,water,natural=water,53.3981349,-9.9976391,
r15741388,,water,natural=water,53.4972556,-10.1040591,
r15766341,,water,natural=water,53.138551,-9.7079978,
r15884530,Kilshanvy River,water,waterway=river,53.5702474,-9.0293515,
r15884531,Togher River,water,waterway=river,53.524276,-9.0512101,
r15884532,Black River,water,waterway=river,53.5383961,-9.1185038,
r15884569,Clarinbridge River,water,waterway=river,53.2753817,-8.794291,
r16328494,,water,natural=water,53.5457679,-9.6934779,
r16625028,Loughich River,water,waterway=river,53.2607963,-9.1970734,
r16625029,Knock River,water,waterway=river,53.276182,-9.2452524,
r16648067,Abhainn Chasla,water,waterway=river,53.2923504,-9.5289206,
r16650018,Abhainn na nArd Doiriú,water,waterway=river,53.3491734,-9.2916649,
r16667026,Terryland River,water,waterway=river,53.2882367,-9.0411479,
r16686704,,water,natural=water,53.2585219,-9.0821575,
r16833083,,water,natural=wetland,53.4572112,-9.8948569,
r17450503,,water,natural=water,53.4676911,-8.50086,
r17849915,Lochanna na Caothaí,water,natural=water,53.319332,-9.2042685,
r17856693,,water,natural=wetland,53.0169164,-8.8309446,
r17856811,,water,natural=wetland,52.9908507,-8.8374022,
r17856812,,water,natural=wetland,53.0050358,-8.8327143,
r17856814,Namugga Loughs,water,natural=water,53.0034742,-8.7601697,
r17859744,Loughaniddaun,water,natural=water,53.0418872,-8.5725811,
r17859745,,water,natural=wetland,53.0340214,-8.6267095,
r17899558,,water,natural=wetland,53.5239396,-9.9128303,
r18003995,Knappagh Lough,water,natural=water,53.575258,-9.8844848,
r18008385,Owengarve Lough,water,natural=water,53.4290906,-9.6943134,
r18033012,Loch na hAille Móire,water,natural=water,53.2980079,-9.4178406,
r18050073,Ballybwee Lough,water,natural=water,53.4330212,-10.1340394,
r18050082,Rushenduff Lough,water,natural=water,53.6076338,-10.0043518,
r18050089,,water,natural=water,53.4427388,-9.8805848,
r18050102,Lough Atorick,water,natural=water,53.0203392,-8.5478737,
r18088520,Coololla Lough,water,natural=water,53.312615,-8.3107308,
r18179112,,water,natural=wetland,53.4908921,-9.0405217,
r18841548,,water,natural=wetland,53.6514408,-8.8933149,
r18841651,Rathbaun Turlough,water,natural=water,53.5954155,-8.9903606,
r18973854,Lough Ennahower,water,natural=water,53.4164415,-9.7241986,
r18973923,Lough Nahownbigga,water,natural=water,53.3302482,-9.8218256,
r19051006,,water,natural=wetland,53.6746038,-8.6578835,
r19051016,Polleagh Lake,water,natural=water,53.6628222,-8.6469172,
r19062373,,water,natural=wetland,53.4968477,-8.6578945,
r19067816,,water,natural=wetland,53.651171,-8.3803314,
r19082789,,water,natural=water,53.5020964,-8.7626367,
r19110319,,water,natural=water,53.4556953,-8.7195342,
r19148124,,water,natural=wetland,53.6452786,-8.8050713,
r19177114,,water,natural=wetland,53.60139,-8.9575589,
r19238034,Clare,water,waterway=river,53.4783793,-8.8929593,
r19256064,Turlough O'Gall,water,natural=wetland,53.5037588,-8.9847136,
r19299173,Doo Lake,water,natural=water,53.5580352,-8.6107791,
r19299400,,water,natural=water,53.5537006,-8.554431,
r19325326,Castlegar River,water,waterway=river,53.4743917,-8.4962899,
r19325422,,water,natural=wetland,53.48538,-8.6184773,
r19379256,,water,natural=wetland,53.3588151,-8.421514,
r19379759,,water,natural=wetland,53.3625173,-8.3529997,
r19399328,Ballaghdacker Lough,water,natural=water,53.5693414,-8.3256638,
r19421043,,water,natural=wetland,53.4462939,-8.2671179,
r19425716,,water,natural=wetland,53.5861486,-8.6258386,
r19442269,,water,natural=wetland,53.6813025,-8.6327959,
r19445714,,water,natural=wetland,53.6606682,-8.5781202,
r19781217,,water,natural=water,53.3206351,-8.7183641,
r20067229,,water,natural=water,53.0540822,-8.7767521,
r20067276,,water,natural=water,53.0999945,-8.8226058,
r20146816,,water,natural=wetland,53.664067,-8.4261544,
r20418437,,water,natural=wetland,53.3834609,-9.0272373,
r20997085,Barrowen Lough,water,natural=water,53.4252261,-10.0215376,
