osm_id,name,category,subcategory,lat,lon,admin_division
w34361890,Strawberry Fields,farm,landuse=farmland,53.1339323,-9.7362237,
w159666278,,farm,landuse=farmland,53.2736242,-9.0105416,
w159669887,,farm,landuse=farmland,53.2706988,-9.0274816,
w159860292,,farm,landuse=farmland,53.2743201,-9.0338302,
w160602500,,farm,landuse=greenhouse_horticulture,53.2771513,-8.9864178,
w160602502,,farm,landuse=greenhouse_horticulture,53.2772185,-8.9864662,
w160662196,,farm,landuse=farmland,53.2751146,-9.0025547,
w161311370,,farm,landuse=allotments,53.2780252,-9.0378263,
w161311371,,farm,landuse=allotments,53.2791306,-9.0363783,
w177937308,,farm,building=greenhouse,53.3327504,-8.202811,
w177937320,,farm,building=greenhouse,53.3324,-8.2026004,
w177937329,,farm,building=greenhouse,53.3327585,-8.2027019,
w177937355,,farm,building=greenhouse,53.332412,-8.2024992,
w187807771,,farm,landuse=farmland,53.2968913,-9.011393,
w188155199,,farm,landuse=allotments,53.290594,-9.0360718,
w209114856,Ballybane Community Organic Garden,farm,landuse=allotments,53.2833289,-9.002574,
w211639789,,farm,building=greenhouse,53.296613,-9.0825071,
w211858618,,farm,building=greenhouse,53.2916778,-9.0745615,
w211858619,,farm,building=greenhouse,53.2920425,-9.0746603,
w211858620,,farm,building=greenhouse,53.2926135,-9.0741074,
w211858621,,farm,building=greenhouse,53.2918348,-9.074381,
w211900836,,farm,building=greenhouse,53.2810771,-9.0623749,
w234276501,,farm,building=greenhouse,53.2890769,-9.5531926,
w234276503,,farm,building=greenhouse,53.2891173,-9.5526043,
w234276511,,farm,building=greenhouse,53.2891977,-9.5545461,
w234276515,,farm,building=greenhouse,53.2891499,-9.5531867,
w234276516,,farm,building=greenhouse,53.2890497,-9.5526115,
w234276520,,farm,building=greenhouse,53.2889797,-9.5526255,
w239109191,,farm,landuse=farmland,53.2886985,-9.0565751,
w239116748,,farm,landuse=farmland,53.2606302,-9.2186337,
w239117760,,farm,landuse=farmland,53.2598592,-9.2170315,
w239117761,,farm,landuse=farmland,53.259957,-9.2177778,
w239122623,,farm,landuse=farmland,53.2596963,-9.2158916,
w239250961,,farm,landuse=farmland,53.2486579,-9.3011618,
w239251370,,farm,landuse=farmland,53.2503204,-9.3054434,
w239251574,,farm,landuse=farmland,53.2502623,-9.3002893,
w239434929,,farm,landuse=farmland,53.432289,-9.458798,
w239446444,,farm,landuse=farmland,53.4440981,-9.4686049,
w239450425,,farm,landuse=farmland,53.4301509,-9.4385954,
w239579553,,farm,landuse=farmland,53.3793101,-9.5143163,
w239615667,,farm,landuse=farmland,53.3601697,-9.5382391,
w239634623,,farm,landuse=farmland,53.3400184,-9.4947547,
w239719217,,farm,landuse=farmland,53.3444875,-9.4962825,
w239720292,,farm,landuse=farmland,53.3858802,-9.4980401,
w239720304,,farm,landuse=farmland,53.3850932,-9.4985229,
w239720321,,farm,landuse=farmland,53.3840373,-9.495256,
w239720376,,farm,landuse=farmland,53.3852818,-9.5043862,
w239730405,,farm,landuse=farmland,53.3419234,-9.5441326,
w239738532,,farm,landuse=farmland,53.3292547,-9.5696083,
w239738533,,farm,landuse=farmland,53.3286092,-9.5698678,
w239748870,,farm,landuse=farmland,53.3515248,-9.3367943,
w239748981,,farm,landuse=farmland,53.3608801,-9.3415472,
w239754088,,farm,landuse=farmland,53.31423,-9.4841276,
w239757830,,farm,landuse=farmland,53.3119659,-9.5513545,
w239782715,,farm,landuse=farmland,53.3433504,-9.4422042,
w239867864,,farm,landuse=farmland,53.4623069,-9.4807999,
w239867868,,farm,landuse=farmland,53.4725185,-9.4861783,
w239867869,,farm,landuse=farmland,53.4545437,-9.4692036,
w239881074,,farm,landuse=farmland,53.340728,-9.4627492,
w239886164,,farm,landuse=farmland,53.3128869,-9.476652,
w239925094,,farm,landuse=farmland,53.2882693,-9.512832,
w239925981,,farm,landuse=farmland,53.2912909,-9.508463,
w239979044,,farm,landuse=farmland,53.364581,-9.3514499,
w239979130,,farm,landuse=farmland,53.3635566,-9.3501303,
w239979133,,farm,landuse=farmland,53.3637102,-9.346976,
w239979492,,farm,landuse=farmland,53.371764,-9.3410762,
w239989220,,farm,landuse=farmland,53.390778,-9.273296,
w239991943,,farm,landuse=farmland,53.4134837,-9.3662204,
w240032505,,farm,landuse=farmland,53.4062588,-9.3714353,
w240042545,,farm,landuse=farmland,53.4210212,-9.3720725,
w240051140,,farm,landuse=farmland,53.2779702,-9.40519,
w240230630,,farm,landuse=farmland,53.3023898,-9.5715508,
w240230636,,farm,landuse=farmland,53.3059344,-9.574001,
w240230639,,farm,landuse=farmland,53.3081591,-9.5725361,
w240259055,,farm,landuse=farmland,53.3349818,-9.289481,
w240312700,,farm,landuse=farmland,53.3150012,-9.3518087,
w240322515,,farm,landuse=farmland,53.3276368,-9.2886109,
w240363290,,farm,landuse=farmland,53.4074145,-9.3319873,
w240363291,,farm,landuse=farmland,53.3912035,-9.331435,
w240370918,,farm,building=greenhouse,53.0846195,-9.5940875,
w240611859,,farm,landuse=farmland,53.3495309,-9.2644002,
w240615130,,farm,landuse=farmland,53.4140886,-9.3410558,
w240618326,,farm,landuse=farmland,53.4097514,-9.3683536,
w240618327,,farm,landuse=farmland,53.392808,-9.3398037,
w240618328,,farm,landuse=farmland,53.4041532,-9.3651593,
w240692314,,farm,landuse=farmland,53.3138562,-9.244514,
w240698947,,farm,landuse=farmland,53.3146877,-9.2515364,
w240700302,,farm,landuse=farmland,53.3284951,-9.2820252,
w240715671,,farm,landuse=farmland,53.3246688,-9.2141111,
w240717855,,farm,landuse=farmland,53.3174842,-9.2269052,
w240775425,,farm,landuse=farmland,53.2756384,-9.4551445,
w240856597,,farm,landuse=farmland,53.3106812,-9.2329421,
w241032940,,farm,landuse=farmland,53.4057331,-9.3607322,
w241039320,,farm,landuse=farmland,53.3337313,-9.21354,
w241039326,,farm,landuse=farmland,53.3341846,-9.2125476,
w241040512,,farm,landuse=farmland,53.3399936,-9.2198494,
w241042277,,farm,landuse=farmland,53.4368131,-9.4603143,
w241049056,,farm,landuse=farmland,53.2750707,-9.3757689,
w241049936,,farm,landuse=farmland,53.2600089,-9.3054576,
w241052240,,farm,landuse=farmland,53.2528111,-9.3051328,
w241052437,,farm,landuse=farmland,53.2578502,-9.3054161,
w241087911,,farm,landuse=farmland,53.2583247,-9.3080427,
w241096792,,farm,landuse=farmland,53.3056696,-9.3076419,
w241101109,,farm,landuse=farmland,53.2725538,-9.3510105,
w241101111,,farm,landuse=farmland,53.2729099,-9.3484679,
w241101113,,farm,landuse=farmland,53.2704814,-9.3498411,
w241121311,,farm,landuse=farmland,53.2630546,-9.5149425,
w241123071,,farm,landuse=farmland,53.2967893,-9.3244175,
w241123556,,farm,landuse=farmland,53.2708482,-9.3119928,
w241208492,,farm,landuse=farmland,53.2606602,-9.4026694,
w241687614,,farm,landuse=farmland,53.2528456,-9.497418,
w241923823,,farm,landuse=farmland,53.2542631,-9.3901834,
w241923824,,farm,landuse=farmland,53.2510296,-9.4045818,
w241923825,,farm,landuse=farmland,53.2529374,-9.4046445,
w242036429,,farm,landuse=farmland,53.3153115,-9.4795885,
w242398682,,farm,landuse=farmland,53.291296,-9.5130693,
w242985975,,farm,landuse=farmland,53.4077798,-9.5475992,
w247665952,,farm,landuse=farmland,53.0998491,-9.5741651,
w247665953,,farm,landuse=farmland,53.1010383,-9.5716257,
w247665954,,farm,landuse=farmland,53.1012051,-9.5711366,
w247665955,,farm,landuse=farmland,53.1004156,-9.5734236,
w247665956,,farm,landuse=farmland,53.100297,-9.5728386,
w247665957,,farm,landuse=farmland,53.0991103,-9.5711462,
w247665958,,farm,landuse=farmland,53.1001801,-9.5741402,
w247665960,,farm,landuse=farmland,53.1008898,-9.5720711,
w247665961,,farm,landuse=farmland,53.1003028,-9.5737821,
w247665962,,farm,landuse=farmland,53.099801,-9.5719241,
w247665963,,farm,landuse=farmland,53.1006547,-9.5727467,
w247665964,,farm,landuse=farmland,53.1001893,-9.5722878,
w247665965,,farm,landuse=farmland,53.0998426,-9.5723344,
w247665966,,farm,landuse=farmland,53.1000531,-9.5745351,
w247665967,,farm,landuse=farmland,53.1001711,-9.5732244,
w247665968,,farm,landuse=farmland,53.1007718,-9.5724384,
w247665969,,farm,landuse=farmland,53.1007195,-9.5716382,
w247665970,,farm,landuse=farmland,53.1005509,-9.5731089,
w247665971,,farm,landuse=farmland,53.1008642,-9.5729624,
w247665972,,farm,landuse=farmland,53.1000291,-9.5736534,
w247667780,,farm,landuse=farmland,53.0980548,-9.5728129,
w247667781,,farm,landuse=farmland,53.0981083,-9.5724627,
w247667783,,farm,landuse=farmland,53.0995733,-9.5775276,
w247667784,,farm,landuse=farmland,53.0982648,-9.5739146,
w247667786,,farm,landuse=farmland,53.0995606,-9.5745617,
w247667787,,farm,landuse=farmland,53.1009972,-9.5753504,
w247667788,,farm,landuse=farmland,53.0988763,-9.5744831,
w247667789,,farm,landuse=farmland,53.098386,-9.5728113,
w247667790,,farm,landuse=farmland,53.0982334,-9.5715197,
w247667791,,farm,landuse=farmland,53.0983562,-9.5734555,
w247667792,,farm,landuse=farmland,53.0996222,-9.5753671,
w247667793,,farm,landuse=farmland,53.1001126,-9.5758068,
w247667794,,farm,landuse=farmland,53.0996427,-9.5748272,
w247667795,,farm,landuse=farmland,53.0996947,-9.5764994,
w247667796,,farm,landuse=farmland,53.0987567,-9.570122,
w247667797,,farm,landuse=farmland,53.0988174,-9.5750198,
w247667798,,farm,landuse=farmland,53.0993051,-9.5768155,
w247667799,,farm,landuse=farmland,53.1004386,-9.5755431,
w247667800,,farm,landuse=farmland,53.0981209,-9.571933,
w247667802,,farm,landuse=farmland,53.0989033,-9.5747239,
w247667803,,farm,landuse=farmland,53.0994086,-9.5743832,
w247678058,,farm,landuse=farmland,53.099992,-9.5879585,
w247678059,,farm,landuse=farmland,53.0993047,-9.5863573,
w247678061,,farm,landuse=farmland,53.0997794,-9.5900204,
w247678062,,farm,landuse=farmland,53.0998423,-9.5883568,
w247678063,,farm,landuse=farmland,53.099074,-9.5881452,
w247678064,,farm,landuse=farmland,53.0997158,-9.586376,
w247678065,,farm,landuse=farmland,53.0997826,-9.589494,
w247678066,,farm,landuse=farmland,53.0997224,-9.5889487,
w247678067,,farm,landuse=farmland,53.0996398,-9.5886465,
w247678068,,farm,landuse=farmland,53.1000926,-9.5869206,
w247678069,,farm,landuse=farmland,53.0995153,-9.5866266,
w247678070,,farm,landuse=farmland,53.0993628,-9.5865617,
w247678071,,farm,landuse=farmland,53.0999166,-9.5866603,
w247678072,,farm,landuse=farmland,53.0999252,-9.5875803,
w247678074,,farm,landuse=farmland,53.1001476,-9.587803,
w248249319,,farm,landuse=farmland,53.0986859,-9.5891051,
w248249321,,farm,landuse=farmland,53.0994641,-9.5908397,
w248249323,,farm,landuse=farmland,53.0988229,-9.5884547,
w248249325,,farm,landuse=farmland,53.0989325,-9.5900127,
w248249327,,farm,landuse=farmland,53.0990314,-9.5905224,
w248249329,,farm,landuse=farmland,53.0987667,-9.5906141,
w248249330,,farm,landuse=farmland,53.0995298,-9.590241,
w248249332,,farm,landuse=farmland,53.0988149,-9.59025,
w248249334,,farm,landuse=farmland,53.0990486,-9.5909621,
w248250899,,farm,landuse=farmland,53.0990217,-9.5871565,
w248250900,,farm,landuse=farmland,53.0983767,-9.5879591,
w248250901,,farm,landuse=farmland,53.0982467,-9.5875965,
w248250902,,farm,landuse=farmland,53.0991176,-9.5874405,
w248250903,,farm,landuse=farmland,53.0984634,-9.5882732,
w248250904,,farm,landuse=farmland,53.0985715,-9.5886559,
w248250905,,farm,landuse=farmland,53.098789,-9.5862474,
w248252949,,farm,landuse=farmland,53.0986334,-9.5859125,
w248252951,,farm,landuse=farmland,53.0985979,-9.5856771,
w248252953,,farm,landuse=farmland,53.0983847,-9.5861255,
w248252954,,farm,landuse=farmland,53.0983348,-9.5858972,
w248252956,,farm,landuse=farmland,53.098566,-9.586542,
w248252957,,farm,landuse=farmland,53.0984798,-9.5863318,
w248473535,,farm,landuse=farmland,53.0985194,-9.5855029,
w248473536,,farm,landuse=farmland,53.0982656,-9.586565,
w248473537,,farm,landuse=farmland,53.0982901,-9.5856465,
w248473538,,farm,landuse=farmland,53.0986756,-9.5875828,
w248475920,,farm,landuse=farmland,53.0976117,-9.5827644,
w248475921,,farm,landuse=farmland,53.0975385,-9.5840103,
w248475922,,farm,landuse=farmland,53.0977661,-9.5843187,
w248475923,,farm,landuse=farmland,53.0979273,-9.5823527,
w248475924,,farm,landuse=farmland,53.0980021,-9.5840144,
w248475925,,farm,landuse=farmland,53.0978452,-9.5853889,
w248475926,,farm,landuse=farmland,53.0975272,-9.5823074,
w248475927,,farm,landuse=farmland,53.0979762,-9.5829461,
w248475928,,farm,landuse=farmland,53.0974555,-9.5820697,
w248475929,,farm,landuse=farmland,53.0979161,-9.5858625,
w248475931,,farm,landuse=farmland,53.0973601,-9.5818956,
w248475932,,farm,landuse=farmland,53.0975867,-9.5844221,
w248475933,,farm,landuse=farmland,53.0976191,-9.5825177,
w248475934,,farm,landuse=farmland,53.0977179,-9.5847895,
w248475936,,farm,landuse=farmland,53.0976518,-9.5831274,
w248475937,,farm,landuse=farmland,53.0980393,-9.584308,
w248475938,,farm,landuse=farmland,53.097932,-9.5836283,
w248475939,,farm,landuse=farmland,53.0974427,-9.5836438,
w248480433,,farm,landuse=farmland,53.097857,-9.5812037,
w248480434,,farm,landuse=farmland,53.0982108,-9.580139,
w248480435,,farm,landuse=farmland,53.0991263,-9.5769624,
w248480436,,farm,landuse=farmland,53.0973809,-9.5814373,
w248480438,,farm,landuse=farmland,53.098631,-9.5780672,
w248480439,,farm,landuse=farmland,53.0989197,-9.5754697,
w248480441,,farm,landuse=farmland,53.0972589,-9.5811334,
w248480443,,farm,landuse=farmland,53.0981618,-9.5806174,
w248480444,,farm,landuse=farmland,53.0976455,-9.5808507,
w248480445,,farm,landuse=farmland,53.0985652,-9.577074,
w248480446,,farm,landuse=farmland,53.0981573,-9.5797054,
w248480447,,farm,landuse=farmland,53.0976295,-9.5790797,
w248480448,,farm,landuse=farmland,53.0973919,-9.5798073,
w248480449,,farm,landuse=farmland,53.0989597,-9.577403,
w248480452,,farm,landuse=farmland,53.098721,-9.5788318,
w248480454,,farm,landuse=farmland,53.0992325,-9.576039,
w248480455,,farm,landuse=farmland,53.0991794,-9.5753861,
w248480456,,farm,landuse=farmland,53.0982093,-9.5779932,
w248480458,,farm,landuse=farmland,53.0975686,-9.5802922,
w248480459,,farm,landuse=farmland,53.0993185,-9.5776816,
w248480461,,farm,landuse=farmland,53.0972498,-9.5814918,
w248480462,,farm,landuse=farmland,53.0979484,-9.5786014,
w248525727,,farm,landuse=farmland,53.0995645,-9.5921964,
w248525728,,farm,landuse=farmland,53.0988478,-9.5918221,
w248525729,,farm,landuse=farmland,53.0982963,-9.5909848,
w248525730,,farm,landuse=farmland,53.0984718,-9.5917272,
w248525731,,farm,landuse=farmland,53.0991123,-9.5923881,
w248525732,,farm,landuse=farmland,53.0985541,-9.5932075,
w248525733,,farm,landuse=farmland,53.0990878,-9.5920622,
w248525734,,farm,landuse=farmland,53.0984088,-9.591402,
w248525735,,farm,landuse=farmland,53.0984797,-9.5909774,
w248525736,,farm,landuse=farmland,53.0983565,-9.5905425,
w248525737,,farm,landuse=farmland,53.0980471,-9.5910138,
w248525738,,farm,landuse=farmland,53.0990617,-9.5916126,
w248525739,,farm,landuse=farmland,53.0976635,-9.589375,
w248525740,,farm,landuse=farmland,53.0985977,-9.5935192,
w248525741,,farm,landuse=farmland,53.0988029,-9.5915052,
w248525742,,farm,landuse=farmland,53.0987584,-9.5930464,
w248525743,,farm,landuse=farmland,53.0989602,-9.5932608,
w248525744,,farm,landuse=farmland,53.0990254,-9.5927663,
w248525745,,farm,landuse=farmland,53.0985737,-9.5919938,
w248525746,,farm,landuse=farmland,53.0979442,-9.5895648,
w248525747,,farm,landuse=farmland,53.098287,-9.5914959,
w248525749,,farm,landuse=farmland,53.0993883,-9.5916755,
w248525750,,farm,landuse=farmland,53.0988849,-9.5923672,
w248525751,,farm,landuse=farmland,53.0987424,-9.5922221,
w248527882,,farm,landuse=farmland,53.0981206,-9.5880484,
w248527885,,farm,landuse=farmland,53.0978376,-9.5879685,
w248527888,,farm,landuse=farmland,53.0980949,-9.5866746,
w248527891,,farm,landuse=farmland,53.0976611,-9.5886997,
w248527893,,farm,landuse=farmland,53.0979188,-9.5867969,
w248527895,,farm,landuse=farmland,53.0978485,-9.5863827,
w248527898,,farm,landuse=farmland,53.0980348,-9.5876452,
w248527900,,farm,landuse=farmland,53.0979785,-9.5862728,
w248527903,,farm,landuse=farmland,53.0980718,-9.5871525,
w248527906,,farm,landuse=farmland,53.0978738,-9.5883285,
w249046525,,farm,landuse=farmland,53.4016046,-9.6723647,
w249055666,,farm,landuse=farmland,53.0977582,-9.5908577,
w249055667,,farm,landuse=farmland,53.0973275,-9.5888018,
w249055669,,farm,landuse=farmland,53.0975815,-9.5866911,
w249055670,,farm,landuse=farmland,53.0972664,-9.5892782,
w249055671,,farm,landuse=farmland,53.0974706,-9.58752,
w249055672,,farm,landuse=farmland,53.0973618,-9.5878905,
w249055673,,farm,landuse=farmland,53.0972991,-9.5873497,
w249055674,,farm,landuse=farmland,53.0974189,-9.5884815,
w249055675,,farm,landuse=farmland,53.0974958,-9.5855901,
w249055676,,farm,landuse=farmland,53.0974323,-9.58959,
w249055677,,farm,landuse=farmland,53.0977709,-9.5874999,
w249055679,,farm,landuse=farmland,53.0977242,-9.586962,
w249055680,,farm,landuse=farmland,53.0975861,-9.5883525,
w249055681,,farm,landuse=farmland,53.0975858,-9.5862901,
w249055682,,farm,landuse=farmland,53.0976232,-9.5903386,
w249055683,,farm,landuse=farmland,53.0975275,-9.5871215,
w249055685,,farm,landuse=farmland,53.0975626,-9.5879813,
w249055686,,farm,landuse=farmland,53.0975642,-9.5900264,
w249305193,,farm,landuse=farmland,53.4554821,-9.6962867,
w249305194,,farm,landuse=farmland,53.4542938,-9.6896455,
w249305195,,farm,landuse=farmland,53.4584277,-9.6889995,
w249354183,,farm,landuse=farmland,53.3696936,-9.7720826,
w249354641,,farm,landuse=farmland,53.4219505,-9.7726298,
w249354642,,farm,landuse=farmland,53.3899151,-9.7747356,
w249389905,,farm,landuse=farmland,53.3473436,-9.8065366,
w249469532,,farm,landuse=farmland,53.3186563,-9.7353154,
w249474648,,farm,landuse=farmland,53.3774216,-9.8169872,
w249514318,,farm,landuse=farmland,53.3381557,-9.8155511,
w249648141,,farm,landuse=farmland,53.4800973,-9.6740309,
w250030078,,farm,landuse=farmland,53.4302212,-9.7490059,
w250030079,,farm,landuse=farmland,53.4285465,-9.7356493,
w250284707,,farm,landuse=farmland,53.0986408,-9.5756007,
w250284708,,farm,landuse=farmland,53.0981819,-9.5761741,
w250284709,,farm,landuse=farmland,53.0989532,-9.5770113,
w250284710,,farm,landuse=farmland,53.0978754,-9.574929,
w250284711,,farm,landuse=farmland,53.0989165,-9.5759882,
w250284712,,farm,landuse=farmland,53.097995,-9.57782,
w250284713,,farm,landuse=farmland,53.0987479,-9.576873,
w250284714,,farm,landuse=farmland,53.0973606,-9.5735056,
w250284715,,farm,landuse=farmland,53.0980878,-9.5757234,
w250284716,,farm,landuse=farmland,53.0982871,-9.5751364,
w250284717,,farm,landuse=farmland,53.0978955,-9.5751795,
w250284718,,farm,landuse=farmland,53.0979144,-9.5775129,
w250284719,,farm,landuse=farmland,53.0975755,-9.5764229,
w250284720,,farm,landuse=farmland,53.0985326,-9.5762026,
w250284721,,farm,landuse=farmland,53.0982887,-9.5771998,
w250284722,,farm,landuse=farmland,53.0978092,-9.5746761,
w250284723,,farm,landuse=farmland,53.0991545,-9.5778024,
w250284724,,farm,landuse=farmland,53.0983863,-9.5748124,
w250284725,,farm,landuse=farmland,53.0974686,-9.5737592,
w250284727,,farm,landuse=farmland,53.0983631,-9.5756754,
w250284728,,farm,landuse=farmland,53.0983445,-9.5745678,
w250284730,,farm,landuse=farmland,53.0976342,-9.5757027,
w250284732,,farm,landuse=farmland,53.0987615,-9.5761528,
w250284733,,farm,landuse=farmland,53.0990527,-9.5760974,
w250284734,,farm,landuse=farmland,53.0984549,-9.5742485,
w250284735,,farm,landuse=farmland,53.0976962,-9.5767477,
w250284736,,farm,landuse=farmland,53.0979351,-9.5769025,
w250284737,,farm,landuse=farmland,53.0977018,-9.5759855,
w250284738,,farm,landuse=farmland,53.09735,-9.5761008,
w250294314,,farm,landuse=farmland,53.4955344,-9.9074195,
w250315419,,farm,landuse=farmland,53.0960865,-9.5724252,
w250315421,,farm,landuse=farmland,53.0976996,-9.5696745,
w250315422,,farm,landuse=farmland,53.0969923,-9.5714712,
w250315423,,farm,landuse=farmland,53.0976131,-9.5693624,
w250315424,,farm,landuse=farmland,53.0970933,-9.5707189,
w250315425,,farm,landuse=farmland,53.0969535,-9.5733597,
w250315426,,farm,landuse=farmland,53.0968411,-9.571763,
w250315427,,farm,landuse=farmland,53.0966808,-9.5720076,
w250315428,,farm,landuse=farmland,53.0962888,-9.572701,
w250315429,,farm,landuse=farmland,53.0974428,-9.5707388,
w250315430,,farm,landuse=farmland,53.0971922,-9.5711427,
w250315431,,farm,landuse=farmland,53.097162,-9.5730803,
w250315432,,farm,landuse=farmland,53.0979027,-9.5716691,
w250315433,,farm,landuse=farmland,53.097309,-9.5733406,
w250315434,,farm,landuse=farmland,53.0971277,-9.5718781,
w250315435,,farm,landuse=farmland,53.0966933,-9.5714132,
w250315436,,farm,landuse=farmland,53.0973219,-9.569833,
w250315437,,farm,landuse=farmland,53.0964511,-9.5717986,
w250315438,,farm,landuse=farmland,53.0973309,-9.5728798,
w250315439,,farm,landuse=farmland,53.0976358,-9.5710426,
w250315440,,farm,landuse=farmland,53.0962878,-9.572087,
w250315441,,farm,landuse=farmland,53.0977484,-9.5701321,
w250315442,,farm,landuse=farmland,53.0965172,-9.5723159,
w250315444,,farm,landuse=farmland,53.09603,-9.5715054,
w250315445,,farm,landuse=farmland,53.097438,-9.5701196,
w250315446,,farm,landuse=farmland,53.096701,-9.5726183,
w250315447,,farm,landuse=farmland,53.0964898,-9.5729417,
w250315448,,farm,landuse=farmland,53.0968023,-9.5704257,
w250315449,,farm,landuse=farmland,53.0976112,-9.5724785,
w250315450,,farm,landuse=farmland,53.0965329,-9.5698654,
w250315451,,farm,landuse=farmland,53.0979849,-9.5691981,
w250315452,,farm,landuse=farmland,53.097313,-9.5721719,
w250315453,,farm,landuse=farmland,53.0958375,-9.5710693,
w250315454,,farm,landuse=farmland,53.0977505,-9.5729706,
w250932362,,farm,landuse=farmland,53.4147431,-10.0179643,
w251018539,,farm,landuse=farmland,53.095579,-9.5735496,
w251018541,,farm,landuse=farmland,53.0949064,-9.5723929,
w251018544,,farm,landuse=farmland,53.094749,-9.5734261,
w251018545,,farm,landuse=farmland,53.0948552,-9.5729599,
w251018549,,farm,landuse=farmland,53.0962646,-9.574117,
w251018551,,farm,landuse=farmland,53.0958973,-9.57418,
w251018553,,farm,landuse=farmland,53.0959545,-9.5733214,
w251018557,,farm,landuse=farmland,53.0958651,-9.5730975,
w251018560,,farm,landuse=farmland,53.0967059,-9.5738422,
w251018562,,farm,landuse=farmland,53.0962282,-9.5743758,
w251018564,,farm,landuse=farmland,53.0952214,-9.5733319,
w251018566,,farm,landuse=farmland,53.0955533,-9.5741799,
w251018567,,farm,landuse=farmland,53.096151,-9.5734297,
w251018568,,farm,landuse=farmland,53.0951041,-9.5728056,
w251018569,,farm,landuse=farmland,53.0963498,-9.5735619,
w251018570,,farm,landuse=farmland,53.0958318,-9.5738595,
w251018572,,farm,landuse=farmland,53.0954153,-9.5739057,
w251018574,,farm,landuse=farmland,53.095082,-9.5731118,
w251018575,,farm,landuse=farmland,53.0960039,-9.5743558,
w251018576,,farm,landuse=farmland,53.0962048,-9.5739249,
w251018577,,farm,landuse=farmland,53.0956904,-9.5744613,
w251018578,,farm,landuse=farmland,53.0948539,-9.5736553,
w251018579,,farm,landuse=farmland,53.0964492,-9.5739462,
w251018580,,farm,landuse=farmland,53.0960728,-9.5737921,
w251018582,,farm,landuse=farmland,53.0954375,-9.5726394,
w251018584,,farm,landuse=farmland,53.0946105,-9.5731673,
w251018585,,farm,landuse=farmland,53.0953085,-9.5736536,
w251197611,,farm,landuse=farmland,53.0970165,-9.5748599,
w251197612,,farm,landuse=farmland,53.0972601,-9.5753389,
w251197613,,farm,landuse=farmland,53.0970416,-9.5746535,
w251197614,,farm,landuse=farmland,53.0965884,-9.5744679,
w251197615,,farm,landuse=farmland,53.0973095,-9.5745621,
w251197616,,farm,landuse=farmland,53.0971286,-9.5763215,
w251197617,,farm,landuse=farmland,53.0973982,-9.5756588,
w251197619,,farm,landuse=farmland,53.0965049,-9.5753228,
w251197621,,farm,landuse=farmland,53.0969022,-9.5759304,
w251197622,,farm,landuse=farmland,53.097139,-9.5749861,
w251197623,,farm,landuse=farmland,53.0968411,-9.5758007,
w251197624,,farm,landuse=farmland,53.0971549,-9.5744489,
w251197625,,farm,landuse=farmland,53.0970195,-9.5742313,
w251197626,,farm,landuse=farmland,53.0961387,-9.5747482,
w251197627,,farm,landuse=farmland,53.0963813,-9.5747854,
w251197628,,farm,landuse=farmland,53.0967188,-9.5748405,
w251197629,,farm,landuse=farmland,53.0968436,-9.5740774,
w251197631,,farm,landuse=farmland,53.0967481,-9.5756053,
w251197632,,farm,landuse=farmland,53.0969602,-9.5767575,
w251197633,,farm,landuse=farmland,53.0964538,-9.5749015,
w251197634,,farm,landuse=farmland,53.0968901,-9.5762122,
w251197635,,farm,landuse=farmland,53.0968057,-9.5745226,
w251197636,,farm,landuse=farmland,53.0973101,-9.5754656,
w251197637,,farm,landuse=farmland,53.0971959,-9.5751804,
w252094858,,farm,landuse=farmland,53.3901311,-9.555186,
w252487206,,farm,landuse=farmland,53.0972735,-9.5790537,
w252487207,,farm,landuse=farmland,53.0971809,-9.5772566,
w252487208,,farm,landuse=farmland,53.0972026,-9.5787872,
w252487211,,farm,landuse=farmland,53.0974231,-9.5779083,
w252488808,,farm,landuse=farmland,53.0985682,-9.5928218,
w252488809,,farm,landuse=farmland,53.0984493,-9.5925893,
w252490696,,farm,landuse=farmland,53.0988001,-9.5934306,
w252694090,,farm,landuse=farmland,53.4451238,-9.6079353,
w252694091,,farm,landuse=farmland,53.4434896,-9.5992732,
w252694092,,farm,landuse=farmland,53.4448223,-9.6187253,
w252694093,,farm,landuse=farmland,53.4495311,-9.6128905,
w252698168,,farm,landuse=farmland,53.453129,-9.6049391,
w252698171,,farm,landuse=farmland,53.4552116,-9.5967438,
w252952927,,farm,landuse=farmland,53.4496851,-9.5726611,
w252952928,,farm,landuse=farmland,53.4515444,-9.5654352,
w252952930,,farm,landuse=farmland,53.4486372,-9.5724094,
w253197378,,farm,landuse=farmland,53.4496223,-9.4747617,
w253403283,,farm,landuse=farmland,53.4708994,-9.8387179,
w253404227,,farm,landuse=farmland,53.4873724,-9.7989625,
w253410210,,farm,landuse=farmland,53.4761156,-9.7267655,
w253778522,,farm,landuse=farmland,53.5759889,-9.9349857,
w254327432,,farm,landuse=farmland,53.4885241,-9.6993508,
w254337005,,farm,landuse=farmland,53.5014425,-9.6885887,
w255524509,,farm,landuse=farmland,53.298724,-9.4673985,
w256847541,,farm,landuse=farmland,53.36675,-9.4843212,
w258659630,,farm,landuse=farmland,53.4189684,-9.509374,
w259554015,,farm,landuse=farmland,53.431742,-9.3949449,
w264841102,,farm,landuse=farmland,53.539659,-9.3286683,
w272719421,,farm,building=greenhouse,53.4414003,-10.1009461,
w274163176,,farm,landuse=farmland,53.3421973,-9.2264746,
w274367428,,farm,landuse=farmland,53.3186817,-9.2113562,
w279796110,,farm,building=greenhouse,53.4659085,-10.0157072,
w279796134,,farm,building=greenhouse,53.464197,-10.0145505,
w282486945,,farm,building=greenhouse,53.5643403,-9.9086092,
w292442499,,farm,landuse=farmland,53.0604922,-9.5041401,
w292442502,,farm,landuse=farmland,53.0609812,-9.50458,
w292442503,,farm,landuse=farmland,53.0602658,-9.5037844,
w294196146,,farm,landuse=farmland,53.0970134,-9.5785505,
w294196147,,farm,landuse=farmland,53.0968233,-9.5781631,
w295100234,,farm,landuse=farmland,53.096581,-9.5766717,
w295100235,,farm,landuse=farmland,53.0967494,-9.5773943,
w295100237,,farm,landuse=farmland,53.0964697,-9.578058,
w295100804,,farm,landuse=farmland,53.0965754,-9.5758987,
w295100805,,farm,landuse=farmland,53.0963024,-9.5761352,
w295100806,,farm,landuse=farmland,53.0965294,-9.5763355,
w295100807,,farm,landuse=farmland,53.096474,-9.5756913,
w295101752,,farm,landuse=farmland,53.0961341,-9.5758296,
w295101753,,farm,landuse=farmland,53.0960288,-9.5751927,
w295101754,,farm,landuse=farmland,53.0962169,-9.5759868,
w295101755,,farm,landuse=farmland,53.0960069,-9.5755883,
w295101756,,farm,landuse=farmland,53.0959915,-9.5763592,
w295101757,,farm,landuse=farmland,53.0957163,-9.5751129,
w295101758,,farm,landuse=farmland,53.096197,-9.5773089,
w295251935,,farm,landuse=farmland,53.0959144,-9.5770087,
w295251936,,farm,landuse=farmland,53.0968821,-9.5791888,
w295251937,,farm,landuse=farmland,53.0959649,-9.5786968,
w295251939,,farm,landuse=farmland,53.0961203,-9.5778939,
w295251940,,farm,landuse=farmland,53.0959057,-9.5776151,
w295251941,,farm,landuse=farmland,53.0965608,-9.579004,
w295251943,,farm,landuse=farmland,53.0962565,-9.578824,
w295251944,,farm,landuse=farmland,53.0957644,-9.5781482,
w295251946,,farm,landuse=farmland,53.0958705,-9.5766653,
w295251947,,farm,landuse=farmland,53.096009,-9.577478,
w295251948,,farm,landuse=farmland,53.0960565,-9.5781133,
w295251949,,farm,landuse=farmland,53.0956942,-9.5779044,
w295251950,,farm,landuse=farmland,53.0959206,-9.5783305,
w301800934,,farm,landuse=farmland,53.0951383,-9.57438,
w301800935,,farm,landuse=farmland,53.0954292,-9.5748859,
w301800936,,farm,landuse=farmland,53.095004,-9.574041,
w301800937,,farm,landuse=farmland,53.0951107,-9.5755858,
w301800939,,farm,landuse=farmland,53.0952616,-9.5746094,
w301800940,,farm,landuse=farmland,53.0952772,-9.5750901,
w301800952,,farm,landuse=farmland,53.0951169,-9.5751658,
w301801415,,farm,landuse=farmland,53.0945309,-9.5736567,
w301801416,,farm,landuse=farmland,53.0949009,-9.575336,
w301801417,,farm,landuse=farmland,53.0945858,-9.5740136,
w301801418,,farm,landuse=farmland,53.0946917,-9.5742006,
w301801419,,farm,landuse=farmland,53.0947819,-9.5745059,
w301801420,,farm,landuse=farmland,53.0946748,-9.5749404,
w301801421,,farm,landuse=farmland,53.0943792,-9.5738225,
w301801422,,farm,landuse=farmland,53.0949293,-9.5748827,
w301801423,,farm,landuse=farmland,53.0944888,-9.5745059,
w301807212,,farm,landuse=farmland,53.0953046,-9.5767729,
w301807213,,farm,landuse=farmland,53.0942842,-9.5745541,
w301807214,,farm,landuse=farmland,53.0942472,-9.5749746,
w301807215,,farm,landuse=farmland,53.0953698,-9.5768741,
w301807217,,farm,landuse=farmland,53.0939379,-9.5744071,
w301807218,,farm,landuse=farmland,53.0936512,-9.5722072,
w301807219,,farm,landuse=farmland,53.0954207,-9.5757038,
w301807220,,farm,landuse=farmland,53.0956683,-9.5772891,
w301807221,,farm,landuse=farmland,53.0939468,-9.573054,
w301807222,,farm,landuse=farmland,53.0954938,-9.5768064,
w301807223,,farm,landuse=farmland,53.0953473,-9.5763592,
w301807225,,farm,landuse=farmland,53.0938566,-9.5741035,
w301807226,,farm,landuse=farmland,53.0943664,-9.5741947,
w301807227,,farm,landuse=farmland,53.0955123,-9.5760755,
w301807228,,farm,landuse=farmland,53.0955373,-9.5771532,
w301807229,,farm,landuse=farmland,53.0942798,-9.5735281,
w301807230,,farm,landuse=farmland,53.0941792,-9.5733783,
w301807231,,farm,landuse=farmland,53.0956941,-9.5767751,
w301807234,,farm,landuse=farmland,53.0955594,-9.5765,
w301807235,,farm,landuse=farmland,53.0938405,-9.5724821,
w301807237,,farm,landuse=farmland,53.0941233,-9.5745555,
w301807239,,farm,landuse=farmland,53.0952708,-9.5759285,
w301807240,,farm,landuse=farmland,53.0940474,-9.573956,
w301807241,,farm,landuse=farmland,53.0942001,-9.5726605,
w302424226,,farm,landuse=farmland,53.0974147,-9.5917102,
w302424227,,farm,landuse=farmland,53.098326,-9.5919992,
w302424228,,farm,landuse=farmland,53.0977133,-9.5918089,
w302424229,,farm,landuse=farmland,53.0979138,-9.591727,
w302424230,,farm,landuse=farmland,53.0979555,-9.5923691,
w302424231,,farm,landuse=farmland,53.0976719,-9.5909696,
w302424232,,farm,landuse=farmland,53.0973357,-9.5908353,
w302424233,,farm,landuse=farmland,53.0974861,-9.5910125,
w302424235,,farm,landuse=farmland,53.0983514,-9.5923908,
w302424242,,farm,landuse=farmland,53.097416,-9.5920706,
w302424245,,farm,landuse=farmland,53.0978404,-9.591741,
w302424248,,farm,landuse=farmland,53.0977233,-9.5924543,
w302424250,,farm,landuse=farmland,53.0973172,-9.5903011,
w302424253,,farm,landuse=farmland,53.0979331,-9.5915692,
w302424257,,farm,landuse=farmland,53.0975524,-9.5905444,
w302424259,,farm,landuse=farmland,53.0982111,-9.5918584,
w302424261,,farm,landuse=farmland,53.097783,-9.5929172,
w302424267,,farm,landuse=farmland,53.0972968,-9.5898388,
w302424271,,farm,landuse=farmland,53.0980583,-9.5914104,
w302424273,,farm,landuse=farmland,53.0982076,-9.5922189,
w302456266,,farm,landuse=farmland,53.0972524,-9.5832532,
w302456267,,farm,landuse=farmland,53.0970468,-9.5822433,
w302456268,,farm,landuse=farmland,53.0971866,-9.5824975,
w302456270,,farm,landuse=farmland,53.0970559,-9.5833401,
w302456271,,farm,landuse=farmland,53.0970843,-9.5840059,
w302456272,,farm,landuse=farmland,53.0970288,-9.585826,
w302456273,,farm,landuse=farmland,53.096946,-9.5827524,
w302456274,,farm,landuse=farmland,53.097251,-9.5828905,
w302456275,,farm,landuse=farmland,53.0971209,-9.5851408,
w302456277,,farm,landuse=farmland,53.097162,-9.5820166,
w302456278,,farm,landuse=farmland,53.097322,-9.5843401,
w302456279,,farm,landuse=farmland,53.0973021,-9.5849155,
w302456281,,farm,landuse=farmland,53.0973957,-9.5865867,
w302456282,,farm,landuse=farmland,53.0974425,-9.5831782,
w302456283,,farm,landuse=farmland,53.0972169,-9.5855525,
w302456284,,farm,landuse=farmland,53.0972469,-9.5853173,
w302456285,,farm,landuse=farmland,53.0971243,-9.5836497,
w302456286,,farm,landuse=farmland,53.0973033,-9.5862447,
w302456287,,farm,landuse=farmland,53.0971523,-9.5845507,
w302456288,,farm,landuse=farmland,53.097261,-9.5859118,
w302456291,,farm,landuse=farmland,53.0974326,-9.5847922,
w302456292,,farm,landuse=farmland,53.0969589,-9.5820222,
w302615217,,farm,landuse=farmland,53.0966347,-9.5880065,
w302615220,,farm,landuse=farmland,53.09689,-9.5848092,
w302615222,,farm,landuse=farmland,53.0968514,-9.5845447,
w302615226,,farm,landuse=farmland,53.0970921,-9.5885912,
w302615227,,farm,landuse=farmland,53.096854,-9.5898148,
w302615229,,farm,landuse=farmland,53.0965808,-9.5862244,
w302615230,,farm,landuse=farmland,53.0967524,-9.5869875,
w302615233,,farm,landuse=farmland,53.0968552,-9.5862581,
w302615234,,farm,landuse=farmland,53.0971652,-9.5866979,
w302615235,,farm,landuse=farmland,53.0970688,-9.5894417,
w302615237,,farm,landuse=farmland,53.0969358,-9.5853017,
w302615238,,farm,landuse=farmland,53.0969781,-9.5855591,
w302615239,,farm,landuse=farmland,53.0971048,-9.5890407,
w302615241,,farm,landuse=farmland,53.0972548,-9.5870505,
w302615242,,farm,landuse=farmland,53.0970042,-9.5879424,
w302615243,,farm,landuse=farmland,53.0970738,-9.5862594,
w302615245,,farm,landuse=farmland,53.0968364,-9.5840445,
w302615246,,farm,landuse=farmland,53.0970149,-9.5870747,
w302615247,,farm,landuse=farmland,53.0969187,-9.5850295,
w302615248,,farm,landuse=farmland,53.0969247,-9.5866076,
w302615250,,farm,landuse=farmland,53.0968631,-9.5889482,
w302615251,,farm,landuse=farmland,53.0965214,-9.5856704,
w302615253,,farm,landuse=farmland,53.0963776,-9.586453,
w302615254,,farm,landuse=farmland,53.0967934,-9.5859052,
w302615255,,farm,landuse=farmland,53.096723,-9.5854624,
w302616596,,farm,landuse=farmland,53.0970271,-9.5923747,
w302616597,,farm,landuse=farmland,53.0966399,-9.5902273,
w302616598,,farm,landuse=farmland,53.0964278,-9.59408,
w302616599,,farm,landuse=farmland,53.0968453,-9.5931579,
w302616601,,farm,landuse=farmland,53.096672,-9.595234,
w302616602,,farm,landuse=farmland,53.0975405,-9.5946801,
w302616603,,farm,landuse=farmland,53.0972585,-9.5932142,
w302616604,,farm,landuse=farmland,53.0968347,-9.5928809,
w302616605,,farm,landuse=farmland,53.097076,-9.5906657,
w302616606,,farm,landuse=farmland,53.0965519,-9.5944502,
w302616607,,farm,landuse=farmland,53.0970699,-9.5901879,
w302616608,,farm,landuse=farmland,53.0975187,-9.5951476,
w302616609,,farm,landuse=farmland,53.0976172,-9.5942986,
w302616610,,farm,landuse=farmland,53.0976986,-9.5947887,
w302616611,,farm,landuse=farmland,53.0967048,-9.5894823,
w302616612,,farm,landuse=farmland,53.097582,-9.591401,
w302616613,,farm,landuse=farmland,53.0972436,-9.5943474,
w302616614,,farm,landuse=farmland,53.0975299,-9.5925907,
w302616616,,farm,landuse=farmland,53.0969413,-9.5939334,
w302616618,,farm,landuse=farmland,53.0968633,-9.5904329,
w302616619,,farm,landuse=farmland,53.0969003,-9.5948731,
w302616620,,farm,landuse=farmland,53.0972449,-9.5905278,
w302616622,,farm,landuse=farmland,53.0972244,-9.5920797,
w302674546,,farm,landuse=farmland,53.0965169,-9.5921791,
w302674547,,farm,landuse=farmland,53.0970086,-9.5913829,
w302674548,,farm,landuse=farmland,53.096972,-9.5909825,
w302674549,,farm,landuse=farmland,53.0971919,-9.5915828,
w302674550,,farm,landuse=farmland,53.0968105,-9.5925411,
w302674551,,farm,landuse=farmland,53.0964462,-9.5906887,
w302674552,,farm,landuse=farmland,53.0962559,-9.5915794,
w302674553,,farm,landuse=farmland,53.0963354,-9.5918804,
w302674554,,farm,landuse=farmland,53.0964763,-9.5915889,
w302674555,,farm,landuse=farmland,53.0961786,-9.5912023,
w302674556,,farm,landuse=farmland,53.0964943,-9.5925455,
w302674557,,farm,landuse=farmland,53.0965184,-9.591035,
w302674558,,farm,landuse=farmland,53.0969395,-9.5919372,
w302674559,,farm,landuse=farmland,53.0968342,-9.5917431,
w302674560,,farm,landuse=farmland,53.0967663,-9.5914852,
w302674561,,farm,landuse=farmland,53.0973867,-9.5913636,
w302674563,,farm,landuse=farmland,53.0967124,-9.5911409,
w302674564,,farm,landuse=farmland,53.0966668,-9.5907958,
w302674565,,farm,landuse=farmland,53.0967304,-9.5923412,
w302674566,,farm,landuse=farmland,53.0971805,-9.5912306,
w302674567,,farm,landuse=farmland,53.0963297,-9.5909483,
w302749242,,farm,landuse=farmland,53.0959436,-9.5900076,
w302749244,,farm,landuse=farmland,53.096217,-9.590407,
w302749245,,farm,landuse=farmland,53.0962532,-9.5889836,
w302749246,,farm,landuse=farmland,53.0964156,-9.588519,
w302749247,,farm,landuse=farmland,53.0965576,-9.5891906,
w302749248,,farm,landuse=farmland,53.0960672,-9.5888599,
w302749249,,farm,landuse=farmland,53.0964035,-9.5899224,
w302749250,,farm,landuse=farmland,53.0960455,-9.5883516,
w302749251,,farm,landuse=farmland,53.0963407,-9.5894,
w302749252,,farm,landuse=farmland,53.095821,-9.5895771,
w302749253,,farm,landuse=farmland,53.0959374,-9.5887759,
w302749254,,farm,landuse=farmland,53.0960615,-9.590744,
w302749255,,farm,landuse=farmland,53.0960479,-9.5893666,
w302749256,,farm,landuse=farmland,53.0956468,-9.5893384,
w302749257,,farm,landuse=farmland,53.0958965,-9.589804,
w302749258,,farm,landuse=farmland,53.0962108,-9.5897869,
w302749259,,farm,landuse=farmland,53.0959649,-9.5902959,
w302749260,,farm,landuse=farmland,53.0965111,-9.5888941,
w302749261,,farm,landuse=farmland,53.0963166,-9.5878976,
w302749262,,farm,landuse=farmland,53.0962034,-9.5885747,
w302749263,,farm,landuse=farmland,53.0958641,-9.5890726,
w302749625,,farm,landuse=farmland,53.0960671,-9.5869211,
w302749627,,farm,landuse=farmland,53.0960953,-9.586499,
w302749628,,farm,landuse=farmland,53.0961855,-9.5875971,
w302749629,,farm,landuse=farmland,53.0961731,-9.5871361,
w302749871,,farm,landuse=farmland,53.0964225,-9.5852735,
w302749872,,farm,landuse=farmland,53.0965393,-9.5847738,
w302749873,,farm,landuse=farmland,53.0964957,-9.5844179,
w302749874,,farm,landuse=farmland,53.0959299,-9.5856119,
w302749875,,farm,landuse=farmland,53.0960583,-9.5860433,
w302750795,,farm,landuse=farmland,53.0966152,-9.5838913,
w302750796,,farm,landuse=farmland,53.0964385,-9.5840626,
w302750797,,farm,landuse=farmland,53.0970141,-9.5807204,
w302750798,,farm,landuse=farmland,53.0970987,-9.5813751,
w302750799,,farm,landuse=farmland,53.0972549,-9.5803639,
w302750800,,farm,landuse=farmland,53.097217,-9.5808264,
w302750801,,farm,landuse=farmland,53.0967429,-9.5821882,
w302750802,,farm,landuse=farmland,53.0968361,-9.5836527,
w302750803,,farm,landuse=farmland,53.0967867,-9.5828546,
w302750804,,farm,landuse=farmland,53.0967893,-9.5834497,
w302750805,,farm,landuse=farmland,53.097021,-9.5799839,
w302768937,,farm,landuse=farmland,53.0959682,-9.5839794,
w302768938,,farm,landuse=farmland,53.0962404,-9.5838218,
w302768939,,farm,landuse=farmland,53.0965087,-9.5812032,
w302768940,,farm,landuse=farmland,53.0966734,-9.5811149,
w302768941,,farm,landuse=farmland,53.0962961,-9.5846124,
w302768942,,farm,landuse=farmland,53.0960659,-9.5825103,
w302768943,,farm,landuse=farmland,53.0964781,-9.5832168,
w302768944,,farm,landuse=farmland,53.0960964,-9.5828984,
w302768945,,farm,landuse=farmland,53.0960244,-9.5834108,
w302768946,,farm,landuse=farmland,53.0963429,-9.5849879,
w302768947,,farm,landuse=farmland,53.0964328,-9.5835736,
w302768948,,farm,landuse=farmland,53.0968105,-9.5814718,
w302768949,,farm,landuse=farmland,53.0962512,-9.5821251,
w302768950,,farm,landuse=farmland,53.0967665,-9.5804851,
w302768951,,farm,landuse=farmland,53.0968395,-9.5802222,
w302768952,,farm,landuse=farmland,53.0960463,-9.5845427,
w302768953,,farm,landuse=farmland,53.0966152,-9.5815717,
w302768954,,farm,landuse=farmland,53.0962213,-9.5823677,
w302768955,,farm,landuse=farmland,53.0966031,-9.5830677,
w302768956,,farm,landuse=farmland,53.0964927,-9.582112,
w302768957,,farm,landuse=farmland,53.0963572,-9.5814952,
w302768958,,farm,landuse=farmland,53.0962236,-9.5842287,
w302768959,,farm,landuse=farmland,53.0964304,-9.5825536,
w302886840,,farm,landuse=farmland,53.0967318,-9.5796838,
w302886842,,farm,landuse=farmland,53.0965293,-9.5799636,
w302886843,,farm,landuse=farmland,53.0968283,-9.5795626,
w302886844,,farm,landuse=farmland,53.0966272,-9.5808958,
w302886845,,farm,landuse=farmland,53.0966365,-9.5797629,
w302886846,,farm,landuse=farmland,53.0966607,-9.5793994,
w302886847,,farm,landuse=farmland,53.0963724,-9.5793471,
w302888234,,farm,landuse=farmland,53.0958458,-9.5822844,
w302888237,,farm,landuse=farmland,53.0958353,-9.5815606,
w302888239,,farm,landuse=farmland,53.0963096,-9.5800612,
w302888241,,farm,landuse=farmland,53.096002,-9.5821106,
w302888244,,farm,landuse=farmland,53.0958223,-9.578505,
w302888247,,farm,landuse=farmland,53.0961602,-9.5796837,
w302888250,,farm,landuse=farmland,53.096479,-9.5804229,
w302888252,,farm,landuse=farmland,53.0956937,-9.5786901,
w302888256,,farm,landuse=farmland,53.096109,-9.5807621,
w302888258,,farm,landuse=farmland,53.0958682,-9.5812973,
w302888260,,farm,landuse=farmland,53.0960419,-9.5816447,
w302888262,,farm,landuse=farmland,53.0959967,-9.5794998,
w302888263,,farm,landuse=farmland,53.0958005,-9.5826826,
w302888265,,farm,landuse=farmland,53.0965485,-9.5806559,
w302888266,,farm,landuse=farmland,53.0958476,-9.5792749,
w302888267,,farm,landuse=farmland,53.0957543,-9.5817331,
w302889117,,farm,landuse=farmland,53.0951444,-9.5770388,
w302889118,,farm,landuse=farmland,53.0953456,-9.5771915,
w302889119,,farm,landuse=farmland,53.0950243,-9.5765671,
w302889120,,farm,landuse=farmland,53.0944617,-9.5750474,
w302889121,,farm,landuse=farmland,53.0953782,-9.5780392,
w302889122,,farm,landuse=farmland,53.0952046,-9.5766281,
w302889123,,farm,landuse=farmland,53.0944219,-9.5755159,
w302889124,,farm,landuse=farmland,53.0947738,-9.5757047,
w302889125,,farm,landuse=farmland,53.0946208,-9.5759646,
w302889126,,farm,landuse=farmland,53.0948097,-9.5762685,
w302889127,,farm,landuse=farmland,53.0949314,-9.5760266,
w302889128,,farm,landuse=farmland,53.0950843,-9.5762041,
w302889129,,farm,landuse=farmland,53.0951781,-9.576143,
w302889130,,farm,landuse=farmland,53.0945763,-9.575387,
w302889131,,farm,landuse=farmland,53.0952836,-9.5774295,
w302889132,,farm,landuse=farmland,53.0955082,-9.5775348,
w303053685,,farm,landuse=farmland,53.0959479,-9.5880886,
w303053686,,farm,landuse=farmland,53.0957806,-9.5864922,
w303053687,,farm,landuse=farmland,53.0959512,-9.5866871,
w303053688,,farm,landuse=farmland,53.0959665,-9.5873695,
w303053689,,farm,landuse=farmland,53.0957172,-9.5871803,
w303053690,,farm,landuse=farmland,53.0958086,-9.5876957,
w303053691,,farm,landuse=farmland,53.0957149,-9.588322,
w303053692,,farm,landuse=farmland,53.0957958,-9.5885908,
w303053693,,farm,landuse=farmland,53.0957097,-9.5860889,
w303413943,,farm,building=greenhouse,53.4213567,-9.4001981,
w303460834,,farm,landuse=farmland,53.0956136,-9.5879837,
w303460835,,farm,landuse=farmland,53.0952139,-9.5881943,
w303460836,,farm,landuse=farmland,53.0956346,-9.5887669,
w303460837,,farm,landuse=farmland,53.0952143,-9.5875611,
w303460838,,farm,landuse=farmland,53.0950109,-9.5877437,
w303460839,,farm,landuse=farmland,53.0953821,-9.5862407,
w303460840,,farm,landuse=farmland,53.094983,-9.5868185,
w303460841,,farm,landuse=farmland,53.0946583,-9.5870817,
w303460842,,farm,landuse=farmland,53.0948044,-9.5872406,
w303460843,,farm,landuse=farmland,53.0955551,-9.5872812,
w303460844,,farm,landuse=farmland,53.095157,-9.5864617,
w303460845,,farm,landuse=farmland,53.0954962,-9.5889988,
w303460846,,farm,landuse=farmland,53.0952686,-9.5867192,
w303460847,,farm,landuse=farmland,53.0955671,-9.5866482,
w303460848,,farm,landuse=farmland,53.0953878,-9.5870049,
w303460849,,farm,landuse=farmland,53.095158,-9.5871552,
w303460850,,farm,landuse=farmland,53.0954305,-9.5884932,
w303460851,,farm,landuse=farmland,53.0948604,-9.5874652,
w303460852,,farm,landuse=farmland,53.0954214,-9.5874888,
w303460853,,farm,landuse=farmland,53.0953744,-9.5880538,
w303937211,,farm,landuse=farmland,53.0955164,-9.5856813,
w303937212,,farm,landuse=farmland,53.0947364,-9.5846855,
w303937213,,farm,landuse=farmland,53.0951637,-9.5858846,
w303937214,,farm,landuse=farmland,53.0951089,-9.5833162,
w303937216,,farm,landuse=farmland,53.0953386,-9.5858757,
w303937217,,farm,landuse=farmland,53.0949036,-9.5849467,
w303937218,,farm,landuse=farmland,53.0950641,-9.5857915,
w303937219,,farm,landuse=farmland,53.0951275,-9.5843021,
w303937220,,farm,landuse=farmland,53.0945804,-9.5837928,
w303937221,,farm,landuse=farmland,53.0955688,-9.5824309,
w303937222,,farm,landuse=farmland,53.0948093,-9.5833958,
w303937223,,farm,landuse=farmland,53.0950987,-9.5847615,
w303937226,,farm,landuse=farmland,53.0954158,-9.583099,
w303937227,,farm,landuse=farmland,53.0950151,-9.5852844,
w303937229,,farm,landuse=farmland,53.0950146,-9.5839606,
w303937230,,farm,landuse=farmland,53.0948813,-9.5836785,
w303937231,,farm,landuse=farmland,53.0955872,-9.5830179,
w303937234,,farm,landuse=farmland,53.0952276,-9.5851873,
w303937236,,farm,landuse=farmland,53.0952369,-9.5846259,
w303937237,,farm,landuse=farmland,53.0950467,-9.585571,
w304114605,,farm,landuse=farmland,53.0943279,-9.585409,
w304114606,,farm,landuse=farmland,53.0943698,-9.5861005,
w304114607,,farm,landuse=farmland,53.094322,-9.5840162,
w304114608,,farm,landuse=farmland,53.094255,-9.5849132,
w304114609,,farm,landuse=farmland,53.0943197,-9.5851347,
w304114610,,farm,landuse=farmland,53.0940298,-9.5847417,
w304114611,,farm,landuse=farmland,53.0939257,-9.5842181,
w304114615,,farm,landuse=farmland,53.0944771,-9.5843564,
w304114616,,farm,landuse=farmland,53.0947354,-9.5866724,
w304114620,,farm,landuse=farmland,53.0945729,-9.5850955,
w304114621,,farm,landuse=farmland,53.0947452,-9.5854954,
w304114622,,farm,landuse=farmland,53.0940892,-9.5840892,
w304114624,,farm,landuse=farmland,53.0944739,-9.5848112,
w304114625,,farm,landuse=farmland,53.0941732,-9.5845587,
w304114626,,farm,landuse=farmland,53.0945287,-9.5868537,
w304114627,,farm,landuse=farmland,53.0942699,-9.5857473,
w304114629,,farm,landuse=farmland,53.0947993,-9.5861788,
w304114631,,farm,landuse=farmland,53.0946266,-9.5865018,
w304114632,,farm,landuse=farmland,53.0945475,-9.585963,
w304114634,,farm,landuse=farmland,53.0944904,-9.5856199,
w304114636,,farm,landuse=farmland,53.0948826,-9.5865436,
w304114638,,farm,landuse=farmland,53.094575,-9.5862916,
w304114639,,farm,landuse=farmland,53.0937728,-9.5843601,
w304114640,,farm,landuse=farmland,53.0944067,-9.5865107,
w304511833,,farm,landuse=farmland,53.0952297,-9.5816903,
w304511834,,farm,landuse=farmland,53.0953818,-9.5803638,
w304511835,,farm,landuse=farmland,53.0952435,-9.5793162,
w304511836,,farm,landuse=farmland,53.095497,-9.5797617,
w304511838,,farm,landuse=farmland,53.0953737,-9.5820916,
w304511839,,farm,landuse=farmland,53.0954132,-9.5808845,
w304511840,,farm,landuse=farmland,53.0956694,-9.5808735,
w304511841,,farm,landuse=farmland,53.0955323,-9.5813309,
w304511842,,farm,landuse=farmland,53.0952449,-9.5806616,
w304511844,,farm,landuse=farmland,53.0952305,-9.5800608,
w304511845,,farm,landuse=farmland,53.0954286,-9.5787827,
w304511846,,farm,landuse=farmland,53.0954893,-9.5817706,
w304511847,,farm,landuse=farmland,53.0952054,-9.5810895,
w304511848,,farm,landuse=farmland,53.0957356,-9.5798863,
w304511849,,farm,landuse=farmland,53.095613,-9.5790993,
w304511850,,farm,landuse=farmland,53.0953441,-9.5813445,
w304511851,,farm,landuse=farmland,53.0957861,-9.5802955,
w304681700,,farm,landuse=farmland,53.0950407,-9.5824594,
w304681701,,farm,landuse=farmland,53.0944782,-9.5818478,
w304681703,,farm,landuse=farmland,53.09466,-9.5830791,
w304681704,,farm,landuse=farmland,53.0946262,-9.5821909,
w304681706,,farm,landuse=farmland,53.0948138,-9.5829423,
w304681707,,farm,landuse=farmland,53.0948503,-9.5818868,
w304681708,,farm,landuse=farmland,53.0942717,-9.5821059,
w304681709,,farm,landuse=farmland,53.0944625,-9.5831541,
w304681711,,farm,landuse=farmland,53.0942745,-9.5827384,
w304681712,,farm,landuse=farmland,53.0945275,-9.5828392,
w304681713,,farm,landuse=farmland,53.0947119,-9.582537,
w304681714,,farm,landuse=farmland,53.0942869,-9.5833248,
w304681715,,farm,landuse=farmland,53.0944178,-9.5824881,
w304681716,,farm,landuse=farmland,53.0951391,-9.5821613,
w304682531,,farm,landuse=farmland,53.0950476,-9.5803237,
w304682532,,farm,landuse=farmland,53.0940473,-9.5835888,
w304682533,,farm,landuse=farmland,53.0938845,-9.5834436,
w304682534,,farm,landuse=farmland,53.0948948,-9.5796339,
w304682535,,farm,landuse=farmland,53.0950906,-9.5808716,
w304682536,,farm,landuse=farmland,53.094105,-9.5827348,
w304682537,,farm,landuse=farmland,53.0947272,-9.5815849,
w304682538,,farm,landuse=farmland,53.0950243,-9.5799468,
w304682540,,farm,landuse=farmland,53.0938239,-9.5830008,
w304682541,,farm,landuse=farmland,53.0937917,-9.5826766,
w304682542,,farm,landuse=farmland,53.0941032,-9.5831514,
w304682543,,farm,landuse=farmland,53.0940702,-9.5823367,
w304682544,,farm,landuse=farmland,53.0949947,-9.5814082,
w304682545,,farm,landuse=farmland,53.0939313,-9.5826705,
w304806577,,farm,landuse=farmland,53.0942722,-9.5802186,
w304806578,,farm,landuse=farmland,53.0952071,-9.5781349,
w304806579,,farm,landuse=farmland,53.0946802,-9.5798559,
w304806580,,farm,landuse=farmland,53.0948464,-9.580577,
w304806581,,farm,landuse=farmland,53.0944286,-9.5800283,
w304806582,,farm,landuse=farmland,53.0946158,-9.580165,
w304806583,,farm,landuse=farmland,53.0950508,-9.577577,
w304806584,,farm,landuse=farmland,53.0948089,-9.5801447,
w304806585,,farm,landuse=farmland,53.0947813,-9.5810435,
w304806586,,farm,landuse=farmland,53.0948545,-9.5770191,
w304806587,,farm,landuse=farmland,53.0945567,-9.5805761,
w304806588,,farm,landuse=farmland,53.0953039,-9.5784494,
w305141210,,farm,landuse=farmland,53.0946659,-9.5791783,
w305141212,,farm,landuse=farmland,53.0941304,-9.5789281,
w305141215,,farm,landuse=farmland,53.0948026,-9.5776025,
w305141218,,farm,landuse=farmland,53.0950194,-9.5779351,
w305141219,,farm,landuse=farmland,53.0942145,-9.578338,
w305141220,,farm,landuse=farmland,53.0944743,-9.5789061,
w305141221,,farm,landuse=farmland,53.0943855,-9.579405,
w305141222,,farm,landuse=farmland,53.0940409,-9.5798344,
w305141225,,farm,landuse=farmland,53.0943426,-9.5786781,
w305141227,,farm,landuse=farmland,53.0946361,-9.578098,
w305141228,,farm,landuse=farmland,53.0941943,-9.5796668,
w305141229,,farm,landuse=farmland,53.0948668,-9.5788968,
w305141230,,farm,landuse=farmland,53.0938332,-9.5790937,
w305141231,,farm,landuse=farmland,53.0946201,-9.5773007,
w305141234,,farm,landuse=farmland,53.0951238,-9.5786474,
w305141235,,farm,landuse=farmland,53.0940088,-9.5786019,
w305141236,,farm,landuse=farmland,53.0938889,-9.5794826,
w305141393,,farm,landuse=farmland,53.0940355,-9.5793314,
w305141394,,farm,landuse=farmland,53.0947976,-9.5842327,
w305563096,,farm,landuse=farmland,53.0940402,-9.5771048,
w305563097,,farm,landuse=farmland,53.0945733,-9.5763307,
w305563098,,farm,landuse=farmland,53.0937968,-9.5752076,
w305563099,,farm,landuse=farmland,53.0937767,-9.5735936,
w305563101,,farm,landuse=farmland,53.0939927,-9.5763177,
w305563102,,farm,landuse=farmland,53.0943647,-9.5766191,
w305563103,,farm,landuse=farmland,53.0938042,-9.5810126,
w305563104,,farm,landuse=farmland,53.0939541,-9.5813644,
w305563105,,farm,landuse=farmland,53.0947388,-9.5765109,
w305563106,,farm,landuse=farmland,53.0944146,-9.5761098,
w305563107,,farm,landuse=farmland,53.0945561,-9.5768946,
w305563108,,farm,landuse=farmland,53.0942347,-9.577497,
w305563109,,farm,landuse=farmland,53.0937865,-9.5758363,
w305563110,,farm,landuse=farmland,53.0937785,-9.574821,
w305563111,,farm,landuse=farmland,53.0940755,-9.5752475,
w305563112,,farm,landuse=farmland,53.0935087,-9.5805723,
w305563113,,farm,landuse=farmland,53.0941884,-9.5768242,
w305563114,,farm,landuse=farmland,53.0937414,-9.5743919,
w305563116,,farm,landuse=farmland,53.0939693,-9.574994,
w305563117,,farm,landuse=farmland,53.0939525,-9.5755858,
w305563118,,farm,landuse=farmland,53.0941136,-9.5816557,
w305563119,,farm,landuse=farmland,53.0942278,-9.5810638,
w305563120,,farm,landuse=farmland,53.0942649,-9.5756954,
w305563122,,farm,landuse=farmland,53.0936126,-9.5745829,
w305563123,,farm,landuse=farmland,53.0943672,-9.5772243,
w305563124,,farm,landuse=farmland,53.0941312,-9.5760267,
w305563125,,farm,landuse=farmland,53.0936255,-9.5803792,
w305563126,,farm,landuse=farmland,53.0934755,-9.5799195,
w305563711,,farm,landuse=farmland,53.0938535,-9.5772551,
w305563712,,farm,landuse=farmland,53.0933208,-9.5767227,
w305563713,,farm,landuse=farmland,53.0936547,-9.5778442,
w305563714,,farm,landuse=farmland,53.0938293,-9.5782206,
w305563715,,farm,landuse=farmland,53.0933895,-9.5761567,
w305563717,,farm,landuse=farmland,53.0936683,-9.5762244,
w305563718,,farm,landuse=farmland,53.0935994,-9.577197,
w305563719,,farm,landuse=farmland,53.0934958,-9.5756808,
w305563720,,farm,landuse=farmland,53.0935257,-9.5764667,
w305563721,,farm,landuse=farmland,53.0940595,-9.5778779,
w305563722,,farm,landuse=farmland,53.0934789,-9.5774495,
w305563723,,farm,landuse=farmland,53.0935449,-9.5749504,
w305563725,,farm,landuse=farmland,53.0933557,-9.5750471,
w305563726,,farm,landuse=farmland,53.0937758,-9.5765444,
w305711525,,farm,landuse=farmland,53.0929079,-9.5762849,
w305711528,,farm,landuse=farmland,53.0930725,-9.5773954,
w305711532,,farm,landuse=farmland,53.0930669,-9.5751729,
w305711535,,farm,landuse=farmland,53.0936148,-9.5788,
w305711540,,farm,landuse=farmland,53.0931961,-9.5771667,
w305711542,,farm,landuse=farmland,53.0934341,-9.5781687,
w305711544,,farm,landuse=farmland,53.0932292,-9.5760508,
w305711546,,farm,landuse=farmland,53.0932758,-9.5777218,
w305711547,,farm,landuse=farmland,53.0928934,-9.575926,
w305711548,,farm,landuse=farmland,53.0929737,-9.5769024,
w305711550,,farm,landuse=farmland,53.0930403,-9.5766529,
w305711554,,farm,landuse=farmland,53.0937429,-9.5787065,
w305711556,,farm,landuse=farmland,53.0933897,-9.5783515,
w305711558,,farm,landuse=farmland,53.0931446,-9.5760977,
w305711561,,farm,landuse=farmland,53.0932067,-9.5754744,
w305711562,,farm,landuse=farmland,53.0928652,-9.5756019,
w305713717,,farm,landuse=farmland,53.0928958,-9.5726793,
w305713718,,farm,landuse=farmland,53.0930681,-9.573268,
w305713720,,farm,landuse=farmland,53.0934177,-9.5725116,
w305713721,,farm,landuse=farmland,53.093541,-9.5732899,
w305713722,,farm,landuse=farmland,53.0933232,-9.5730977,
w305713723,,farm,landuse=farmland,53.0934269,-9.5742232,
w305713724,,farm,landuse=farmland,53.0932739,-9.5737846,
w305713725,,farm,landuse=farmland,53.0931825,-9.5728754,
w305713726,,farm,landuse=farmland,53.0936215,-9.5738209,
w305713728,,farm,landuse=farmland,53.0936171,-9.5729556,
w305713729,,farm,landuse=farmland,53.0934137,-9.5734954,
w305713730,,farm,landuse=farmland,53.0937092,-9.5732227,
w305713731,,farm,landuse=farmland,53.0931234,-9.5725519,
w305714174,,farm,landuse=farmland,53.0930976,-9.574787,
w305714175,,farm,landuse=farmland,53.092776,-9.5722824,
w305714176,,farm,landuse=farmland,53.0929675,-9.5741702,
w305714177,,farm,landuse=farmland,53.0925423,-9.5715568,
w305714178,,farm,landuse=farmland,53.0931456,-9.5740285,
w305714179,,farm,landuse=farmland,53.0924591,-9.5711344,
w305714180,,farm,landuse=farmland,53.0929869,-9.5719404,
w305714181,,farm,landuse=farmland,53.0928572,-9.5716388,
w305714182,,farm,landuse=farmland,53.0926233,-9.5718209,
w305714183,,farm,landuse=farmland,53.0926817,-9.5720109,
w305714184,,farm,landuse=farmland,53.0930763,-9.5721361,
w305714185,,farm,landuse=farmland,53.0923748,-9.5706314,
w305714186,,farm,landuse=farmland,53.0932703,-9.5744484,
w305714187,,farm,landuse=farmland,53.0929052,-9.5718331,
w305714188,,farm,landuse=farmland,53.0930119,-9.5745166,
w305714189,,farm,landuse=farmland,53.092738,-9.5711778,
w305849908,,farm,landuse=farmland,53.0928734,-9.5814937,
w305849909,,farm,landuse=farmland,53.0930264,-9.5818205,
w305849910,,farm,landuse=farmland,53.0937519,-9.5818512,
w305849911,,farm,landuse=farmland,53.0936627,-9.583391,
w305849912,,farm,landuse=farmland,53.093405,-9.5807756,
w305849914,,farm,landuse=farmland,53.0931711,-9.5803887,
w305849916,,farm,landuse=farmland,53.0938998,-9.5819015,
w305849917,,farm,landuse=farmland,53.0925897,-9.5813572,
w305849918,,farm,landuse=farmland,53.0935035,-9.5828576,
w305849920,,farm,landuse=farmland,53.0927778,-9.5811822,
w305849921,,farm,landuse=farmland,53.0935969,-9.5838919,
w305849922,,farm,landuse=farmland,53.0932663,-9.5828972,
w305849924,,farm,landuse=farmland,53.0933091,-9.5816764,
w305849925,,farm,landuse=farmland,53.0932857,-9.5802761,
w305849928,,farm,landuse=farmland,53.0937501,-9.5837738,
w305849929,,farm,landuse=farmland,53.0933583,-9.5800965,
w305849930,,farm,landuse=farmland,53.0932265,-9.5824868,
w305849931,,farm,landuse=farmland,53.0935508,-9.5835496,
w305849934,,farm,landuse=farmland,53.0936287,-9.5820743,
w305849935,,farm,landuse=farmland,53.0930714,-9.5805913,
w305849936,,farm,landuse=farmland,53.0936537,-9.5815021,
w305849937,,farm,landuse=farmland,53.0932969,-9.5809667,
w305849938,,farm,landuse=farmland,53.0931407,-9.5812682,
w305849939,,farm,landuse=farmland,53.0934974,-9.5812679,
w305849940,,farm,landuse=farmland,53.0934626,-9.5823487,
w305849941,,farm,landuse=farmland,53.093027,-9.5809513,
w305849942,,farm,landuse=farmland,53.0931793,-9.5820218,
w305849945,,farm,landuse=farmland,53.0934996,-9.5831128,
w306673401,,farm,landuse=farmland,53.0920067,-9.5797124,
w306673402,,farm,landuse=farmland,53.0927733,-9.5796363,
w306673403,,farm,landuse=farmland,53.0929295,-9.5791201,
w306673404,,farm,landuse=farmland,53.0921167,-9.5799432,
w306673405,,farm,landuse=farmland,53.0927017,-9.5793065,
w306673406,,farm,landuse=farmland,53.0925843,-9.5798695,
w306673407,,farm,landuse=farmland,53.0929509,-9.5794639,
w306673408,,farm,landuse=farmland,53.0924141,-9.5785305,
w306673409,,farm,landuse=farmland,53.0927387,-9.5802229,
w306673410,,farm,landuse=farmland,53.092505,-9.580587,
w306673411,,farm,landuse=farmland,53.0929514,-9.5783306,
w306673412,,farm,landuse=farmland,53.0927906,-9.5787413,
w306673413,,farm,landuse=farmland,53.0923834,-9.5792544,
w306673414,,farm,landuse=farmland,53.0930165,-9.5801472,
w306673415,,farm,landuse=farmland,53.0925896,-9.5809798,
w306673416,,farm,landuse=farmland,53.0924729,-9.5770718,
w306673417,,farm,landuse=farmland,53.0926026,-9.5789289,
w306673418,,farm,landuse=farmland,53.0924826,-9.5776623,
w306673419,,farm,landuse=farmland,53.0928582,-9.580564,
w306673420,,farm,landuse=farmland,53.093074,-9.5787262,
w306673421,,farm,landuse=farmland,53.0931436,-9.579776,
w306673422,,farm,landuse=farmland,53.0922312,-9.579102,
w306673423,,farm,landuse=farmland,53.09292,-9.5798778,
w306673425,,farm,landuse=farmland,53.0923509,-9.5801811,
w306673426,,farm,landuse=farmland,53.0924456,-9.5795815,
w306673427,,farm,landuse=farmland,53.092274,-9.5807844,
w306673428,,farm,landuse=farmland,53.0921128,-9.5804317,
w306673429,,farm,landuse=farmland,53.0925826,-9.5782288,
w306673430,,farm,landuse=farmland,53.0923234,-9.5772425,
w306674498,,farm,landuse=farmland,53.0925946,-9.5747231,
w306674499,,farm,landuse=farmland,53.0921084,-9.575437,
w306674500,,farm,landuse=farmland,53.091478,-9.576982,
w306674501,,farm,landuse=farmland,53.0916942,-9.5762095,
w306674502,,farm,landuse=farmland,53.0921532,-9.5782997,
w306674503,,farm,landuse=farmland,53.0916692,-9.5772104,
w306674504,,farm,landuse=farmland,53.0918121,-9.5759248,
w306674505,,farm,landuse=farmland,53.0918627,-9.5774624,
w306674506,,farm,landuse=farmland,53.0920172,-9.5772323,
w306674507,,farm,landuse=farmland,53.0921258,-9.5762396,
w306674508,,farm,landuse=farmland,53.092728,-9.5750236,
w306674509,,farm,landuse=farmland,53.0921373,-9.577011,
w306674510,,farm,landuse=farmland,53.0919117,-9.5781984,
w306674511,,farm,landuse=farmland,53.0924361,-9.5754849,
w306674512,,farm,landuse=farmland,53.0917285,-9.5777951,
w306674513,,farm,landuse=farmland,53.0921022,-9.5787267,
w306674514,,farm,landuse=farmland,53.0914834,-9.5773678,
w306674515,,farm,landuse=farmland,53.0919973,-9.5784943,
w306674516,,farm,landuse=farmland,53.0925826,-9.5752309,
w306674517,,farm,landuse=farmland,53.0928382,-9.5748226,
w306674518,,farm,landuse=farmland,53.0918183,-9.576733,
w306674519,,farm,landuse=farmland,53.0920276,-9.5779609,
w306674520,,farm,landuse=farmland,53.0921632,-9.5775424,
w306674521,,farm,landuse=farmland,53.0919349,-9.5764528,
w306674522,,farm,landuse=farmland,53.091922,-9.5757822,
w306674523,,farm,landuse=farmland,53.0922724,-9.5778921,
w306695627,,farm,landuse=farmland,53.0914945,-9.5713747,
w306695630,,farm,landuse=farmland,53.0912976,-9.5707698,
w306695631,,farm,landuse=farmland,53.0920872,-9.5708608,
w306695632,,farm,landuse=farmland,53.0914704,-9.5705193,
w306695634,,farm,landuse=farmland,53.0922122,-9.57118,
w306695635,,farm,landuse=farmland,53.0921308,-9.5721684,
w306695636,,farm,landuse=farmland,53.0924593,-9.5721133,
w306695638,,farm,landuse=farmland,53.0923138,-9.5739466,
w306695640,,farm,landuse=farmland,53.0918763,-9.5705872,
w306695641,,farm,landuse=farmland,53.0917699,-9.5711759,
w306695642,,farm,landuse=farmland,53.0917288,-9.5702667,
w306695644,,farm,landuse=farmland,53.0922824,-9.5714393,
w306695645,,farm,landuse=farmland,53.0920342,-9.5733631,
w306695646,,farm,landuse=farmland,53.0919914,-9.571324,
w306695647,,farm,landuse=farmland,53.0924256,-9.5746011,
w306695648,,farm,landuse=farmland,53.0923257,-9.5717686,
w306695649,,farm,landuse=farmland,53.0919253,-9.572812,
w306695651,,farm,landuse=farmland,53.0911959,-9.5710701,
w306695652,,farm,landuse=farmland,53.0923675,-9.5725076,
w306695653,,farm,landuse=farmland,53.0926027,-9.5725062,
w306695655,,farm,landuse=farmland,53.0915746,-9.5708635,
w306695657,,farm,landuse=farmland,53.0920889,-9.5716507,
w306862435,,farm,landuse=farmland,53.0920173,-9.5751276,
w306862436,,farm,landuse=farmland,53.0918654,-9.5747293,
w306862437,,farm,landuse=farmland,53.0918553,-9.5752936,
w306864732,,farm,landuse=farmland,53.0907116,-9.5748565,
w306864733,,farm,landuse=farmland,53.0909085,-9.5740187,
w306864734,,farm,landuse=farmland,53.0909274,-9.5748682,
w306864735,,farm,landuse=farmland,53.0911551,-9.5764908,
w306864736,,farm,landuse=farmland,53.0906053,-9.5756995,
w306864737,,farm,landuse=farmland,53.0917225,-9.5748899,
w306864738,,farm,landuse=farmland,53.0913245,-9.5747577,
w306864739,,farm,landuse=farmland,53.0916562,-9.574362,
w306864740,,farm,landuse=farmland,53.0909962,-9.5767166,
w306864741,,farm,landuse=farmland,53.090901,-9.5752066,
w306864742,,farm,landuse=farmland,53.0907712,-9.5754675,
w306864743,,farm,landuse=farmland,53.0915348,-9.5752996,
w306864744,,farm,landuse=farmland,53.0909259,-9.5744693,
w306864745,,farm,landuse=farmland,53.0908663,-9.5763306,
w306864751,,farm,landuse=farmland,53.0912155,-9.5749266,
w306864752,,farm,landuse=farmland,53.0905214,-9.5753173,
w306864754,,farm,landuse=farmland,53.0916129,-9.5756021,
w306864756,,farm,landuse=farmland,53.0914113,-9.5744393,
w306864757,,farm,landuse=farmland,53.0910626,-9.5761597,
w306864759,,farm,landuse=farmland,53.0912183,-9.5753992,
w306864760,,farm,landuse=farmland,53.0915195,-9.5747131,
w306864761,,farm,landuse=farmland,53.0910693,-9.5756033,
w306864762,,farm,landuse=farmland,53.0908225,-9.5759274,
w306864764,,farm,landuse=farmland,53.0913781,-9.5750959,
w306864765,,farm,landuse=farmland,53.0910846,-9.575099,
w308097416,,farm,landuse=farmland,53.0907007,-9.5738428,
w308097417,,farm,landuse=farmland,53.0908548,-9.5730841,
w308097419,,farm,landuse=farmland,53.0909967,-9.5729569,
w308097420,,farm,landuse=farmland,53.0909664,-9.5725791,
w308097421,,farm,landuse=farmland,53.0911217,-9.5737675,
w308097422,,farm,landuse=farmland,53.0910254,-9.5733616,
w308097423,,farm,landuse=farmland,53.0906337,-9.5742426,
w308097425,,farm,landuse=farmland,53.0907882,-9.5727039,
w308302100,,farm,landuse=farmland,53.0917273,-9.571927,
w308302101,,farm,landuse=farmland,53.0906866,-9.5714564,
w308302102,,farm,landuse=farmland,53.0905591,-9.5728513,
w308302103,,farm,landuse=farmland,53.0903632,-9.5729673,
w308302104,,farm,landuse=farmland,53.090267,-9.5737458,
w308302105,,farm,landuse=farmland,53.0901072,-9.57202,
w308302106,,farm,landuse=farmland,53.0897849,-9.5726366,
w308302107,,farm,landuse=farmland,53.0895953,-9.5728105,
w308302108,,farm,landuse=farmland,53.091807,-9.57245,
w308302110,,farm,landuse=farmland,53.090604,-9.5719471,
w308302112,,farm,landuse=farmland,53.0901099,-9.5733688,
w308302113,,farm,landuse=farmland,53.0908648,-9.5719584,
w308302114,,farm,landuse=farmland,53.0917973,-9.5730159,
w308302119,,farm,landuse=farmland,53.0915866,-9.5722769,
w308302120,,farm,landuse=farmland,53.0895417,-9.5733981,
w308302121,,farm,landuse=farmland,53.0918698,-9.5717405,
w308302122,,farm,landuse=farmland,53.0913785,-9.5716469,
w308302123,,farm,landuse=farmland,53.0905518,-9.5724232,
w308302124,,farm,landuse=farmland,53.0900258,-9.5725219,
w308302125,,farm,landuse=farmland,53.0893552,-9.5729754,
w308302126,,farm,landuse=farmland,53.0902978,-9.5732325,
w308302127,,farm,landuse=farmland,53.090593,-9.5732539,
w308302128,,farm,landuse=farmland,53.0902689,-9.5726331,
w308302129,,farm,landuse=farmland,53.0914882,-9.5719993,
w308302130,,farm,landuse=farmland,53.0897789,-9.5729955,
w308302131,,farm,landuse=farmland,53.0904642,-9.5736517,
w308302132,,farm,landuse=farmland,53.0892466,-9.5727183,
w308302134,,farm,landuse=farmland,53.0901868,-9.5723839,
w308302135,,farm,landuse=farmland,53.0899512,-9.5730196,
w308714328,,farm,landuse=farmland,53.0993189,-9.5895648,
w308714329,,farm,landuse=farmland,53.0989873,-9.5867623,
w308714330,,farm,landuse=farmland,53.0993146,-9.5881512,
w308714331,,farm,landuse=farmland,53.0998929,-9.5870358,
w308714332,,farm,landuse=farmland,53.0990113,-9.587858,
w308714333,,farm,landuse=farmland,53.0993419,-9.5884285,
w308714334,,farm,landuse=farmland,53.0996854,-9.5877998,
w308714336,,farm,landuse=farmland,53.0993923,-9.5870627,
w308729367,,farm,landuse=farmland,53.0961153,-9.5853521,
w308729372,,farm,landuse=farmland,53.0956235,-9.5845903,
w308729380,,farm,landuse=farmland,53.0987569,-9.5927381,
w308729384,,farm,landuse=farmland,53.0988995,-9.5890552,
w308729386,,farm,landuse=farmland,53.0987344,-9.5908887,
w308729389,,farm,landuse=farmland,53.0985986,-9.59149,
w308729391,,farm,landuse=farmland,53.0983027,-9.5872307,
w308729396,,farm,landuse=farmland,53.0979547,-9.5903158,
w308729399,,farm,landuse=farmland,53.0981722,-9.5891672,
w308729402,,farm,landuse=farmland,53.0985668,-9.5897803,
w308883779,,farm,landuse=farmland,53.0971471,-9.5950566,
w308883781,,farm,landuse=farmland,53.0978722,-9.5939133,
w308883784,,farm,landuse=farmland,53.0967423,-9.59501,
w308883787,,farm,landuse=farmland,53.0968798,-9.5943029,
w308883788,,farm,landuse=farmland,53.0976245,-9.593807,
w308883789,,farm,landuse=farmland,53.0973569,-9.5953708,
w308883790,,farm,landuse=farmland,53.0965559,-9.5948974,
w308883791,,farm,landuse=farmland,53.0972201,-9.592835,
w308883794,,farm,landuse=farmland,53.0965269,-9.5933496,
w308883796,,farm,landuse=farmland,53.0973757,-9.5937599,
w309095749,,farm,landuse=farmland,53.0957444,-9.5938963,
w309095750,,farm,landuse=farmland,53.0959754,-9.5938101,
w309095751,,farm,landuse=farmland,53.0962724,-9.5967386,
w309095752,,farm,landuse=farmland,53.0959243,-9.59569,
w309095753,,farm,landuse=farmland,53.0963029,-9.5965172,
w309095754,,farm,landuse=farmland,53.0956911,-9.5960681,
w309095755,,farm,landuse=farmland,53.0961591,-9.5936711,
w309095756,,farm,landuse=farmland,53.0960623,-9.5967856,
w309095757,,farm,landuse=farmland,53.0959934,-9.5960642,
w309095758,,farm,landuse=farmland,53.0966195,-9.5958295,
w309095759,,farm,landuse=farmland,53.0959793,-9.5946827,
w309095760,,farm,landuse=farmland,53.0962067,-9.5970162,
w309095761,,farm,landuse=farmland,53.0956176,-9.5968646,
w309095762,,farm,landuse=farmland,53.095496,-9.5941186,
w309095763,,farm,landuse=farmland,53.0965245,-9.5963737,
w309095764,,farm,landuse=farmland,53.0960398,-9.593972,
w309095765,,farm,landuse=farmland,53.0983671,-9.5951387,
w309095767,,farm,landuse=farmland,53.0958062,-9.5968498,
w309233990,,farm,landuse=farmland,53.0944176,-9.5965438,
w309233991,,farm,landuse=farmland,53.0945567,-9.594834,
w309233993,,farm,landuse=farmland,53.0947226,-9.5963027,
w309233994,,farm,landuse=farmland,53.0946506,-9.5958589,
w309233995,,farm,landuse=farmland,53.0945813,-9.5952367,
w309233996,,farm,landuse=farmland,53.0950478,-9.5960122,
w309233997,,farm,landuse=farmland,53.095298,-9.5949009,
w309233998,,farm,landuse=farmland,53.0943675,-9.5963297,
w309233999,,farm,landuse=farmland,53.0953214,-9.594434,
w309234001,,farm,landuse=farmland,53.0953744,-9.5961096,
w309234002,,farm,landuse=farmland,53.0948776,-9.5947805,
w309234003,,farm,landuse=farmland,53.0944931,-9.5962968,
w309234004,,farm,landuse=farmland,53.0949445,-9.5954217,
w309234005,,farm,landuse=farmland,53.0949373,-9.5963202,
w309393118,,farm,landuse=farmland,53.0944093,-9.5923569,
w309393120,,farm,landuse=farmland,53.0939738,-9.5942526,
w309393121,,farm,landuse=farmland,53.0942797,-9.593217,
w309393122,,farm,landuse=farmland,53.0929831,-9.595002,
w309393123,,farm,landuse=farmland,53.0940032,-9.5962691,
w309393124,,farm,landuse=farmland,53.0935855,-9.5945098,
w309393125,,farm,landuse=farmland,53.0937998,-9.596941,
w309393126,,farm,landuse=farmland,53.0934491,-9.5949913,
w309393127,,farm,landuse=farmland,53.0934324,-9.5941894,
w309393128,,farm,landuse=farmland,53.0932722,-9.5951315,
w309393129,,farm,landuse=farmland,53.0936403,-9.5939828,
w309393130,,farm,landuse=farmland,53.0938955,-9.5965939,
w309393131,,farm,landuse=farmland,53.0932102,-9.5950517,
w309393132,,farm,landuse=farmland,53.0942901,-9.5951048,
w309393133,,farm,landuse=farmland,53.094117,-9.5954711,
w309393134,,farm,landuse=farmland,53.0933222,-9.5947794,
w309393136,,farm,landuse=farmland,53.0940611,-9.5957226,
w309948090,,farm,landuse=farmland,53.0905167,-9.570965,
w309948091,,farm,landuse=farmland,53.0908158,-9.5711889,
w309948092,,farm,landuse=farmland,53.0903457,-9.5751778,
w309948093,,farm,landuse=farmland,53.0905283,-9.5746883,
w309948094,,farm,landuse=farmland,53.0902468,-9.5748832,
w309948095,,farm,landuse=farmland,53.0896903,-9.5739632,
w309948096,,farm,landuse=farmland,53.0899139,-9.57222,
w309948097,,farm,landuse=farmland,53.0898832,-9.5718789,
w309948098,,farm,landuse=farmland,53.0898886,-9.5744224,
w309948100,,farm,landuse=farmland,53.0893968,-9.5720479,
w309948101,,farm,landuse=farmland,53.0890823,-9.5724794,
w309948102,,farm,landuse=farmland,53.0895929,-9.5724754,
w309948103,,farm,landuse=farmland,53.090014,-9.5746662,
w309948104,,farm,landuse=farmland,53.0900321,-9.5737696,
w309948105,,farm,landuse=farmland,53.0901437,-9.5743098,
w310533815,,farm,landuse=farmland,53.0924612,-9.5955222,
w310533817,,farm,landuse=farmland,53.0924275,-9.5969305,
w310533819,,farm,landuse=farmland,53.0923139,-9.5963176,
w310533820,,farm,landuse=farmland,53.0920772,-9.5969296,
w310533821,,farm,landuse=farmland,53.0927674,-9.5961607,
w310973083,,farm,landuse=farmland,53.0940542,-9.5905394,
w310973084,,farm,landuse=farmland,53.0936655,-9.5908444,
w310973085,,farm,landuse=farmland,53.0939305,-9.5915821,
w310973086,,farm,landuse=farmland,53.093589,-9.5912976,
w310973087,,farm,landuse=farmland,53.0958255,-9.5904368,
w310973088,,farm,landuse=farmland,53.0943506,-9.5913293,
w311503588,,farm,landuse=farmland,53.4613737,-8.5208635,
w311503589,,farm,landuse=farmland,53.4652699,-8.5272511,
w319422828,,farm,landuse=farmland,53.4435981,-9.5798849,
w361271680,,farm,landuse=farmland,53.478465,-8.4005655,
w361271682,,farm,landuse=farmland,53.4805643,-8.3960077,
w393061025,,farm,landuse=farmland,53.4924803,-10.0499856,
w393061526,,farm,landuse=farmland,53.4930418,-10.0493742,
w393063679,,farm,landuse=farmland,53.4903825,-10.055791,
w393063872,,farm,landuse=farmland,53.4921014,-10.0459546,
w393241062,,farm,landuse=farmland,53.4880201,-10.0063306,
w393241449,,farm,landuse=farmland,53.4907681,-9.9991914,
w393478511,,farm,landuse=farmland,53.4898305,-10.0395011,
w393511199,,farm,landuse=farmland,53.4904337,-10.0499536,
w393514091,,farm,landuse=farmland,53.4849671,-10.0252267,
w395644014,,farm,landuse=farmland,53.4909351,-10.0054829,
w395649807,,farm,landuse=farmland,53.4861367,-10.0152808,
w395650004,,farm,landuse=farmland,53.4867558,-10.0127236,
w395651395,,farm,landuse=farmland,53.4846938,-10.0112869,
w395651999,,farm,landuse=farmland,53.485602,-10.0176624,
w395652638,,farm,landuse=farmland,53.4845067,-10.0181318,
w395655475,,farm,landuse=farmland,53.4809208,-10.015731,
w396884401,,farm,landuse=farmland,53.4811244,-9.9887369,
w396887113,,farm,landuse=farmland,53.4832936,-9.9851348,
w396895107,,farm,landuse=farmland,53.4857302,-10.0064597,
w396896167,,farm,landuse=farmland,53.4858785,-10.0000175,
w396898030,,farm,landuse=farmland,53.4877711,-10.0007063,
w397000450,,farm,landuse=farmland,53.4810918,-10.0234005,
w397610129,,farm,landuse=farmland,53.4801365,-10.026607,
w397804859,,farm,building=greenhouse,53.1691312,-8.9932174,
w397805377,Poly tunnel,farm,building=greenhouse,53.1687121,-8.9926518,
w397805459,Poly tunnel,farm,building=greenhouse,53.1679166,-8.991283,
w425371990,,farm,landuse=farmland,53.1311829,-9.6797095,
w425712658,,farm,landuse=farmland,53.6441201,-8.8320103,
w425712659,,farm,landuse=farmland,53.6438593,-8.8295158,
w425727966,,farm,landuse=farmland,53.6392626,-8.8186352,
w445902856,,farm,landuse=farmland,53.6137873,-10.2357483,
w445903005,,farm,landuse=farmland,53.6152266,-10.2068565,
w445906906,,farm,building=greenhouse,53.6157555,-10.1871649,
w468722375,,farm,landuse=farmland,53.6147923,-10.2089706,
w468723882,,farm,landuse=farmland,53.6160319,-10.2013737,
w469970829,,farm,landuse=farmland,53.615154,-10.2043078,
w477532279,,farm,landuse=farmland,53.3457603,-8.2431539,
w477532281,,farm,landuse=farmland,53.3436905,-8.2232961,
w477532287,,farm,landuse=farmland,53.3456826,-8.221896,
w477532288,,farm,landuse=farmland,53.3472062,-8.2272604,
w477532293,,farm,landuse=farmland,53.3461294,-8.2278881,
w477532294,,farm,landuse=farmland,53.3456362,-8.2256753,
w477532298,,farm,landuse=farmland,53.3418035,-8.224267,
w477532299,,farm,landuse=farmland,53.3414407,-8.226044,
w477532301,,farm,landuse=farmland,53.3424319,-8.2281509,
w477532302,,farm,landuse=farmland,53.3418338,-8.232586,
w477532303,,farm,landuse=farmland,53.3460518,-8.230066,
w477532312,,farm,landuse=farmland,53.3483342,-8.2308304,
w477532313,,farm,landuse=farmland,53.3465633,-8.2335837,
w477532315,,farm,landuse=farmland,53.3490223,-8.2375963,
w477532317,,farm,landuse=farmland,53.3467112,-8.2362311,
w477532321,,farm,landuse=farmland,53.347121,-8.2420931,
w477532322,,farm,landuse=farmland,53.3477526,-8.2390822,
w477532323,,farm,landuse=farmland,53.3468943,-8.2389374,
w477532324,,farm,landuse=farmland,53.346125,-8.2414453,
w477532325,,farm,landuse=farmland,53.3447078,-8.2375855,
w477532326,,farm,landuse=farmland,53.3433804,-8.2413245,
w477532327,,farm,landuse=farmland,53.3428231,-8.2425175,
w477532328,,farm,landuse=farmland,53.342165,-8.2414488,
w477532329,,farm,landuse=farmland,53.3418167,-8.2403644,
w477532330,,farm,landuse=farmland,53.3416045,-8.2392231,
w477532331,,farm,landuse=farmland,53.3410688,-8.2377679,
w477638175,,farm,landuse=farmland,53.3214781,-8.2508353,
w477638176,,farm,landuse=farmland,53.3220997,-8.2488437,
w477796113,,farm,landuse=farmland,53.341806,-8.2064647,
w477796114,,farm,landuse=farmland,53.3417187,-8.208044,
w477796115,,farm,landuse=farmland,53.3402705,-8.2081753,
w477796126,,farm,landuse=farmland,53.3415727,-8.2027506,
w477796127,,farm,landuse=farmland,53.3400454,-8.2031516,
w477796128,,farm,landuse=farmland,53.3403392,-8.2009455,
w477796129,,farm,landuse=farmland,53.340368,-8.1984819,
w477796136,,farm,landuse=farmland,53.3415905,-8.2041521,
w477796137,,farm,landuse=farmland,53.3445604,-8.2050265,
w477796138,,farm,landuse=farmland,53.3442409,-8.2019339,
w477796162,,farm,landuse=farmland,53.344826,-8.1964554,
w477796166,,farm,landuse=farmland,53.3472115,-8.201553,
w477796167,,farm,landuse=farmland,53.3476318,-8.1980996,
w477798452,,farm,landuse=farmland,53.3402078,-8.2062856,
w477798467,,farm,landuse=farmland,53.3391439,-8.2367005,
w477798486,,farm,landuse=farmland,53.340521,-8.2461072,
w477798487,,farm,landuse=farmland,53.3405354,-8.2468193,
w477798488,,farm,landuse=farmland,53.3393471,-8.2468783,
w477798489,,farm,landuse=farmland,53.3393159,-8.2461165,
w477798490,,farm,landuse=farmland,53.3407236,-8.2453481,
w477798492,,farm,landuse=farmland,53.3405607,-8.2445126,
w477798493,,farm,landuse=farmland,53.3401691,-8.2436409,
w477798494,,farm,landuse=farmland,53.3392778,-8.2426842,
w477798495,,farm,landuse=farmland,53.3376807,-8.2431016,
w477798496,,farm,landuse=farmland,53.3377869,-8.244974,
w477798497,,farm,landuse=farmland,53.339245,-8.2444806,
w477798527,,farm,landuse=farmland,53.3425656,-8.2217702,
w477798528,,farm,landuse=farmland,53.3436033,-8.2186964,
w477798529,,farm,landuse=farmland,53.3427577,-8.2166445,
w477798530,,farm,landuse=farmland,53.3451429,-8.2162703,
w477798531,,farm,landuse=farmland,53.3454607,-8.2181397,
w477798532,,farm,landuse=farmland,53.3456209,-8.219513,
w477798533,,farm,landuse=farmland,53.3436081,-8.2199905,
w477798555,,farm,landuse=farmland,53.3461052,-8.2032562,
w477798556,,farm,landuse=farmland,53.3461645,-8.2009388,
w477798557,,farm,landuse=farmland,53.3465023,-8.1979065,
w477824719,,farm,landuse=farmland,53.3254429,-8.197785,
w477824720,,farm,landuse=farmland,53.3244696,-8.1984502,
w477824800,,farm,landuse=farmland,53.3238932,-8.1954863,
w477824801,,farm,landuse=farmland,53.3227674,-8.1970628,
w477824802,,farm,landuse=farmland,53.3244027,-8.1967905,
w477824803,,farm,landuse=farmland,53.322543,-8.1992602,
w477831911,,farm,landuse=farmland,53.3201411,-8.2269538,
w477831912,,farm,landuse=farmland,53.3191166,-8.2272114,
w477831915,,farm,building=greenhouse,53.3177664,-8.2273733,
w477831916,,farm,building=greenhouse,53.3177654,-8.2274921,
w477831917,,farm,building=greenhouse,53.3178173,-8.2276379,
w477831918,,farm,building=greenhouse,53.3178197,-8.2277857,
w477831993,,farm,landuse=farmland,53.3201887,-8.1921035,
w477831994,,farm,landuse=farmland,53.3213663,-8.1907261,
w502984107,,farm,landuse=farmland,53.5598722,-10.0979041,
w502984108,,farm,landuse=farmland,53.560202,-10.0952225,
w502984122,,farm,landuse=farmland,53.5616283,-10.0983654,
w502984130,,farm,landuse=farmland,53.5621559,-10.1031867,
w508052936,,farm,building=greenhouse,53.5214439,-10.1158682,
w508052937,,farm,building=greenhouse,53.521775,-10.1157826,
w508052938,,farm,building=greenhouse,53.5218579,-10.1157438,
w508500296,,farm,landuse=farmland,53.5633898,-10.0149514,
w508500301,,farm,building=greenhouse,53.5618542,-10.0599197,
w509497964,,farm,landuse=farmland,53.5398332,-10.0120787,
w509498019,,farm,landuse=farmland,53.5529892,-10.0187212,
w509498020,,farm,landuse=farmland,53.5504685,-10.0204647,
w509498021,,farm,landuse=farmland,53.5526888,-10.0249386,
w509498022,,farm,landuse=farmland,53.5438138,-10.0202662,
w512691165,,farm,building=greenhouse,53.2301333,-8.9568845,
w514459563,,farm,building=greenhouse,53.0388491,-8.7313681,
w514459564,,farm,building=greenhouse,53.0389487,-8.7314388,
w516188306,,farm,landuse=allotments,53.0389678,-8.7314795,
w516188308,,farm,building=greenhouse,53.0392229,-8.7314808,
w521066534,,farm,landuse=farmland,53.4324726,-9.1709117,
w521066535,,farm,landuse=farmland,53.4335401,-9.1677977,
w521066536,,farm,landuse=farmland,53.4338335,-9.1658839,
w521066537,,farm,landuse=farmland,53.4352869,-9.1635293,
w525216834,,farm,building=greenhouse,53.2351244,-8.47152,
w570528603,,farm,building=greenhouse,53.1664363,-9.0326006,
w581249116,,farm,landuse=farmland,53.6130969,-10.2311395,
w581249117,,farm,landuse=farmland,53.6132689,-10.2317127,
w581249118,,farm,landuse=farmland,53.6132556,-10.2324147,
w581249119,,farm,landuse=farmland,53.612066,-10.2333738,
w581252122,,farm,landuse=farmland,53.6122741,-10.2340311,
w581252124,,farm,landuse=farmland,53.6133168,-10.2332537,
w581252125,,farm,landuse=farmland,53.6125722,-10.2346005,
w581252126,,farm,landuse=farmland,53.6129404,-10.2342975,
w581252127,,farm,landuse=farmland,53.6135703,-10.2339364,
w581252128,,farm,landuse=farmland,53.613737,-10.2345037,
w581252129,,farm,landuse=farmland,53.6138074,-10.2350272,
w581252130,,farm,landuse=farmland,53.6132081,-10.2356821,
w581252131,,farm,landuse=farmland,53.6131791,-10.2352114,
w581252132,,farm,landuse=farmland,53.6129605,-10.2348474,
w581254242,,farm,landuse=farmland,53.6147088,-10.2311565,
w581254243,,farm,landuse=farmland,53.6152876,-10.2314517,
w581254244,,farm,landuse=farmland,53.6156697,-10.2326912,
w581254245,,farm,landuse=farmland,53.6157613,-10.2311755,
w581254246,,farm,landuse=farmland,53.6161712,-10.2332509,
w581254247,,farm,landuse=farmland,53.6162508,-10.2313895,
w581254248,,farm,landuse=farmland,53.6165595,-10.2332149,
w581254249,,farm,landuse=farmland,53.6167389,-10.2312596,
w581254250,,farm,landuse=farmland,53.617235,-10.231994,
w581254251,,farm,landuse=farmland,53.6172358,-10.2335985,
w581254252,,farm,landuse=farmland,53.6178324,-10.2318468,
w581257117,,farm,landuse=farmland,53.6180635,-10.2332658,
w581257118,,farm,landuse=farmland,53.6181057,-10.2344148,
w581257119,,farm,landuse=farmland,53.6187985,-10.2326383,
w663589580,,farm,landuse=farmland,53.4194543,-8.6869717,
w663589581,,farm,landuse=farmland,53.4186348,-8.6858292,
w663589582,,farm,landuse=farmland,53.4184901,-8.6874976,
w663589584,,farm,landuse=farmland,53.4177021,-8.6871509,
w663589589,,farm,landuse=farmland,53.417706,-8.6857079,
w663589590,,farm,landuse=farmland,53.4169106,-8.68673,
w663589618,,farm,landuse=farmland,53.4170791,-8.6977623,
w663655690,,farm,landuse=farmland,53.4309516,-8.6978497,
w663655712,,farm,landuse=farmland,53.4326944,-8.6892961,
w663655713,,farm,landuse=farmland,53.432342,-8.6872539,
w663655837,,farm,landuse=farmland,53.4206183,-8.6872603,
w663655838,,farm,landuse=farmland,53.4215998,-8.6861314,
w663655846,,farm,landuse=farmland,53.414201,-8.658565,
w663655847,,farm,landuse=farmland,53.412823,-8.6587306,
w665946384,,farm,landuse=farmland,53.6040333,-9.9791444,
w667488315,,farm,landuse=farmland,53.4456862,-8.7484874,
w668069562,,farm,building=greenhouse,53.2220378,-8.4848577,
w668105090,,farm,landuse=farmland,53.4527377,-8.7372581,
w668105101,,farm,landuse=farmland,53.4450832,-8.7239859,
w668105157,,farm,landuse=farmland,53.449024,-8.7393572,
w668105178,,farm,landuse=farmland,53.4473868,-8.7350831,
w668105180,,farm,landuse=farmland,53.4445776,-8.7355699,
w668105182,,farm,landuse=farmland,53.4438827,-8.7381783,
w668105184,,farm,landuse=farmland,53.4411843,-8.735666,
w668105185,,farm,landuse=farmland,53.4421226,-8.7299654,
w668105187,,farm,landuse=farmland,53.4409701,-8.7297394,
w668105199,,farm,landuse=farmland,53.4403559,-8.7393918,
w668105200,,farm,landuse=farmland,53.4413873,-8.7398789,
w685503430,,farm,landuse=farmland,53.5565845,-9.3863721,
w685835130,,farm,landuse=farmland,53.5519657,-9.5672545,
w685835131,,farm,landuse=farmland,53.5518487,-9.5673895,
w685835134,,farm,landuse=farmland,53.5509342,-9.5671387,
w700131051,,farm,building=greenhouse,53.4750955,-8.5213581,
w700131053,,farm,building=greenhouse,53.4748774,-8.5214272,
w705433640,,farm,landuse=farmland,53.3492677,-8.3981486,
w720011831,,farm,landuse=farmland,53.4754554,-10.0670076,
w720494441,,farm,building=greenhouse,53.2174241,-8.9214589,
w748969500,,farm,building=greenhouse,53.2679951,-9.0699138,
w748969501,,farm,building=greenhouse,53.2680115,-9.0698241,
w748969502,,farm,building=greenhouse,53.2680038,-9.0697383,
w751058817,,farm,building=greenhouse,53.2975981,-8.7548489,
w752852557,,farm,building=greenhouse,53.6667798,-8.5578923,
w752852558,,farm,building=greenhouse,53.6672073,-8.5579768,
w752852559,,farm,building=greenhouse,53.6672708,-8.5579956,
w752852560,,farm,building=greenhouse,53.6673363,-8.5580161,
w752852561,,farm,building=greenhouse,53.6670118,-8.558022,
w752852562,,farm,building=greenhouse,53.6669099,-8.5591967,
w752852563,,farm,building=greenhouse,53.6669696,-8.5592615,
w752852564,,farm,building=greenhouse,53.6667058,-8.5594506,
w752852565,,farm,building=greenhouse,53.6667752,-8.5595278,
w752852566,,farm,building=greenhouse,53.6668438,-8.5595941,
w752852567,,farm,building=greenhouse,53.6669527,-8.5597001,
w752852568,,farm,building=greenhouse,53.6670854,-8.5593248,
w754402496,,farm,building=greenhouse,53.4282684,-8.3157336,
w754402509,,farm,building=greenhouse,53.4277803,-8.3234787,
w759696692,,farm,building=greenhouse,53.5990333,-9.9527268,
w769745474,,farm,building=greenhouse,53.1670151,-8.9812086,
w775423695,,farm,building=greenhouse,53.4639849,-8.4898404,
w792211288,,farm,building=greenhouse,53.6475837,-8.9515842,
w794863870,,farm,building=greenhouse,53.2578945,-9.1305898,
w794863871,,farm,building=greenhouse,53.2578079,-9.1306738,
w794870851,,farm,building=greenhouse,53.2693218,-9.1308125,
w794884984,,farm,building=greenhouse,53.2821826,-9.1311071,
w794899020,,farm,building=greenhouse,53.2779601,-9.118539,
w794914519,,farm,building=greenhouse,53.2803922,-9.1113849,
w796539107,,farm,landuse=greenhouse_horticulture,53.2773112,-8.9864774,
w798092868,,farm,building=greenhouse,53.3400975,-8.1992246,
w798092877,,farm,building=greenhouse,53.3379653,-8.2055897,
w798092882,,farm,building=greenhouse,53.3351395,-8.2049258,
w800747868,,farm,building=greenhouse,53.5866716,-8.4825719,
w805447173,,farm,building=greenhouse,53.4473549,-9.1841347,
w812638928,,farm,building=greenhouse,53.2968608,-8.7614548,
w812638929,,farm,building=greenhouse,53.2967295,-8.761285,
w818123186,,farm,building=greenhouse,53.2459744,-8.2102111,
w819321112,,farm,building=greenhouse,53.2813288,-9.1356053,
w851105191,,farm,landuse=farmland,53.1355744,-9.7620951,
w851795343,,farm,building=greenhouse,53.3169855,-8.8127673,
w851795345,,farm,building=greenhouse,53.316181,-8.8133629,
w851795346,,farm,building=greenhouse,53.3160752,-8.8118199,
w854062698,,farm,building=greenhouse,53.3149671,-8.8639708,
w854062699,,farm,building=greenhouse,53.3148666,-8.8639772,
w854062700,,farm,building=greenhouse,53.3147999,-8.8639411,
w854062701,,farm,building=greenhouse,53.3147529,-8.863838,
w854062702,,farm,building=greenhouse,53.3150252,-8.8634036,
w854062703,,farm,building=greenhouse,53.3148367,-8.8632401,
w854062705,,farm,landuse=greenhouse_horticulture,53.3148552,-8.8636641,
w865994536,,farm,building=greenhouse,53.2643194,-9.1260548,
w866047403,,farm,building=greenhouse,53.2780647,-9.0465253,
w866091060,,farm,building=greenhouse,53.2906308,-9.0361764,
w867839402,,farm,landuse=farmland,53.3750852,-8.7639384,
w870931683,Shantalla Allotments,farm,landuse=allotments,53.2766302,-9.0710422,
w870976685,,farm,building=greenhouse,53.2874307,-9.0322234,
w870977615,,farm,building=greenhouse,53.2834628,-9.0341236,
w901174563,Gr1,farm,building=greenhouse,53.5263643,-9.3812545,
w940670508,,farm,building=greenhouse,53.2064432,-8.5458492,
w944822973,,farm,landuse=farmland,53.5070746,-9.39271,
w944822974,,farm,landuse=farmland,53.5072612,-9.3918329,
w944824224,,farm,landuse=farmland,53.5089598,-9.383475,
w944824225,,farm,landuse=farmland,53.5092214,-9.38296,
w944824226,,farm,landuse=farmland,53.509574,-9.3824047,
w944824227,,farm,landuse=farmland,53.5098164,-9.3817368,
w949173067,,farm,landuse=farmland,53.6016731,-9.6677649,
w949176386,,farm,landuse=farmland,53.6033453,-9.668237,
w949224205,,farm,landuse=farmland,53.5906835,-9.6931816,
w961047948,,farm,building=greenhouse,53.2289665,-8.5388614,
w965886250,,farm,landuse=farmland,53.4608047,-9.2084908,
w966154636,,farm,building=greenhouse,53.4598551,-9.1657362,
w966154637,,farm,building=greenhouse,53.4597762,-9.1657031,
w966154651,,farm,landuse=orchard,53.4602682,-9.1663264,
w967626835,,farm,building=greenhouse,53.4321853,-10.1180005,
w1004418706,,farm,building=greenhouse,53.2159906,-8.5447474,
w1006137468,,farm,landuse=greenhouse_horticulture,53.209187,-8.5178091,
w1006137469,,farm,landuse=greenhouse_horticulture,53.2091789,-8.518029,
w1006283705,,farm,building=greenhouse,53.2165758,-8.5008502,
w1006283706,,farm,building=greenhouse,53.2164982,-8.500891,
w1006283707,,farm,building=greenhouse,53.2164131,-8.5009578,
w1020121893,,farm,building=greenhouse,53.2744223,-9.0623352,
w1020303418,,farm,building=greenhouse,53.2634882,-9.0789,
w1029497486,,farm,building=greenhouse,53.1039748,-9.6573708,
w1030779735,,farm,building=greenhouse,53.2921457,-9.0740908,
w1040654418,,farm,landuse=farmland,53.0444247,-8.6472632,
w1046919381,,farm,building=greenhouse,53.5148145,-8.8672733,
w1046919382,,farm,building=greenhouse,53.5148457,-8.8671874,
w1049385174,,farm,landuse=farmland,53.3816388,-8.4896791,
w1049387916,,farm,landuse=farmland,53.4845923,-8.5749869,
w1049387917,,farm,landuse=farmland,53.4843364,-8.5661088,
w1052231134,,farm,building=greenhouse,53.1945072,-8.6622146,
w1055459370,,farm,building=greenhouse,53.5271175,-9.5832353,
w1058671652,,farm,landuse=farmland,53.0484134,-8.6958097,
w1058671653,,farm,landuse=farmland,53.0418016,-8.6791501,
w1069063569,,farm,landuse=farmland,53.0342637,-8.6974504,
w1093643671,,farm,landuse=farmland,53.064628,-8.682602,
w1094337697,,farm,landuse=farmland,53.0608141,-8.6690885,
w1094338428,,farm,landuse=farmland,53.0645667,-8.6162792,
w1094613217,,farm,landuse=farmland,53.0535946,-8.6205972,
w1098089617,,farm,landuse=farmland,53.0488472,-8.6339525,
w1098089741,,farm,landuse=farmland,53.0486104,-8.6449436,
w1098225449,,farm,building=greenhouse,53.2530438,-9.1706373,
w1101809451,,farm,landuse=farmland,53.0570083,-8.6959355,
w1117486055,,farm,landuse=farmland,53.0343238,-8.5547775,
w1118090703,,farm,landuse=farmland,53.5739732,-8.7078369,
w1118090709,,farm,landuse=farmland,53.574636,-8.6964184,
w1118090726,,farm,landuse=farmland,53.5812712,-8.7061674,
w1118090727,,farm,landuse=farmland,53.5805809,-8.6971627,
w1122481886,,farm,building=greenhouse,53.6619946,-8.4073971,
w1127559493,,farm,landuse=farmland,53.5698627,-8.7049544,
w1127559494,,farm,landuse=farmland,53.5633257,-8.7058799,
w1127559497,,farm,landuse=farmland,53.5644488,-8.7111078,
w1127559498,,farm,landuse=farmland,53.564791,-8.7176558,
w1127596140,,farm,landuse=farmland,53.0358784,-8.5398959,
w1130775236,,farm,building=greenhouse,53.2242185,-8.0388589,
w1136828646,,farm,landuse=farmland,53.0058436,-8.4069361,
w1140592794,,farm,building=greenhouse,53.0875252,-8.2202573,
w1157950791,,farm,building=greenhouse,53.3315303,-9.1403098,
w1157950812,,farm,building=greenhouse,53.3378891,-9.139707,
w1157957658,,farm,building=greenhouse,53.2910572,-9.1151259,
w1157962280,,farm,building=greenhouse,53.3007341,-9.1387072,
w1157963649,,farm,building=greenhouse,53.3038965,-9.1380633,
w1157970832,,farm,building=greenhouse,53.4127651,-9.1857319,
w1157975349,,farm,building=greenhouse,53.4171951,-9.1782051,
w1158030371,,farm,building=greenhouse,53.4370135,-9.3159169,
w1158034808,,farm,building=greenhouse,53.4134681,-9.1624858,
w1158034812,,farm,building=greenhouse,53.4148249,-9.1620793,
w1158238304,,farm,building=greenhouse,53.2956586,-9.1088602,
w1158243741,,farm,building=greenhouse,53.4143895,-9.1634889,
w1158246611,,farm,building=greenhouse,53.4161541,-9.1803137,
w1158303416,,farm,landuse=farmland,53.4505599,-9.9458416,
w1158305045,,farm,landuse=farmland,53.4592411,-9.9928922,
w1158305048,,farm,landuse=farmland,53.4504034,-9.9832758,
w1158408853,,farm,landuse=farmland,53.4514791,-10.0070134,
w1158419172,,farm,landuse=farmland,53.0637425,-9.5249181,
w1158419173,,farm,landuse=farmland,53.0638419,-9.5246448,
w1158419199,,farm,landuse=farmland,53.0636621,-9.5296978,
w1158703104,,farm,landuse=farmland,53.3200563,-9.4779423,
w1158703109,,farm,building=greenhouse,53.3208202,-9.4783393,
w1158709319,,farm,building=greenhouse,53.2875117,-9.5192579,
w1158711661,,farm,landuse=farmland,53.3731067,-9.4961364,
w1158711662,,farm,landuse=farmland,53.3726782,-9.4960975,
w1158711663,,farm,landuse=farmland,53.3740884,-9.4927588,
w1158711664,,farm,landuse=farmland,53.3732626,-9.4935125,
w1158715822,,farm,building=greenhouse,53.3842323,-9.5008626,
w1158717393,,farm,building=greenhouse,53.2720944,-9.4601293,
w1158940309,,farm,building=greenhouse,53.2797237,-9.5358872,
w1158945698,,farm,building=greenhouse,53.5042272,-9.5704453,
w1159055708,,farm,landuse=farmland,53.4911989,-9.499514,
w1159055709,,farm,landuse=farmland,53.4886368,-9.4976109,
w1159055710,,farm,landuse=farmland,53.4891451,-9.4977034,
w1159057317,,farm,landuse=farmland,53.5039632,-9.547897,
w1159057589,,farm,landuse=farmland,53.5020537,-9.5385026,
w1159072370,,farm,landuse=farmland,53.4448033,-9.5748163,
w1159141382,,farm,landuse=farmland,53.2418365,-9.5047751,
w1159144642,,farm,building=greenhouse,53.2331215,-9.5029524,
w1159154250,,farm,building=greenhouse,53.2381762,-9.5068002,
w1159157602,,farm,building=greenhouse,53.2303843,-9.5212286,
w1159182915,,farm,building=greenhouse,53.4228916,-9.7738354,
w1159183445,,farm,building=greenhouse,53.4216767,-9.7741663,
w1159186019,,farm,building=greenhouse,53.4739395,-9.7275365,
w1159201527,,farm,building=greenhouse,53.2416662,-9.5236331,
w1159223375,,farm,building=greenhouse,53.3886708,-9.55248,
w1159235221,,farm,building=greenhouse,53.3903612,-9.6503855,
w1159235252,,farm,building=greenhouse,53.3854754,-9.6623994,
w1159235266,,farm,building=greenhouse,53.3894036,-9.6663077,
w1159235267,,farm,building=greenhouse,53.3894231,-9.6665361,
w1159252191,,farm,building=greenhouse,53.3427233,-9.7177515,
w1159359505,,farm,building=greenhouse,53.2385577,-9.4797544,
w1159359520,,farm,building=greenhouse,53.2372203,-9.4789905,
w1159359523,,farm,building=greenhouse,53.2356208,-9.4781689,
w1159361172,,farm,building=greenhouse,53.2395219,-9.4771165,
w1159380818,,farm,building=greenhouse,53.5520212,-9.9481776,
w1159450540,,farm,building=greenhouse,53.2380197,-9.4884483,
w1159481611,,farm,landuse=farmland,53.3652,-9.4861445,
w1159481612,,farm,landuse=farmland,53.3609553,-9.485313,
w1159707517,,farm,building=greenhouse,53.2833566,-9.3040973,
w1159707521,,farm,building=greenhouse,53.2823513,-9.3045673,
w1159709797,,farm,landuse=farmland,53.3499052,-9.4293259,
w1159709801,,farm,landuse=farmland,53.356662,-9.4276474,
w1159716977,,farm,building=greenhouse,53.2602718,-9.3680525,
w1159716996,,farm,building=greenhouse,53.2614076,-9.3639814,
w1159723039,,farm,building=greenhouse,53.408409,-9.3004652,
w1160000232,,farm,landuse=farmland,53.3313429,-9.2877409,
w1160000233,,farm,landuse=farmland,53.3300837,-9.2843688,
w1160000234,,farm,landuse=farmland,53.3300038,-9.2935839,
w1160002289,,farm,building=greenhouse,53.262907,-9.3586529,
w1160005876,,farm,building=greenhouse,53.256454,-9.3477051,
w1160009807,,farm,landuse=farmland,53.2842688,-9.2517823,
w1160009822,,farm,building=greenhouse,53.2895946,-9.2634055,
w1160009848,,farm,landuse=farmland,53.2860965,-9.2567478,
w1160009849,,farm,landuse=farmland,53.2853241,-9.2565187,
w1160009854,,farm,landuse=farmland,53.2864633,-9.2606899,
w1160009857,,farm,landuse=farmland,53.2850349,-9.2612189,
w1160009858,,farm,landuse=farmland,53.2817146,-9.2636913,
w1160010675,,farm,building=greenhouse,53.3214923,-9.2715358,
w1160195863,,farm,building=greenhouse,53.2531932,-9.2085043,
w1160200079,,farm,building=greenhouse,53.2580437,-9.2172109,
w1160255689,,farm,building=greenhouse,53.2628626,-9.3139934,
w1160266115,,farm,building=greenhouse,53.3064476,-9.2160338,
w1160266116,,farm,building=greenhouse,53.3064458,-9.2159071,
w1160266117,,farm,building=greenhouse,53.3064402,-9.2157813,
w1160266118,,farm,building=greenhouse,53.3064359,-9.2156556,
w1160266161,,farm,landuse=farmland,53.3156219,-9.2248685,
w1160280207,,farm,building=greenhouse,53.3660119,-9.1685314,
w1160282194,,farm,building=greenhouse,53.5501656,-10.0888377,
w1160282232,,farm,building=greenhouse,53.3608729,-9.1637812,
w1160282233,,farm,building=greenhouse,53.3610201,-9.1652323,
w1160282234,,farm,building=greenhouse,53.3609181,-9.165034,
w1160282235,,farm,building=greenhouse,53.360904,-9.1648375,
w1160282236,,farm,building=greenhouse,53.3608474,-9.1645771,
w1160282237,,farm,building=greenhouse,53.3605503,-9.1647323,
w1160282248,,farm,building=greenhouse,53.3590274,-9.1670445,
w1160283015,,farm,building=greenhouse,53.3579792,-9.1650428,
w1160451610,,farm,building=greenhouse,53.562169,-10.1024086,
w1160451611,,farm,building=greenhouse,53.5621835,-10.1025141,
w1160451612,,farm,building=greenhouse,53.5622185,-10.1026097,
w1160454741,,farm,building=greenhouse,53.5832845,-9.9505154,
w1160529601,,farm,building=greenhouse,53.3036987,-9.1656912,
w1160529605,,farm,building=greenhouse,53.3032769,-9.1650725,
w1160529609,,farm,building=greenhouse,53.302621,-9.1640873,
w1160529615,,farm,building=greenhouse,53.3022431,-9.1627018,
w1160538248,,farm,building=greenhouse,53.316186,-9.1658761,
w1160556020,,farm,building=greenhouse,53.552921,-9.3932688,
w1160568833,,farm,building=greenhouse,53.5250081,-9.3671681,
w1160573528,,farm,building=greenhouse,53.5321671,-9.3671923,
w1160712043,,farm,building=greenhouse,53.4249731,-9.3193832,
w1160712045,,farm,building=greenhouse,53.4252947,-9.3185184,
w1160712048,,farm,building=greenhouse,53.4256817,-9.318056,
w1160713699,,farm,building=greenhouse,53.4264664,-9.3114461,
w1160716233,,farm,building=greenhouse,53.4220134,-9.3021729,
w1160716249,,farm,building=greenhouse,53.4249592,-9.3106077,
w1160764313,,farm,building=greenhouse,53.4247219,-9.3268557,
w1160850690,,farm,building=greenhouse,53.4141575,-10.0206206,
w1160853588,,farm,building=greenhouse,53.4301734,-10.0566515,
w1161055910,,farm,building=greenhouse,53.4754806,-9.4090927,
w1161071426,,farm,building=greenhouse,53.4635067,-9.3695419,
w1161071465,,farm,building=greenhouse,53.4711619,-9.3734442,
w1161091248,,farm,building=greenhouse,53.5386371,-9.3267012,
w1161093439,,farm,building=greenhouse,53.527799,-9.3379092,
w1161093452,,farm,building=greenhouse,53.5300516,-9.3291049,
w1161098579,,farm,building=greenhouse,53.5392905,-9.3058405,
w1161123387,,farm,building=greenhouse,53.5221322,-9.4510374,
w1161123408,,farm,building=greenhouse,53.5266469,-9.4511274,
w1161131409,,farm,building=greenhouse,53.5203005,-9.4692466,
w1161146068,,farm,building=greenhouse,53.4601861,-9.3328942,
w1161191026,,farm,building=greenhouse,53.4391181,-9.3364564,
w1161191032,,farm,building=greenhouse,53.4381307,-9.3355074,
w1161191140,,farm,building=greenhouse,53.4472552,-9.3266511,
w1161193462,,farm,building=greenhouse,53.448283,-9.4323767,
w1161206700,,farm,building=greenhouse,53.4277894,-9.3384966,
w1161207330,,farm,building=greenhouse,53.4230545,-9.2960429,
w1161210471,,farm,building=greenhouse,53.4263338,-9.2872331,
w1161350545,,farm,building=greenhouse,53.419603,-9.2828401,
w1161357994,,farm,building=greenhouse,53.4100379,-9.2821206,
w1161364529,,farm,building=greenhouse,53.4101578,-9.2713747,
w1161364543,,farm,building=greenhouse,53.415245,-9.2584828,
w1161365331,,farm,building=greenhouse,53.421979,-9.2545665,
w1161371863,,farm,landuse=farmland,53.4011491,-9.2092373,
w1161371865,,farm,landuse=farmland,53.3984217,-9.2273596,
w1161371866,,farm,landuse=farmland,53.3992188,-9.2266112,
w1161371867,,farm,landuse=farmland,53.3991448,-9.2251334,
w1161371868,,farm,landuse=farmland,53.3983288,-9.226073,
w1161371869,,farm,landuse=farmland,53.3986712,-9.2247578,
w1161371870,,farm,landuse=farmland,53.3993628,-9.2275313,
w1161371871,,farm,landuse=farmland,53.4009428,-9.2270806,
w1161371885,,farm,landuse=farmland,53.3968191,-9.2131546,
w1161371886,,farm,landuse=farmland,53.3985607,-9.212582,
w1161371889,,farm,landuse=farmland,53.4004638,-9.2058778,
w1161371890,,farm,landuse=farmland,53.4020454,-9.2092413,
w1161371891,,farm,landuse=farmland,53.4072039,-9.2208096,
w1161371892,,farm,landuse=farmland,53.4088012,-9.2259327,
w1161371893,,farm,landuse=farmland,53.4088395,-9.2246184,
w1161374566,,farm,building=greenhouse,53.4083996,-9.2907322,
w1161374567,,farm,building=greenhouse,53.4083223,-9.2905934,
w1161374568,,farm,building=greenhouse,53.4081944,-9.2903674,
w1161374569,,farm,building=greenhouse,53.4081776,-9.2901608,
w1161374570,,farm,building=greenhouse,53.4081484,-9.2899558,
w1161374574,,farm,building=greenhouse,53.4080723,-9.2890551,
w1161374592,,farm,building=greenhouse,53.4051116,-9.2870858,
w1161468940,,farm,building=greenhouse,53.4094502,-9.2574683,
w1161521192,,farm,building=greenhouse,53.3888245,-9.1589695,
w1161521222,,farm,building=greenhouse,53.3885648,-9.1493119,
w1161521230,,farm,building=greenhouse,53.3892936,-9.1513522,
w1161525868,,farm,building=greenhouse,53.3738837,-9.1349599,
w1161530397,,farm,landuse=farmland,53.3909788,-9.1884622,
w1161530398,,farm,landuse=farmland,53.3905501,-9.18867,
w1161538305,,farm,building=greenhouse,53.3860853,-9.2132266,
w1161543841,,farm,building=greenhouse,53.3883867,-9.2285968,
w1161545565,,farm,building=greenhouse,53.3900759,-9.2479429,
w1161545577,,farm,building=greenhouse,53.3905684,-9.2467377,
w1161548230,,farm,building=greenhouse,53.3910329,-9.2551784,
w1161643612,,farm,landuse=farmland,53.388761,-9.2718038,
w1161643613,,farm,landuse=farmland,53.3894406,-9.2719719,
w1161643614,,farm,landuse=farmland,53.3898337,-9.2721955,
w1161643615,,farm,landuse=farmland,53.390185,-9.2723322,
w1161653711,,farm,building=greenhouse,53.3660923,-9.146083,
w1161738550,,farm,landuse=farmland,53.3795361,-9.1452087,
w1161750044,,farm,building=greenhouse,53.3681668,-9.1615391,
w1161750057,,farm,building=greenhouse,53.3688593,-9.1583115,
w1161750062,,farm,building=greenhouse,53.3697344,-9.1570484,
w1161750065,,farm,building=greenhouse,53.3681151,-9.1571175,
w1161754513,,farm,building=greenhouse,53.3710351,-9.1525415,
w1161754537,,farm,building=greenhouse,53.3725348,-9.1557631,
w1161756771,,farm,building=greenhouse,53.3801592,-9.157201,
w1161825821,,farm,building=greenhouse,53.3705163,-9.1660245,
w1161831805,,farm,building=greenhouse,53.3493755,-9.1566271,
w1161831806,,farm,building=greenhouse,53.3494273,-9.1566144,
w1161836763,,farm,building=greenhouse,53.3346699,-9.1505129,
w1161836764,,farm,building=greenhouse,53.3346241,-9.1506676,
w1161836778,,farm,building=greenhouse,53.330994,-9.1475123,
w1161838345,,farm,building=greenhouse,53.3426483,-9.1572529,
w1161842612,,farm,building=greenhouse,53.3712533,-9.1873717,
w1161848441,,farm,building=greenhouse,53.3218947,-9.152046,
w1162144814,,farm,building=greenhouse,53.3132069,-9.1527666,
w1162164290,,farm,building=greenhouse,53.3194973,-9.1842007,
w1162164306,,farm,building=greenhouse,53.3231036,-9.1746745,
w1162164307,,farm,building=greenhouse,53.3230421,-9.1745832,
w1162164315,,farm,building=greenhouse,53.3196797,-9.1781076,
w1162197773,,farm,building=greenhouse,53.325724,-9.171753,
w1162197784,,farm,building=greenhouse,53.3260998,-9.1727796,
w1162231357,,farm,building=greenhouse,53.3463519,-9.1697382,
w1162231373,,farm,building=greenhouse,53.3446631,-9.1652475,
w1162231378,,farm,building=greenhouse,53.3444457,-9.1641937,
w1162231379,,farm,building=greenhouse,53.3448415,-9.1636464,
w1162233498,,farm,building=greenhouse,53.3484326,-9.1639842,
w1162238068,,farm,building=greenhouse,53.3417214,-9.1997902,
w1162256865,,farm,building=greenhouse,53.3325919,-9.1879704,
w1162256875,,farm,building=greenhouse,53.3353077,-9.1858079,
w1162263638,,farm,building=greenhouse,53.4626255,-10.0141139,
w1162266248,,farm,building=greenhouse,53.3529748,-9.1759859,
w1162286617,,farm,building=greenhouse,53.3498647,-9.1742771,
w1162288848,,farm,building=greenhouse,53.3568318,-9.2108259,
w1162291152,,farm,building=greenhouse,53.3631374,-9.2319509,
w1162291182,,farm,building=greenhouse,53.3571812,-9.2296777,
w1162292445,,farm,landuse=farmland,53.3644903,-9.2463164,
w1162292446,,farm,landuse=farmland,53.3647835,-9.244941,
w1162292447,,farm,landuse=farmland,53.3649328,-9.2444023,
w1162292448,,farm,landuse=farmland,53.3646357,-9.2454471,
w1162292449,,farm,landuse=farmland,53.3652641,-9.2457375,
w1162464364,,farm,building=greenhouse,53.3726207,-9.2386305,
w1162465296,,farm,building=greenhouse,53.3830776,-9.2366608,
w1162474839,,farm,building=greenhouse,53.380823,-9.2551702,
w1162474840,,farm,building=greenhouse,53.3808706,-9.2548006,
w1162512982,,farm,building=greenhouse,53.37636,-9.2536128,
w1162514279,,farm,building=greenhouse,53.284762,-9.1520034,
w1162532089,,farm,building=greenhouse,53.2653505,-9.6049129,
w1162532105,,farm,building=greenhouse,53.2665473,-9.6069498,
w1162542055,,farm,building=greenhouse,53.2575074,-9.3010673,
w1162552667,,farm,building=greenhouse,53.2568228,-9.2847784,
w1162569702,,farm,building=greenhouse,53.2416269,-9.4325161,
w1162571204,,farm,building=greenhouse,53.2417868,-9.4334744,
w1162607863,,farm,building=greenhouse,53.2550674,-9.274012,
w1162607907,,farm,landuse=farmland,53.2547282,-9.2730396,
w1162638568,,farm,building=greenhouse,53.2520065,-9.2213637,
w1162638569,,farm,building=greenhouse,53.2521368,-9.2208798,
w1162638570,,farm,building=greenhouse,53.2520483,-9.2208841,
w1162645405,,farm,landuse=farmland,53.2741397,-9.5106457,
w1162863752,,farm,building=greenhouse,53.2561525,-9.216378,
w1162910228,,farm,building=greenhouse,53.2513638,-9.1609833,
w1162922038,,farm,building=greenhouse,53.2510087,-9.2313647,
w1162922044,,farm,building=greenhouse,53.2511663,-9.2302153,
w1162926298,,farm,building=greenhouse,53.248502,-9.2431598,
w1162930480,,farm,building=greenhouse,53.2472471,-9.2760746,
w1162932345,,farm,building=greenhouse,53.2452373,-9.3116864,
w1162934838,,farm,building=greenhouse,53.2461874,-9.3017668,
w1163001746,,farm,building=greenhouse,53.2513615,-9.2697698,
w1163001750,,farm,building=greenhouse,53.2519548,-9.2548872,
w1163002316,,farm,building=greenhouse,53.2499942,-9.2753747,
w1163007164,,farm,building=greenhouse,53.244475,-9.3252877,
w1163056533,,farm,building=greenhouse,53.2470095,-9.357028,
w1163082217,,farm,building=greenhouse,53.2531288,-9.5940846,
w1163082592,,farm,landuse=farmland,53.5362698,-10.1175137,
w1163082593,,farm,landuse=farmland,53.5326591,-10.1124672,
w1163105407,,farm,building=greenhouse,53.246797,-9.3751942,
w1163110925,,farm,building=greenhouse,53.2423656,-9.3812208,
w1163110954,,farm,building=greenhouse,53.2434147,-9.383584,
w1163113580,,farm,landuse=farmland,53.3027943,-9.5723581,
w1163113581,,farm,landuse=farmland,53.3026977,-9.5728241,
w1163113583,,farm,landuse=farmland,53.3030488,-9.5719825,
w1163113586,,farm,landuse=farmland,53.3030343,-9.5715661,
w1163113587,,farm,landuse=farmland,53.3027776,-9.5716881,
w1163118008,,farm,building=greenhouse,53.2413071,-9.3881851,
w1163118501,,farm,building=greenhouse,53.2430983,-9.3979978,
w1163118502,,farm,building=greenhouse,53.243219,-9.3979913,
w1163120762,,farm,building=greenhouse,53.2402666,-9.4209259,
w1163120763,,farm,building=greenhouse,53.2403581,-9.4205504,
w1163361642,,farm,building=greenhouse,53.2452164,-9.3942515,
w1163380056,,farm,landuse=farmland,53.5493623,-10.1176129,
w1163380057,,farm,landuse=farmland,53.5492244,-10.1163671,
w1163400327,,farm,building=greenhouse,53.5608179,-10.0713995,
w1163412084,,farm,building=greenhouse,53.5755402,-9.9789514,
w1163483805,,farm,building=greenhouse,53.4352667,-10.0733662,
w1163681995,,farm,building=greenhouse,53.4192459,-10.0947128,
w1163720689,,farm,building=greenhouse,53.4964613,-10.0904784,
w1163733390,,farm,building=greenhouse,53.4637509,-10.038263,
w1163736073,,farm,landuse=farmland,53.4789616,-10.0267544,
w1163736691,,farm,building=greenhouse,53.4787941,-10.0360183,
w1163737613,,farm,building=greenhouse,53.4812231,-10.0250632,
w1163741119,,farm,building=greenhouse,53.488563,-10.025281,
w1163741915,,farm,building=greenhouse,53.4909014,-10.0225991,
w1163742291,,farm,building=greenhouse,53.4909418,-10.0205204,
w1163822991,,farm,building=greenhouse,53.4144561,-9.7943041,
w1163822992,,farm,building=greenhouse,53.4143759,-9.7942419,
w1163829578,,farm,landuse=farmland,53.493807,-10.0534191,
w1163885954,,farm,landuse=farmland,53.526552,-10.1322564,
w1163885955,,farm,landuse=farmland,53.5263758,-10.1341098,
w1163889778,,farm,building=greenhouse,53.3005086,-9.7761418,
w1163892366,,farm,landuse=farmland,53.3031637,-9.7871543,
w1163892406,,farm,building=greenhouse,53.3023951,-9.7756012,
w1163901177,,farm,building=greenhouse,53.3180723,-9.5510054,
w1163934131,,farm,building=greenhouse,53.304048,-9.6813454,
w1163934132,,farm,building=greenhouse,53.3039376,-9.6813614,
w1163934133,,farm,building=greenhouse,53.3038753,-9.6814583,
w1163944123,,farm,building=greenhouse,53.3541512,-9.8735643,
w1163944148,,farm,building=greenhouse,53.354776,-9.8831358,
w1163954822,,farm,landuse=farmland,53.389303,-9.782859,
w1164275147,,farm,building=greenhouse,53.4188594,-9.8445216,
w1164369664,,farm,building=greenhouse,53.3719443,-9.8242497,
w1164422443,,farm,landuse=farmland,53.3390992,-9.5438936,
w1164422444,,farm,landuse=farmland,53.3393368,-9.5460905,
w1164425309,,farm,building=greenhouse,53.3431902,-9.8747503,
w1164430516,,farm,landuse=farmland,53.3413421,-9.546952,
w1164437912,,farm,building=greenhouse,53.328801,-9.8697611,
w1164446633,,farm,landuse=farmland,53.3623896,-9.5748917,
w1164446908,,farm,building=greenhouse,53.3195008,-9.8857698,
w1164450089,,farm,landuse=farmland,53.3612278,-9.5783169,
w1164461033,,farm,landuse=farmland,53.3621296,-9.5758882,
w1164472023,,farm,building=greenhouse,53.3103322,-9.8593,
w1164472031,,farm,building=greenhouse,53.3072633,-9.8587402,
w1164472036,,farm,building=greenhouse,53.3066173,-9.8594175,
w1164476590,,farm,building=greenhouse,53.3074392,-9.8572137,
w1164480402,,farm,building=greenhouse,53.3238962,-9.820521,
w1164487626,,farm,building=greenhouse,53.3246689,-9.8409193,
w1164510356,,farm,landuse=farmland,53.318851,-9.7320979,
w1164518181,,farm,building=greenhouse,53.3808229,-9.586806,
w1164624822,,farm,landuse=farmland,53.0874214,-9.5687015,
w1164624829,,farm,landuse=farmland,53.0844858,-9.5721057,
w1164624830,,farm,landuse=farmland,53.0843421,-9.5732349,
w1164625720,,farm,landuse=farmland,53.085886,-9.5767893,
w1164625721,,farm,landuse=farmland,53.0824898,-9.5779705,
w1164628005,,farm,landuse=farmland,53.0787878,-9.5785507,
w1164628006,,farm,landuse=farmland,53.0783581,-9.5785344,
w1164628007,,farm,landuse=farmland,53.0780759,-9.5780799,
w1164628008,,farm,landuse=farmland,53.0778567,-9.5780637,
w1164628009,,farm,landuse=farmland,53.0774512,-9.5786901,
w1164628010,,farm,landuse=farmland,53.0758323,-9.5774777,
w1164628011,,farm,landuse=farmland,53.0762065,-9.5773552,
w1164628427,,farm,landuse=farmland,53.0788838,-9.5775876,
w1164628429,,farm,landuse=farmland,53.0805352,-9.5788822,
w1164628430,,farm,landuse=farmland,53.0814926,-9.5780143,
w1164628431,,farm,landuse=farmland,53.0830261,-9.579602,
w1164629041,,farm,landuse=farmland,53.0841713,-9.5767435,
w1164629047,,farm,landuse=farmland,53.0886192,-9.5661072,
w1164629048,,farm,landuse=farmland,53.0890007,-9.5659895,
w1164629049,,farm,landuse=farmland,53.0891779,-9.5657927,
w1164629618,,farm,landuse=farmland,53.0938742,-9.5741896,
w1164629621,,farm,landuse=farmland,53.0937867,-9.5736048,
w1164629622,,farm,landuse=farmland,53.0935002,-9.5727613,
w1164629623,,farm,landuse=farmland,53.0932434,-9.5732111,
w1164629624,,farm,landuse=farmland,53.0925409,-9.575251,
w1164629625,,farm,landuse=farmland,53.0924333,-9.575498,
w1164629626,,farm,landuse=farmland,53.0920829,-9.5754273,
w1164630872,,farm,building=greenhouse,53.2922731,-9.6744286,
w1164632000,,farm,building=greenhouse,53.2751757,-9.6801975,
w1164632001,,farm,building=greenhouse,53.275242,-9.6802428,
w1164632454,,farm,landuse=farmland,53.2345123,-9.6802906,
w1164632455,,farm,landuse=farmland,53.2367433,-9.680947,
w1164632456,,farm,landuse=farmland,53.2387785,-9.678331,
w1164632457,,farm,landuse=farmland,53.2381243,-9.678686,
w1164633486,,farm,building=greenhouse,53.2767741,-9.6515595,
w1164662021,,farm,building=greenhouse,53.2555706,-9.6193707,
w1164672868,,farm,building=greenhouse,53.2459854,-9.6621239,
w1164692801,,farm,landuse=farmland,53.1478247,-9.8070862,
w1164692803,,farm,landuse=farmland,53.1476086,-9.8065337,
w1164692804,,farm,landuse=farmland,53.1474181,-9.8070891,
w1164818784,,farm,building=greenhouse,53.3536177,-9.6209974,
w1164913856,,farm,building=greenhouse,53.3106331,-9.5531933,
w1165234541,,farm,building=greenhouse,53.3229497,-9.6151448,
w1165238746,,farm,building=greenhouse,53.3030493,-9.5842848,
w1165263171,,farm,building=greenhouse,53.2869361,-9.5683383,
w1165367094,,farm,building=greenhouse,53.0863621,-9.5831147,
w1165393379,,farm,building=greenhouse,53.0978371,-9.6518118,
w1165396194,,farm,building=greenhouse,53.1316023,-9.7088948,
w1165397543,,farm,building=greenhouse,53.1317262,-9.7020457,
w1165410605,,farm,building=greenhouse,53.1452707,-9.7799687,
w1165441949,,farm,building=greenhouse,53.3017863,-9.8585014,
w1165451276,,farm,building=greenhouse,53.0653461,-9.5156087,
w1165592231,,farm,building=greenhouse,53.372393,-9.8190575,
w1165596046,,farm,building=greenhouse,53.4138495,-9.8325893,
w1165596067,,farm,building=greenhouse,53.4101091,-9.8352131,
w1165925529,,farm,landuse=farmland,53.1221795,-9.6895429,
w1165927142,,farm,building=greenhouse,53.1206821,-9.6681067,
w1165995897,,farm,landuse=farmland,53.1449367,-9.8065359,
w1165995898,,farm,landuse=farmland,53.1450722,-9.8065582,
w1165995899,,farm,landuse=farmland,53.1460971,-9.8041368,
w1165995900,,farm,landuse=farmland,53.1461637,-9.8025235,
w1165995901,,farm,landuse=farmland,53.1464763,-9.8022163,
w1165995902,,farm,landuse=farmland,53.1462867,-9.8022557,
w1166099182,,farm,building=greenhouse,53.5961014,-9.9355356,
w1172201354,,farm,landuse=farmland,52.9990118,-8.4245495,
w1187880213,,farm,landuse=farmland,53.1834844,-8.0757387,
w1187880214,,farm,landuse=farmland,53.1827911,-8.0769557,
w1187880220,,farm,landuse=farmland,53.1826901,-8.0785092,
w1187880222,,farm,landuse=farmland,53.183576,-8.0826413,
w1187880223,,farm,landuse=farmland,53.1815789,-8.0814005,
w1187880224,,farm,landuse=farmland,53.1804638,-8.0811885,
w1187880225,,farm,landuse=farmland,53.181722,-8.0782209,
w1187880226,,farm,landuse=farmland,53.181012,-8.0774588,
w1187880227,,farm,landuse=farmland,53.1823577,-8.0757206,
w1187880228,,farm,landuse=farmland,53.1798581,-8.0785461,
w1187880235,,farm,landuse=farmland,53.179438,-8.0750002,
w1187880251,,farm,landuse=farmland,53.1929938,-8.0782243,
w1188107178,,farm,landuse=farmland,53.1978064,-8.0533943,
w1188107180,,farm,landuse=farmland,53.1980407,-8.0502417,
w1188113079,,farm,landuse=farmland,53.3972082,-8.3323071,
w1193422027,,farm,landuse=farmland,53.2881533,-9.0083346,
w1194708712,,farm,landuse=farmland,53.1477472,-9.8066929,
w1198090608,,farm,landuse=farmland,53.252307,-8.0909961,
w1198090609,,farm,landuse=farmland,53.2527323,-8.0985654,
w1198090610,,farm,landuse=farmland,53.2461801,-8.0993458,
w1198090611,,farm,landuse=farmland,53.2485303,-8.1034376,
w1198090612,,farm,landuse=farmland,53.2446229,-8.116811,
w1198090613,,farm,landuse=farmland,53.2466223,-8.1064597,
w1198090614,,farm,landuse=farmland,53.2442348,-8.107497,
w1198318600,,farm,building=greenhouse,53.3053264,-9.1173909,
w1198318601,,farm,building=greenhouse,53.3056287,-9.1177805,
w1198318602,,farm,building=greenhouse,53.3053923,-9.1176869,
w1198318603,,farm,building=greenhouse,53.3054493,-9.1177516,
w1198318604,,farm,building=greenhouse,53.3055117,-9.1177362,
w1198318605,,farm,building=greenhouse,53.3055665,-9.1177477,
w1198318606,,farm,building=greenhouse,53.3049776,-9.1078021,
w1198402380,,farm,building=greenhouse,53.6260934,-10.191529,
w1206710314,,farm,landuse=farmland,52.9907549,-8.3717545,
w1207435992,,farm,building=greenhouse,53.5065898,-10.0384168,
w1207449454,,farm,building=greenhouse,53.2896592,-9.1102147,
w1207458644,,farm,landuse=farmland,53.4189515,-9.3825919,
w1207458645,,farm,landuse=farmland,53.418247,-9.3833128,
w1207458646,,farm,landuse=farmland,53.4175694,-9.3843697,
w1207458647,,farm,landuse=farmland,53.4210759,-9.3823152,
w1207458648,,farm,landuse=farmland,53.4204098,-9.3822237,
w1207458649,,farm,landuse=farmland,53.4201285,-9.3822089,
w1207458650,,farm,landuse=farmland,53.4197959,-9.3824785,
w1207458651,,farm,landuse=farmland,53.4202667,-9.382803,
w1207458652,,farm,landuse=farmland,53.4197015,-9.3828988,
w1207458653,,farm,landuse=farmland,53.4202915,-9.3838017,
w1207478316,,farm,landuse=farmland,53.5509797,-10.0198411,
w1207478317,,farm,landuse=farmland,53.5509026,-10.0226733,
w1207478318,,farm,landuse=farmland,53.5516291,-10.0217387,
w1207478319,,farm,landuse=farmland,53.5518431,-10.0227912,
w1207478320,,farm,landuse=farmland,53.5522984,-10.0214136,
w1207478321,,farm,landuse=farmland,53.5525047,-10.022401,
w1207478322,,farm,landuse=farmland,53.5523924,-10.0237893,
w1207478323,,farm,landuse=farmland,53.5515438,-10.0242728,
w1207478324,,farm,landuse=farmland,53.5509079,-10.0245953,
w1207486380,,farm,building=greenhouse,53.5539026,-10.0277502,
w1207500848,,farm,landuse=farmland,53.5318309,-9.9484608,
w1207503773,,farm,landuse=farmland,53.4733053,-9.9616472,
w1207503781,,farm,landuse=farmland,53.4681641,-9.9548257,
w1207504670,,farm,landuse=farmland,53.4747473,-9.9182041,
w1207506400,,farm,landuse=farmland,53.4694326,-9.8926735,
w1207606751,,farm,landuse=farmland,53.4951674,-9.9106359,
w1207609182,,farm,landuse=farmland,53.5395455,-9.7815053,
w1207609183,,farm,landuse=farmland,53.535825,-9.7869106,
w1207609184,,farm,landuse=farmland,53.5374123,-9.7901279,
w1207609188,,farm,landuse=farmland,53.5353365,-9.7917688,
w1207609192,,farm,landuse=farmland,53.5339799,-9.7900012,
w1207611290,,farm,landuse=farmland,53.476813,-9.811027,
w1207611872,,farm,landuse=farmland,53.5153241,-9.7154264,
w1207612838,,farm,landuse=farmland,53.4907146,-9.7283473,
w1207719411,,farm,building=greenhouse,53.4953596,-9.3665046,
w1207735109,,farm,landuse=farmland,53.576384,-9.7483764,
w1207735110,,farm,landuse=farmland,53.5767505,-9.7505175,
w1207735111,,farm,landuse=farmland,53.5775999,-9.7500729,
w1207735112,,farm,landuse=farmland,53.5773116,-9.7485637,
w1207735113,,farm,landuse=farmland,53.5768561,-9.7470701,
w1207735114,,farm,landuse=farmland,53.5760445,-9.7467081,
w1207747145,,farm,building=greenhouse,53.601431,-9.8049206,
w1207757799,,farm,landuse=farmland,53.6062332,-9.6650762,
w1207757800,,farm,landuse=farmland,53.6053404,-9.6657801,
w1207757805,,farm,landuse=farmland,53.6047484,-9.6667429,
w1207757806,,farm,landuse=farmland,53.6047866,-9.6677193,
w1207757807,,farm,landuse=farmland,53.6048142,-9.6647595,
w1207757808,,farm,landuse=farmland,53.6044459,-9.6646864,
w1207757809,,farm,landuse=farmland,53.605899,-9.6667161,
w1207757810,,farm,landuse=farmland,53.6038094,-9.6665123,
w1209062682,,farm,landuse=farmland,53.1295579,-8.2663431,
w1209062683,,farm,landuse=farmland,53.1301148,-8.2643383,
w1209062690,,farm,landuse=farmland,53.130917,-8.2620229,
w1209062691,,farm,landuse=farmland,53.127595,-8.2654267,
w1211358558,,farm,landuse=farmland,53.2150399,-8.0446809,
w1211358559,,farm,landuse=farmland,53.2167652,-8.0465604,
w1211358560,,farm,landuse=farmland,53.216088,-8.0513979,
w1211358562,,farm,landuse=farmland,53.213921,-8.0487923,
w1211358563,,farm,landuse=farmland,53.2140009,-8.0542366,
w1224536117,,farm,building=greenhouse,53.358955,-9.1670724,
w1225240004,,farm,landuse=farmland,52.9863534,-8.4347294,
w1225242418,,farm,landuse=farmland,53.0000304,-8.4434332,
w1228738500,,farm,building=greenhouse,53.4158488,-9.1634707,
w1228738501,,farm,building=greenhouse,53.4158037,-9.1635041,
w1229627963,,farm,building=greenhouse,53.3913153,-9.0722829,
w1229627968,,farm,building=greenhouse,53.3871113,-9.071961,
w1230435910,,farm,landuse=farmland,53.4913745,-9.4964562,
w1237856431,,farm,landuse=farmland,53.1079002,-9.6715209,
w1237862408,,farm,landuse=farmland,53.0966368,-9.6668456,
w1237868303,,farm,landuse=farmland,53.1056471,-9.6667793,
w1237868304,,farm,landuse=farmland,53.1054756,-9.6676415,
w1237868308,,farm,landuse=farmland,53.1046957,-9.6661161,
w1237868309,,farm,landuse=farmland,53.1038798,-9.6656187,
w1237868310,,farm,landuse=farmland,53.103476,-9.6653429,
w1237868326,,farm,landuse=farmland,53.1061958,-9.6676114,
w1237875180,,farm,landuse=farmland,53.1082595,-9.669731,
w1237875183,,farm,landuse=farmland,53.1080606,-9.6693219,
w1237875195,,farm,landuse=farmland,53.1004506,-9.6593113,
w1237878890,,farm,landuse=farmland,53.1010851,-9.6616034,
w1238127040,,farm,landuse=farmland,53.1125758,-9.6876381,
w1238127044,,farm,landuse=farmland,53.1128525,-9.6854493,
w1238127048,,farm,landuse=farmland,53.1133511,-9.6852084,
w1238127051,,farm,landuse=farmland,53.113427,-9.6842615,
w1238127060,,farm,landuse=farmland,53.1131205,-9.6844671,
w1238129565,,farm,landuse=farmland,53.1133195,-9.6825392,
w1238129566,,farm,landuse=farmland,53.113408,-9.6835152,
w1238129573,,farm,landuse=farmland,53.1131079,-9.681432,
w1238129585,,farm,landuse=farmland,53.1126258,-9.683143,
w1238129588,,farm,landuse=farmland,53.1125967,-9.6821712,
w1238141647,,farm,landuse=farmland,53.1126666,-9.6816298,
w1238141648,,farm,landuse=farmland,53.112354,-9.6817144,
w1238141651,,farm,landuse=farmland,53.111235,-9.6829664,
w1238141652,,farm,landuse=farmland,53.1109934,-9.681726,
w1238141663,,farm,landuse=farmland,53.1122663,-9.6810934,
w1238141665,,farm,landuse=farmland,53.1126454,-9.6805986,
w1238149329,,farm,landuse=farmland,53.1100985,-9.681471,
w1238149347,,farm,landuse=farmland,53.111632,-9.6842943,
w1238316957,,farm,landuse=farmland,53.106755,-9.6664813,
w1238374230,,farm,landuse=farmland,53.1058266,-9.6652049,
w1238374237,,farm,landuse=farmland,53.1056893,-9.6653118,
w1238374238,,farm,landuse=farmland,53.1060064,-9.6657544,
w1238374245,,farm,landuse=farmland,53.1051935,-9.664734,
w1238374260,,farm,landuse=farmland,53.1077179,-9.670816,
w1238374261,,farm,landuse=farmland,53.1078471,-9.6706846,
w1238374266,,farm,landuse=farmland,53.1083068,-9.6716894,
w1238377060,,farm,landuse=farmland,53.1074376,-9.6670874,
w1238377073,,farm,landuse=farmland,53.1076595,-9.6685698,
w1238430891,,farm,landuse=farmland,53.1049564,-9.6639159,
w1238434972,,farm,landuse=farmland,53.1018124,-9.6644591,
w1238434973,,farm,landuse=farmland,53.1013672,-9.6643545,
w1238434991,,farm,landuse=farmland,53.0962129,-9.652395,
w1238434992,,farm,landuse=farmland,53.0961861,-9.6519283,
w1238620106,,farm,landuse=farmland,53.1001035,-9.6549994,
w1238644059,,farm,landuse=farmland,53.1001213,-9.6567807,
w1238644062,,farm,landuse=farmland,53.0994692,-9.6556394,
w1238644066,,farm,landuse=farmland,53.1008865,-9.6544951,
w1238644072,,farm,building=greenhouse,53.1022835,-9.6549005,
w1238648807,,farm,landuse=farmland,53.1008995,-9.6557002,
w1238648809,,farm,landuse=farmland,53.1013977,-9.6555519,
w1238648817,,farm,landuse=farmland,53.1008611,-9.6582997,
w1238648820,,farm,landuse=farmland,53.1011975,-9.6593804,
w1238648831,,farm,landuse=farmland,53.1012638,-9.6602754,
w1238653412,,farm,landuse=farmland,53.1122132,-9.6797816,
w1238653418,,farm,landuse=farmland,53.1117519,-9.6797837,
w1238682977,,farm,landuse=farmland,53.1115265,-9.6777899,
w1238682978,,farm,landuse=farmland,53.1112423,-9.6781883,
w1238685843,,farm,landuse=farmland,53.1088643,-9.6698204,
w1238687076,,farm,landuse=farmland,53.1086057,-9.6704747,
w1238687083,,farm,landuse=farmland,53.1088214,-9.6710591,
w1238688481,,farm,landuse=farmland,53.1090637,-9.6706324,
w1238688482,,farm,landuse=farmland,53.1093549,-9.6704201,
w1238688483,,farm,landuse=farmland,53.1097477,-9.6704359,
w1238688484,,farm,landuse=farmland,53.1064174,-9.6703521,
w1238688485,,farm,landuse=farmland,53.1060339,-9.6690518,
w1238688486,,farm,landuse=farmland,53.1079549,-9.6730504,
w1238688487,,farm,landuse=farmland,53.1081788,-9.6723739,
w1238690318,,farm,landuse=farmland,53.1084939,-9.6727029,
w1238690319,,farm,landuse=farmland,53.1087286,-9.6726202,
w1238690321,,farm,landuse=farmland,53.1075869,-9.6744341,
w1238690323,,farm,landuse=farmland,53.107769,-9.6749429,
w1238712543,,farm,landuse=farmland,53.1019907,-9.6619841,
w1238712560,,farm,landuse=farmland,53.1019331,-9.6611055,
w1238712572,,farm,landuse=farmland,53.1021224,-9.6602064,
w1238712574,,farm,landuse=farmland,53.1023024,-9.6609404,
w1238712575,,farm,landuse=farmland,53.102921,-9.6619775,
w1238712579,,farm,landuse=farmland,53.1016687,-9.6598137,
w1238913161,,farm,landuse=farmland,53.1100294,-9.6707563,
w1238913162,,farm,landuse=farmland,53.1096524,-9.6709902,
w1238917398,,farm,landuse=farmland,53.1094597,-9.6712814,
w1238917400,,farm,landuse=farmland,53.1100863,-9.6719785,
w1238917413,,farm,landuse=farmland,53.1090073,-9.6716487,
w1238917431,,farm,landuse=farmland,53.1098574,-9.675435,
w1238945981,,farm,landuse=farmland,53.1073145,-9.6736358,
w1238945982,,farm,landuse=farmland,53.1078134,-9.6736028,
w1238945983,,farm,landuse=farmland,53.1080285,-9.674094,
w1238945984,,farm,landuse=farmland,53.1081926,-9.6743394,
w1238945986,,farm,landuse=farmland,53.1070415,-9.6726854,
w1238945987,,farm,landuse=farmland,53.1067761,-9.6716701,
w1238951027,,farm,landuse=farmland,53.1045403,-9.6634202,
w1238951046,,farm,landuse=farmland,53.1039135,-9.6631001,
w1238951047,,farm,landuse=farmland,53.1035991,-9.6636781,
w1238953167,,farm,landuse=farmland,53.1032479,-9.6632357,
w1238953181,,farm,landuse=farmland,53.1037234,-9.6618276,
w1238953182,,farm,landuse=farmland,53.1033116,-9.6615974,
w1238954420,,farm,landuse=farmland,53.1042422,-9.6633236,
w1239053390,,farm,landuse=farmland,53.102967,-9.6650838,
w1239053393,,farm,landuse=farmland,53.1026547,-9.6649115,
w1239053395,,farm,landuse=farmland,53.1020881,-9.6645786,
w1239053397,,farm,landuse=farmland,53.1024071,-9.6647835,
w1239061104,,farm,landuse=farmland,53.1015508,-9.6633678,
w1239061105,,farm,landuse=farmland,53.1022623,-9.6630791,
w1239061133,,farm,landuse=farmland,53.1042611,-9.6617629,
w1239064155,,farm,landuse=farmland,53.1092271,-9.6729936,
w1239064158,,farm,landuse=farmland,53.1095081,-9.673169,
w1239064162,,farm,landuse=farmland,53.1101683,-9.6729975,
w1239065490,,farm,landuse=farmland,53.110173,-9.6738333,
w1239065495,,farm,landuse=farmland,53.1087564,-9.674365,
w1239066215,,farm,landuse=farmland,53.1085907,-9.6747015,
w1239066216,,farm,landuse=farmland,53.1086052,-9.6737746,
w1239078008,,farm,landuse=farmland,53.1099281,-9.6792162,
w1239078009,,farm,landuse=farmland,53.1097033,-9.6785231,
w1239078012,,farm,landuse=farmland,53.1079212,-9.6756275,
w1239080001,,farm,landuse=farmland,53.1080783,-9.6761961,
w1239080003,,farm,landuse=farmland,53.1082896,-9.6749575,
w1239080004,,farm,landuse=farmland,53.1084364,-9.6752078,
w1239084637,,farm,landuse=farmland,53.1029754,-9.6585433,
w1239084638,,farm,landuse=farmland,53.102875,-9.6579082,
w1239084641,,farm,landuse=farmland,53.1027783,-9.6570317,
w1239089810,,farm,landuse=farmland,53.1021149,-9.6556837,
w1239089811,,farm,landuse=farmland,53.1025343,-9.655912,
w1239089812,,farm,landuse=farmland,53.1026913,-9.6564494,
w1239089813,,farm,building=greenhouse,53.1017911,-9.657029,
w1239090746,,farm,landuse=farmland,53.1031969,-9.6604664,
w1239099071,,farm,landuse=farmland,53.1005436,-9.6573959,
w1239099077,,farm,landuse=farmland,53.0985311,-9.6543324,
w1239099078,,farm,landuse=farmland,53.0988793,-9.654814,
w1239099086,,farm,landuse=farmland,53.0981604,-9.6539034,
w1239099094,,farm,landuse=farmland,53.0977965,-9.6533843,
w1239099103,,farm,landuse=farmland,53.0975393,-9.6529196,
w1239385345,,farm,landuse=farmland,53.105245,-9.6633921,
w1239385368,,farm,landuse=farmland,53.105684,-9.6638329,
w1239387871,,farm,landuse=farmland,53.1102898,-9.6756753,
w1239387872,,farm,landuse=farmland,53.110496,-9.675546,
w1239387873,,farm,landuse=farmland,53.1101824,-9.6748222,
w1239387894,,farm,landuse=farmland,53.1096397,-9.6748015,
w1239390692,,farm,landuse=farmland,53.1088939,-9.6759039,
w1239390693,,farm,landuse=farmland,53.1087162,-9.6755174,
w1239390694,,farm,landuse=farmland,53.1088877,-9.6753698,
w1239390697,,farm,landuse=farmland,53.109275,-9.6760593,
w1239390700,,farm,landuse=farmland,53.1083652,-9.6763445,
w1239398548,,farm,landuse=farmland,53.0989835,-9.6526108,
w1239401639,,farm,landuse=farmland,53.0976519,-9.6525421,
w1239401652,,farm,landuse=farmland,53.0979811,-9.6529686,
w1239401655,,farm,landuse=farmland,53.0983059,-9.6535417,
w1239403249,,farm,landuse=farmland,53.0991097,-9.6544273,
w1239405366,,farm,landuse=farmland,53.1000572,-9.6537482,
w1239405367,,farm,landuse=farmland,53.0985953,-9.6538282,
w1239435976,,farm,landuse=farmland,53.1106924,-9.6787474,
w1239437389,,farm,landuse=farmland,53.1103119,-9.6769801,
w1239437390,,farm,landuse=farmland,53.1106174,-9.6773418,
w1239437397,,farm,landuse=farmland,53.1102144,-9.6797022,
w1239438927,,farm,landuse=farmland,53.1104912,-9.6801296,
w1239443291,,farm,landuse=farmland,53.1105419,-9.6806156,
w1239443292,,farm,landuse=farmland,53.1107057,-9.6810567,
w1239464661,,farm,landuse=farmland,53.1059155,-9.6648088,
w1239464664,,farm,landuse=farmland,53.1068921,-9.66587,
w1239477514,,farm,landuse=farmland,53.1058458,-9.6540129,
w1239482119,,farm,landuse=farmland,53.1067776,-9.6561396,
w1239486415,,farm,landuse=farmland,53.1108402,-9.6776302,
w1239486416,,farm,landuse=farmland,53.1108105,-9.6769871,
w1239486417,,farm,landuse=farmland,53.1107217,-9.6762478,
w1239486422,,farm,landuse=farmland,53.1101563,-9.6762057,
w1239598037,,farm,landuse=farmland,53.0972311,-9.6426644,
w1239630551,,farm,landuse=farmland,53.108668,-9.67684,
w1239630553,,farm,landuse=farmland,53.1091481,-9.6764311,
w1239631380,,farm,landuse=farmland,53.1094956,-9.6763608,
w1239637704,,farm,landuse=farmland,53.0984139,-9.6517927,
w1239637711,,farm,landuse=farmland,53.0980014,-9.6510016,
w1239637746,,farm,landuse=farmland,53.0973766,-9.6505315,
w1239640347,,farm,landuse=farmland,53.0977455,-9.6501846,
w1239640348,,farm,landuse=farmland,53.0972314,-9.6494725,
w1239990730,,farm,landuse=farmland,53.0964272,-9.6493103,
w1239992509,,farm,landuse=farmland,53.0970875,-9.6479147,
w1239993675,,farm,landuse=farmland,53.0965165,-9.6511172,
w1240207670,,farm,landuse=farmland,53.1105627,-9.6703386,
w1240207674,,farm,landuse=farmland,53.1110147,-9.6717747,
w1240801705,,farm,landuse=farmland,53.1115181,-9.6768959,
w1240803269,,farm,landuse=farmland,53.1105747,-9.6728482,
w1240805448,,farm,landuse=farmland,53.1112004,-9.6726474,
w1240967585,,farm,landuse=farmland,53.0960933,-9.6454435,
w1240976865,,farm,landuse=farmland,53.0942692,-9.6455188,
w1240976887,,farm,landuse=farmland,53.0957995,-9.6420675,
w1241128831,,farm,landuse=farmland,53.1033158,-9.659624,
w1241128833,,farm,landuse=farmland,53.1025525,-9.6592279,
w1241128834,,farm,landuse=farmland,53.1018697,-9.6596009,
w1241128835,,farm,landuse=farmland,53.1015623,-9.6592209,
w1241641496,,farm,landuse=farmland,53.0951443,-9.6416455,
w1241641497,,farm,landuse=farmland,53.0951464,-9.6405082,
w1241641498,,farm,landuse=farmland,53.094873,-9.6397155,
w1241641499,,farm,landuse=farmland,53.0948451,-9.6385445,
w1241641501,,farm,landuse=farmland,53.0946856,-9.637491,
w1241641502,,farm,landuse=farmland,53.0954519,-9.6381421,
w1241641505,,farm,landuse=farmland,53.0956874,-9.639638,
w1241641506,,farm,landuse=farmland,53.0947319,-9.6415593,
w1242041119,,farm,landuse=farmland,53.0968407,-9.650771,
w1242042912,,farm,landuse=farmland,53.1078427,-9.6677042,
w1242042914,,farm,landuse=farmland,53.1081118,-9.6681804,
w1242042917,,farm,landuse=farmland,53.108783,-9.6691017,
w1242042918,,farm,landuse=farmland,53.1084843,-9.6685296,
w1242068072,,farm,landuse=farmland,53.2551265,-8.6158613,
w1242068074,,farm,landuse=farmland,53.2532823,-8.6307288,
w1244113295,,farm,landuse=farmland,53.0952245,-9.64417,
w1244207824,,farm,landuse=farmland,53.664599,-8.4048861,
w1244975732,,farm,building=greenhouse,53.0870489,-8.9463812,
w1244975733,,farm,building=greenhouse,53.0870865,-8.946476,
w1245109643,,farm,landuse=farmland,53.0937457,-9.64529,
w1245900548,,farm,landuse=farmland,53.1147416,-9.6838816,
w1245900549,,farm,landuse=farmland,53.1158431,-9.6802892,
w1245900550,,farm,landuse=farmland,53.1156535,-9.679334,
w1245900551,,farm,landuse=farmland,53.1153481,-9.678356,
w1245900552,,farm,landuse=farmland,53.1155835,-9.6781538,
w1245900553,,farm,landuse=farmland,53.1147131,-9.6770966,
w1245900554,,farm,landuse=farmland,53.1142025,-9.6771544,
w1245901554,,farm,landuse=farmland,53.1136899,-9.6767716,
w1245901555,,farm,landuse=farmland,53.1133999,-9.6774232,
w1245906727,,farm,landuse=farmland,53.1159501,-9.6819119,
w1245906728,,farm,landuse=farmland,53.1161443,-9.6806937,
w1245906729,,farm,landuse=farmland,53.1163528,-9.6799069,
w1245906730,,farm,landuse=farmland,53.1165635,-9.6817504,
w1245906731,,farm,landuse=farmland,53.1175458,-9.6807699,
w1245906732,,farm,landuse=farmland,53.1173995,-9.681607,
w1245906733,,farm,landuse=farmland,53.1156229,-9.6769831,
w1245906734,,farm,landuse=farmland,53.1169617,-9.6753763,
w1245906735,,farm,landuse=farmland,53.1174394,-9.6748398,
w1245906736,,farm,landuse=farmland,53.1167074,-9.676432,
w1245906737,,farm,landuse=farmland,53.1175947,-9.6765982,
w1245907247,,farm,landuse=farmland,53.115975,-9.6832762,
w1245907248,,farm,landuse=farmland,53.1166054,-9.6832194,
w1245907249,,farm,landuse=farmland,53.1165133,-9.6826721,
w1245941031,,farm,landuse=farmland,53.1128875,-9.6839246,
w1245941036,,farm,landuse=farmland,53.1152759,-9.6800872,
w1245941037,,farm,landuse=farmland,53.1146867,-9.6802211,
w1245947057,,farm,landuse=farmland,53.1210364,-9.6685641,
w1245947058,,farm,landuse=farmland,53.1210037,-9.669081,
w1245947059,,farm,landuse=farmland,53.1206565,-9.6688462,
w1245947061,,farm,landuse=farmland,53.1204266,-9.6700583,
w1245947062,,farm,landuse=farmland,53.1207274,-9.670153,
w1245947063,,farm,landuse=farmland,53.1203329,-9.670542,
w1245947064,,farm,landuse=farmland,53.1209124,-9.6707163,
w1245947065,,farm,landuse=farmland,53.1206265,-9.6711181,
w1245947068,,farm,landuse=farmland,53.1215524,-9.6702356,
w1245947070,,farm,landuse=farmland,53.1219065,-9.6695835,
w1245947078,,farm,landuse=farmland,53.1191518,-9.6706734,
w1245947080,,farm,landuse=farmland,53.1198538,-9.6707355,
w1245947081,,farm,landuse=farmland,53.1195929,-9.6716824,
w1245947082,,farm,landuse=farmland,53.119578,-9.6710061,
w1245947083,,farm,landuse=farmland,53.1189635,-9.6720029,
w1245947085,,farm,landuse=farmland,53.1193805,-9.6717854,
w1245947086,,farm,landuse=farmland,53.1191107,-9.6713674,
w1245947087,,farm,landuse=farmland,53.1191922,-9.6716533,
w1245947089,,farm,landuse=farmland,53.118412,-9.6727465,
w1245947090,,farm,landuse=farmland,53.1190968,-9.6728797,
w1245947091,,farm,landuse=farmland,53.1194622,-9.6724934,
w1246033392,,farm,landuse=farmland,53.120885,-9.6720984,
w1246033393,,farm,landuse=farmland,53.1212639,-9.6726531,
w1246033394,,farm,landuse=farmland,53.1209097,-9.6727893,
w1246033396,,farm,landuse=farmland,53.1217446,-9.6718712,
w1246033397,,farm,landuse=farmland,53.1220518,-9.67176,
w1246033398,,farm,landuse=farmland,53.1220203,-9.6720815,
w1246037061,,farm,landuse=farmland,53.1199861,-9.6776754,
w1246037065,,farm,landuse=farmland,53.1211838,-9.6713953,
w1246037066,,farm,landuse=farmland,53.1218577,-9.6710683,
w1246037067,,farm,landuse=farmland,53.1220776,-9.6708025,
w1246037068,,farm,landuse=farmland,53.1224122,-9.6704649,
w1246037069,,farm,landuse=farmland,53.12249,-9.6717571,
w1246037072,,farm,landuse=farmland,53.1226872,-9.6710717,
w1246115701,,farm,landuse=farmland,53.1228643,-9.6716309,
w1246115705,,farm,landuse=farmland,53.1233115,-9.6718211,
w1246126840,,farm,landuse=farmland,53.1236876,-9.6718463,
w1246126847,,farm,landuse=farmland,53.1234556,-9.6723272,
w1246165069,,farm,landuse=farmland,53.1163561,-9.6851371,
w1246165071,,farm,landuse=farmland,53.1159657,-9.6845639,
w1246165072,,farm,landuse=farmland,53.1163485,-9.6844285,
w1246165073,,farm,landuse=farmland,53.1164508,-9.6846208,
w1246165074,,farm,landuse=farmland,53.1166719,-9.6849809,
w1246165076,,farm,landuse=farmland,53.1158928,-9.6854401,
w1246165077,,farm,landuse=farmland,53.1155591,-9.6849428,
w1246165078,,farm,landuse=farmland,53.1152613,-9.6852229,
w1246165084,,farm,landuse=farmland,53.1155447,-9.6862372,
w1246168600,,farm,landuse=farmland,53.1153363,-9.6840107,
w1246168625,,farm,landuse=farmland,53.1126835,-9.6883071,
w1246277155,,farm,landuse=farmland,53.1243703,-9.6719646,
w1246315306,,farm,landuse=farmland,53.1259152,-9.6731049,
w1246586627,,farm,landuse=farmland,53.1268192,-9.6723519,
w1246820804,,farm,landuse=farmland,53.1217276,-9.6654928,
w1246820805,,farm,landuse=farmland,53.1207409,-9.6648033,
w1246825823,,farm,landuse=farmland,53.1220189,-9.6650842,
w1246825824,,farm,landuse=farmland,53.1212437,-9.6660776,
w1246825826,,farm,landuse=farmland,53.1209042,-9.6667139,
w1246825829,,farm,landuse=farmland,53.1197477,-9.665279,
w1246825830,,farm,landuse=farmland,53.122643,-9.6660463,
w1246834884,,farm,landuse=farmland,53.1164149,-9.6856006,
w1246834888,,farm,landuse=farmland,53.1164622,-9.6861142,
w1246834889,,farm,landuse=farmland,53.1161145,-9.6862889,
w1246837815,,farm,landuse=farmland,53.1170053,-9.6840892,
w1246837816,,farm,landuse=farmland,53.1172537,-9.6841834,
w1246837818,,farm,landuse=farmland,53.117698,-9.6842099,
w1246837819,,farm,landuse=farmland,53.1176392,-9.6837493,
w1246837820,,farm,landuse=farmland,53.1180982,-9.6833371,
w1246837823,,farm,landuse=farmland,53.1179002,-9.67959,
w1246837825,,farm,landuse=farmland,53.117534,-9.6799954,
w1246837826,,farm,landuse=farmland,53.1167585,-9.6797085,
w1246865275,,farm,landuse=farmland,53.1143809,-9.6893851,
w1246907703,,farm,landuse=farmland,53.1232263,-9.6733833,
w1246907704,,farm,landuse=farmland,53.1234842,-9.6735149,
w1247777054,,farm,landuse=farmland,53.1248722,-9.6716204,
w1247777055,,farm,landuse=farmland,53.1251971,-9.6714048,
w1247777066,,farm,landuse=farmland,53.1252355,-9.6726615,
w1247779085,,farm,landuse=farmland,53.1253945,-9.6719162,
w1247782727,,farm,landuse=farmland,53.1266488,-9.67088,
w1247782733,,farm,landuse=farmland,53.1261521,-9.6704882,
w1247790076,,farm,landuse=farmland,53.1268675,-9.6706605,
w1247792291,,farm,landuse=farmland,53.12741,-9.6722623,
w1248117616,,farm,landuse=farmland,53.1288198,-9.6780269,
w1248117617,,farm,landuse=farmland,53.1290808,-9.6789622,
w1248122625,,farm,landuse=farmland,53.127815,-9.6757479,
w1248122627,,farm,landuse=farmland,53.1274993,-9.6750661,
w1248145028,,farm,landuse=farmland,53.1283289,-9.674877,
w1248145030,,farm,landuse=farmland,53.1282088,-9.674418,
w1248145037,,farm,landuse=farmland,53.1275305,-9.6746256,
w1248151092,,farm,landuse=farmland,53.1269852,-9.6736371,
w1248155577,,farm,landuse=farmland,53.1266619,-9.6745087,
w1248155578,,farm,landuse=farmland,53.1263616,-9.6740338,
w1248160267,,farm,landuse=farmland,53.1289718,-9.676385,
w1248160268,,farm,landuse=farmland,53.1288596,-9.6758769,
w1248790976,,farm,landuse=farmland,53.1208455,-9.678088,
w1248855957,,farm,landuse=farmland,53.1299731,-9.6785031,
w1248860550,,farm,landuse=farmland,53.1308073,-9.6784083,
w1248867523,,farm,landuse=farmland,53.1299006,-9.6773873,
w1248867529,,farm,landuse=farmland,53.1305,-9.6770023,
w1248867534,,farm,landuse=farmland,53.129813,-9.6767708,
w1248876525,,farm,landuse=farmland,53.1296065,-9.675575,
w1248876526,,farm,landuse=farmland,53.1301996,-9.6762306,
w1248876527,,farm,landuse=farmland,53.1300344,-9.675682,
w1248884943,,farm,landuse=farmland,53.1293053,-9.6746392,
w1248887847,,farm,landuse=farmland,53.1284318,-9.673618,
w1248890864,,farm,landuse=farmland,53.1289862,-9.6739798,
w1248890873,,farm,landuse=farmland,53.1284479,-9.672591,
w1248890874,,farm,landuse=farmland,53.1281477,-9.6721266,
w1248890875,,farm,landuse=farmland,53.1279572,-9.6715902,
w1248890877,,farm,landuse=farmland,53.1277615,-9.6712985,
w1249638840,,farm,landuse=farmland,53.1150219,-9.6772959,
w1249644117,,farm,landuse=farmland,53.1141481,-9.6792071,
w1249644118,,farm,landuse=farmland,53.1142675,-9.678669,
w1250860709,,farm,landuse=farmland,53.1032112,-9.6652075,
w1251536802,,farm,landuse=farmland,53.1177235,-9.6865112,
w1251536803,,farm,landuse=farmland,53.1174438,-9.6862359,
w1251633025,,farm,landuse=farmland,53.1250615,-9.6678334,
w1251641285,,farm,landuse=farmland,53.1243387,-9.6681843,
w1251647411,,farm,landuse=farmland,53.1238498,-9.6639481,
w1251647416,,farm,landuse=farmland,53.1245329,-9.6646572,
w1251660297,,farm,landuse=farmland,53.1250462,-9.6634859,
w1253345096,,farm,landuse=farmland,53.128846,-9.6799986,
w1253348110,,farm,landuse=farmland,53.1248978,-9.6650316,
w1253351493,,farm,landuse=farmland,53.1260804,-9.6633494,
w1253351496,,farm,landuse=farmland,53.1262287,-9.6626076,
w1253351497,,farm,landuse=farmland,53.1261193,-9.6623258,
w1258337228,,farm,landuse=farmland,53.0972352,-9.6533187,
w1258337230,,farm,landuse=farmland,53.0970316,-9.6527315,
w1258339154,,farm,landuse=farmland,53.0980582,-9.6527327,
w1258981956,,farm,landuse=farmland,53.1180252,-9.688061,
w1258981961,,farm,landuse=farmland,53.1176124,-9.6885111,
w1258981962,,farm,landuse=farmland,53.1178448,-9.6876729,
w1258996224,,farm,landuse=farmland,53.128561,-9.6830582,
w1258996232,,farm,landuse=farmland,53.1289927,-9.680936,
w1259069290,,farm,landuse=farmland,53.1289066,-9.6846466,
w1259074401,,farm,landuse=farmland,53.1291667,-9.685994,
w1259074404,,farm,landuse=farmland,53.1294096,-9.6864661,
w1259359103,,farm,landuse=farmland,53.1299398,-9.6800552,
w1259359112,,farm,landuse=farmland,53.1301735,-9.6796802,
w1259361351,,farm,landuse=farmland,53.1294771,-9.6815147,
w1259443608,,farm,landuse=farmland,53.1185373,-9.6882212,
w1259457232,,farm,landuse=farmland,53.1295833,-9.6869027,
w1259462634,,farm,landuse=farmland,53.1316357,-9.6803233,
w1259462635,,farm,landuse=farmland,53.1308749,-9.6797324,
w1259462643,,farm,landuse=farmland,53.1310175,-9.6803392,
w1259467439,,farm,building=greenhouse,53.1312812,-9.6857862,
w1259467452,,farm,landuse=farmland,53.1321006,-9.6866164,
w1259467456,,farm,landuse=farmland,53.1316479,-9.6860326,
w1262656172,,farm,landuse=farmland,53.130128,-9.6807321,
w1262658202,,farm,landuse=farmland,53.1305913,-9.6820974,
w1262664367,,farm,landuse=farmland,53.1311103,-9.681544,
w1262664368,,farm,landuse=farmland,53.1317636,-9.6814956,
w1262664369,,farm,landuse=farmland,53.1316473,-9.6822241,
w1263221541,,farm,landuse=farmland,53.1323609,-9.6852537,
w1263222912,,farm,landuse=farmland,53.132176,-9.6825289,
w1263222913,,farm,landuse=farmland,53.1318332,-9.6827257,
w1263222916,,farm,landuse=farmland,53.1321654,-9.684154,
w1263222917,,farm,landuse=farmland,53.1323181,-9.6836532,
w1263222918,,farm,landuse=farmland,53.1321547,-9.6831898,
w1263222919,,farm,landuse=farmland,53.1324194,-9.683096,
w1263226248,,farm,landuse=farmland,53.1310952,-9.6834812,
w1263228949,,farm,landuse=farmland,53.1315108,-9.6826162,
w1263228950,,farm,landuse=farmland,53.1316102,-9.6829516,
w1263228953,,farm,landuse=farmland,53.1317596,-9.6839223,
w1263228954,,farm,landuse=farmland,53.1318205,-9.6834731,
w1263228956,,farm,landuse=farmland,53.1317649,-9.6831121,
w1263228957,,farm,landuse=farmland,53.1315525,-9.68341,
w1263228960,,farm,landuse=farmland,53.1312355,-9.6843915,
w1264078392,,farm,landuse=farmland,53.1247835,-9.6843551,
w1264078394,,farm,landuse=farmland,53.1245225,-9.68375,
w1264977429,,farm,landuse=farmland,53.6460254,-8.7598075,
w1268710464,,farm,landuse=farmland,53.1105106,-9.682421,
w1268710468,,farm,landuse=farmland,53.1108243,-9.6836597,
w1268710470,,farm,landuse=farmland,53.1107878,-9.6829759,
w1270698422,,farm,landuse=farmland,53.6414315,-8.9115281,
w1270698423,,farm,landuse=farmland,53.6421359,-8.9104982,
w1273875598,,farm,landuse=farmland,53.1307065,-9.7025519,
w1273875599,,farm,landuse=farmland,53.1306054,-9.702101,
w1273875617,,farm,landuse=farmland,53.1303152,-9.700974,
w1273875624,,farm,landuse=farmland,53.1303843,-9.7016409,
w1273875640,,farm,landuse=farmland,53.1307963,-9.7047377,
w1273882775,,farm,landuse=farmland,53.1300045,-9.6984069,
w1282637735,,farm,landuse=farmland,53.1297147,-9.6928894,
w1282637736,,farm,landuse=farmland,53.1300207,-9.6935932,
w1282773610,,farm,landuse=farmland,53.1288588,-9.6908524,
w1282796883,,farm,landuse=farmland,53.1305831,-9.6949112,
w1282796904,,farm,landuse=farmland,53.1304492,-9.6971445,
w1282796907,,farm,landuse=farmland,53.1310609,-9.6965923,
w1282803279,,farm,landuse=farmland,53.1297719,-9.698075,
w1282913950,,farm,landuse=farmland,53.1303191,-9.7004542,
w1282913951,,farm,landuse=farmland,53.1302152,-9.6999381,
w1282913955,,farm,landuse=farmland,53.1301936,-9.6994487,
w1283032676,,farm,landuse=farmland,53.1321085,-9.7066585,
w1283335545,,farm,landuse=farmland,53.13167,-9.7034617,
w1283335586,,farm,landuse=farmland,53.1312606,-9.7013701,
w1283343232,,farm,landuse=farmland,53.1316248,-9.7019376,
w1283343247,,farm,landuse=farmland,53.1312692,-9.7031579,
w1283343249,,farm,landuse=farmland,53.1314623,-9.7029787,
w1283343250,,farm,landuse=farmland,53.1313103,-9.7022597,
w1283343268,,farm,landuse=farmland,53.1316717,-9.702661,
w1283348909,,farm,landuse=farmland,53.1309431,-9.7018561,
w1283348910,,farm,landuse=farmland,53.131025,-9.7028142,
w1283348923,,farm,landuse=farmland,53.1308756,-9.701156,
w1283350326,,farm,building=greenhouse,53.1318862,-9.7088389,
w1283353609,,farm,landuse=farmland,53.1315105,-9.7083166,
w1283353635,,farm,landuse=farmland,53.1312286,-9.7090889,
w1283738694,,farm,landuse=farmland,53.1309545,-9.7006463,
w1283738695,,farm,landuse=farmland,53.1311336,-9.7008743,
w1283738696,,farm,landuse=farmland,53.1311675,-9.700489,
w1283738703,,farm,landuse=farmland,53.1312667,-9.7035057,
w1283738704,,farm,landuse=farmland,53.131464,-9.7034809,
w1283738708,,farm,landuse=farmland,53.1310777,-9.7036009,
w1283738712,,farm,landuse=farmland,53.130423,-9.7038842,
w1283738713,,farm,landuse=farmland,53.1303726,-9.7032222,
w1283738741,,farm,landuse=farmland,53.1303164,-9.7047124,
w1283738761,,farm,landuse=farmland,53.1304526,-9.6976168,
w1283747041,,farm,landuse=farmland,53.1316812,-9.7094221,
w1284434211,,farm,landuse=farmland,53.1320954,-9.7101577,
w1284434218,,farm,landuse=farmland,53.1321751,-9.7103299,
w1284434239,,farm,landuse=farmland,53.1314745,-9.7104424,
w1284434241,,farm,landuse=farmland,53.1316912,-9.7105266,
w1284439471,,farm,landuse=farmland,53.1317004,-9.7110876,
w1284439501,,farm,landuse=farmland,53.1286088,-9.6900055,
w1284439502,,farm,landuse=farmland,53.1290008,-9.6914324,
w1284820362,,farm,landuse=farmland,53.1310668,-9.7038296,
w1284820366,,farm,landuse=farmland,53.1315512,-9.7037953,
w1284820379,,farm,landuse=farmland,53.1317141,-9.7056265,
w1284820381,,farm,landuse=farmland,53.1316435,-9.7041201,
w1284821294,,farm,landuse=farmland,53.1312966,-9.7046261,
w1285139318,,farm,landuse=farmland,53.1294822,-9.6928155,
w1285139319,,farm,landuse=farmland,53.1292749,-9.6920498,
w1285614740,,farm,landuse=greenhouse_horticulture,53.2834798,-9.0024972,
w1285620858,,farm,building=greenhouse,53.3156135,-8.9408067,
w1285981274,,farm,landuse=farmland,53.3368958,-8.9418271,
w1285981317,,farm,landuse=farmland,53.4042017,-8.9362893,
w1285981318,,farm,landuse=farmland,53.4039923,-8.9371396,
w1285981319,,farm,landuse=farmland,53.4047727,-8.9377136,
w1285981320,,farm,landuse=farmland,53.405834,-8.93847,
w1285981321,,farm,landuse=farmland,53.4056185,-8.9393594,
w1286008811,,farm,landuse=farmland,53.3282693,-8.9630588,
w1286045977,,farm,landuse=farmland,53.1304643,-9.6986147,
w1286045978,,farm,landuse=farmland,53.1307436,-9.699319,
w1286045989,,farm,landuse=farmland,53.13062,-9.6979168,
w1286045990,,farm,landuse=farmland,53.1302759,-9.6980835,
w1286046000,,farm,landuse=farmland,53.1312346,-9.6998715,
w1286046012,,farm,landuse=farmland,53.1314803,-9.6998714,
w1286046013,,farm,landuse=farmland,53.1315003,-9.7001987,
w1286051033,,farm,landuse=farmland,53.1311956,-9.6993503,
w1286051038,,farm,landuse=farmland,53.1315112,-9.6990761,
w1286051043,,farm,landuse=farmland,53.1296158,-9.6989791,
w1286051055,,farm,landuse=farmland,53.1296396,-9.6938391,
w1286051056,,farm,landuse=farmland,53.1295755,-9.6933375,
w1286210756,,farm,landuse=farmland,53.3321345,-8.9501761,
w1286210757,,farm,landuse=farmland,53.330906,-8.9482583,
w1286210758,,farm,landuse=farmland,53.3301739,-8.9442914,
w1286210759,,farm,landuse=farmland,53.3309636,-8.9426069,
w1286210760,,farm,landuse=farmland,53.3303854,-8.9420946,
w1286210761,,farm,landuse=farmland,53.3361771,-8.9511443,
w1286210762,,farm,landuse=farmland,53.3367297,-8.9530407,
w1286210763,,farm,landuse=farmland,53.3374536,-8.9537997,
w1286210764,,farm,landuse=farmland,53.3374888,-8.9618034,
w1286220317,,farm,landuse=farmland,53.3351472,-8.9062396,
w1286220318,,farm,landuse=farmland,53.3357559,-8.9046134,
w1286220319,,farm,landuse=farmland,53.3379517,-8.9085187,
w1286220321,,farm,landuse=farmland,53.3426989,-8.8944693,
w1286220322,,farm,landuse=farmland,53.3420322,-8.8959392,
w1286220323,,farm,landuse=farmland,53.3414959,-8.8971662,
w1286220344,,farm,landuse=farmland,53.3854978,-8.8814123,
w1286220345,,farm,landuse=farmland,53.3848595,-8.8841171,
w1286220358,,farm,landuse=farmland,53.381791,-8.9445434,
w1286220359,,farm,landuse=farmland,53.3814823,-8.9472793,
w1286220360,,farm,landuse=farmland,53.3799601,-8.9460857,
w1286220361,,farm,landuse=farmland,53.385039,-8.9408152,
w1286220365,,farm,landuse=farmland,53.3923394,-8.9243438,
w1286220366,,farm,landuse=farmland,53.3900472,-8.9228391,
w1286220368,,farm,landuse=farmland,53.3916004,-8.9265029,
w1286220379,,farm,landuse=farmland,53.3864944,-8.9550845,
w1286220380,,farm,landuse=farmland,53.3854354,-8.957469,
w1286220396,,farm,landuse=farmland,53.3963427,-8.9598535,
w1286220400,,farm,landuse=farmland,53.3998258,-8.9628254,
w1286230981,,farm,landuse=farmland,53.3986049,-8.9857355,
w1286230982,,farm,landuse=farmland,53.399905,-8.9885636,
w1286231032,,farm,landuse=farmland,53.40155,-9.0138763,
w1286231033,,farm,landuse=farmland,53.401179,-9.0158048,
w1286231035,,farm,landuse=farmland,53.4072553,-8.9983356,
w1286231036,,farm,landuse=farmland,53.4065959,-9.0048847,
w1286231039,,farm,landuse=farmland,53.4049256,-9.0165895,
w1286231040,,farm,landuse=farmland,53.4052529,-9.0158182,
w1286231041,,farm,landuse=farmland,53.40364,-9.0139488,
w1286231042,,farm,landuse=farmland,53.4039774,-9.0161386,
w1286231068,,farm,landuse=farmland,53.4336955,-9.0420644,
w1286231069,,farm,landuse=farmland,53.4342673,-9.0438208,
w1286231070,,farm,landuse=farmland,53.4348644,-9.0452406,
w1286231071,,farm,landuse=farmland,53.43599,-9.0481728,
w1286231077,,farm,landuse=farmland,53.4405931,-9.0869001,
w1286231078,,farm,landuse=farmland,53.4403045,-9.0861142,
w1286231079,,farm,landuse=farmland,53.4395333,-9.0846487,
w1286342302,,farm,landuse=farmland,53.1314101,-9.7064235,
w1286342303,,farm,landuse=farmland,53.1313668,-9.705461,
w1286342304,,farm,landuse=farmland,53.1316714,-9.7062342,
w1286342305,,farm,landuse=farmland,53.131759,-9.7069712,
w1287395538,,farm,landuse=farmland,53.561606,-10.0683487,
w1287395539,,farm,landuse=farmland,53.5615933,-10.0671444,
w1287400620,,farm,landuse=farmland,53.558999,-10.1219604,
w1287657219,,farm,landuse=farmland,53.55994,-10.0714746,
w1287657232,,farm,landuse=farmland,53.5589084,-10.0608226,
w1287657233,,farm,landuse=farmland,53.5587068,-10.0579043,
w1287657234,,farm,landuse=farmland,53.5586857,-10.055838,
w1287657235,,farm,landuse=farmland,53.5589349,-10.053847,
w1287657236,,farm,landuse=farmland,53.5571231,-10.0444017,
w1287657237,,farm,landuse=farmland,53.5569017,-10.0433261,
w1287657238,,farm,landuse=farmland,53.5566881,-10.0416122,
w1287657239,,farm,landuse=farmland,53.5565836,-10.0392426,
w1287657240,,farm,landuse=farmland,53.5580782,-10.0396746,
w1287657241,,farm,landuse=farmland,53.558154,-10.0372966,
w1287657242,,farm,landuse=farmland,53.5562722,-10.0375487,
w1287657264,,farm,landuse=farmland,53.5439684,-9.987217,
w1287657265,,farm,landuse=farmland,53.5440179,-9.9838562,
w1287684089,,farm,landuse=farmland,53.5427329,-9.9654354,
w1287684095,,farm,landuse=farmland,53.5598355,-9.9006681,
w1287684102,,farm,landuse=farmland,53.5597083,-9.9768347,
w1287684103,,farm,landuse=farmland,53.5591632,-9.9733264,
w1287684121,,farm,landuse=farmland,53.593389,-9.7921646,
w1290042650,,farm,landuse=farmland,53.5997717,-9.9161792,
w1290042651,,farm,landuse=farmland,53.5987466,-9.9149483,
w1290042652,,farm,landuse=farmland,53.5967978,-9.9267287,
w1290042654,,farm,landuse=farmland,53.5975976,-9.9237903,
w1290042655,,farm,landuse=farmland,53.5979606,-9.9228811,
w1290042657,,farm,landuse=farmland,53.5946623,-9.9353359,
w1290042659,,farm,landuse=farmland,53.5978236,-9.9399895,
w1290042672,,farm,landuse=farmland,53.5577496,-9.8978631,
w1290042676,,farm,landuse=farmland,53.5568877,-9.8695838,
w1290042677,,farm,landuse=farmland,53.5568228,-9.8674726,
w1290042678,,farm,landuse=farmland,53.5576334,-9.8484989,
w1290042682,,farm,landuse=farmland,53.5893817,-9.8405802,
w1290042683,,farm,landuse=farmland,53.5893228,-9.8418846,
w1290042684,,farm,landuse=farmland,53.5891794,-9.8425303,
w1292153113,,farm,landuse=farmland,53.1297077,-9.6945524,
w1292153114,,farm,landuse=farmland,53.1297659,-9.6950917,
w1292153115,,farm,landuse=farmland,53.1298668,-9.6960114,
w1293462420,,farm,landuse=farmland,53.1312659,-9.7104071,
w1294706056,,farm,landuse=farmland,53.1304755,-9.7108088,
w1294708392,,farm,landuse=farmland,53.1312091,-9.7111781,
w1294713622,,farm,landuse=farmland,53.1320427,-9.7132706,
w1294713655,,farm,landuse=farmland,53.1324094,-9.7108372,
w1294715895,,farm,landuse=farmland,53.1304542,-9.7118846,
w1294715901,,farm,landuse=farmland,53.1306541,-9.7121474,
w1294715902,,farm,landuse=farmland,53.1307638,-9.7120363,
w1294715903,,farm,landuse=farmland,53.1307141,-9.7117357,
w1294715904,,farm,landuse=farmland,53.1307077,-9.7115165,
w1294715906,,farm,landuse=farmland,53.1307387,-9.7111848,
w1294715913,,farm,landuse=farmland,53.1304564,-9.7122655,
w1294715923,,farm,landuse=farmland,53.1310682,-9.7117517,
w1294734583,,farm,landuse=farmland,53.1302819,-9.7037208,
w1294734591,,farm,landuse=farmland,53.1302551,-9.7040465,
w1295022316,,farm,landuse=farmland,53.1318378,-9.7132381,
w1296082242,,farm,landuse=farmland,53.1313885,-9.7141376,
w1296082243,,farm,landuse=farmland,53.1314127,-9.7117579,
w1296082244,,farm,landuse=farmland,53.1313758,-9.7126212,
w1296082245,,farm,landuse=farmland,53.1313646,-9.7131633,
w1296082246,,farm,landuse=farmland,53.1316045,-9.7131523,
w1296082247,,farm,landuse=farmland,53.1316254,-9.7125972,
w1296082248,,farm,landuse=farmland,53.1316499,-9.711725,
w1296082249,,farm,landuse=farmland,53.1314313,-9.7135361,
w1296082250,,farm,landuse=farmland,53.1317653,-9.7139901,
w1296082282,,farm,landuse=farmland,53.1309763,-9.7138362,
w1296085880,,farm,landuse=farmland,53.1304084,-9.7127318,
w1296085881,,farm,landuse=farmland,53.1304038,-9.7131607,
w1296085882,,farm,landuse=farmland,53.1307294,-9.7123821,
w1296085891,,farm,landuse=farmland,53.1308932,-9.712949,
w1297138114,,farm,landuse=farmland,53.1315903,-9.7237534,
w1297138119,,farm,landuse=farmland,53.1316657,-9.724247,
w1297138120,,farm,landuse=farmland,53.1318675,-9.7234824,
w1297138121,,farm,landuse=farmland,53.1314256,-9.7253431,
w1297140071,,farm,landuse=farmland,53.1312663,-9.7261376,
w1297140079,,farm,landuse=farmland,53.1306685,-9.725369,
w1297140082,,farm,landuse=farmland,53.1308955,-9.7259536,
w1297143092,,farm,landuse=farmland,53.1305984,-9.725997,
w1297143093,,farm,landuse=farmland,53.1306126,-9.7265259,
w1297143096,,farm,landuse=farmland,53.1316279,-9.7255486,
w1297143108,,farm,landuse=farmland,53.1316032,-9.7259356,
w1297162545,,farm,landuse=farmland,53.1311234,-9.7220748,
w1297162546,,farm,landuse=farmland,53.131573,-9.7221049,
w1297165258,,farm,landuse=farmland,53.130446,-9.7230021,
w1297165259,,farm,landuse=farmland,53.1314996,-9.7212808,
w1297165274,,farm,landuse=farmland,53.1305629,-9.7201746,
w1297165275,,farm,landuse=farmland,53.130121,-9.7204141,
w1297166287,,farm,landuse=farmland,53.1303747,-9.7216334,
w1297166291,,farm,landuse=farmland,53.1309043,-9.7246228,
w1297170942,,farm,landuse=farmland,53.1310729,-9.7228031,
w1297170943,,farm,landuse=farmland,53.1310337,-9.7234778,
w1297170944,,farm,landuse=farmland,53.1318137,-9.7218399,
w1297170958,,farm,landuse=farmland,53.1312916,-9.7153444,
w1297170959,,farm,landuse=farmland,53.1307324,-9.7139073,
w1297170962,,farm,landuse=farmland,53.1309069,-9.7135596,
w1297373394,,farm,landuse=farmland,53.1319738,-9.723083,
w1297373396,,farm,landuse=farmland,53.1318799,-9.7226033,
w1297374769,,farm,landuse=farmland,53.1311406,-9.7267301,
w1297374781,,farm,landuse=farmland,53.1312468,-9.7270098,
w1297376083,,farm,landuse=farmland,53.1307519,-9.7270197,
w1297376085,,farm,landuse=farmland,53.130621,-9.7268758,
w1302366719,,farm,building=greenhouse,53.6528046,-8.8339057,
w1302366721,,farm,building=greenhouse,53.6525281,-8.8340834,
w1303878163,,farm,landuse=farmland,53.3277988,-8.2434109,
w1303878179,,farm,landuse=farmland,53.3174027,-8.2558187,
w1303878180,,farm,landuse=farmland,53.3223764,-8.2557053,
w1303878196,,farm,landuse=farmland,53.3581427,-8.2645373,
w1304066992,,farm,landuse=farmland,53.1315065,-9.7203803,
w1304066993,,farm,landuse=farmland,53.1311431,-9.7199166,
w1304067003,,farm,landuse=farmland,53.1305713,-9.718642,
w1304067960,,farm,landuse=farmland,53.1304534,-9.7172951,
w1304489877,,farm,landuse=farmland,53.1309479,-9.7148409,
w1304489878,,farm,landuse=farmland,53.1306129,-9.7150895,
w1304489879,,farm,landuse=farmland,53.1300318,-9.7154374,
w1304491627,,farm,landuse=farmland,53.1312595,-9.7172379,
w1304691226,,farm,landuse=farmland,53.1295923,-9.721806,
w1304691228,,farm,landuse=farmland,53.1299348,-9.7205673,
w1304696733,,farm,landuse=farmland,53.1312703,-9.7188839,
w1304696734,,farm,landuse=farmland,53.1314151,-9.7182474,
w1304696735,,farm,landuse=farmland,53.1313646,-9.7177299,
w1304696737,,farm,landuse=farmland,53.1315092,-9.7196584,
w1304696743,,farm,landuse=farmland,53.1299559,-9.7160462,
w1304696759,,farm,landuse=farmland,53.1301468,-9.7075616,
w1304696760,,farm,landuse=farmland,53.1301188,-9.7072116,
w1304696761,,farm,landuse=farmland,53.1301008,-9.7068156,
w1304696762,,farm,landuse=farmland,53.1300405,-9.7063632,
w1304696764,,farm,landuse=farmland,53.1300441,-9.705868,
w1304696766,,farm,landuse=farmland,53.1300012,-9.7048264,
w1304696767,,farm,landuse=farmland,53.1302273,-9.7083922,
w1304696770,,farm,landuse=farmland,53.1302537,-9.7091117,
w1305083208,,farm,landuse=farmland,53.1047274,-9.664747,
w1305083209,,farm,landuse=farmland,53.1045113,-9.6646549,
w1305083210,,farm,landuse=farmland,53.1044137,-9.6646165,
w1305096759,,farm,landuse=farmland,53.1302076,-9.7110228,
w1305096762,,farm,landuse=farmland,53.1302308,-9.7098311,
w1305096763,,farm,landuse=farmland,53.1301582,-9.7122211,
w1305096764,,farm,landuse=farmland,53.1300373,-9.7129601,
w1305096765,,farm,landuse=farmland,53.1300921,-9.7133476,
w1305096766,,farm,landuse=farmland,53.1302718,-9.7133244,
w1305096777,,farm,landuse=farmland,53.1298713,-9.7144824,
w1305096778,,farm,landuse=farmland,53.1299379,-9.7139035,
w1305096782,,farm,landuse=farmland,53.1299295,-9.7132685,
w1305096788,,farm,landuse=farmland,53.1296974,-9.701321,
w1305096789,,farm,landuse=farmland,53.1297335,-9.7015424,
w1305096791,,farm,landuse=farmland,53.1297438,-9.702058,
w1305096793,,farm,landuse=farmland,53.1297889,-9.7024787,
w1305096795,,farm,landuse=farmland,53.1298298,-9.7030498,
w1305096797,,farm,landuse=farmland,53.1300003,-9.703113,
w1305096807,,farm,landuse=farmland,53.1299694,-9.7038721,
w1305096810,,farm,landuse=farmland,53.1294326,-9.7001409,
w1305098190,,farm,landuse=farmland,53.1309523,-9.7169457,
w1305098199,,farm,landuse=farmland,53.1306053,-9.7175012,
w1305102226,,farm,landuse=farmland,53.1306773,-9.7276113,
w1305102232,,farm,landuse=farmland,53.1311066,-9.7276224,
w1305102258,,farm,landuse=farmland,53.1312789,-9.7275715,
w1305285777,,farm,landuse=farmland,53.1323712,-9.6821213,
w1305285778,,farm,landuse=farmland,53.132267,-9.680607,
w1305421996,,farm,landuse=farmland,53.1322252,-9.6781328,
w1305432525,,farm,landuse=farmland,53.131719,-9.7146493,
w1305432532,,farm,landuse=farmland,53.1316334,-9.7166585,
w1305432535,,farm,landuse=farmland,53.1316347,-9.7170444,
w1305432536,,farm,landuse=farmland,53.1316355,-9.7175334,
w1305434287,,farm,landuse=farmland,53.1316835,-9.7192666,
w1305435785,,farm,landuse=farmland,53.1316279,-9.71875,
w1305435797,,farm,landuse=farmland,53.1319209,-9.7187089,
w1305438164,,farm,landuse=farmland,53.1301431,-9.7289486,
w1305444276,,farm,landuse=farmland,53.1302211,-9.6751973,
w1305450422,,farm,landuse=farmland,53.1320135,-9.6744964,
w1305552954,,farm,building=greenhouse,53.3034663,-8.7183982,
w1306219399,,farm,landuse=farmland,53.1298579,-9.6696985,
w1307215723,,farm,landuse=farmland,53.130676,-9.7321666,
w1307293825,,farm,landuse=farmland,53.130034,-9.7318501,
w1307293856,,farm,landuse=farmland,53.131041,-9.7344883,
w1307297604,,farm,landuse=farmland,53.1306321,-9.7340425,
w1307297614,,farm,landuse=farmland,53.131468,-9.735445,
w1307297631,,farm,landuse=farmland,53.1305266,-9.73528,
w1307450436,,farm,landuse=farmland,53.1297813,-9.7318701,
w1307455391,,farm,landuse=farmland,53.1293739,-9.7211656,
w1307455392,,farm,landuse=farmland,53.1293285,-9.722051,
w1307455394,,farm,landuse=farmland,53.1292841,-9.7228392,
w1307458149,,farm,landuse=farmland,53.1293917,-9.7201426,
w1307458151,,farm,landuse=farmland,53.1295247,-9.7194914,
w1307458154,,farm,landuse=farmland,53.1296536,-9.716622,
w1307458156,,farm,landuse=farmland,53.1295873,-9.71721,
w1307458158,,farm,landuse=farmland,53.1296512,-9.7175758,
w1307458159,,farm,landuse=farmland,53.1295664,-9.7186435,
w1307532145,,farm,landuse=farmland,53.127183,-9.6704507,
w1307532146,,farm,landuse=farmland,53.1268436,-9.6700928,
w1307532157,,farm,landuse=farmland,53.1282349,-9.6685377,
w1307538270,,farm,landuse=farmland,53.1281133,-9.6711911,
w1307538280,,farm,landuse=farmland,53.1282029,-9.6705369,
w1307538281,,farm,landuse=farmland,53.1285815,-9.6693782,
w1307538283,,farm,landuse=farmland,53.1290219,-9.6725765,
w1307538284,,farm,landuse=farmland,53.1285533,-9.6720317,
w1307538285,,farm,landuse=farmland,53.1288258,-9.6708277,
w1308122437,,farm,landuse=farmland,53.1265595,-9.6692376,
w1308122441,,farm,landuse=farmland,53.1251563,-9.6672371,
w1308122443,,farm,landuse=farmland,53.1253404,-9.6682496,
w1308122445,,farm,landuse=farmland,53.1254799,-9.6676148,
w1308124276,,farm,landuse=farmland,53.1260496,-9.6689394,
w1308127987,,farm,landuse=farmland,53.1265834,-9.6686125,
w1308131196,,farm,landuse=farmland,53.1269301,-9.6689785,
w1308131197,,farm,landuse=farmland,53.1268025,-9.6683599,
w1308134342,,farm,landuse=farmland,53.127869,-9.6679232,
w1308136211,,farm,landuse=farmland,53.1261335,-9.664525,
w1308685435,,farm,landuse=farmland,53.6132451,-10.2194658,
w1309023712,,farm,building=greenhouse,53.4959638,-9.0716381,
w1309023713,,farm,building=greenhouse,53.4960164,-9.0714508,
w1310825657,,farm,landuse=farmland,53.1304607,-9.7364069,
w1310825658,,farm,landuse=farmland,53.1300504,-9.7356843,
w1310825659,,farm,landuse=farmland,53.1297181,-9.7362868,
w1310827632,,farm,landuse=farmland,53.1296987,-9.7371758,
w1310827644,,farm,landuse=farmland,53.1309237,-9.7371173,
w1310830764,,farm,landuse=farmland,53.1305364,-9.7402736,
w1310873422,,farm,landuse=farmland,53.1303236,-9.665367,
w1310874937,,farm,landuse=farmland,53.1273441,-9.6673609,
w1310874938,,farm,landuse=farmland,53.1264882,-9.6632928,
w1310874939,,farm,landuse=farmland,53.1267485,-9.6633822,
w1310874940,,farm,landuse=farmland,53.126803,-9.6639307,
w1310874950,,farm,landuse=farmland,53.1263999,-9.6646816,
w1310874959,,farm,landuse=farmland,53.1271577,-9.6655776,
w1310948623,,farm,building=greenhouse,53.5645579,-9.9085268,
w1311207593,,farm,landuse=farmland,53.1301226,-9.7384426,
w1311207619,,farm,landuse=farmland,53.1309169,-9.738747,
w1311207620,,farm,landuse=farmland,53.1309169,-9.7380941,
w1311207621,,farm,landuse=farmland,53.1313167,-9.7379574,
w1311210482,,farm,landuse=farmland,53.1299622,-9.7401109,
w1311215650,,farm,landuse=farmland,53.1302993,-9.7411895,
w1311215682,,farm,landuse=farmland,53.1312281,-9.7373602,
w1311219152,,farm,landuse=farmland,53.1310346,-9.7405289,
w1311222190,,farm,landuse=farmland,53.1313395,-9.7393355,
w1311237765,,farm,landuse=farmland,53.1311135,-9.741883,
w1311237766,,farm,landuse=farmland,53.1313131,-9.7429261,
w1311237774,,farm,landuse=farmland,53.1310701,-9.7438813,
w1311304605,,farm,landuse=farmland,53.1267445,-9.6578009,
w1311304610,,farm,landuse=farmland,53.1272744,-9.6589589,
w1311304621,,farm,landuse=farmland,53.1276962,-9.6598765,
w1311315970,,farm,landuse=farmland,53.1284801,-9.6593419,
w1311315971,,farm,landuse=farmland,53.1288569,-9.6593215,
w1311315973,,farm,landuse=farmland,53.1282779,-9.6581359,
w1311315974,,farm,landuse=farmland,53.1280462,-9.6592431,
w1311319725,,farm,landuse=farmland,53.1272703,-9.6565952,
w1311370253,,farm,landuse=farmland,53.1291662,-9.7425229,
w1311370254,,farm,landuse=farmland,53.1292589,-9.7432173,
w1311370270,,farm,landuse=farmland,53.1296959,-9.7417469,
w1311482831,,farm,landuse=farmland,53.129028,-9.6611025,
w1311561642,,farm,landuse=farmland,53.1314547,-9.6616562,
w1311769447,,farm,landuse=farmland,53.1302632,-9.6607675,
w1311770469,,farm,landuse=farmland,53.1301742,-9.6591262,
w1311822943,,farm,landuse=farmland,53.1297501,-9.7562568,
w1311832447,,farm,landuse=farmland,53.1316935,-9.7447147,
w1311878805,,farm,building=greenhouse,53.5793057,-9.0126655,
w1312074237,,farm,landuse=farmland,53.1288503,-9.6581636,
w1312074678,,farm,landuse=farmland,53.1287238,-9.6558979,
w1312074681,,farm,landuse=farmland,53.128664,-9.6538389,
w1312078106,,farm,landuse=farmland,53.1288161,-9.7418298,
w1312079007,,farm,landuse=farmland,53.128152,-9.7431599,
w1313706674,,farm,building=greenhouse,53.434159,-10.0750548,
w1314402714,,farm,landuse=farmland,53.1298355,-9.6558339,
w1314902704,,farm,landuse=farmland,53.1321302,-9.7462536,
w1314902705,,farm,landuse=farmland,53.1322344,-9.7465218,
w1314902706,,farm,landuse=farmland,53.132737,-9.7459853,
w1314902724,,farm,landuse=farmland,53.1325852,-9.7436126,
w1314902734,,farm,landuse=farmland,53.132534,-9.745153,
w1314904579,,farm,landuse=farmland,53.1276482,-9.7434702,
w1314908241,,farm,landuse=farmland,53.1278457,-9.7417477,
w1314908267,,farm,landuse=farmland,53.1290486,-9.7406466,
w1314908270,,farm,landuse=farmland,53.1301139,-9.7583271,
w1314910758,,farm,landuse=farmland,53.1312541,-9.7584565,
w1314910764,,farm,landuse=farmland,53.130637,-9.7578824,
w1315131731,,farm,landuse=farmland,53.1266849,-9.7431522,
w1315131732,,farm,landuse=farmland,53.1270389,-9.7439109,
w1315131734,,farm,landuse=farmland,53.1262985,-9.7444032,
w1315131754,,farm,landuse=farmland,53.1288379,-9.7395005,
w1315131755,,farm,landuse=farmland,53.129382,-9.7387691,
w1315132781,,farm,landuse=farmland,53.1279018,-9.7404074,
w1315318961,,farm,landuse=farmland,53.127203,-9.7508682,
w1315318962,,farm,landuse=farmland,53.1268742,-9.7499099,
w1315329800,,farm,landuse=farmland,53.1320731,-9.7391448,
w1315333417,,farm,landuse=farmland,53.1317293,-9.7403304,
w1315333422,,farm,landuse=farmland,53.131624,-9.7425912,
w1315333423,,farm,landuse=farmland,53.1317607,-9.741611,
w1315427121,,farm,landuse=farmland,53.1320806,-9.7579287,
w1315427122,,farm,landuse=farmland,53.1320228,-9.7582514,
w1315427125,,farm,landuse=farmland,53.1317413,-9.757753,
w1315427146,,farm,landuse=farmland,53.1319768,-9.7591622,
w1315479200,,farm,building=greenhouse,53.3190187,-8.871839,
w1315512729,,farm,landuse=farmland,53.1274569,-9.7480612,
w1315512737,,farm,landuse=farmland,53.1266405,-9.7482124,
w1315518752,,farm,landuse=farmland,53.1261152,-9.747269,
w1315518753,,farm,landuse=farmland,53.1266152,-9.7473553,
w1315518754,,farm,landuse=farmland,53.1263852,-9.746104,
w1315518755,,farm,landuse=farmland,53.1274659,-9.7447012,
w1315518756,,farm,landuse=farmland,53.1269552,-9.7457234,
w1315535169,,farm,landuse=farmland,53.1342949,-9.7528751,
w1315538625,,farm,landuse=farmland,53.1323788,-9.7598021,
w1315538628,,farm,landuse=farmland,53.132362,-9.760089,
w1315538645,,farm,landuse=farmland,53.1324601,-9.7591552,
w1315543154,,farm,landuse=farmland,53.1329489,-9.7587508,
w1315543161,,farm,landuse=farmland,53.132408,-9.7585815,
w1315543171,,farm,landuse=farmland,53.1326778,-9.7581956,
w1315543181,,farm,landuse=farmland,53.133262,-9.7594562,
w1315543182,,farm,landuse=farmland,53.1327828,-9.7596193,
w1315545583,,farm,landuse=farmland,53.125023,-9.7424299,
w1315545600,,farm,landuse=farmland,53.1254496,-9.7414048,
w1315560217,,farm,landuse=farmland,53.1256413,-9.7436774,
w1315560223,,farm,landuse=farmland,53.1244196,-9.7416288,
w1315564554,,farm,landuse=farmland,53.1335778,-9.7442899,
w1315564558,,farm,landuse=farmland,53.1332463,-9.7444777,
w1315603756,,farm,landuse=farmland,53.1320142,-9.7421071,
w1315603757,,farm,landuse=farmland,53.1331429,-9.7423434,
w1315606827,,farm,landuse=farmland,53.1339123,-9.7440333,
w1315606851,,farm,landuse=farmland,53.1322918,-9.7400475,
w1315607471,,farm,landuse=farmland,53.1326853,-9.7399426,
w1315686270,,farm,landuse=farmland,53.1268383,-9.7402511,
w1315688633,,farm,landuse=farmland,53.1275912,-9.7399499,
w1315688635,,farm,landuse=farmland,53.1259969,-9.7413681,
w1315692602,,farm,landuse=farmland,53.1267678,-9.7413898,
w1315692603,,farm,landuse=farmland,53.1264975,-9.7421061,
w1315692607,,farm,landuse=farmland,53.1227676,-9.7405885,
w1315692620,,farm,landuse=farmland,53.1228043,-9.741009,
w1315692643,,farm,landuse=farmland,53.1225642,-9.7411246,
w1315695967,,farm,landuse=farmland,53.128847,-9.7551301,
w1315695971,,farm,landuse=farmland,53.1293238,-9.7546029,
w1315713525,,farm,landuse=farmland,53.1328524,-9.7609328,
w1315713552,,farm,landuse=farmland,53.1332168,-9.7602704,
w1315713563,,farm,landuse=farmland,53.1333451,-9.7607461,
w1315713566,,farm,landuse=farmland,53.1337046,-9.7606483,
w1315889203,,farm,landuse=farmland,53.1339622,-9.760727,
w1315889216,,farm,landuse=farmland,53.1335855,-9.759655,
w1315889218,,farm,landuse=farmland,53.1338679,-9.7594454,
w1315889229,,farm,landuse=farmland,53.1341696,-9.759299,
w1315889230,,farm,landuse=farmland,53.1344985,-9.7598035,
w1315889910,,farm,landuse=farmland,53.1346059,-9.7603192,
w1315946878,,farm,landuse=farmland,53.129191,-9.7535562,
w1315967973,,farm,landuse=farmland,53.1288438,-9.7531911,
w1315967976,,farm,landuse=farmland,53.128292,-9.7543139,
w1315967982,,farm,landuse=farmland,53.1276223,-9.7528244,
w1315972599,,farm,landuse=farmland,53.1229223,-9.7398503,
w1315972615,,farm,landuse=farmland,53.1229553,-9.7393883,
w1315972622,,farm,landuse=farmland,53.1226309,-9.7391785,
w1315972624,,farm,landuse=farmland,53.1227628,-9.7387875,
w1315976762,,farm,landuse=farmland,53.1223567,-9.7409053,
w1315976770,,farm,landuse=farmland,53.122219,-9.7400765,
w1315976772,,farm,landuse=farmland,53.1223344,-9.7403678,
w1315976779,,farm,landuse=farmland,53.122547,-9.7401039,
w1316964553,,farm,landuse=farmland,53.1224935,-9.7394711,
w1316964578,,farm,landuse=farmland,53.1221984,-9.73943,
w1316969007,,farm,landuse=farmland,53.122923,-9.7423628,
w1316969024,,farm,landuse=farmland,53.1230383,-9.7412695,
w1316969025,,farm,landuse=farmland,53.1232645,-9.7413134,
w1316969026,,farm,landuse=farmland,53.1232264,-9.7420225,
w1316972698,,farm,landuse=farmland,53.1224036,-9.7423958,
w1316972699,,farm,landuse=farmland,53.1224969,-9.7420573,
w1316972700,,farm,landuse=farmland,53.1224084,-9.7417583,
w1317399943,,farm,landuse=farmland,53.1383983,-9.7056214,
w1317399944,,farm,landuse=farmland,53.1379704,-9.7056072,
w1317399955,,farm,landuse=farmland,53.1399444,-9.7082755,
w1317399968,,farm,landuse=farmland,53.1396757,-9.7064915,
w1317399974,,farm,landuse=farmland,53.1397357,-9.7074441,
w1317402633,,farm,landuse=farmland,53.1394893,-9.7057346,
w1317621227,,farm,landuse=farmland,53.141293,-9.7077584,
w1317625464,,farm,landuse=farmland,53.1410816,-9.7066536,
w1317630736,,farm,landuse=farmland,53.1408345,-9.7048687,
w1317630738,,farm,landuse=farmland,53.1404673,-9.7069515,
w1317635684,,farm,landuse=farmland,53.1402405,-9.7046747,
w1317826051,,farm,building=greenhouse,53.2872537,-8.8541961,
w1317930330,,farm,landuse=farmland,53.1359966,-9.6981421,
w1317930331,,farm,landuse=farmland,53.1349948,-9.6985974,
w1318155499,,farm,landuse=farmland,53.1354323,-9.697358,
w1318155527,,farm,landuse=farmland,53.1338309,-9.6886242,
w1318481559,,farm,landuse=farmland,53.125493,-9.7451956,
w1319607707,,farm,landuse=farmland,53.1221591,-9.7424117,
w1319607716,,farm,landuse=farmland,53.1221234,-9.7415097,
w1319611611,,farm,landuse=farmland,53.1216029,-9.7385178,
w1319612907,,farm,landuse=farmland,53.1216683,-9.740273,
w1320089579,,farm,landuse=farmland,53.1255089,-9.7469564,
w1320119526,,farm,landuse=farmland,53.1260683,-9.7511103,
w1320120316,,farm,landuse=farmland,53.1254046,-9.7492497,
w1320435737,,farm,landuse=farmland,53.1356511,-9.6989842,
w1320439904,,farm,landuse=farmland,53.1325157,-9.6888647,
w1320439915,,farm,landuse=farmland,53.1328328,-9.6900344,
w1320439917,,farm,landuse=farmland,53.1327286,-9.6894397,
w1322959215,,farm,landuse=farmland,53.1320192,-9.6875093,
w1322959216,,farm,landuse=farmland,53.1317965,-9.68678,
w1322959249,,farm,landuse=farmland,53.131322,-9.6874932,
w1322964558,,farm,landuse=farmland,53.1307166,-9.6872208,
w1322964568,,farm,landuse=farmland,53.1324162,-9.6869837,
w1322969870,,farm,landuse=farmland,53.1327893,-9.6866401,
w1323131210,,farm,landuse=farmland,53.1355156,-9.6958774,
w1323135283,,farm,landuse=farmland,53.1357326,-9.6955226,
w1323147227,,farm,landuse=farmland,53.1332834,-9.6893719,
w1323147228,,farm,landuse=farmland,53.1335131,-9.6895157,
w1323147229,,farm,landuse=farmland,53.1333766,-9.6888983,
w1323147230,,farm,landuse=farmland,53.1334168,-9.6879275,
w1323151999,,farm,landuse=farmland,53.1331029,-9.6881203,
w1323152005,,farm,landuse=farmland,53.1333834,-9.6904684,
w1323152006,,farm,landuse=farmland,53.1341336,-9.6898528,
w1323152014,,farm,landuse=farmland,53.1294762,-9.687563,
w1323152015,,farm,landuse=farmland,53.1297506,-9.6875598,
w1323161299,,farm,landuse=farmland,53.1383919,-9.760733,
w1323161301,,farm,landuse=farmland,53.1384977,-9.7600858,
w1323192720,,farm,landuse=farmland,53.1340749,-9.7424525,
w1323198751,,farm,landuse=farmland,53.133428,-9.7417943,
w1323201464,,farm,landuse=farmland,53.1342307,-9.7402875,
w1323201486,,farm,landuse=farmland,53.1339731,-9.7414741,
w1323229651,,farm,landuse=farmland,53.1335183,-9.7407888,
w1323231559,,farm,landuse=farmland,53.133015,-9.7406242,
w1323232988,,farm,landuse=farmland,53.1332754,-9.7391407,
w1323232989,,farm,landuse=farmland,53.13369,-9.7379483,
w1323232990,,farm,landuse=farmland,53.1338734,-9.7390715,
w1323237604,,farm,landuse=farmland,53.1349716,-9.741237,
w1323239698,,farm,landuse=farmland,53.133123,-9.7374997,
w1323239699,,farm,landuse=farmland,53.1331038,-9.7380658,
w1323241177,,farm,landuse=farmland,53.1328254,-9.738783,
w1323293451,,farm,landuse=farmland,53.4933099,-9.0552559,
w1323854039,,farm,landuse=farmland,53.1369724,-9.7010636,
w1323854040,,farm,landuse=farmland,53.1371631,-9.700743,
w1323895933,,farm,landuse=farmland,53.1370771,-9.7003057,
w1323895934,,farm,landuse=farmland,53.1371654,-9.7000146,
w1323895935,,farm,landuse=farmland,53.1368229,-9.6982996,
w1323895936,,farm,landuse=farmland,53.1372911,-9.6980471,
w1323898926,,farm,landuse=farmland,53.1373085,-9.7000781,
w1323898927,,farm,landuse=farmland,53.1373441,-9.6994309,
w1324239952,,farm,landuse=farmland,53.4933683,-9.0530509,
w1324400551,,farm,landuse=farmland,53.1406554,-9.701561,
w1324400552,,farm,landuse=farmland,53.140821,-9.7021551,
w1324400553,,farm,landuse=farmland,53.1410459,-9.7032193,
w1324400554,,farm,landuse=farmland,53.140886,-9.7026761,
w1325525428,,farm,landuse=farmland,53.494758,-9.0442096,
w1326297884,,farm,landuse=farmland,53.4825251,-9.0312666,
w1326297885,,farm,landuse=farmland,53.4834771,-9.0347208,
w1326297886,,farm,landuse=farmland,53.4844394,-9.0336913,
w1326297902,,farm,landuse=farmland,53.4883112,-9.0306773,
w1326297903,,farm,landuse=farmland,53.4871223,-9.0320317,
w1326297904,,farm,landuse=farmland,53.488723,-9.033214,
w1326505576,,farm,landuse=farmland,53.1407231,-9.7035568,
w1327276252,,farm,landuse=farmland,53.1397934,-9.7009821,
w1327278312,,farm,landuse=farmland,53.1400439,-9.7027949,
w1327280983,,farm,landuse=farmland,53.138594,-9.7007163,
w1327280984,,farm,landuse=farmland,53.1376427,-9.7015498,
w1327280985,,farm,landuse=farmland,53.139157,-9.702215,
w1327385800,,farm,landuse=farmland,53.488529,-9.0705729,
w1327385801,,farm,landuse=farmland,53.4878281,-9.0710849,
w1327385802,,farm,landuse=farmland,53.4873959,-9.0711866,
w1327385803,,farm,landuse=farmland,53.4869331,-9.0713929,
w1327385819,,farm,landuse=farmland,53.4859017,-9.067713,
w1327855737,,farm,landuse=farmland,53.1338685,-9.6862226,
w1327896926,,farm,landuse=farmland,53.1338948,-9.6870729,
w1327901513,,farm,landuse=farmland,53.1349969,-9.6872985,
w1327901516,,farm,landuse=farmland,53.1353776,-9.6886868,
w1327901517,,farm,landuse=farmland,53.1344679,-9.6884106,
w1327901538,,farm,landuse=farmland,53.1354538,-9.6870408,
w1328421851,,farm,landuse=farmland,53.1330845,-9.6911774,
w1328421852,,farm,landuse=farmland,53.1332464,-9.6923693,
w1328421853,,farm,landuse=farmland,53.1336448,-9.6911432,
w1328421858,,farm,landuse=farmland,53.1339292,-9.6942788,
w1328421865,,farm,landuse=farmland,53.134088,-9.6957802,
w1328431849,,farm,landuse=farmland,53.1351241,-9.6918066,
w1328431850,,farm,landuse=farmland,53.1344002,-9.6915014,
w1328431851,,farm,landuse=farmland,53.1352009,-9.69376,
w1328431852,,farm,landuse=farmland,53.1343375,-9.6934438,
w1329414212,,farm,landuse=farmland,53.1377085,-9.7032573,
w1329414213,,farm,landuse=farmland,53.1383433,-9.7032382,
w1329417044,,farm,landuse=farmland,53.137982,-9.7044589,
w1329417045,,farm,landuse=farmland,53.1383158,-9.705063,
w1329417057,,farm,landuse=farmland,53.1394136,-9.7050939,
w1329418146,,farm,landuse=farmland,53.1392948,-9.7039308,
w1329418716,,farm,landuse=farmland,53.1387435,-9.7042719,
w1329423691,,farm,landuse=farmland,53.1344578,-9.6985668,
w1329423693,,farm,landuse=farmland,53.1344015,-9.6978444,
w1329423694,,farm,landuse=farmland,53.134202,-9.6970844,
w1329423695,,farm,landuse=farmland,53.134011,-9.697937,
w1329423696,,farm,landuse=farmland,53.1339266,-9.698714,
w1333765625,,farm,building=greenhouse,53.2813647,-8.8411266,
w1333768043,,farm,building=greenhouse,53.2843682,-8.8505249,
w1341842371,,farm,landuse=farmland,53.145025,-9.7888049,
w1341842372,,farm,landuse=farmland,53.1453735,-9.7886929,
w1341844815,,farm,landuse=farmland,53.1461331,-9.7843746,
w1341845820,,farm,landuse=farmland,53.146359,-9.7853753,
w1342995634,,farm,landuse=farmland,53.1432494,-9.7697469,
w1342995642,,farm,landuse=farmland,53.1436158,-9.7702115,
w1342995643,,farm,landuse=farmland,53.1432958,-9.770064,
w1342997387,,farm,landuse=farmland,53.1437197,-9.7710839,
w1342997388,,farm,landuse=farmland,53.1436764,-9.7707448,
w1342998008,,farm,landuse=farmland,53.1435005,-9.7711148,
w1346031379,,farm,landuse=farmland,53.1435826,-9.7728327,
w1346031380,,farm,landuse=farmland,53.1439569,-9.7738278,
w1346031381,,farm,landuse=farmland,53.1435972,-9.7738816,
w1346031388,,farm,landuse=farmland,53.1439302,-9.7749424,
w1346031393,,farm,landuse=farmland,53.1432372,-9.771491,
w1346069266,,farm,landuse=farmland,53.142736,-9.7694938,
w1346070809,,farm,landuse=farmland,53.1434115,-9.7692,
w1346070810,,farm,landuse=farmland,53.1431293,-9.7695925,
w1346070813,,farm,landuse=farmland,53.1437126,-9.7717599,
w1346140204,,farm,landuse=farmland,53.1434589,-9.7681606,
w1346140205,,farm,landuse=farmland,53.143081,-9.7683904,
w1346140219,,farm,landuse=farmland,53.1421501,-9.7691448,
w1346140226,,farm,landuse=farmland,53.1415946,-9.7698463,
w1346140227,,farm,landuse=farmland,53.141898,-9.769391,
w1346154440,,farm,landuse=farmland,53.1429732,-9.7676692,
w1346154441,,farm,landuse=farmland,53.1431044,-9.7674767,
w1346434502,,farm,landuse=farmland,53.1442632,-9.7768971,
w1346434529,,farm,landuse=farmland,53.1446244,-9.7746205,
w1346490787,,farm,landuse=farmland,53.1451325,-9.7964058,
w1346493329,,farm,landuse=farmland,53.1460764,-9.7943162,
w1346600257,,farm,landuse=farmland,53.1440037,-9.77265,
w1346601344,,farm,landuse=farmland,53.1446133,-9.7750183,
w1346613473,,farm,landuse=farmland,53.1458076,-9.7795583,
w1346613475,,farm,landuse=farmland,53.1454734,-9.7792833,
w1346616419,,farm,landuse=farmland,53.1459081,-9.7832917,
w1346616420,,farm,landuse=farmland,53.1460767,-9.7841693,
w1346616422,,farm,landuse=farmland,53.1457731,-9.7837799,
w1346616424,,farm,landuse=farmland,53.145769,-9.7826861,
w1346616425,,farm,landuse=farmland,53.146019,-9.7822749,
w1346618785,,farm,landuse=farmland,53.1423276,-9.7658441,
w1346618790,,farm,landuse=farmland,53.1387812,-9.760148,
w1346618791,,farm,landuse=farmland,53.1388964,-9.7596622,
w1346618794,,farm,landuse=farmland,53.1386866,-9.7604913,
w1347280186,,farm,landuse=farmland,53.1453979,-9.791315,
w1347281805,,farm,landuse=farmland,53.1458411,-9.7929455,
w1347281807,,farm,landuse=farmland,53.1458956,-9.793332,
w1347281817,,farm,landuse=farmland,53.1459709,-9.7948452,
w1347281818,,farm,landuse=farmland,53.145847,-9.7943056,
w1347281819,,farm,landuse=farmland,53.1457451,-9.7935261,
w1347281821,,farm,landuse=farmland,53.1459805,-9.7936911,
w1347283101,,farm,landuse=farmland,53.1458299,-9.7925627,
w1347283103,,farm,landuse=farmland,53.1459321,-9.7925601,
w1347292621,,farm,landuse=farmland,53.1458936,-9.7912279,
w1347292676,,farm,landuse=farmland,53.1456978,-9.8008385,
w1347292679,,farm,landuse=farmland,53.1458723,-9.8000862,
w1347292683,,farm,landuse=farmland,53.1454072,-9.8019054,
w1347293292,,farm,landuse=farmland,53.1455514,-9.8012137,
w1347353822,,farm,landuse=farmland,53.1461362,-9.7866784,
w1347356076,,farm,landuse=farmland,53.1451483,-9.7828702,
w1347356077,,farm,landuse=farmland,53.145206,-9.7828942,
w1347356078,,farm,landuse=farmland,53.1452468,-9.7827285,
w1347356079,,farm,landuse=farmland,53.1455466,-9.7829438,
w1347356094,,farm,landuse=farmland,53.145084,-9.782372,
w1347359543,,farm,landuse=farmland,53.1452794,-9.7836816,
w1347359544,,farm,landuse=farmland,53.1454624,-9.7833947,
w1347359552,,farm,landuse=farmland,53.1460375,-9.7795842,
w1347536456,,farm,landuse=farmland,53.1435446,-9.8067686,
w1347536457,,farm,landuse=farmland,53.143394,-9.8057793,
w1347536458,,farm,landuse=farmland,53.1434349,-9.8051913,
w1347540216,,farm,landuse=farmland,53.1431944,-9.8053261,
w1347540219,,farm,landuse=farmland,53.1428896,-9.806156,
w1347540226,,farm,landuse=farmland,53.1433096,-9.8066492,
w1347540227,,farm,landuse=farmland,53.1428985,-9.8066091,
w1347760837,,farm,landuse=farmland,53.1417551,-9.8046096,
w1347844997,,farm,landuse=farmland,53.1439278,-9.8065729,
w1347845016,,farm,landuse=farmland,53.1442471,-9.8066649,
w1348071710,,farm,landuse=farmland,53.1454468,-9.7916841,
w1348071717,,farm,landuse=farmland,53.1459688,-9.792135,
w1349594972,,farm,landuse=farmland,53.1338565,-9.7369424,
w1349596752,,farm,landuse=farmland,53.1329985,-9.736094,
w1349596753,,farm,landuse=farmland,53.1317568,-9.736161,
w1349596772,,farm,landuse=farmland,53.1328468,-9.7367616,
w1351343948,,farm,landuse=farmland,53.326652,-8.1926572,
w1354145782,,farm,landuse=farmland,53.1462541,-9.7795857,
w1354149559,,farm,landuse=farmland,53.146053,-9.7785581,
w1354151986,,farm,landuse=farmland,53.1459179,-9.778087,
w1354152001,,farm,landuse=farmland,53.1455414,-9.7784284,
w1354154070,,farm,landuse=farmland,53.1454954,-9.7776238,
w1354154074,,farm,landuse=farmland,53.1449722,-9.7781607,
w1354154665,,farm,landuse=farmland,53.1462066,-9.7791713,
w1354223915,,farm,landuse=farmland,53.1458942,-9.7799959,
w1354233057,,farm,landuse=farmland,53.1444898,-9.7785783,
w1354233061,,farm,landuse=farmland,53.145081,-9.7795321,
w1354233062,,farm,landuse=farmland,53.145266,-9.7794353,
w1354233063,,farm,landuse=farmland,53.1450769,-9.7790619,
w1354233064,,farm,landuse=farmland,53.1449245,-9.7789117,
w1354233065,,farm,landuse=farmland,53.1446354,-9.7787764,
w1354233066,,farm,landuse=farmland,53.1447965,-9.7785727,
w1354233067,,farm,landuse=farmland,53.1449023,-9.7787038,
w1354233070,,farm,landuse=farmland,53.1461739,-9.7815328,
w1354233071,,farm,landuse=farmland,53.1462436,-9.7810358,
w1354233072,,farm,landuse=farmland,53.1461281,-9.7805983,
w1354236063,,farm,landuse=farmland,53.1454847,-9.7799691,
w1354236068,,farm,landuse=farmland,53.1461031,-9.781892,
w1354240586,,farm,landuse=farmland,53.1446921,-9.7756359,
w1354374006,,farm,landuse=farmland,53.1465682,-9.7810751,
w1354476455,,farm,landuse=farmland,53.1463183,-9.7774379,
w1354476459,,farm,landuse=farmland,53.1467664,-9.7809298,
w1354476473,,farm,landuse=farmland,53.1463776,-9.7814352,
w1354476474,,farm,landuse=farmland,53.1467156,-9.7814002,
w1354478411,,farm,landuse=farmland,53.1469314,-9.7812151,
w1360935835,,farm,landuse=farmland,53.1468034,-9.7804515,
w1360935838,,farm,landuse=farmland,53.1470944,-9.7805878,
w1360935839,,farm,landuse=farmland,53.146957,-9.780174,
w1360937794,,farm,landuse=farmland,53.1465734,-9.7786773,
w1360941783,,farm,landuse=farmland,53.1466696,-9.7820345,
w1360941793,,farm,landuse=farmland,53.1465471,-9.7827042,
w1360947509,,farm,landuse=farmland,53.1451956,-9.789636,
w1360947513,,farm,landuse=farmland,53.1454067,-9.7896437,
w1360947515,,farm,landuse=farmland,53.1450553,-9.7895588,
w1360947538,,farm,landuse=farmland,53.1457723,-9.7869965,
w1360951369,,farm,landuse=farmland,53.1459667,-9.7863052,
w1360951370,,farm,landuse=farmland,53.1459023,-9.785962,
w1360951391,,farm,landuse=farmland,53.1456091,-9.7886074,
w1360951394,,farm,landuse=farmland,53.1455713,-9.7880036,
w1367950072,,farm,building=greenhouse,53.6589059,-8.8051544,
w1367955484,,farm,building=greenhouse,53.61937,-8.9792822,
w1367964896,,farm,building=greenhouse,53.5744184,-8.968051,
w1367974098,,farm,building=greenhouse,53.5243535,-8.8700427,
w1368060023,,farm,building=greenhouse,53.5249276,-8.8497648,
w1368069296,,farm,building=greenhouse,53.5220254,-8.8325933,
w1368072644,,farm,building=greenhouse,53.5236654,-8.851096,
w1368073396,,farm,building=greenhouse,53.5237425,-8.8594444,
w1368076703,,farm,building=greenhouse,53.5189919,-8.8716341,
w1368076704,,farm,building=greenhouse,53.5189513,-8.8717672,
w1368094584,,farm,building=greenhouse,53.5172075,-8.8719837,
w1368109151,,farm,building=greenhouse,53.5136956,-8.8648873,
w1368513710,,farm,building=greenhouse,53.5092516,-8.8467294,
w1369204137,,farm,building=greenhouse,53.5122916,-8.8488362,
w1369208830,,farm,building=greenhouse,53.510261,-8.8381581,
w1369801596,,farm,landuse=farmland,53.4005262,-8.8237422,
w1369911155,,farm,landuse=farmland,53.4725418,-9.0983775,
w1370106761,,farm,building=greenhouse,53.4902996,-8.5666407,
w1370341057,,farm,landuse=farmland,53.4723975,-8.4916039,
w1370341058,,farm,landuse=farmland,53.4740207,-8.4899022,
w1370342219,,farm,landuse=farmland,53.4688436,-8.4833844,
w1370342220,,farm,landuse=farmland,53.4692497,-8.4833139,
w1370352807,,farm,landuse=farmland,53.4546735,-8.2970958,
w1370359139,,farm,building=greenhouse,53.5232684,-8.3291207,
w1370361591,,farm,building=greenhouse,53.5268696,-8.3232942,
w1370530121,,farm,building=greenhouse,53.5210044,-8.3270586,
w1370621260,,farm,landuse=farmland,53.5543831,-8.3030212,
w1370721897,,farm,building=greenhouse,53.3236752,-8.2406847,
w1370724924,,farm,building=greenhouse,53.3319598,-8.2348292,
w1375421857,,farm,building=greenhouse,53.4801091,-8.6773032,
w1375428969,,farm,building=greenhouse,53.5116244,-8.6765341,
w1375429768,,farm,building=greenhouse,53.5150011,-8.6753406,
w1377870896,,farm,landuse=farmland,53.5788014,-8.5836733,
w1377870897,,farm,landuse=farmland,53.5788362,-8.5879516,
w1379355692,,farm,landuse=farmland,53.6224421,-8.676804,
w1379361501,,farm,landuse=farmland,53.6606071,-8.6714302,
w1379365108,,farm,building=greenhouse,53.6674826,-8.6874531,
w1380072765,,farm,building=greenhouse,53.5092055,-8.6805486,
w1380076061,,farm,landuse=farmland,53.6849225,-8.4454044,
w1380696405,,farm,landuse=farmland,53.4802593,-8.6817929,
w1381528574,,farm,building=greenhouse,53.4567146,-8.6844818,
w1381530590,,farm,building=greenhouse,53.4397792,-8.6797223,
w1381530591,,farm,building=greenhouse,53.4398446,-8.6796113,
w1381531417,,farm,building=greenhouse,53.4321972,-8.70971,
w1381532764,,farm,building=greenhouse,53.4350314,-8.716067,
w1381548235,,farm,building=greenhouse,53.4339416,-8.756203,
w1381548236,,farm,building=greenhouse,53.4339985,-8.7560752,
w1381549708,,farm,building=greenhouse,53.4009039,-8.6446471,
w1381550659,,farm,building=greenhouse,53.3949301,-8.6025162,
w1381836512,,farm,landuse=farmland,53.5579678,-8.6587775,
w1381837887,,farm,landuse=farmland,53.5535102,-8.6486812,
w1381850901,,farm,building=greenhouse,53.4907824,-10.0172919,
w1381941556,,farm,building=greenhouse,53.5366129,-8.6607613,
w1382731208,,farm,building=greenhouse,53.4655698,-8.6637313,
w1382859564,,farm,building=greenhouse,53.472794,-8.700718,
w1382878399,,farm,building=greenhouse,53.4060706,-8.9793918,
w1383313867,,farm,building=greenhouse,53.6218151,-8.6973797,
w1383648876,,farm,landuse=farmland,53.5297718,-8.722008,
w1383649018,,farm,landuse=farmland,53.3193141,-8.2309163,
w1383743668,,farm,building=greenhouse,53.6661751,-8.6956422,
w1383745188,,farm,building=greenhouse,53.5465375,-8.7086063,
w1383747179,,farm,landuse=farmland,53.5632802,-8.7084277,
w1383747813,,farm,landuse=farmland,53.5769579,-8.708695,
w1383747814,,farm,landuse=farmland,53.5772124,-8.706013,
w1384158146,,farm,landuse=farmland,53.627538,-8.7173185,
w1384158155,,farm,landuse=farmland,53.6265744,-8.7129039,
w1384943172,,farm,building=greenhouse,53.5932136,-8.7228759,
w1385157944,,farm,landuse=farmland,53.5342213,-8.7161493,
w1385162277,,farm,building=greenhouse,53.4792118,-8.7188226,
w1385167364,,farm,building=greenhouse,53.4402843,-8.7290111,
w1385191709,,farm,building=greenhouse,53.4742752,-8.7279313,
w1385319929,,farm,building=greenhouse,53.6015914,-8.7337567,
w1385319930,,farm,building=greenhouse,53.6016761,-8.7338519,
w1385551113,,farm,building=greenhouse,53.6348216,-8.7307169,
w1385844082,,farm,building=greenhouse,53.6200162,-8.7430339,
w1385897346,,farm,building=greenhouse,53.6083255,-8.7384187,
w1385979008,,farm,building=greenhouse,53.3275876,-8.2695443,
w1385979009,,farm,building=greenhouse,53.3271831,-8.2700805,
w1385979010,,farm,building=greenhouse,53.3271931,-8.2698955,
w1385979011,,farm,building=greenhouse,53.3271001,-8.2696916,
w1385979012,,farm,building=greenhouse,53.3268154,-8.2700443,
w1385979013,,farm,building=greenhouse,53.3268255,-8.2698579,
w1385979014,,farm,building=greenhouse,53.326459,-8.2698156,
w1385979015,,farm,building=greenhouse,53.3264486,-8.270001,
w1385982877,,farm,building=greenhouse,53.514139,-8.8921884,
w1385982882,,farm,building=greenhouse,53.5137776,-8.8934366,
w1386321315,,farm,building=greenhouse,53.5103474,-8.9990163,
w1386321316,,farm,building=greenhouse,53.5103254,-8.9988902,
w1386968162,,farm,building=greenhouse,53.5140961,-9.0123872,
w1386974377,,farm,building=greenhouse,53.5337413,-8.7534409,
w1386999533,,farm,building=greenhouse,53.6466304,-8.7467207,
w1387003567,,farm,building=greenhouse,53.622569,-8.753028,
w1387091950,,farm,building=greenhouse,53.6405068,-8.7570957,
w1387094676,,farm,building=greenhouse,53.6101793,-8.7670201,
w1387313511,,farm,building=greenhouse,53.5801849,-8.7609644,
w1387313522,,farm,building=greenhouse,53.5804129,-8.7649219,
w1387392241,,farm,landuse=farmland,53.5306471,-8.7574581,
w1387785941,,farm,building=greenhouse,53.6255616,-8.7758724,
w1387785987,,farm,building=greenhouse,53.6268,-8.7710961,
w1387791480,,farm,building=greenhouse,53.5280644,-8.7705633,
w1387797287,,farm,building=greenhouse,53.6122374,-8.7687009,
w1387867725,,farm,building=greenhouse,53.6396297,-8.7861875,
w1387871465,,farm,building=greenhouse,53.6415695,-8.7908843,
w1388042546,,farm,building=greenhouse,53.622821,-8.7925862,
w1388042581,,farm,building=greenhouse,53.6219412,-8.7974375,
w1388047906,,farm,building=greenhouse,53.5901592,-8.7988978,
w1388103882,,farm,building=greenhouse,53.5987882,-8.8058782,
w1388105312,,farm,building=greenhouse,53.6226686,-8.8074866,
w1388107918,,farm,building=greenhouse,53.6435561,-8.8021674,
w1388192286,,farm,building=greenhouse,53.5851462,-8.8192149,
w1388194029,,farm,building=greenhouse,53.6020041,-8.8190929,
w1388196891,,farm,building=greenhouse,53.6199581,-8.8180604,
w1388198351,,farm,building=greenhouse,53.6311348,-8.8175738,
w1388198363,,farm,building=greenhouse,53.630433,-8.8194697,
w1388198384,,farm,building=greenhouse,53.6297989,-8.817416,
w1388199361,,farm,building=greenhouse,53.6366086,-8.8197675,
w1388199362,,farm,building=greenhouse,53.6366359,-8.8197439,
w1388199363,,farm,building=greenhouse,53.6366653,-8.8197225,
w1388199926,,farm,building=greenhouse,53.6395346,-8.8177796,
w1388202234,,farm,building=greenhouse,53.636394,-8.8308221,
w1388202252,,farm,building=greenhouse,53.6320804,-8.8246177,
w1388202484,,farm,building=greenhouse,53.631613,-8.8227293,
w1388202485,,farm,building=greenhouse,53.6315673,-8.8227683,
w1388202486,,farm,building=greenhouse,53.6314878,-8.822654,
w1388535469,,farm,building=greenhouse,53.5658785,-8.8350181,
w1388535470,,farm,building=greenhouse,53.5657728,-8.8348124,
w1388535471,,farm,building=greenhouse,53.5657485,-8.8347186,
w1388535472,,farm,building=greenhouse,53.5657232,-8.834621,
w1388535473,,farm,building=greenhouse,53.565698,-8.8345238,
w1388535474,,farm,building=greenhouse,53.5657985,-8.8349114,
w1388535475,,farm,building=greenhouse,53.566075,-8.8345786,
w1388535476,,farm,building=greenhouse,53.5660143,-8.8344233,
w1388535477,,farm,building=greenhouse,53.5659648,-8.8342199,
w1388535478,,farm,building=greenhouse,53.5661075,-8.8340707,
w1388535479,,farm,building=greenhouse,53.5659303,-8.8338165,
w1388602804,,farm,building=greenhouse,53.6395143,-8.8342555,
w1388602805,,farm,building=greenhouse,53.6394748,-8.8344356,
w1388654718,,farm,building=greenhouse,53.5791918,-8.8494777,
w1389036338,,farm,building=greenhouse,53.6341282,-8.8577061,
w1389046239,,farm,building=greenhouse,53.5813768,-8.8555695,
w1389048847,,farm,building=greenhouse,53.5624849,-8.8579258,
w1389077448,,farm,building=greenhouse,53.5313237,-9.0475618,
w1389339540,,farm,building=greenhouse,53.5428172,-8.8674608,
w1389339573,,farm,building=greenhouse,53.5416697,-8.8750064,
w1389344406,,farm,building=greenhouse,53.5941409,-8.8687952,
w1389347905,,farm,building=greenhouse,53.6187984,-8.8665197,
w1389361120,,farm,building=greenhouse,53.5579636,-8.8895343,
w1389664000,,farm,building=greenhouse,53.6143061,-8.8886369,
w1389881488,,farm,building=greenhouse,53.5696423,-9.0308893,
w1390072038,,farm,building=greenhouse,53.5949513,-8.946015,
w1390135630,,farm,building=greenhouse,53.582181,-8.9941332,
w1390201827,,farm,building=greenhouse,53.5836631,-8.9399758,
w1390202974,,farm,building=greenhouse,53.5839628,-8.9152251,
w1390205677,,farm,landuse=farmland,53.5771644,-8.8945447,
w1390206937,,farm,building=greenhouse,53.5715362,-8.8966273,
w1390206941,,farm,building=greenhouse,53.5713678,-8.8960813,
w1390211362,,farm,landuse=farmland,53.5509778,-8.8978798,
w1390211363,,farm,landuse=farmland,53.5516569,-8.8989311,
w1390213828,,farm,building=greenhouse,53.5391957,-8.8887409,
w1390213832,,farm,building=greenhouse,53.5393043,-8.8902472,
w1390215127,,farm,building=greenhouse,53.514514,-8.8946946,
w1390227405,,farm,landuse=farmland,53.5369191,-8.906318,
w1390228094,,farm,building=greenhouse,53.5465616,-8.9019323,
w1390230184,,farm,building=greenhouse,53.5526914,-8.9083455,
w1390230245,,farm,building=greenhouse,53.5477143,-8.8999625,
w1390234750,,farm,building=greenhouse,53.5738419,-8.9204599,
w1390239716,,farm,building=greenhouse,53.5756827,-9.0047039,
w1390239717,,farm,building=greenhouse,53.5756178,-9.0048114,
w1390239718,,farm,building=greenhouse,53.5755529,-9.0049188,
w1390239719,,farm,building=greenhouse,53.5754879,-9.0050263,
w1390239720,,farm,building=greenhouse,53.575423,-9.0051338,
w1390239721,,farm,building=greenhouse,53.5753581,-9.0052413,
w1390664970,,farm,landuse=farmland,53.5609676,-9.0168706,
w1390794685,,farm,building=greenhouse,53.5610506,-8.9230057,
w1390816006,,farm,landuse=farmland,53.5408366,-8.9106792,
w1390816035,,farm,landuse=farmland,53.5454443,-8.9120555,
w1390816732,,farm,landuse=farmland,53.5397846,-8.9113619,
w1391021959,,farm,building=greenhouse,53.5431672,-9.0175722,
w1391021962,,farm,building=greenhouse,53.5417971,-9.0160653,
w1391024785,,farm,landuse=farmland,53.5228451,-8.9991103,
w1391024791,,farm,landuse=farmland,53.5214287,-8.9991841,
w1391024796,,farm,landuse=farmland,53.5217342,-9.0028037,
w1391024797,,farm,landuse=farmland,53.5229843,-9.0037814,
w1391024798,,farm,landuse=farmland,53.5229145,-9.0017241,
w1391024799,,farm,landuse=farmland,53.5242018,-9.0030303,
w1391053539,,farm,building=greenhouse,53.4669743,-8.7418706,
w1391198984,,farm,building=greenhouse,53.4804321,-8.7662724,
w1391211543,,farm,landuse=farmland,53.4628294,-8.7775531,
w1391211544,,farm,landuse=farmland,53.4639535,-8.7768544,
w1391211545,,farm,landuse=farmland,53.4650689,-8.7768584,
w1391214611,,farm,building=greenhouse,53.4555953,-8.7709198,
w1391218410,,farm,landuse=farmland,53.4523516,-8.7713572,
w1391233784,,farm,building=greenhouse,53.4458553,-8.7846892,
w1391249796,,farm,building=greenhouse,53.4049112,-8.8373728,
w1391249814,,farm,building=greenhouse,53.4077772,-8.842131,
w1391684568,,farm,building=greenhouse,53.4974118,-8.7998158,
w1391684888,,farm,landuse=farmland,53.4894018,-8.7949898,
w1391696553,,farm,building=greenhouse,53.4822441,-8.7935726,
w1391698000,,farm,building=greenhouse,53.469341,-8.7928454,
w1391699439,,farm,building=greenhouse,53.4580373,-8.795052,
w1391699444,,farm,building=greenhouse,53.4586011,-8.7939223,
w1391707566,,farm,building=greenhouse,53.414855,-8.8055767,
w1391707567,,farm,building=greenhouse,53.4149135,-8.8056215,
w1391707568,,farm,building=greenhouse,53.4149737,-8.8056504,
w1391717299,,farm,building=greenhouse,53.4873721,-8.8099797,
w1391785438,,farm,building=greenhouse,53.490876,-8.8024461,
w1391785451,,farm,building=greenhouse,53.4930085,-8.8025774,
w1391785462,,farm,building=greenhouse,53.4931459,-8.8043275,
w1391786243,,farm,building=greenhouse,53.492851,-8.8060693,
w1391788566,,farm,landuse=farmland,53.4950828,-8.8002607,
w1391788622,,farm,building=greenhouse,53.4953596,-8.8044116,
w1391790748,,farm,building=greenhouse,53.4925129,-8.8124373,
w1391791380,,farm,building=greenhouse,53.4702121,-8.8143953,
w1392844053,,farm,landuse=farmland,53.4418033,-8.8139275,
w1392846427,,farm,building=greenhouse,53.428227,-8.8166682,
w1392846428,,farm,building=greenhouse,53.4281432,-8.8164499,
w1392846452,,farm,building=greenhouse,53.4237869,-8.8146845,
w1392847530,,farm,landuse=farmland,53.4189575,-8.8173611,
w1392852613,,farm,building=greenhouse,53.435683,-8.8309837,
w1393381136,,farm,building=greenhouse,53.4481511,-8.8318874,
w1393390142,,farm,building=greenhouse,53.4746385,-8.8414534,
w1393480562,,farm,building=greenhouse,53.4160941,-8.8434055,
w1393672881,,farm,building=greenhouse,53.4149479,-8.8494452,
w1393674488,,farm,building=greenhouse,53.4204715,-8.8505532,
w1393676111,,farm,building=greenhouse,53.4231449,-8.8461364,
w1393676112,,farm,building=greenhouse,53.4232296,-8.8463462,
w1393679633,,farm,building=greenhouse,53.4388204,-8.8512477,
w1393680919,,farm,building=greenhouse,53.452121,-8.8541401,
w1393907436,,farm,building=greenhouse,53.4376993,-8.8554311,
w1393907462,,farm,building=greenhouse,53.4359467,-8.8564582,
w1393907475,,farm,building=greenhouse,53.4365228,-8.8558336,
w1393933664,,farm,building=greenhouse,53.4022387,-8.8733381,
w1393944789,,farm,building=greenhouse,53.4367862,-8.8713504,
w1393944796,,farm,building=greenhouse,53.4376154,-8.8689245,
w1393944797,,farm,building=greenhouse,53.4371864,-8.8682475,
w1393955380,,farm,building=greenhouse,53.44318,-8.8696024,
w1394019340,,farm,building=greenhouse,53.4900493,-8.8862639,
w1394022127,,farm,building=greenhouse,53.4783547,-8.8824517,
w1394028117,,farm,building=greenhouse,53.4397607,-8.8858822,
w1394031658,,farm,building=greenhouse,53.4198868,-8.8853799,
w1394032351,,farm,building=greenhouse,53.4039564,-8.8809241,
w1394048718,,farm,building=greenhouse,53.3974617,-8.8898822,
w1394216099,,farm,building=greenhouse,53.4846938,-8.8895565,
w1394219586,,farm,building=greenhouse,53.4595087,-8.8961249,
w1394219587,,farm,building=greenhouse,53.4595651,-8.8960649,
w1394220929,,farm,building=greenhouse,53.4457172,-8.8986713,
w1394222234,,farm,building=greenhouse,53.4370703,-8.8987161,
w1394233291,,farm,building=greenhouse,53.4274642,-8.8924937,
w1394233670,,farm,landuse=farmland,53.4186964,-8.8923617,
w1394236144,,farm,building=greenhouse,53.4021831,-8.9073804,
w1394236145,,farm,building=greenhouse,53.4022188,-8.9072188,
w1395156411,,farm,building=greenhouse,53.4438323,-8.9018092,
w1395311901,,farm,building=greenhouse,53.4096325,-8.9182739,
w1395328593,,farm,landuse=farmland,53.4848575,-8.9113494,
w1395329666,,farm,building=greenhouse,53.4910496,-8.9164521,
w1395329667,,farm,building=greenhouse,53.4919051,-8.9182809,
w1395334696,,farm,building=greenhouse,53.4801222,-8.9265175,
w1395339803,,farm,building=greenhouse,53.4542264,-8.9212919,
w1395339815,,farm,building=greenhouse,53.4531185,-8.921535,
w1395350090,,farm,building=greenhouse,53.414825,-8.9518848,
w1395473321,,farm,building=greenhouse,53.4468573,-8.9397303,
w1395476667,,farm,building=greenhouse,53.4581189,-8.9367564,
w1395486908,,farm,building=greenhouse,53.4789415,-8.9397955,
w1395556258,,farm,building=greenhouse,53.4759916,-9.1151478,
w1395556270,,farm,building=greenhouse,53.4768831,-9.1141684,
w1395565471,,farm,building=greenhouse,53.46227,-8.949795,
w1395583133,,farm,building=greenhouse,53.4555977,-8.9556482,
w1395586889,,farm,landuse=farmland,53.4905492,-8.9631472,
w1395602752,,farm,building=greenhouse,53.4124625,-8.9838422,
w1408631741,,farm,landuse=farmland,53.4965292,-8.9819482,
w1408674509,,farm,building=greenhouse,53.4150655,-9.0248962,
w1408674510,,farm,building=greenhouse,53.415157,-9.0247534,
w1408674516,,farm,building=greenhouse,53.4152309,-9.0259569,
w1408677670,,farm,building=greenhouse,53.419492,-9.0201984,
w1408679418,,farm,building=greenhouse,53.4207168,-9.0166254,
w1408758471,,farm,landuse=farmland,53.4250842,-9.0492261,
w1408761564,,farm,landuse=farmland,53.4254213,-9.0395807,
w1408772699,,farm,building=greenhouse,53.4348126,-9.0329486,
w1408772713,,farm,building=greenhouse,53.434207,-9.0308596,
w1408774792,,farm,building=greenhouse,53.4306539,-9.0210459,
w1409299548,,farm,building=greenhouse,53.4360698,-9.0522331,
w1409873122,,farm,building=greenhouse,53.4433072,-9.0441886,
w1409873164,,farm,building=greenhouse,53.4466614,-9.0430956,
w1409880826,,farm,building=greenhouse,53.4543824,-9.0589682,
w1409885798,,farm,building=greenhouse,53.4525999,-9.0443328,
w1409889223,,farm,landuse=farmland,53.4499426,-9.0180374,
w1409896155,,farm,building=greenhouse,53.46113,-9.0664267,
w1409898258,,farm,building=greenhouse,53.458056,-9.057759,
w1410004474,,farm,building=greenhouse,53.4580834,-9.0082236,
w1410006820,,farm,building=greenhouse,53.4663025,-9.0060314,
w1410133779,,farm,building=greenhouse,53.4633194,-9.0564546,
w1410138015,,farm,building=greenhouse,53.4633657,-9.0725779,
w1410201517,,farm,building=greenhouse,53.4796808,-9.0686556,
w1410203380,,farm,building=greenhouse,53.4923694,-9.0598032,
w1410386040,,farm,landuse=farmland,53.4975438,-9.0146466,
w1410390197,,farm,building=greenhouse,53.4904409,-9.0148512,
w1410406215,,farm,building=greenhouse,53.468738,-9.0326386,
w1410425465,,farm,landuse=farmland,53.5533995,-8.5631011,
w1410425534,,farm,building=greenhouse,53.5568092,-8.5623143,
w1410448983,,farm,building=greenhouse,53.4993965,-8.4146104,
w1410448986,,farm,building=greenhouse,53.4993709,-8.4141608,
w1410450739,,farm,building=greenhouse,53.5598246,-8.3732816,
w1410450743,,farm,building=greenhouse,53.5596831,-8.3815801,
w1410522092,,farm,building=greenhouse,53.33719,-8.2589265,
w1410522097,,farm,building=greenhouse,53.3374186,-8.2592153,
w1410522098,,farm,building=greenhouse,53.3372114,-8.259339,
w1410525889,,farm,building=greenhouse,53.3410636,-8.2538817,
w1410525926,,farm,building=greenhouse,53.3375508,-8.2591834,
w1410530724,,farm,landuse=farmland,53.3647407,-8.2471571,
w1410531290,,farm,building=greenhouse,53.3747376,-8.24789,
w1410531291,,farm,building=greenhouse,53.3747494,-8.2477043,
w1410581259,,farm,building=greenhouse,53.3674992,-8.3083343,
w1410581323,,farm,building=greenhouse,53.3663909,-8.310436,
w1410583754,,farm,building=greenhouse,53.3715452,-8.313833,
w1410591615,,farm,building=greenhouse,53.377207,-8.3140659,
w1410605095,,farm,building=greenhouse,53.3954512,-8.2905158,
w1410606925,,farm,building=greenhouse,53.3945807,-8.2711356,
w1410631537,,farm,building=greenhouse,53.3997287,-8.2868116,
w1410711105,,farm,landuse=farmland,53.5383301,-8.4834181,
w1410713157,,farm,building=greenhouse,53.461384,-8.484378,
w1410714504,,farm,building=greenhouse,53.4600075,-8.4828387,
w1410715287,,farm,building=greenhouse,53.4448246,-8.4822114,
w1410724302,,farm,building=greenhouse,53.3963215,-8.5966649,
w1410740712,,farm,building=greenhouse,53.4157081,-8.6188106,
w1410852500,,farm,landuse=farmland,53.4140443,-8.573775,
w1410856034,,farm,building=greenhouse,53.4098468,-8.5148138,
w1410857971,,farm,building=greenhouse,53.4123121,-8.4990537,
w1410968264,,farm,landuse=farmland,53.4168979,-8.5204003,
w1410969074,,farm,building=greenhouse,53.4183547,-8.5088921,
w1410969241,,farm,landuse=farmland,53.4206407,-8.4955805,
w1411039442,,farm,landuse=farmland,53.4250841,-8.5646246,
w1411039443,,farm,landuse=farmland,53.4256036,-8.5631507,
w1411102758,,farm,landuse=farmland,53.4273568,-8.5505511,
w1411273202,,farm,building=greenhouse,53.427205,-8.4931361,
w1411282086,,farm,building=greenhouse,53.4325643,-8.5897274,
w1411286666,,farm,building=greenhouse,53.4314381,-8.6524887,
w1411602153,,farm,building=greenhouse,53.4368319,-8.5004578,
w1411602154,,farm,building=greenhouse,53.4368122,-8.5005676,
w1411603578,,farm,building=greenhouse,53.4612135,-8.4955144,
w1411798190,,farm,building=greenhouse,53.4428939,-8.5924522,
w1411810138,,farm,building=greenhouse,53.4498771,-8.6449072,
w1412324719,,farm,building=greenhouse,53.4501546,-8.6128548,
w1412324761,,farm,building=greenhouse,53.4543071,-8.6094096,
w1412329294,,farm,building=greenhouse,53.4509059,-8.5738166,
w1412334184,,farm,landuse=farmland,53.4589257,-8.6493384,
w1412335460,,farm,building=greenhouse,53.4557725,-8.5454068,
w1412342145,,farm,landuse=farmland,53.4600013,-8.5865843,
w1412345799,,farm,building=greenhouse,53.4572542,-8.5620942,
w1412346250,,farm,building=greenhouse,53.4649193,-8.6500803,
w1412349263,,farm,building=greenhouse,53.467585,-8.6526165,
w1412353464,,farm,landuse=farmland,53.4686223,-8.6450547,
w1412556549,,farm,building=greenhouse,53.4655741,-8.5752841,
w1412572712,,farm,building=greenhouse,53.47672,-8.615616,
w1412717742,,farm,building=greenhouse,53.4896979,-8.6118437,
w1412886448,,farm,building=greenhouse,53.4895006,-8.5198184,
w1412895968,,farm,building=greenhouse,53.549791,-8.564533,
w1413920305,,farm,landuse=farmland,53.5071887,-8.5851181,
w1413926734,,farm,landuse=farmland,53.5124971,-8.5414035,
w1413926735,,farm,landuse=farmland,53.5106262,-8.5387212,
w1413933486,,farm,landuse=farmland,53.5084896,-8.5327747,
w1413933497,,farm,landuse=farmland,53.5106629,-8.5298404,
w1413934859,,farm,building=greenhouse,53.5202605,-8.5460813,
w1413936667,,farm,building=greenhouse,53.521771,-8.5455096,
w1414171012,,farm,building=greenhouse,53.5333675,-8.6518787,
w1414866117,,farm,landuse=farmland,53.1039703,-9.6754255,
w1415860004,,farm,building=greenhouse,53.5152617,-8.4808841,
w1415934888,,farm,building=greenhouse,53.4103872,-8.7061105,
w1415934905,,farm,building=greenhouse,53.4097072,-8.7070426,
w1415934906,,farm,building=greenhouse,53.4097427,-8.7070717,
w1415934907,,farm,building=greenhouse,53.4097962,-8.7071177,
w1415945275,,farm,building=greenhouse,53.3998913,-8.7212613,
w1415945298,,farm,building=greenhouse,53.402683,-8.7215315,
w1415949531,,farm,building=greenhouse,53.3979121,-8.702158,
w1415957273,,farm,building=greenhouse,53.387046,-8.65275,
w1415964673,,farm,building=greenhouse,53.6168324,-8.6301172,
w1416577126,,farm,building=greenhouse,53.3691702,-8.4078539,
w1416602938,,farm,building=greenhouse,53.3586525,-8.3999283,
w1416612131,,farm,building=greenhouse,53.3651017,-8.3926293,
w1416615706,,farm,building=greenhouse,53.354406,-8.3539717,
w1416619321,,farm,building=greenhouse,53.3752066,-8.3185785,
w1416619322,,farm,building=greenhouse,53.3752387,-8.3186218,
w1416627235,,farm,building=greenhouse,53.3490745,-8.4129751,
w1416927737,,farm,building=greenhouse,53.3259567,-8.2776597,
w1416927745,,farm,building=greenhouse,53.3255738,-8.2756643,
w1417031706,,farm,building=greenhouse,53.3237146,-8.2789092,
w1417037369,,farm,building=greenhouse,53.3090478,-8.2785596,
w1417041521,,farm,building=greenhouse,53.3043823,-8.2815409,
w1417047803,,farm,building=greenhouse,53.3119872,-8.2614224,
w1417047805,,farm,building=greenhouse,53.3120133,-8.261655,
w1417047806,,farm,building=greenhouse,53.3120475,-8.2613411,
w1417569329,,farm,building=greenhouse,53.3049606,-8.2405827,
w1417569337,,farm,building=greenhouse,53.305041,-8.2427957,
w1417569352,,farm,building=greenhouse,53.3080043,-8.2443872,
w1417569353,,farm,building=greenhouse,53.3081295,-8.2443528,
w1417578580,,farm,building=greenhouse,53.2895587,-8.2613644,
w1417578598,,farm,building=greenhouse,53.2849935,-8.2489923,
w1417579718,,farm,landuse=farmland,53.3086422,-8.2623223,
w1417588025,,farm,building=greenhouse,53.300193,-8.3129572,
w1417598587,,farm,building=greenhouse,53.2984319,-8.3430527,
w1417600462,,farm,building=greenhouse,53.3041983,-8.3518457,
w1417612508,,farm,building=greenhouse,53.3079324,-8.3865817,
w1417713128,,farm,building=greenhouse,53.3282023,-8.3230117,
w1417951404,,farm,building=greenhouse,53.5401231,-8.616848,
w1417952359,,farm,building=greenhouse,53.5380247,-8.5980389,
w1418065893,,farm,building=greenhouse,53.4992377,-8.422307,
w1418065916,,farm,building=greenhouse,53.4963911,-8.421348,
w1418067924,,farm,landuse=farmland,53.4953026,-8.3993362,
w1418067974,,farm,landuse=farmland,53.4983737,-8.4007108,
w1418075482,,farm,building=greenhouse,53.49803,-8.3500824,
w1418093150,,farm,landuse=farmland,53.4989736,-8.2883464,
w1418115802,,farm,building=greenhouse,53.5130721,-8.3139682,
w1418150950,,farm,building=greenhouse,53.5157272,-8.3246631,
w1418498975,,farm,building=greenhouse,53.5243701,-8.3538999,
w1418498981,,farm,building=greenhouse,53.5222417,-8.3518762,
w1418535463,,farm,building=greenhouse,53.5105589,-8.3770623,
w1418715434,,farm,landuse=farmland,53.5234969,-8.4759938,
w1418720260,,farm,building=greenhouse,53.5052151,-8.4446003,
w1418781136,,farm,building=greenhouse,53.4590914,-8.4331726,
w1418959433,,farm,landuse=farmland,53.5281238,-9.0421859,
w1418959437,,farm,landuse=farmland,53.528458,-9.0467901,
w1418959438,,farm,landuse=farmland,53.5283902,-9.0478721,
w1418959443,,farm,landuse=farmland,53.5292071,-9.0467301,
w1418959444,,farm,landuse=farmland,53.5293341,-9.0473302,
w1419050685,,farm,landuse=farmland,53.5278774,-9.0440924,
w1419136743,,farm,building=greenhouse,53.4377043,-8.425024,
w1419136774,,farm,building=greenhouse,53.441193,-8.4220835,
w1419277597,,farm,building=greenhouse,53.3872912,-9.0749027,
w1419277607,,farm,building=greenhouse,53.3875282,-9.0740386,
w1419278903,,farm,building=greenhouse,53.3813293,-9.0681292,
w1419282597,,farm,building=greenhouse,53.4280971,-8.4615028,
w1419282600,,farm,building=greenhouse,53.42766,-8.4619153,
w1419284777,,farm,building=greenhouse,53.4044318,-8.4082193,
w1419284786,,farm,building=greenhouse,53.4051683,-8.4094873,
w1419289776,,farm,building=greenhouse,53.4717969,-8.363239,
w1419350415,,farm,building=greenhouse,53.4137978,-8.3500134,
w1419355311,,farm,building=greenhouse,53.4464243,-8.33959,
w1419601563,,farm,building=greenhouse,53.4766731,-8.3507355,
w1419601564,,farm,building=greenhouse,53.4767521,-8.3509139,
w1419602905,,farm,building=greenhouse,53.4833939,-8.3433237,
w1419605108,,farm,building=greenhouse,53.4791481,-8.2889714,
w1419643536,,farm,building=greenhouse,53.560468,-8.3788462,
w1419652637,,farm,building=greenhouse,53.633812,-8.4603621,
w1419668281,,farm,building=greenhouse,53.6573705,-8.4716566,
w1419691817,,farm,building=greenhouse,53.6570094,-8.5262264,
w1419748881,,farm,landuse=farmland,53.5256656,-9.0121183,
w1419748882,,farm,landuse=farmland,53.5252584,-9.014155,
w1419962144,,farm,building=greenhouse,53.6022191,-8.5208237,
w1419973721,,farm,building=greenhouse,53.5614279,-8.5611714,
w1419985549,,farm,building=greenhouse,53.5640737,-8.5946512,
w1419988721,,farm,building=greenhouse,53.5964886,-8.5975896,
w1419993136,,farm,building=greenhouse,53.5733669,-8.604473,
w1419997732,,farm,landuse=farmland,53.5785556,-8.6482498,
w1420000341,,farm,building=greenhouse,53.5991516,-8.6191183,
w1420009029,,farm,building=greenhouse,53.615803,-8.5994123,
w1420026009,,farm,building=greenhouse,53.6430146,-8.5394822,
w1420067964,,farm,building=greenhouse,53.6415768,-8.5240848,
w1420068632,,farm,building=greenhouse,53.6460436,-8.5373924,
w1420068633,,farm,building=greenhouse,53.6459289,-8.537308,
w1420071444,,farm,building=greenhouse,53.6033025,-8.5603021,
w1420074753,,farm,building=greenhouse,53.6394521,-8.633889,
w1420193647,,farm,landuse=farmland,53.5205239,-9.00241,
w1420261453,,farm,building=greenhouse,53.6379305,-8.6482656,
w1420261463,,farm,building=greenhouse,53.6358449,-8.6486441,
w1420261473,,farm,building=greenhouse,53.6344276,-8.647456,
w1420261474,,farm,building=greenhouse,53.6346559,-8.6477141,
w1420261475,,farm,building=greenhouse,53.634597,-8.6477524,
w1420261476,,farm,building=greenhouse,53.6345381,-8.6477888,
w1420262336,,farm,building=greenhouse,53.6187264,-8.6565308,
w1420271863,,farm,landuse=farmland,53.6659868,-8.5595218,
w1420271865,,farm,building=greenhouse,53.66672,-8.5599119,
w1420271866,,farm,building=greenhouse,53.6666866,-8.5599939,
w1420271867,,farm,building=greenhouse,53.6666531,-8.5600762,
w1420271868,,farm,building=greenhouse,53.6666205,-8.5601563,
w1420271869,,farm,building=greenhouse,53.666588,-8.5602361,
w1420271870,,farm,building=greenhouse,53.6665556,-8.5603158,
w1420271871,,farm,building=greenhouse,53.6665228,-8.5603964,
w1420271872,,farm,building=greenhouse,53.6664897,-8.5604778,
w1420273056,,farm,building=greenhouse,53.6767801,-8.5789423,
w1420276706,,farm,building=greenhouse,53.68654,-8.5466019,
w1420283118,,farm,building=greenhouse,53.7070293,-8.5351827,
w1420623314,,farm,landuse=farmland,53.4388717,-8.3920285,
w1420624720,,farm,building=greenhouse,53.4400994,-8.4724068,
w1420813193,,farm,building=greenhouse,53.6511549,-8.4793161,
w1420816111,,farm,building=greenhouse,53.5954553,-8.4710375,
w1420818016,,farm,building=greenhouse,53.6937847,-8.6373844,
w1420825381,,farm,building=greenhouse,53.6483123,-8.3937878,
w1420827138,,farm,building=greenhouse,53.6450856,-8.4099276,
w1420827633,,farm,landuse=farmland,53.6591702,-8.4004734,
w1420827825,,farm,building=greenhouse,53.6582376,-8.4123228,
w1420832202,,farm,building=greenhouse,53.6926241,-8.4633018,
w1421049420,,farm,building=greenhouse,53.6996439,-8.56369,
w1421201191,,farm,building=greenhouse,53.6798141,-8.5722259,
w1421202275,,farm,building=greenhouse,53.6818332,-8.5601757,
w1421232162,,farm,building=greenhouse,53.666642,-8.5699118,
w1421232163,,farm,building=greenhouse,53.6665842,-8.5694575,
w1421863254,,farm,building=greenhouse,53.6425261,-8.6114603,
w1421863255,,farm,building=greenhouse,53.642606,-8.6114854,
w1421879222,,farm,building=greenhouse,53.6208866,-8.6435613,
w1421905644,,farm,building=greenhouse,53.6071966,-8.5642495,
w1422179451,,farm,building=greenhouse,53.6417318,-8.5300599,
w1422184130,,farm,building=greenhouse,53.6219971,-8.5272658,
w1422187461,,farm,building=greenhouse,53.6270167,-8.4666442,
w1422189451,,farm,building=greenhouse,53.6374991,-8.5210703,
w1422255097,,farm,building=greenhouse,53.5964455,-8.6338163,
w1422362774,,farm,building=greenhouse,53.5985426,-8.5637398,
w1422367139,,farm,building=greenhouse,53.5953994,-8.4608975,
w1422382610,,farm,building=greenhouse,53.590343,-8.603317,
w1422383765,,farm,landuse=farmland,53.5629494,-8.5534412,
w1422387893,,farm,building=greenhouse,53.5696754,-8.5844073,
w1422387894,,farm,building=greenhouse,53.569612,-8.5841994,
w1422611595,,farm,building=greenhouse,53.5832207,-8.6361415,
w1422749054,,farm,building=greenhouse,53.5378022,-8.4666459,
w1422813502,,farm,landuse=farmland,53.5093128,-8.4175256,
w1422813890,,farm,building=greenhouse,53.5061014,-8.3951632,
w1422814108,,farm,landuse=farmland,53.5117905,-8.4388974,
w1422814109,,farm,landuse=farmland,53.511403,-8.438715,
w1422814110,,farm,landuse=farmland,53.5108303,-8.4386506,
w1422819943,,farm,building=greenhouse,53.4829601,-8.307431,
w1422855496,,farm,landuse=farmland,53.4842519,-8.3367395,
w1422874359,,farm,building=greenhouse,53.4813362,-8.365073,
w1422898876,,farm,building=greenhouse,53.4868283,-8.4773961,
w1422898884,,farm,building=greenhouse,53.4871928,-8.4752575,
w1422898902,,farm,building=greenhouse,53.4826614,-8.476754,
w1422910441,,farm,building=greenhouse,53.4691574,-8.4687037,
w1422911286,,farm,building=greenhouse,53.4601735,-8.4744702,
w1422912023,,farm,building=greenhouse,53.4555304,-8.4805738,
w1422920971,,farm,building=greenhouse,53.4355883,-8.3653818,
w1422924249,,farm,building=greenhouse,53.4155165,-8.3673305,
w1422929640,,farm,building=greenhouse,53.428876,-8.4758453,
w1422931694,,farm,building=greenhouse,53.4312349,-8.4757578,
w1423271633,,farm,landuse=farmland,53.14597,-9.7719354,
w1423345018,,farm,landuse=farmland,53.1443855,-9.772489,
w1426599637,,farm,building=greenhouse,53.413284,-8.9825415,
w1426819455,,farm,building=greenhouse,53.4474824,-9.0172596,
w1426820054,,farm,building=greenhouse,53.4465308,-9.0417326,
w1426820055,,farm,building=greenhouse,53.4465768,-9.0416783,
w1426821125,,farm,building=greenhouse,53.4406741,-9.0435279,
w1426821127,,farm,building=greenhouse,53.4418158,-9.045103,
w1427197570,,farm,building=greenhouse,53.3998855,-9.0025835,
w1428358042,,farm,building=greenhouse,53.4802621,-9.0444534,
w1430739173,,farm,building=greenhouse,53.5113317,-9.0033471,
w1430743613,,farm,building=greenhouse,53.5134896,-9.0876963,
w1431706721,,farm,building=greenhouse,53.5201347,-9.0490346,
w1431707890,,farm,building=greenhouse,53.5145505,-8.9846666,
w1436379155,,farm,landuse=farmland,53.3815824,-9.8122064,
w1436379162,,farm,landuse=farmland,53.3571049,-9.828984,
w1441914829,,farm,building=greenhouse,53.4099033,-8.8154183,
w1447365759,,farm,building=greenhouse,53.6344019,-8.9666919,
w1447438909,,farm,landuse=farmland,53.5506363,-9.5206247,
w1449493251,,farm,building=greenhouse,53.4216069,-8.903573,
w1449679816,,farm,building=greenhouse,53.4023319,-8.9076164,
w1449693674,,farm,building=greenhouse,53.3965696,-8.9095766,
w1449859982,,farm,building=greenhouse,53.4028728,-8.9076135,
w1449861812,,farm,building=greenhouse,53.4576773,-8.9359129,
w1450094979,,farm,building=greenhouse,53.4819529,-8.9259258,
w1451501173,,farm,landuse=farmland,53.2005652,-8.7498608,
w1451501174,,farm,landuse=farmland,53.2041394,-8.781444,
w1453157605,,farm,building=greenhouse,53.4904569,-8.922427,
w1455094491,,farm,landuse=farmland,53.1447281,-9.8062824,
w1456584296,,farm,building=greenhouse,53.5275034,-8.9365259,
w1456871170,Oranmore Organic Farm,farm,shop=farm,53.2404749,-8.9571929,Galway
w1458532553,,farm,landuse=farmland,53.2133961,-8.2463317,
w1458532554,,farm,landuse=farmland,53.2115398,-8.2459793,
w1458532555,,farm,landuse=farmland,53.2107887,-8.247146,
w1458532556,,farm,landuse=farmland,53.2093239,-8.2458058,
w1458852145,,farm,landuse=farmland,53.2130444,-8.2496834,
w1458852148,,farm,landuse=farmland,53.2126191,-8.2507952,
w1458852153,,farm,landuse=farmland,53.2085366,-8.248284,
w1458852154,,farm,landuse=farmland,53.2075017,-8.2456309,
w1458852155,,farm,landuse=farmland,53.2049686,-8.2437521,
w1459339758,,farm,landuse=farmland,53.1478396,-9.8058159,
w1467247232,,farm,building=greenhouse,53.5284984,-8.9294867,
w1470445828,,farm,landuse=farmland,53.281238,-8.81038,
w1472554170,,farm,landuse=farmland,53.2800544,-8.8096713,
w1472554172,,farm,landuse=farmland,53.2821245,-8.8076006,
w1474251168,,farm,building=greenhouse,53.4231237,-8.8909976,
w1475538524,,farm,building=greenhouse,53.241507,-9.5032157,
w1494424515,,farm,building=greenhouse,53.1893861,-8.3712479,
w1494643357,,farm,building=greenhouse,53.1044261,-8.2353282,
w1494643358,,farm,building=greenhouse,53.1044614,-8.2353707,
w1494649539,,farm,building=greenhouse,53.1328786,-8.2449742,
w1494649554,,farm,building=greenhouse,53.1319231,-8.2489716,
w1494649573,,farm,building=greenhouse,53.1270842,-8.2440522,
w1494649666,,farm,building=greenhouse,53.112528,-8.2358817,
w1494664673,,farm,building=greenhouse,53.1550303,-8.2659662,
w1494695875,,farm,building=greenhouse,53.175711,-8.3369683,
w1494762350,,farm,building=greenhouse,53.2310153,-8.4526798,
w1497036963,,farm,building=greenhouse,53.3300801,-8.4049404,
w1497086476,,farm,building=greenhouse,53.3900508,-8.4828323,
w1497086487,,farm,building=greenhouse,53.391122,-8.4775956,
w1497114356,,farm,building=greenhouse,53.3752203,-8.7041543,
w1497114467,,farm,building=greenhouse,53.3721696,-8.7081153,
w1497114477,,farm,building=greenhouse,53.3691776,-8.7105209,
w1497122785,,farm,building=greenhouse,53.3774919,-8.7105853,
w1497132359,,farm,building=greenhouse,53.3789344,-9.0112409,
w1497181283,,farm,landuse=farmland,53.3702438,-9.0055492,
w1497181291,,farm,landuse=farmland,53.3741865,-9.002715,
w1497181292,,farm,landuse=farmland,53.3725394,-9.0029387,
w1497181293,,farm,landuse=farmland,53.3734775,-9.0045981,
w1497181294,,farm,landuse=farmland,53.372,-9.0055898,
w1497183150,,farm,landuse=farmland,53.3808157,-9.0213539,
w1497465150,,farm,building=greenhouse,53.3773533,-9.010341,
w1497465330,,farm,building=greenhouse,53.3769654,-9.0152565,
w1499165946,,farm,building=greenhouse,53.3966176,-8.8780503,
w1523869974,,farm,building=greenhouse,53.4572683,-8.8816714,
r3240232,,farm,landuse=farmland,53.4037841,-9.5186751,
r3244039,,farm,landuse=farmland,53.3345037,-9.5592536,
r3244047,,farm,landuse=farmland,53.3226003,-9.544955,
r3248093,,farm,landuse=farmland,53.3370077,-9.2516816,
r3251411,,farm,landuse=farmland,53.3515793,-9.2464606,
r3293461,,farm,landuse=farmland,53.3290274,-9.3120673,
r3319907,,farm,landuse=farmland,53.2815093,-9.3036157,
r3319911,,farm,landuse=farmland,53.2738705,-9.3621823,
r3319912,,farm,landuse=farmland,53.3000498,-9.3503825,
r3320425,,farm,landuse=farmland,53.3388007,-9.5449453,
r3320426,,farm,landuse=farmland,53.3867199,-9.4973647,
r3382521,Famine Village,farm,landuse=farmland,53.4005005,-9.6096312,
r3399414,,farm,landuse=farmland,53.5950716,-9.8361849,
r3444229,,farm,landuse=farmland,53.4803236,-9.4604646,
r3444806,,farm,landuse=farmland,53.4843253,-9.4396204,
r3582709,,farm,landuse=farmland,53.3315871,-9.2792143,
r3582928,,farm,landuse=farmland,53.2914644,-9.3242275,
r3593978,,farm,landuse=farmland,53.2789357,-9.3648461,
r3651165,,farm,landuse=farmland,53.3436295,-9.2206266,
r3651168,,farm,landuse=farmland,53.3333224,-9.2483654,
r3651207,,farm,landuse=farmland,53.3565075,-9.2339191,
r3729929,,farm,landuse=farmland,53.3436602,-9.2353558,
r3806786,,farm,landuse=farmland,53.3048124,-9.2943304,
r3851574,,farm,landuse=farmland,53.2585605,-9.2196939,
r4285472,,farm,landuse=farmland,53.3386077,-9.4538336,
r4428534,,farm,landuse=farmland,53.4161946,-9.5148546,
r4469366,,farm,landuse=farmland,53.302074,-9.3307117,
r6202140,,farm,landuse=farmland,53.4656298,-8.5234963,
r6202141,,farm,landuse=farmland,53.4611764,-8.5165023,
r6215602,,farm,landuse=farmland,53.4125753,-8.556627,
r7352481,,farm,landuse=farmland,53.5643145,-10.0993954,
r7381397,,farm,landuse=farmland,53.6232279,-10.2437256,
r7381399,,farm,landuse=farmland,53.6228704,-10.2448844,
r9220950,,farm,landuse=farmland,53.415983,-8.6994835,
r15670988,,farm,landuse=farmland,53.451621,-9.6221779,
r15690708,,farm,landuse=farmland,53.3214301,-9.2224309,
r15724762,,farm,landuse=farmland,53.2725422,-9.5061846,
r15741591,,farm,landuse=farmland,53.483973,-10.0210931,
r15743937,,farm,landuse=farmland,53.3196695,-9.5434009,
r15762739,,farm,landuse=farmland,53.3158666,-9.5508849,
r17052073,,farm,landuse=farmland,53.100886,-9.6629847,
r17052074,,farm,landuse=farmland,53.1011207,-9.6636783,
r19137834,,farm,landuse=farmland,53.5876768,-8.7613552,
