alert_id,date,title,category,country_origin,hazard_type,approval_numbers,product_name,source_url
2026.32,2026-06-12,Recall of specific batches of pork mince products due to the presence of Salmonella,For Action,Ireland,Nature Of Danger:,329,Please see table below.,https://www.fsai.ie/News-and-Alerts/Food-Alerts/Recall-of-a-batch-of-Lidl-s-Family-Pack-Pork-Mince
2026.33,2026-06-17,Recall of specific batches of Pettitt's Kitchen products due to the possible presence of Listeria monocytogenes,For Action,Ireland,Nature Of Danger:,4093,Please see list below.  Approval number: IE 4093 EC.,https://www.fsai.ie/News-and-Alerts/Food-Alerts/Recall-of-specific-batches-of-Pettitt-s-ready-to-e
2026.34,2026-06-19,Recall of specific batches of various French brie products due to the presence of Listeria monocytogenes,For Action,,Nature Of Danger:,,Please see table below for product details.,https://www.fsai.ie/News-and-Alerts/Food-Alerts/Recall-of-specific-batches-of-various-French-Brie
2026.34 (Update 1),2026-06-23,Update to recall of specific batches of various French brie products due to the presence of Listeria monocytogenes (Update 1),For Action,,Nature Of Danger:,,Traditional Cheese Company French Brie; pack size: 160g,https://www.fsai.ie/News-and-Alerts/Food-Alerts/Update-to-recall-of-specific-batches-of-various-Fr
2022.03,2022-01-11,BakeAway Recalls Various Raw Pastry and Dough Products due to Presence of Salmonella,For Action,United Kingdom,Nature Of Danger:,,"The table of BakeAway products that are recalled.
Product name:
Product size:
Use-by date:
Galberts Ready Rolled Shortcrust Pastry
375 g
24/01/2022
Galberts Ready Rolled Flaky Puff Pastry
375 g
24/01/2022
Tesco Ready Rolled Pizza Dough
400 g
17/01/2022
Tesco Ready Rolled Pizza Pastry
375 g
25/01/2022

			24/01/2022
Pizza Express Ready to Roll Dough
400 g
20/01/2022
Pizza Express Pre Rolled Dough
400 g
17/01/2022",https://www.fsai.ie/news-and-alerts/food-alerts/bakeaway-recalls-various-raw-pastry-and-dough-prod
2026.05,2026-02-06,Danone recall of specific batches of Aptamil and Cow & Gate infant formula and follow-on formula due to the possible presence of cereulide,For Action,Ireland,Nature Of Danger: Cereulide toxin is produced by the bacterium Bacillus cereus .,,Please see table below.,https://www.fsai.ie/news-and-alerts/food-alerts/danone-recall-of-batches-of-aptamil-and-cow-gate-i
2022.21,2022-03-15,Dunnes Stores Recalls a Batch of Baxter and Greene Smoked Salmon Pate due to the Possible Presence of Plastic Pieces,,Ireland,Dunnes Stores Recalls a Batch of Baxter and Greene Smoked Salmon Pate due to the,,Baxter & Greene Smoked Salmon Pate; pack size: 185g,https://www.fsai.ie/news-and-alerts/food-alerts/dunnes-stores-recalls-a-batch-of-baxter-and-greene
2023.02 (Update 1),2023-02-03,Extended recall by Western Brand of some batches of various raw chicken products due to the possible presence of Salmonella,For Action,Ireland,Nature Of Danger:,,"Please see table below.
Raw chicken products in Aldi
Product
Pack size
Use-by date
Batch Number
Aldi
Butchers Selection Irish Extra
Large Chicken Breast Fillets
690 g
19th Jan 2023
23009-306
Butchers Selection Irish Chicken
Breast Fillets
500 g
19th Jan 2023
23009-306
Butchers Selection Irish Chicken
Breast Fillets
291 g
19th Jan 2023
23009-306
Butchers Selection Irish Chicken
Mini Fillets
525 g
19th Jan 2023
23009-306
Butchers Selection Irish Chicken
Legs
815 g
19th Jan 2023
23009-306
Butchers Selection Medium
Whole Chicken
1600 g
19th Jan 2023
23009-306
Butchers Selection Small Whole
Chicken
1200 g
19th Jan 2023
23009-306",https://www.fsai.ie/news-and-alerts/food-alerts/extended-recall-by-western-brand-of-some-batches-o
2022.23 (Update 1),2022-04-05,Extended Recall of Additional Kinder Products Due to the Possible Presence of Salmonella,For Action,Belgium,Nature Of Danger:,,Please see table below for details.,https://www.fsai.ie/news-and-alerts/food-alerts/extended-recall-of-additional-kinder-products-due
2022.23 (Update 3),2022-04-08,Ferrero Recall Extended to All Batches and Additional Pack Sizes of Implicated Kinder Products due to Possible Presence of Salmonella,For Action,Belgium,Nature Of Danger:,,Please see table below for details.,https://www.fsai.ie/news-and-alerts/food-alerts/ferrero-recall-extended-to-all-batches-and-additio
2022.16 (Update 1),2022-03-07,Further Recall of Some Coleslaws and Other Products Containing Shredded Cabbages or Carrots due to the Possible Presence of Listeria monocytogenes,For Action,Ireland,Nature Of Danger:,,Please see table below.,https://www.fsai.ie/news-and-alerts/food-alerts/further-recall-of-some-coleslaws-and-other-product
2026.01 (Update 4),2026-01-13,Further update to SMA infant formula and follow on formula recall to include batches and products possibly distributed to Ireland from the UK,For Action,,Nature Of Danger: Cereulide toxin is produced by the bacterium Bacillus cereus. ,,Please see 'List of batches and products' in Message section below for product details.,https://www.fsai.ie/news-and-alerts/food-alerts/further-update-to-sma-infant-formula-and-follow-on
2022.11,2022-02-10,IKEA Recalls a Batch of HUVUDROLL Vegetable Balls due to the Possible Presence of Plastic Pieces,,Sweden,IKEA Recalls a Batch of HUVUDROLL Vegetable Balls due to the Possible Presence o,,"HUVUDROLL Vegetable Balls (Frozen), pack size: 1000g",https://www.fsai.ie/news-and-alerts/food-alerts/ikea-recalls-a-batch-of-huvudroll-vegetable-balls
2026.29,2026-05-29,Medicinal product (melatonin) not permitted in food products present in various Jelly Pills food supplements,For Action,,Nature Of Danger:,,Please see table below.,https://www.fsai.ie/news-and-alerts/food-alerts/medicinal-product-(melatonin)-not-permitted-in-(1)
2025.53,2025-10-02,Medicinal product (melatonin) not permitted in food products present in various Life Extension food supplements,For Action,,"Nature Of Danger: In Ireland, melatonin is a prescription medication, is not aut",,Please see table below.,https://www.fsai.ie/news-and-alerts/food-alerts/melatonin-permitted-under-prescription-only-presen
2024.42,2024-09-17,Recall of specific batches of Creamy Delicious Foods coleslaw products due to the possible presence of Listeria monocytogenes,For Action,Ireland,Nature Of Danger:,,Please see table below.,https://www.fsai.ie/news-and-alerts/food-alerts/possible-presence-of-listeria-monocytogenes-in-sev
2023.34,2023-11-27,Recall of a batch of Aldi Roosters Southern Fried Chicken Fillet Goujons due to the possible presence of Salmonella,For Action,United Kingdom,Nature Of Danger:,,Roosters Southern Fried Chicken Fillet Goujons (frozen); pack size: 800g,https://www.fsai.ie/news-and-alerts/food-alerts/possible-presence-of-salmonella-in-roosters-chicke
2023.36,2023-12-11,Recall of Hortex Broccoli due to potential mouse contamination,For Action,Poland,Recall of Hortex Broccoli due to potential mouse contamination,,Hortex Broccoli (frozen); pack size: 400g,https://www.fsai.ie/news-and-alerts/food-alerts/presence-of-a-rodent-in-hortex-broccoli
2024.26,2024-06-27,Recall of a batch of Your Organic Nature Fruit Spread Strawberry due to presence of glass pieces,For Action,Netherlands,foreign body,,Your Organic Nature Fruit Spread Strawberry; pack size: 375g,https://www.fsai.ie/news-and-alerts/food-alerts/recall
2024.32,2024-07-17,Recall of a batch of Aga Holtex Bakalie Mak Niebieski (blue poppy seeds) due to elevated levels of opium alkaloids,For Action,Czech Republic,Recall of a batch of Aga Holtex Bakalie Mak Niebieski (blue poppy seeds) due to ,,Aga Holtex Bakalie Mak Niebieski (blue poppy seeds); pack size: 200g,https://www.fsai.ie/news-and-alerts/food-alerts/recall-of-a-batch-of-aga-holtex-bakalie-mak-niebie
2024.43,2024-09-23,Recall of a batch of Alameddine Tahina due to presence of Salmonella Muenster,For Action,Lebanon,Nature Of Danger:,,"Alameddine Tahina, pack size: 400g",https://www.fsai.ie/news-and-alerts/food-alerts/recall-of-a-batch-of-alameddine-tahina
2025.57,2025-10-24,Recall of a batch of AliBaba Haldi Powder due to the presence of Salmonella,For Action,India,Salmonella,,AliBaba Haldi Powder; pack size: 100g,https://www.fsai.ie/news-and-alerts/food-alerts/recall-of-a-batch-of-alibaba-haldi-powder
2025.06,2025-02-06,Recall of a batch of Alpenfest Style Salted Mini Pretzels Milk Chocolate and Dark Chocolate as it may cause a burning sensation in the mouth,For Action,Hungary,Recall of a batch of Alpenfest Style Salted Mini Pretzels Milk Chocolate and Dar,,Alpenfest Style Salted Mini Pretzels Milk Chocolate and Alpenfest Style Salted Mini Pretzels Dark Chocolate; pack size: 140g,https://www.fsai.ie/news-and-alerts/food-alerts/recall-of-a-batch-of-alpenfest-salted-mini-pretzel
2022.71,2022-12-05,Recall of a batch of Anitca Macelleria Falorni il Salame Con Cinghiale due to the presence of Shiga toxin producing E.  coli,For Action,Italy,Nature Of Danger:,,"Anitca Macelleria Falorni il Salame Con Cinghiale wild boar salami;

pack size: approx. 350g (weights may vary);

approval number: IT 1524S CE",https://www.fsai.ie/news-and-alerts/food-alerts/recall-of-a-batch-of-anitca-macelleria-falorni-il
2022.53,2022-08-23,Recall of a Batch of Ardo Frozen Fruitberry Mix due to the Presence of Hepatitis A,For Action,"Belgium, Poland",Nature Of Danger:,,Ardo Frozen Fruitberry Mix; pack size: 2500g,https://www.fsai.ie/news-and-alerts/food-alerts/recall-of-a-batch-of-ardo-frozen-fruitberry-mix
2022.19,2022-03-10,Recall of a Batch of Asian Choice Premium Pangasius Fillets due to the Presence of the Unauthorised Pesticide Chlorate,,Vietnam,pesticide residues,,Asian Choice Premium Pangasius Fillets (Frozen); pack size: 800g,https://www.fsai.ie/news-and-alerts/food-alerts/recall-of-a-batch-of-asian-choice-premium-pangasiu
2024.15,2024-04-25,Recall of a batch of Bigi Mama ginger powder due to the presence of Salmonella,For Action,India,Nature Of Danger:,,Bigi Mama ginger powder; pack size: 50g,https://www.fsai.ie/news-and-alerts/food-alerts/recall-of-a-batch-of-bigi-mama-ginger-powder
2026.30,2026-06-05,Recall of a batch of Biona Organic Himalayan Basmati Brown Rice due to the presence of unauthorised pesticide Ethylene Oxide,For Action,,pesticide residues,,Biona Organic Organic Himalayan Basmati Brown Rice; pack size: 500g,https://www.fsai.ie/news-and-alerts/food-alerts/recall-of-a-batch-of-biona-organic-himalayan-basma
2022.12,2022-02-10,Recall of a Batch of Burren Smokehouse Smoked Irish Organic Salmon Due to the Presence of Listeria monocytogenes,For Action,Ireland,Nature Of Danger:,22,"Burren Smokehouse Smoked Irish Organic Salmon; pack sizes: 90g, 180g, 500g, 1 kg; approval number: IE MO 0022 EC",https://www.fsai.ie/news-and-alerts/food-alerts/recall-of-a-batch-of-burren-smokehouse-smoked-iris
2025.50,2025-09-25,Recall of a batch of Café Sol Pesto Pasta & Chicken due to the presence of Listeria monocytogenes,For Action,Ireland,Listeria monocytogenes,,Pesto Pasta & Chicken; pack size: 224g,https://www.fsai.ie/news-and-alerts/food-alerts/recall-of-a-batch-of-cafe-sol-pesto-pasta-chicken
2024.17,2024-05-01,Recall of a batch of Calm Releaf CBD Oil due to the presence of unsafe levels of Delta‐9‐tetrahydrocannabinol (THC),For Action,,Recall of a batch of Calm Releaf CBD Oil due to the presence of unsafe levels of,,Calm Releaf CBD Oil; pack size: 10 ml,https://www.fsai.ie/news-and-alerts/food-alerts/recall-of-a-batch-of-calm-releaf-cbd-oil
2023.37,2023-12-12,Recall of a batch of Carrolls of Tullamore Crumbed Ham due to incorrect use-by date,For Action,Ireland,Recall of a batch of Carrolls of Tullamore Crumbed Ham due to incorrect use-by d,,Carroll's of Tullamore Crumbed Ham Big Family Pack; pack size: 245 g,https://www.fsai.ie/news-and-alerts/food-alerts/recall-of-a-batch-of-carroll-s-of-tullamore-crumbe
2025.23,2025-05-30,Recall of a batch of Centra Hot Smoked BBQ Salmon due to missing cooking instructions on the label,For Action,Ireland,Recall of a batch of Centra Hot Smoked BBQ Salmon due to missing cooking instruc,,Centra Hot Smoked BBQ Salmon; pack size: 200g; approval number: IE-DN 0012-EC,https://www.fsai.ie/news-and-alerts/food-alerts/recall-of-a-batch-of-centra-hot-smoked-bbq-sal-(1)
2022.22,2022-03-31,Recall of a Batch of Centra Hot Smoked BBQ Salmon That Incorrectly Contains Raw Salmon Darnes Which Require Cooking,,Norway,Recall of a Batch of Centra Hot Smoked BBQ Salmon That Incorrectly Contains Raw ,,Centra Hot Smoked BBQ Salmon; pack size: 200g; approval number: IE-DN0012-EC,https://www.fsai.ie/news-and-alerts/food-alerts/recall-of-a-batch-of-centra-hot-smoked-bbq-salmon
2025.54,2025-10-02,Recall of a batch of Ardagh Lighter Grated Mild Red and Mozzarella cheese due to possible presence of Listeria monocytogenes,For Action,Ireland,Listeria monocytogenes,1099,Ardagh Lighter Grated Mild Red & Mozzarella cheese; pack size: 200 g; approval number:  IE 1099 EC,https://www.fsai.ie/news-and-alerts/food-alerts/recall-of-a-batch-of-cheese-due-to-possible-presen
2024.61,2024-12-14,Recall of a batch of Chrissy’s Cookies & Cream Cheesecake due to the possible presence of Listeria monocytogenes,For Action,,Nature Of Danger:,,Chrissy’s Cookies & Cream Cheesecake,https://www.fsai.ie/news-and-alerts/food-alerts/recall-of-a-batch-of-chrissy-s-cookies-cream-chees
2026.15,2026-04-17,Recall of specific batches of Crowes Farm Black & White Pudding Roulade due to incorrect use-by dates,For Action,Ireland,Recall of specific batches of Crowes Farm Black & White Pudding Roulade due to i,,Crowe's Farm Black & White Pudding Roulade; pack size: 360g,https://www.fsai.ie/news-and-alerts/food-alerts/recall-of-a-batch-of-crowes-farm-black-and-white-p
2022.20,2022-03-14,Recall of a Batch of Culinea Paella due to Cooking Instructions Not being Labelled in English,,Belgium,Recall of a Batch of Culinea Paella due to Cooking Instructions Not being Labell,,Culinea Paella; frozen; pack size: 750g,https://www.fsai.ie/news-and-alerts/food-alerts/recall-of-a-batch-of-culinea-paella
2024.53,2024-11-19,Recall of a batch of Decathlon Chocolate Flavour Whey Protein due to the presence of metallic pieces,For Action,France,foreign body,,Decathlon Chocolate Flavour Whey Protein; pack size: 30g,https://www.fsai.ie/news-and-alerts/food-alerts/recall-of-a-batch-of-decathlon-single-whey-chocola
2024.02,2024-01-09,Recall of a batch of Lidl's Deluxe Irish Carved Peppered Turkey Breast due to incorrect use-by date,For Action,Ireland,Recall of a batch of Lidl's Deluxe Irish Carved Peppered Turkey Breast due to in,,Deluxe Irish Carved Peppered Turkey Breast; pack size: 130g,https://www.fsai.ie/news-and-alerts/food-alerts/recall-of-a-batch-of-deluxe-irish-carved-peppered
2025.01,2025-01-17,Recall of a batch of Deluxe Sriracha Cheddar Cheese Wedge due to the presence of Listeria monocytogenes,For Action,,Nature Of Danger:,1059,"Deluxe Sriracha Cheddar Cheese Wedge, pack size: 150g, approval number: IE 1059 EC",https://www.fsai.ie/news-and-alerts/food-alerts/recall-of-a-batch-of-deluxe-sriracha-cheddar-chees
2025.14,2025-03-19,Recall of a batch of Do It Organic Sunflower Kernels due to the possible presence of Salmonella,For Action,Netherlands,Nature Of Danger:,,Do It Organic Sunflower Kernels; pack size: 5kg,https://www.fsai.ie/news-and-alerts/food-alerts/recall-of-a-batch-of-do-it-organic-sunflower-kerne
2022.60,2022-09-23,Recall of a Batch of Dunnes Stores 4 Ready to Cook Southern Fried Chicken Fillets Due to the Presence of Salmonella,For Action,United Kingdom,Nature Of Danger:,,Dunnes Stores 4 Ready To Cook Southern Fried Chicken Fillets (Frozen); pack size: 500g,https://www.fsai.ie/news-and-alerts/food-alerts/recall-of-a-batch-of-dunnes-stores-4-ready-to-cook
2022.69,2022-11-23,Recall of a Batch of Dunnes Stores Cook in The Bag Whole Irish Chicken due to Mislabeling with an Incorrect Use-by Date,,Ireland,Recall of a Batch of Dunnes Stores Cook in The Bag Whole Irish Chicken due to Mi,818,Dunnes Stores Cook in The Bag Whole Irish Chicken; pack size: 1.5kg; approval number: IE 818 EC,https://www.fsai.ie/news-and-alerts/food-alerts/recall-of-a-batch-of-dunnes-stores-cook-in-the-bag
2022.57,2022-09-14,Recall of a Batch of Dunnes Stores Free Range Irish Chicken due to Incorrect Cooking Instructions,,Ireland,Recall of a Batch of Dunnes Stores Free Range Irish Chicken due to Incorrect Coo,814,Dunnes Stores Free Range Irish Chicken; pack size: 1700g; approval number: IE 814 EC,https://www.fsai.ie/news-and-alerts/food-alerts/recall-of-a-batch-of-dunnes-stores-free-range-iris
2024.56,2024-11-21,Recall of a batch of Dunnes Stores Irish Chicken Sweet & Spicy Wings due to the possible presence of Salmonella,For Action,Ireland,Nature Of Danger:,814,Dunnes Stores Irish Chicken Sweet & Spicy Wings; pack size: 500g; approval number: IE 814 EC,https://www.fsai.ie/news-and-alerts/food-alerts/recall-of-a-batch-of-dunnes-stores-irish-chick-(1)
2024.52,2024-11-16,Recall of a batch of Dunnes Stores Irish Chicken Smoky BBQ Drumsticks due to the possible presence of Salmonella,For Action,Ireland,Nature Of Danger:,814,Dunnes Stores Irish Chicken Smoky BBQ Drumsticks; pack size: 500g; approval number: IE 814 EC,https://www.fsai.ie/news-and-alerts/food-alerts/recall-of-a-batch-of-dunnes-stores-irish-chicken-s
2025.65,2025-11-25,Recall of a batch of Dunnes Stores Organic Porridge Oats due to possible presence of clear plastic pellets,For Action,United Kingdom,Recall of a batch of Dunnes Stores Organic Porridge Oats due to possible presenc,,Dunnes Store Organic Porridge Oats; pack size: 1 kg,https://www.fsai.ie/news-and-alerts/food-alerts/recall-of-a-batch-of-dunnes-stores-organic-porridg
2023.09,2023-04-26,Recall of a batch of Dunnes Stores Smoky BBQ Pork Loin Chops due to the presence of Salmonella,For Action,Ireland,Nature Of Danger:,538,Dunnes Stores 4 Irish Smoky BBQ Quick Fry Pork Loin Chops; pack size: 400g; approval number: IE 538,https://www.fsai.ie/news-and-alerts/food-alerts/recall-of-a-batch-of-dunnes-stores-smoky-bbq-pork
2024.22,2024-05-24,Recall of Dunnes Stores Soya Drink due to a packaging issue which may cause spoilage,For Action,Italy,Recall of Dunnes Stores Soya Drink due to a packaging issue which may cause spoi,,Dunnes Stores Soya Drink; pack size: 1 Litre,https://www.fsai.ie/news-and-alerts/food-alerts/recall-of-a-batch-of-dunnes-stores-soya-drink
2024.16,2024-04-30,Recall of a batch of Ecosana Copo Teff Bio (Organic Teff Flakes) due to presence of tropane alkaloids,For Action,Spain,Nature Of Danger:,,"Ecosana Copo Teff Bio, pack size: 500g",https://www.fsai.ie/news-and-alerts/food-alerts/recall-of-a-batch-of-ecosana-organic-teff-flakes
2024.14,2024-04-19,Recall of a batch of Ella’s Kitchen Chicken and Veg with Sweetcorn Mash due to the presence of furans and methylfurans,For Action,France,Nature Of Danger:,,Ella’s Kitchen Chicken and Veg with Sweetcorn Mash; pack size: 130g,https://www.fsai.ie/news-and-alerts/food-alerts/recall-of-a-batch-of-ella-s-kitchen-chicken-and-ve
2026.04,2026-02-05,Recall of a batch of Et Voilá Pains au Chocolat due to the possible presence of metal pieces,For Action,,foreign body,,Et Voilá! Pains au Chocolat; pack size: 4 pack,https://www.fsai.ie/news-and-alerts/food-alerts/recall-of-a-batch-of-et-voila-pain-au-chocolat-due
2025.63,2025-11-19,"Recall of a batch of Favourit Sage due to possible choking risk from pieces of stalk, bark and plastic",For Action,,Recall of a batch of Favourit Sage due to possible choking risk from pieces of s,,"Favourit, The Chef’s Choice, Earthy & Aromatic Sage; pack size: 150 g",https://www.fsai.ie/news-and-alerts/food-alerts/recall-of-a-batch-of-favourit-sage-due-to-possible
2023.29,2023-11-21,Recall of a batch of Lidl Fin Carré White Chocolate due to the possible presence of plastic pieces,For Action,Germany,Recall of a batch of Lidl Fin Carré White Chocolate due to the possible presence,,Fin Carré White Chocolate; pack size: 100g,https://www.fsai.ie/news-and-alerts/food-alerts/recall-of-a-batch-of-fin-carre-white-chocolate
2022.01,2022-01-06,Recall of a Batch of Finders Foods Chicken Liver Pate Due to Mislabelling with an Incorrect Use-by D,,Ireland,Recall of a Batch of Finders Foods Chicken Liver Pate Due to Mislabelling with a,,"Finders Foods Chicken Liver Pate, pack size: 170 g",https://www.fsai.ie/news-and-alerts/food-alerts/recall-of-a-batch-of-finders-foods-chicken-liver-p
2024.12,2024-04-11,Recall of a batch of Foran Healthcare Glycerine and Aniseed Soothing Syrup due to the possible presence of peppermint oil,For Action,Ireland,Recall of a batch of Foran Healthcare Glycerine and Aniseed Soothing Syrup due t,,Foran Healthcare Glycerine & Aniseed Soothing Syrup; pack size: 50g,https://www.fsai.ie/news-and-alerts/food-alerts/recall-of-a-batch-of-foran-healthcare-glycerin-and
2022.68,2022-11-11,Recall of a Batch of Fortified Immunity Selenium Food Supplement due to Distribution Past Expiry Date,,Unknown,Recall of a Batch of Fortified Immunity Selenium Food Supplement due to Distribu,,Fortified Immunity Selenium; pack size: 60 capsule,https://www.fsai.ie/news-and-alerts/food-alerts/recall-of-a-batch-of-fortified-immunity-selenium-f
2022.26,2022-04-14,Recall of a Batch of Fray Bentos Just Chicken Pie Due to Possible Presence of Small Plastic Pieces,,United Kingdom,Recall of a Batch of Fray Bentos Just Chicken Pie Due to Possible Presence of Sm,,"Fray Bentos Just Chicken Pie, pack size: 425g",https://www.fsai.ie/news-and-alerts/food-alerts/recall-of-a-batch-of-fray-bentos-just-chicken-pie
2026.21,2026-05-12,Recall of specific batches of Lidl Chicken Breast Fillet products due to the presence of Salmonella,For Action,Ireland,Nature Of Danger:,"803, 818",Please see table below for details.,https://www.fsai.ie/news-and-alerts/food-alerts/recall-of-a-batch-of-free-range-100-irish-chicken
2022.27,2022-05-05,Recall of a Batch of Frozen Jona Red Tilapia Fish due to the Presence of Malachite Green and Leucomalachite Green,For Action,Vietnam,Nature Of Danger:,,Jona Red Tilapia Fish (frozen),https://www.fsai.ie/news-and-alerts/food-alerts/recall-of-a-batch-of-frozen-jona-red-tilapia-fish
2023.12,2023-05-12,Recall of a batch of Full Moon Frozen Shrimp due to the presence of Vibrio,For Action,Ecuador,Nature Of Danger:,,Full Moon Raw Frozen Shrimp; pack size: 2kg,https://www.fsai.ie/news-and-alerts/food-alerts/recall-of-a-batch-of-full-moon-frozen-shrimp-due-t
2023.33,2023-11-27,Recall of a batch of Funktional Foods This Is  Hemp Powder due to  elevated levels of Delta‐9‐tetrahydrocannabinol (THC),For Action,United Kingdom,Recall of a batch of Funktional Foods This Is Hemp Powder due to elevated levels,,Funktional Foods This Is Hemp Powder; pack size 100g,https://www.fsai.ie/news-and-alerts/food-alerts/recall-of-a-batch-of-funktional-foods-this-is-hemp
2022.37,2022-06-09,Recall of a Batch of Get Fresh at Home Petits Pains Due to Possible Metal Contamination,,Netherlands,foreign body,,Get Fresh at Home Petits Pains (6 White Part Baked Rolls); pack size: 300g,https://www.fsai.ie/news-and-alerts/food-alerts/recall-of-a-batch-of-get-fresh-at-home-petits-pain
2025.52,2025-10-01,Recall of a batch of Giant Tree Salted Bean Curd Cubes in Brine with Chili due to the presence of Bacillus cereus,For Action,China,Nature Of Danger: Bacillus cereus is a type of bacteria which can be found in th,,Salted Bean Curd Cubes in Brine with Chili (with Sesame Oil); pack size: 300g,https://www.fsai.ie/news-and-alerts/food-alerts/recall-of-a-batch-of-giant-tree-salted-bean-curd-c
2025.45,2025-08-27,Recall of a batch of Gillot cru Petit Camembert due to possible presence of Shiga toxin-producing E. coli (STEC),For Action,France,Nature Of Danger:,,Gillot cru Petit Camembert; pack size: 150g,https://www.fsai.ie/news-and-alerts/food-alerts/recall-of-a-batch-of-gillot-cru-petit-camembert
2022.63,2022-10-03,Recall of a Batch of Glenhaven 4 Breaded Chicken Fillets due to the Presence of Salmonella,For Action,Ireland,Nature Of Danger:,,Come Home to Glenhaven 4 Breaded Chicken Fillets (frozen); pack size: 380g,https://www.fsai.ie/news-and-alerts/food-alerts/recall-of-a-batch-of-glenhaven-4-breaded-chicken-f
2024.55,2024-11-19,Recall of a batch of Glensallagh Salt & Chilli Roast Chicken Wings due to the presence of Listeria monocytogenes,For Action,Ireland,Nature Of Danger:,575,Glensallagh Salt & Chilli Roast Chicken Wings; pack size: 350g; approval number: IE 575 EC,https://www.fsai.ie/news-and-alerts/food-alerts/recall-of-a-batch-of-glensallagh-salt-chilli-roast
2022.33,2022-05-25,Recall of a Batch of Golden Lily Dried Apricot Seeds Due to High Levels of Hydrocyanic Acid (Cyanide),,Hong Kong,Recall of a Batch of Golden Lily Dried Apricot Seeds Due to High Levels of Hydro,,Golden Lily Dried Apricot Seed; pack size: 100 g,https://www.fsai.ie/news-and-alerts/food-alerts/recall-of-a-batch-of-golden-lily-dried-apricot-see
2022.67,2022-11-11,Recall of a Batch of Golden Lily Dried Kelp Seaweed Due to an Elevated Level of Iodine,,China,Recall of a Batch of Golden Lily Dried Kelp Seaweed Due to an Elevated Level of ,,Golden Lily Dried Kelp Seaweed; pack size: 100g,https://www.fsai.ie/news-and-alerts/food-alerts/recall-of-a-batch-of-golden-lily-dried-kelp-seawee
2024.44,2024-09-26,Recall of a batch of Mlekpol Zloty Mazur Cheese In Slices due to the possible presence of Salmonella Newport,For Action,Poland,Nature Of Danger:,,"Mlekpol Zloty Mazur Cheese In Slices, pack size: 150g; approval number PL 20041601WE",https://www.fsai.ie/news-and-alerts/food-alerts/recall-of-a-batch-of-golden-mazure-cheese
2026.17,2026-04-30,Recall of a batch of GoodLife Spicy Bean Burger due to the possible presence of plastic pieces,For Action,,Recall of a batch of GoodLife Spicy Bean Burger due to the possible presence of ,,GoodLife Spicy Bean Burger; pack size: 454 g,https://www.fsai.ie/news-and-alerts/food-alerts/recall-of-a-batch-of-goodlife-spicy-bean-burger-du
2023.08,2023-04-13,Recall of a batch of Guastalla Green and Black Pitted Olives due to the presence of Listeria monocytogenes,For Action,Ireland,Nature Of Danger:,4071,Guastalla Green and Black Pitted Olives; pack size: 100g; approval number: IE 4071 EC,https://www.fsai.ie/news-and-alerts/food-alerts/recall-of-a-batch-of-guastalla-green-and-black-pit
2022.56,2022-09-09,Recall of a Batch of Häagen-Dazs Duo Vanilla Crunch Collection Ice Cream due to the Presence of the Unauthorised Pesticide Ethylene Oxide,,France,pesticide residues,,Häagen-Dazs Duo Vanilla Crunch Collection; pack size: 4x95ml,https://www.fsai.ie/news-and-alerts/food-alerts/recall-of-a-batch-of-haagen-dazs-duo-vanilla-crunc
2022.32,2022-05-19,Recall of a Batch of Hao Hao Chicken Flavour Instant Noodles due to the Presence of the Unauthorised Pesticide Ethylene Oxide,,Vietnam,pesticide residues,,Hao Hao Chicken Flavour Instant Noodles; pack size: 74 g,https://www.fsai.ie/news-and-alerts/food-alerts/recall-of-a-batch-of-hao-hao-chicken-flavour-insta
2025.24,2025-06-02,Recall of a batch of The Happy Pear Lovely Basil Pesto due to the presence of Listeria monocytogenes,For Action,Ireland,Nature Of Danger:,,The Happy Pear Lovely Basil Pesto; pack size 135g,https://www.fsai.ie/news-and-alerts/food-alerts/recall-of-a-batch-of-happy-pear-lovely-basil-pesto
2022.07,2022-01-28,Recall of a Batch of Hempture CBD Oil,For Action,Ireland,Nature Of Danger:,,Hempture CBD Oil 10% 1000mg; pack size: 10ml,https://www.fsai.ie/news-and-alerts/food-alerts/recall-of-a-batch-of-hempture-cbd-oil-due-to-the-p
2025.37,2025-08-01,Recall of a batch of Hogan's Farm Turkey Burgers due to the possible presence of Salmonella,For Action,,Nature Of Danger:,827,Hogan's Farm Turkey Burgers; pack size: 400g; approval number: IE 827 EC,https://www.fsai.ie/news-and-alerts/food-alerts/recall-of-a-batch-of-hogan-s-farm-turkey-burgers
2025.12,2025-02-20,Recall of a batch of Horgans cheddar cheese due to the possible presence of Listeria monocytogenes,For Action,Ireland,Nature Of Danger:,1089,Horgans Irish Smoked Cheddar; pack size: 150g; approval number: IE 1089 EC,https://www.fsai.ie/news-and-alerts/food-alerts/recall-of-a-batch-of-horgan-s-cheddar-cheese
2026.07,2026-02-11,Recall of a batch of frozen Hortex Zupa Wiosenna 9-Składnikowa due to the possible presence of glass fragments,For Action,Poland,foreign body,,Hortex Zupa Wiosenna 9-Składnikowa (9 Ingredient Spring Soup); frozen; pack size: 450g,https://www.fsai.ie/news-and-alerts/food-alerts/recall-of-a-batch-of-hortex-frozen-vegetables
2025.66,2025-12-05,Recall of a batch of Hosyaushka Mohn (poppy seeds) due to elevated levels of opium alkaloids,For Action,Poland,Recall of a batch of Hosyaushka Mohn (poppy seeds) due to elevated levels of opi,,Hosyaushka Mohn (poppy seeds); pack size: 250g,https://www.fsai.ie/news-and-alerts/food-alerts/recall-of-a-batch-of-hosyaushka-mohn-(poppy-seeds)
2024.24,2024-06-05,Recall of a batch of Hosyaushka Shelled Sunflower Seeds due to presence of Salmonella,For Action,Bulgaria,Nature Of Danger:,,"Hosyaushka Sonnenblumenkerne, geschält; shelled sunflower seeds; pack size: 250 g",https://www.fsai.ie/news-and-alerts/food-alerts/recall-of-a-batch-of-hosyaushka-shelled-sunflower
2023.03,2023-02-24,Recall of a batch of Iceland Creamy Garlic Chicken Breasts in Blankets due to the presence of Salmonella,For Action,Poland,Nature Of Danger:,,Iceland Cook from Frozen Creamy Garlic Chicken Breasts in Blankets; pack size: 410g; approval number: PL 22040305 WE,https://www.fsai.ie/news-and-alerts/food-alerts/recall-of-a-batch-of-iceland-creamy-garlic-chicken
2022.62,2022-09-28,Recall of a Batch of Jacob Hooy 2.75% CBD Oil due to the Presence of Unsafe Levels of Delta‐9‐tetrahydrocannabinol (THC),For Action,Netherlands,Nature Of Danger:,,"Jacob Hooy 2.75% CBD Oil, 10ml",https://www.fsai.ie/news-and-alerts/food-alerts/recall-of-a-batch-of-jacob-hooy-2-75-cbd-oil-due-t
2026.26,2026-05-21,Recall of a batch of Leis Sauerampfer (Sorrel) due to the possible presence of glass pieces,For Action,Lithuania,foreign body,,Leis Sauerampfer (Sorrel); pack size: 250g,https://www.fsai.ie/news-and-alerts/food-alerts/recall-of-a-batch-of-jarred-leis-sorrel
2022.75,2022-12-23,Recall of a batch of jelly cups due to a possible choking risk,For Action,China,Recall of a batch of jelly cups due to a possible choking risk,,Jelly cups; pack size: 360g; approval number: 004448,https://www.fsai.ie/news-and-alerts/food-alerts/recall-of-a-batch-of-jelly-cups-due-to-a-possible
2024.41,2024-09-17,Recall of a batch of Karma Kefruit Citron Figue (Lemon Fig) drink due to the possible presence of glass fragments,For Action,France,foreign body,,Karma Kefruit Citron Figue (Lemon Fig); pack size: 750 ml,https://www.fsai.ie/news-and-alerts/food-alerts/recall-of-a-batch-of-karma-kefruit-citron-figue
2024.38,2024-08-15,Recall of a batch of Kombucha Na Dálaigh due to an elevated alcohol level,For Action,Ireland,Recall of a batch of Kombucha Na Dálaigh due to an elevated alcohol level,,"Kombucha Na Dálaigh Sláinte Turmeric, Ginger & Honey; pack size: 330ml
Kombucha Na Dálaigh Sú Mara Carrageen Moss & Berry; pack size: 330ml",https://www.fsai.ie/news-and-alerts/food-alerts/recall-of-a-batch-of-kombucha-na-dalaigh
2025.17,2025-04-04,Recall of a batch of Dairy Farm Vanilla Ice Cream due to chemical smell and taste from the product,For Action,Ireland,Recall of a batch of Dairy Farm Vanilla Ice Cream due to chemical smell and tast,1065,Dairy Farm Vanilla Ice Cream tub; pack size: 1 litre; approval number: IE 1065 EC,https://www.fsai.ie/news-and-alerts/food-alerts/recall-of-a-batch-of-lidl-s-dairy-farm-vanilla-ice
2026.32,2026-06-12,Recall of specific batches of pork mince products due to the presence of Salmonella,For Action,Ireland,Nature Of Danger:,329,Please see table below.,https://www.fsai.ie/news-and-alerts/food-alerts/recall-of-a-batch-of-lidl-s-family-pack-pork-mince
2025.21,2025-05-23,Recall of a batch of Loughpark Farms Raw Milk due to possible presence of  Shiga toxin-producing E. coli (STEC),For Action,Ireland,Nature Of Danger:,,Loughpark Farm Raw Milk; pack size: 1 litre,https://www.fsai.ie/news-and-alerts/food-alerts/recall-of-a-batch-of-loughpark-farms-raw-milk
2022.36,2022-06-09,Recall of a Batch of Lucky Me Instant Pancit Canton Noodles due to the Presence of the Unauthorised Pesticide Ethylene Oxide,,Thailand,pesticide residues,,Lucky Me! Instant Pancit Canton Noodles Hot Chili Flavour; pack size: 60g,https://www.fsai.ie/news-and-alerts/food-alerts/recall-of-a-batch-of-lucky-me-instant-pancit-c-(1)
2022.40,2022-07-06,Recall of a Batch of Lucky Me Instant Pancit Canton Original Noodles due to the Presence of the Unauthorised Pesticide Ethylene Oxide,,Thailand,pesticide residues,,Lucky Me! Instant Pancit Canton Noodles Original Flavour; pack size: 60g,https://www.fsai.ie/news-and-alerts/food-alerts/recall-of-a-batch-of-lucky-me-instant-pancit-canto
2024.45,2024-10-01,Recall of a batch of M & S Smooth Butternut Squash Soup due to the possible presence of small pieces of metal,For Action,United Kingdom,foreign body,,M & S Smooth Butternut Squash Soup; pack size: 600g.,https://www.fsai.ie/news-and-alerts/food-alerts/recall-of-a-batch-of-m-and-s-smooth-butternut-squa
2025.51,2025-09-30,Recall of a batch of Macroom Buffalo Buffaloumi due to the presence of Listeria monocytogenes,For Action,Ireland,Listeria monocytogenes,,Macroom Buffalo Buffaloumi; pack size: 180g,https://www.fsai.ie/news-and-alerts/food-alerts/recall-of-a-batch-of-macroom-buffalo-buffaloumi
2025.41,2025-08-11,Recall of a batch of Mallons Light 6 Pork Sausages due to the presence of Salmonella,For Action,Ireland,Nature Of Danger:,406,Mallons Light 6 Pork Sausages; pack size: 240g; approval number: IE 406 EC,https://www.fsai.ie/news-and-alerts/food-alerts/recall-of-a-batch-of-mallons-light-6-pork-sausages
2022.25,2022-04-12,Recall of a Batch of Mars Bounty Ice Cream Bars due to the Presence of the Unauthorised Pesticide Ethylene Oxide,,France,pesticide residues,,Bounty Ice Cream bar; pack size: 51.6g,https://www.fsai.ie/news-and-alerts/food-alerts/recall-of-a-batch-of-mars-bounty-ice-cream-bars
2026.06,2026-02-11,Recall of a batch of Mauri Formaggi Taleggio Bon Ta'leggio D.O.P. cheese due to the possible presence of Listeria monocytogenes,For Action,Italy,Listeria monocytogenes,,Mauri Formaggi Taleggio Bon Ta'leggio D.O.P.; pack size: 200g,https://www.fsai.ie/news-and-alerts/food-alerts/recall-of-a-batch-of-mauri-formaggi-taleggio-bonta
2022.52,2022-08-17,Recall of a Batch of Mispacked Avoca Thai Red Lentil and Vegetable Curry with Incorrect Use By Date on the Label,,Ireland,Recall of a Batch of Mispacked Avoca Thai Red Lentil and Vegetable Curry with In,,Avoca Thai Red Lentil & Vegetable Curry; pack size: 600g,https://www.fsai.ie/news-and-alerts/food-alerts/recall-of-a-batch-of-mispacked-avoca-thai-red-lent
2022.51,2022-08-16,Recall of a Batch of Mispacked Dunnes Stores Oyster Cut Irish Chicken Thighs Due to Incorrect Cooking Instructions,,Ireland,Recall of a Batch of Mispacked Dunnes Stores Oyster Cut Irish Chicken Thighs Due,803,Dunnes Stores Oyster Cut Irish Chicken Thighs; pack size: 990g; approval number: IE 803 EC,https://www.fsai.ie/news-and-alerts/food-alerts/recall-of-a-batch-of-mispacked-dunnes-stores-oyste
2023.26,2023-10-16,Recall of a batch of MountainGrown.ie Irish CBD Oil due to the presence of unsafe levels of Delta‐9‐tetrahydrocannabinol (THC),For Action,Ireland,Recall of a batch of MountainGrown.ie Irish CBD Oil due to the presence of unsaf,,"MountainGrown.ie Irish CBD Oil; pack size: 10ml, 20ml and 30ml",https://www.fsai.ie/news-and-alerts/food-alerts/recall-of-a-batch-of-mountaingrown-ie-irish-cbd-oi
2022.66,2022-11-01,Recall of a Batch of Nam Meo Black Fungus Nature’s Best Harvest due to Presence of Salmonella,For Action,Vietnam,Nature Of Danger:,,Nam Meo Black Fungus Nature’s Best Harvest; pack size: 100g,https://www.fsai.ie/news-and-alerts/food-alerts/recall-of-a-batch-of-nam-meo-black-fungus-nature-s
2022.18,2022-03-09,Recall of a Batch of Nongshim Shin Kimchi Instant Noodle Soup due to the Presence of the Unauthorised Pesticide Ethylene Oxide,,Korea (Republic of),pesticide residues,,Nongshim Shin Kimchi instant noodle dish; pack size: 120g,https://www.fsai.ie/news-and-alerts/food-alerts/recall-of-a-batch-of-nongshim-shin-kimchi-instant
2024.34,2024-07-25,Recall of a batch of Nora Salmon Roe due to possible presence of pieces of glass,For Action,Denmark,foreign body,,Nora Salmon Roe; jar size: 100g,https://www.fsai.ie/news-and-alerts/food-alerts/recall-of-a-batch-of-nora-salmon-roe
2025.64,2025-11-20,Recall of a batch of Nutrilean Chocolate Brownie Overnight Oats due to presence of Listeria monocytogenes,For Action,United Kingdom,Listeria monocytogenes,,Nutrilean Chocolate Brownie Overnight Oats; pack size: 180g,https://www.fsai.ie/news-and-alerts/food-alerts/recall-of-a-batch-of-nutrilean-chocolate-brownie-o
2024.48,2024-11-06,Recall of a batch of O'Flynn's Gourmet Sausage Company Traditional Breakfast Sausages due to the presence of Salmonella,For Action,Ireland,Nature Of Danger:,2917,O'Flynn's Gourmet Sausage Company Traditional Breakfast Sausages; pack size: 454g; Approval number: IE 2917 EC,https://www.fsai.ie/news-and-alerts/food-alerts/recall-of-a-batch-of-o-flynns-gourmet-sausage-comp
2026.18,2026-05-01,"Recall of a batch of Organic Moringa Powder, supplied by Nuts in Bulk, due to the presence of Salmonella",For Action,,Nature Of Danger:,,"Nuts in Bulk Organic Moringa powder; all pack sizes;
and
Organic Moringa powder; pack size: 25kg and 3kg (supplied by Nuts in Bulk)",https://www.fsai.ie/news-and-alerts/food-alerts/recall-of-a-batch-of-organic-moringa-powder
2026.12,2026-04-09,Recall of a batch of Pettitt's Cook at Home Basil & Pesto Chicken Fillets due to the presence of Salmonella,For Action,Ireland,Nature Of Danger:,,Pettitt's Cook at Home Basil & Pesto Chicken Fillets; pack size: 380g,https://www.fsai.ie/news-and-alerts/food-alerts/recall-of-a-batch-of-pettitt-s-basil-pesto-chicken
2026.02,2026-01-09,Recall of a batch of PUREPOWER Nutrition Chicken Chow Mein due to incorrect labelling,For Action,,Recall of a batch of PUREPOWER Nutrition Chicken Chow Mein due to incorrect labe,,PUREPOWER Nutrition Chicken Chow Mein; pack size: 400g,https://www.fsai.ie/news-and-alerts/food-alerts/recall-of-a-batch-of-purepower-nutrition-chicken-c
2025.36,2025-07-30,Recall of a batch of Aldi ⁠Eat & Go Roast Chicken Basil Pesto Pasta due to the presence of Listeria monocytogenes,For Action,Ireland,Nature Of Danger:,,Eat & Go ⁠Roast Chicken Basil Pesto Pasta With Cheese; pack size: 284g,https://www.fsai.ie/news-and-alerts/food-alerts/recall-of-a-batch-of-roast-chicken-pesto-pasta
2024.33,2024-07-18,Recall of a batch of Roma Formaggio da Pasta due to possible presence of mould,For Action,Netherlands,Recall of a batch of Roma Formaggio da Pasta due to possible presence of mould,,Roma Formaggio da Pasta Dried Cheese Powder; pack size: 80g,https://www.fsai.ie/news-and-alerts/food-alerts/recall-of-a-batch-of-roma-formaggio-da-pasta-(1)
2022.41,2022-07-07,Recall of a Batch of Roma Formaggio Da Pasta due to Possible Presence of Mould,,Netherlands,Recall of a Batch of Roma Formaggio Da Pasta due to Possible Presence of Mould,,Roma Formaggio Da Pasta; pack size: 80g,https://www.fsai.ie/news-and-alerts/food-alerts/recall-of-a-batch-of-roma-formaggio-da-pasta-due-t
2022.09,2022-02-03,Recall of a Batch of Roosters Gluten Free Breaded Chicken Fillet Goujons due to Presence of Salmonella,For Action,Ireland,Nature Of Danger:,2410,"Roosters Gluten Free Breaded Chicken Fillet Goujons;
pack size: 400g; approval number: IE 2410 EC",https://www.fsai.ie/news-and-alerts/food-alerts/recall-of-a-batch-of-roosters-gluten-free-breaded
2022.02,2022-01-10,Recall of a Batch of Sauda Pipirai Ground Allspice Due to the Presence of Salmonella,For Action,Mexico,Nature Of Danger:,,Sauda Pipirai Ground Allspice; pack size: 100g,https://www.fsai.ie/news-and-alerts/food-alerts/recall-of-a-batch-of-sauda-pipirai-ground-allspice
2023.17,2023-07-04,Recall of a batch of Schar Gluten Free Fibre Crispbread due to elevated levels of atropine and scopolamine,,Italy,Recall of a batch of Schar Gluten Free Fibre Crispbread due to elevated levels o,,Schär Gluten Free Fibre Crispbread; pack size 125g,https://www.fsai.ie/news-and-alerts/food-alerts/recall-of-a-batch-of-schar-gluten-free-fibre-crisp
2025.40,2025-08-11,Recall of a batch of Spar Chevre Goats Cheese due to the possible presence of Listeria monocytogenes,For Action,France,Nature Of Danger:,,Spar Chèvre Goats Cheese; pack size: 100g,https://www.fsai.ie/news-and-alerts/food-alerts/recall-of-a-batch-of-spar-chevre-goats-cheese
2025.09,2025-02-19,Recall of a batch of Spar Old Irish Creamery Cheddar with Chilli due to the possible presence of Listeria monocytogenes,For Action,Ireland,Nature Of Danger:,1059,Spar Old Irish Creamery Cheddar with Chilli; pack size: 150g; approval number: IE 1059 EC,https://www.fsai.ie/news-and-alerts/food-alerts/recall-of-a-batch-of-spar-old-irish-creamery-chedd
2024.05,2024-02-16,Recall of a batch of Spar Triple Choc Chip Cookies due to the possible presence of metal pieces,For Action,Netherlands,foreign body,,"SPAR Triple Choc Chip Cookies, pack size: 180 g",https://www.fsai.ie/news-and-alerts/food-alerts/recall-of-a-batch-of-spar-triple-choc-chip-cookies
2025.22,2025-05-28,Recall of a batch of Super Fruta Enoki Mushrooms due to the presence of Listeria monocytogenes,For Action,China,Nature Of Danger:,,Super Fruta Enoki Mushrooms; pack size 100g,https://www.fsai.ie/news-and-alerts/food-alerts/recall-of-a-batch-of-super-fruta-enoki
2023.30,2023-11-23,Recall of a batch of SuperValu Apple and Blackcurrant Flavoured Still Spring Water due to off odour and flavour,For Action,Ireland,Recall of a batch of SuperValu Apple and Blackcurrant Flavoured Still Spring Wat,,"SuperValu Apple & Blackcurrant Flavoured Still Spring Water;

pack size: 250ml x 10 pack",https://www.fsai.ie/news-and-alerts/food-alerts/recall-of-a-batch-of-supervalu-apple-and-blackcurr
2022.05,2022-01-19,Recall of a Batch of SuperValu Still Lemon and Lime Flavoured Spring Water  Due to Off Taste,,Ireland,Recall of a Batch of SuperValu Still Lemon and Lime Flavoured Spring Water Due t,,SuperValu Still Lemon & Lime Flavoured Spring Water; pack size: 500ml 6 pack,https://www.fsai.ie/news-and-alerts/food-alerts/recall-of-a-batch-of-supervalu-still-lemon-and-lim
2026.31,2026-06-12,Recall of a batch of Surasang Frozen Oysters due to the presence of Norovirus,For Action,Korea (Republic of),Nature Of Danger:,,Surasang Frozen Oysters; pack size: 226g,https://www.fsai.ie/news-and-alerts/food-alerts/recall-of-a-batch-of-surasang-frozen-oysters
,nan,,,,,,,https://www.fsai.ie/news-and-alerts/food-alerts/recall-of-a-batch-of-suÃware-aus-sonnenblumenkerne
2025.19,2025-05-15,Recall of a batch of Süßware aus Sonnenblumenkernen due to possible presence of metal pieces,For Action,Ukraine,foreign body,,Süßware aus Sonnenblumenkernen; pack size: 250g,https://www.fsai.ie/news-and-alerts/food-alerts/recall-of-a-batch-of-sußware-aus-sonnenblumenkerne
2023.38,2023-12-13,Recall of a batch of Tesco Finest Cranberry and Apple Stuffing Mix due to the possible presence of moths,For Action,,Recall of a batch of Tesco Finest Cranberry and Apple Stuffing Mix due to the po,,Tesco Finest Cranberry & Apple Stuffing Mix; pack size: 130g,https://www.fsai.ie/news-and-alerts/food-alerts/recall-of-a-batch-of-tesco-finest-apple-and-cranbe
2022.24,2022-04-08,Recall of a Batch of Tesco Free From Digestive Biscuits,,United Kingdom,Recall of a Batch of Tesco Free From Digestive Biscuits,,Tesco Free From Digestive Biscuits; pack size: 160g,https://www.fsai.ie/news-and-alerts/food-alerts/recall-of-a-batch-of-tesco-free-from-digestive-bis
2023.21,2023-07-28,Recall of a batch of Tesco British Cooking Salt due to the possible presence of plastic pieces,,United Kingdom,Recall of a batch of Tesco British Cooking Salt due to the possible presence of ,,Tesco British Cooking Salt; pack size: 1.5 kg,https://www.fsai.ie/news-and-alerts/food-alerts/recall-of-a-batch-of-tesco-salt-due-to-the-possibl
2024.19,2024-05-15,Recall of a batch of Tesco Sandwich Pickle due to the possible presence of glass pieces,For Action,,foreign body,,Tesco Sandwich Pickle; pack size: 295g,https://www.fsai.ie/news-and-alerts/food-alerts/recall-of-a-batch-of-tesco-sandwich-pickle
2024.54,2024-11-19,Recall of a batch of Tesco Tzatziki due to the presence of Salmonella,For Action,United Kingdom,Nature Of Danger:,,Tesco Tzatziki; pack size: 200g,https://www.fsai.ie/news-and-alerts/food-alerts/recall-of-a-batch-of-tesco-tzatziki
2023.05,2023-03-15,Recall of a batch of The Apple Farm Still Irish Apple Juice due to possible fermentation that may cause bottle breakage,,Ireland,Recall of a batch of The Apple Farm Still Irish Apple Juice due to possible ferm,,The Apple Farm Still Irish Apple Juice; pack size: 250ml,https://www.fsai.ie/news-and-alerts/food-alerts/recall-of-a-batch-of-the-apple-farm-still-irish-ap
2026.27,2026-05-28,Recall of a batch of Bare Pantry Shelled Pistachios due to the presence of Salmonella,For Action,USA,Nature Of Danger:,,Bare Pantry Shelled Pistachios; pack size: 100g,https://www.fsai.ie/news-and-alerts/food-alerts/recall-of-a-batch-of-the-bare-pantry-shelled-pista
2022.39,2022-07-01,Recall of a Batch of The Foodie Market Milled Brown Flaxseed due to the Presence of Salmonella,For Action,United Kingdom,Nature Of Danger:,,The Foodie Market Milled Brown Flaxseed; pack size: 200 g,https://www.fsai.ie/news-and-alerts/food-alerts/recall-of-a-batch-of-the-foodie-market-milled-brow
2025.72,2025-12-19,Recall of a batch of The Galway Kitchen Classic Houmous due to an incorrect use-by date,For Action,Ireland,Recall of a batch of The Galway Kitchen Classic Houmous due to an incorrect use-,,The Galway Kitchen Classic Houmous; pack size: 200g,https://www.fsai.ie/news-and-alerts/food-alerts/recall-of-a-batch-of-the-galway-kitchen-classic-ho
2025.38,2025-08-05,Recall of a batch of Tom & Ollie Traditional Hummus due to the possible presence of Listeria monocytogenes,For Action,United Kingdom,Nature Of Danger:,,Tom & Ollie Traditional Hummus; pack size: 150g,https://www.fsai.ie/news-and-alerts/food-alerts/recall-of-a-batch-of-tom-ollie-traditional-hummus
2024.04,2024-02-16,Recall of a batch of Tower Gate Choc Chip Cookies due to the possible presence of metal pieces,For Action,Netherlands,foreign body,,"Tower Gate Choc Chip Cookies, pack size: 150 g",https://www.fsai.ie/news-and-alerts/food-alerts/recall-of-a-batch-of-tower-gate-choc-chip-cookies
2023.25,2023-10-12,Recall of all batches of Toxic Waste Slime Licker Sour Rolling Liquid Candy due to possible choking hazard.,For Action,USA,Recall of all batches of Toxic Waste Slime Licker Sour Rolling Liquid Candy due ,,"Toxic Waste Slime Licker Sour Rolling Liquid Candy; pack size 57 ml

EAN: 898940001016",https://www.fsai.ie/news-and-alerts/food-alerts/recall-of-a-batch-of-toxic-waste-slime-licker
2022.28,2022-05-11,Recall of a Batch of TRS Ground Cumin Jeera Powder Due to Unauthorised and/or Elevated Levels of Pesticides,,India,pesticide residues,,TRS Ground Cumin Jeera Powder; pack size: 100g,https://www.fsai.ie/news-and-alerts/food-alerts/recall-of-a-batch-of-trs-ground-cumin-jeera-powder
2025.29,2025-06-19,Recall of a batch of Utskho Suneli spice mix due to elevated levels of ethylene oxide,For Action,Georgia,Recall of a batch of Utskho Suneli spice mix due to elevated levels of ethylene ,,Utskho Suneli; pack size: 50g,https://www.fsai.ie/news-and-alerts/food-alerts/recall-of-a-batch-of-utskho-suneli-spice-mix
2026.25,2026-05-19,Recall of various Glenisk Baby Organic Fromage Frais products due to possible mould growth and spoilage,For Action,Ireland,Recall of various Glenisk Baby Organic Fromage Frais products due to possible mo,,Please refer to table below for list of implicated products.,https://www.fsai.ie/news-and-alerts/food-alerts/recall-of-a-batch-of-various-flavours-of-glenisk-o
2023.23,2023-09-01,Recall of a batch of Lidl Vemondo Vegetarian Chicken-Style Strips due to incorrect use-by date,,Germany,Recall of a batch of Lidl Vemondo Vegetarian Chicken-Style Strips due to incorre,,"Vemondo Vegetarian Chicken-Style Strips, pack size: 175 g",https://www.fsai.ie/news-and-alerts/food-alerts/recall-of-a-batch-of-vemondo-vegetarian-chicken-st
2022.08,2022-02-02,Recall of a Batch of Victus Shredded Beetroot Due to Possible Presence of Glass Fragments,,Poland,foreign body,,"Victus Buraczki Pasteryzowane Wiorki (Shredded Beets),
jar size: 420g",https://www.fsai.ie/news-and-alerts/food-alerts/recall-of-a-batch-of-victus-shredded-beetroot-due
2022.31,2022-05-16,Recall of a Batch of Villani Cacciatore Italiano Salami due to the Presence of Salmonella and Listeria monocytogenes,For Action,Italy,Nature Of Danger:,,Villani Cacciatore Italiano salami; pack size: 170g; approval number: IT 68 L CE,https://www.fsai.ie/news-and-alerts/food-alerts/recall-of-a-batch-of-villani-cacciatore-italia-(1)
2025.26,2025-06-12,Recall of a batch of Weleda Baby Teething Powder due to possible presence of glass pieces,For Action,,foreign body,,"Weleda Baby Teething Powder, pack size: 60g",https://www.fsai.ie/news-and-alerts/food-alerts/recall-of-a-batch-of-weleda-baby-teething-powder
11.04.2023,2023-04-11,Recall of a batch of Wrights of Howth Oak Smoked Irish Organic Salmon due to the presence of Listeria monocytogenes,For Action,Ireland,Nature Of Danger:,,"Wrights of Howth Oak Smoked Irish Organic Salmon; pack sizes: 120g, 240g, 350g; approval number: IE DN0022 EC.",https://www.fsai.ie/news-and-alerts/food-alerts/recall-of-a-batch-of-wrights-of-howth-oak-smoked-i
2023.14,2023-06-12,Recall of a batch of Wrights of Howth Organic Irish Smoked Salmon due to the possible presence of Listeria monocytogenes,For Action,Ireland,Nature Of Danger:,,Wrights of Howth Organic Irish Smoked Salmon; all pack sizes,https://www.fsai.ie/news-and-alerts/food-alerts/recall-of-a-batch-of-wrights-of-howth-organic-iris
,nan,,,,,,,https://www.fsai.ie/news-and-alerts/food-alerts/recall-of-a-batch-of-â roast-chicken-pesto-pasta
2021.110 (Update 2),2022-01-28,Recall of a Further Batch of The Little Milk Co. Organic Irish Cheddar and Organic Sheebeg Raw Milk Cheese,,Ireland,Recall of a Further Batch of The Little Milk Co. Organic Irish Cheddar and Organ,1987,The Little Milk Co. Organic Irish Cheddar; Organic Sheebeg Raw Milk Cheese; pack size: 135g; approval number: IE 1987 EC,https://www.fsai.ie/news-and-alerts/food-alerts/recall-of-a-further-batch-of-the-little-milk-co-or
2026.28,2026-05-28,Recall of a batch of The Proper Dairy Company Irish Farm Authentic Cypriot Style Grilling Cheese due to the presence of Listeria monocytogenes,For Action,Ireland,Nature Of Danger:,,The Proper Dairy Company Irish Farm Authentic Cypriot Style Grilling Cheese; pack size: 200g,https://www.fsai.ie/news-and-alerts/food-alerts/recall-of-a-specific-batch-of-halloumi-cheese
2026.08,2026-02-17,Recall of a specific batch of The Foodie Market Milled Chia Seeds due to the possible presence of Salmonella,For Action,,Nature Of Danger:,,The Foodie Market Milled Chia Seeds; pack size: 200g,https://www.fsai.ie/news-and-alerts/food-alerts/recall-of-a-specific-batch-of-the-foodie-market-mi
2025.07,2025-02-07,Recall of a specific batch of various Deluxe cheddar cheese wedges due to the presence of Listeria monocytogenes,For Action,Ireland,Nature Of Danger:,1059,"Deluxe Walnut Cheddar Cheese Wedge
; pack size: 150g; approval number: IE 1059 EC
Deluxe Oak Smoked Cheddar Cheese Wedge
; pack size: 150g; approval number: IE 1059 EC",https://www.fsai.ie/news-and-alerts/food-alerts/recall-of-a-specific-batches-of-various-deluxe-che
2023.04,2023-03-09,Recall of ABC Assorted Jelly Straws and Jelly Fruity sweets due to possible choking risk,For Action,Taiwan,Recall of ABC Assorted Jelly Straws and Jelly Fruity sweets due to possible chok,,"ABC Assorted Jelly Straws, ABC Assorted Jelly Fruity",https://www.fsai.ie/news-and-alerts/food-alerts/recall-of-abc-assorted-jelly-straws-and-jelly-frui
2024.29 (update 1),2024-07-12,Recall of additional batches of Al'Fez Natural Tahini Smooth and Nutty due to the possible presence of Salmonella,For Action,United Kingdom,Nature Of Danger:,,Al'Fez Natural Tahini Smooth & Nutty; pack sizes: 160g and 270g,https://www.fsai.ie/news-and-alerts/food-alerts/recall-of-additional-batches-of-al-fez-natural-tah
2022.33 (Update 1),2022-06-24,Recall of Additional Batches of Golden Lily Dried Apricot Seeds Due to High Levels of Hydrocyanic Acid (Cyanide),,Hong Kong,Recall of Additional Batches of Golden Lily Dried Apricot Seeds Due to High Leve,,Golden Lily Dried Apricot Seeds; pack size: 100 g,https://www.fsai.ie/news-and-alerts/food-alerts/recall-of-additional-batches-of-golden-lily-dried
2022.23 (Update 2),2022-04-06,Recall of Additional Batches of Kinder Surprise 20g and Kinder Surprise 20g x 3 Due to the Possible Presence of Salmonella,For Action,Belgium,Nature Of Danger:,,Please see table below for details.,https://www.fsai.ie/news-and-alerts/food-alerts/recall-of-additional-batches-of-kinder-surprise-20
2022.43,2022-07-08,Recall of Additional Batches of Lucky Me Instant Noodles due to the Presence of the Unauthorised Pesticide Ethylene Oxide,,Thailand,pesticide residues,,Please see table below for details.,https://www.fsai.ie/news-and-alerts/food-alerts/recall-of-additional-batches-of-lucky-me-instant-n
2025.10 (Update 1),2025-02-20,Recall of additional batches of Old Irish Creamery Cheese cheddar cheese products due to the possible presence of Listeria monocytogenes,For Action,Ireland,Nature Of Danger:,1059,"Please see linked table
. Approval number: IE 1059 EC",https://www.fsai.ie/news-and-alerts/food-alerts/recall-of-additional-batches-of-old-irish-creamery
2026.01 (Update 1),2026-01-07,Update to recall of specific batches of SMA Alfamino infant formula due to the possible presence of cereulide (Update 1),For Action,,Nature Of Danger: Cereulide toxin is produced by the bacterium Bacillus cereus .,,SMA Nutrition Alfamino infant formula; pack size 400g,https://www.fsai.ie/news-and-alerts/food-alerts/recall-of-additional-batches-of-sma-alfamino-formu
2026.01 (Update 2),2026-01-08,Recall of additional batches of SMA Alfamino infant formula due to the possible presence of cereulide (Update 2),For Action,,Nature Of Danger: Cereulide toxin is produced by the bacterium Bacillus cereus. ,,SMA Nutrition Alfamino infant formula; pack size 400g,https://www.fsai.ie/news-and-alerts/food-alerts/recall-of-additional-batches-of-sma-alfamino-infan
2024.04 (Update 1),2024-02-21,Recall of additional batches of Tower Gate Cookie products due to the possible presence of metal pieces,For Action,Netherlands,foreign body,,Please see table below.,https://www.fsai.ie/news-and-alerts/food-alerts/recall-of-additional-batches-of-tower-gate-choc-ch
2022.53 (Update 1),2022-08-25,Recall of Additional Best Before Dates of Ardo Frozen Fruitberry Mix due to the Presence of Hepatitis A,For Action,Poland,Nature Of Danger:,,Ardo Frozen Fruitberry Mix; pack size: 2500g,https://www.fsai.ie/news-and-alerts/food-alerts/recall-of-additional-best-before-dates-of-ardo-fro
2024.29,2024-07-07,Recall of specific batches of Al'Fez Natural Tahini due to the possible presence of Salmonella,For Action,,Nature Of Danger:,,Al'Fez Natural Tahini; pack size: 160g,https://www.fsai.ie/news-and-alerts/food-alerts/recall-of-al-fez-natural-tahini
2022.06 (Update 1),2022-01-31,Recall of All Batches of Deus Gold Full Spectrum Hemp Oil Due to the Presence of an Unauthorised Novel Food Processed in an Unregistered Establishment,For Action,Ireland,Nature Of Danger:,,Deus Gold Full Spectrum Hemp Oil; pack size: 30ml,https://www.fsai.ie/news-and-alerts/food-alerts/recall-of-all-batches-of-deus-gold-full-spectrum-h
2022.06,2022-01-21,Recall of All Batches of Hugold CBD Oil Products,For Action,Ireland,Nature Of Danger:,,See table below for product details,https://www.fsai.ie/news-and-alerts/food-alerts/recall-of-all-batches-of-hugold-cbd-oil-products-d
2025.68,2025-12-08,Recall of all batches of MossEntials Irish Sea Moss Gel and Sea Moss Sublime Sea Moss Gel products due to production in an unregistered establishment,For Action,Ireland,Nature Of Danger: The food was produced in an establishment that was not subject,,Please see table below for product details.,https://www.fsai.ie/news-and-alerts/food-alerts/recall-of-all-batches-of-mossentials-irish-sea-mos
2025.31,2025-06-25,Recall of all batches of Orgenism Eggshell Membrane Capsules due to the presence of Salmonella,For Action,,Nature Of Danger:,,"Orgenism Eggshell Membrane Capsules; pack size: 60 capsules, 500 mg per serving",https://www.fsai.ie/news-and-alerts/food-alerts/recall-of-all-batches-of-orgenism-eggshell-membran
2024.11,2024-04-06,Recall of all ProBox Just Smoothie products due to no approval,For Action,Ireland,Recall of all ProBox Just Smoothie products due to no approval,,Please see table below.,https://www.fsai.ie/news-and-alerts/food-alerts/recall-of-all-probox-just-smoothies-products
2025.70,2025-12-12,"Recall of all foods from EB Food Essentials due to production in, and/or sold from, an unregistered establishment",For Action,,Nature Of Danger: The food was produced in and/or sold from an establishment tha,,"All food products produced by and/or sold by EB Food Essentials, Coolanagh, Ballickmoyler, Co. Laois.  Please see table below for examples of some affected products, however, this is not an exhaustive list. 

All pack sizes are implicated.",https://www.fsai.ie/news-and-alerts/food-alerts/recall-of-all-products-of-from-eb-food-essentials
2022.60 (Update 1),2022-10-03,Recall of an Additional Batch of Dunnes Stores 4 Ready to Cook Southern Fried Chicken Fillets Due to the Presence of Salmonella,For Action,United Kingdom,Nature Of Danger:,,Dunnes Stores 4 Ready to Cook Southern Fried Chicken Fillets (Frozen); pack size: 500g,https://www.fsai.ie/news-and-alerts/food-alerts/recall-of-an-additional-batch-of-dunnes-stores-4-r
2026.19 (Update 1),2026-05-19,Recall of an additional batch of Green Box Limited Enoki Mushroom due to the presence of Listeria monocytogenes (Update 1),For Action,China,Nature Of Danger:,,Green Box Limited Enoki Mushroom (Cendawan Enoki); pack size: 100g,https://www.fsai.ie/news-and-alerts/food-alerts/recall-of-an-additional-batch-of-green-box-limited
2026.01 (Update 5),2026-02-03,Recall of an additional batch of SMA First Infant Milk due to the possible presence of cereulide (Update 5),For Action,,Nature Of Danger: Cereulide toxin is produced by the bacterium Bacillus cereus .,,SMA First Infant Milk; pack size: 800g,https://www.fsai.ie/news-and-alerts/food-alerts/recall-of-an-additional-batch-of-sma-first-infant
2021.110 (Update 1),2022-01-21,Recall of an Additional Batch of The Little Milk Co. Organic Irish Cheddar and a Batch of Organic Sheebeg Raw Milk Cheese,,Ireland,Recall of an Additional Batch of The Little Milk Co. Organic Irish Cheddar and a,1987,The Little Milk Co. Organic Irish Cheddar; Organic Sheebeg Raw Milk Cheese; pack size: 135 g; approval number: IE 1987 EC,https://www.fsai.ie/news-and-alerts/food-alerts/recall-of-an-additional-batch-of-the-little-milk-c
2023.35,2023-12-08,"Recall of Artri King, Kuka Flex Forte and Reumo Flex food supplements due to undeclared active ingredients not permitted in food products",For Action,,"Recall of Artri King, Kuka Flex Forte and Reumo Flex food supplements due to und",,"Artri King; pack size: 100 tablets,
Kuka Flex Forte; pack size: 30 caplets,
Reumo Flex; pack size: 30 caplets",https://www.fsai.ie/news-and-alerts/food-alerts/recall-of-artri-king-kuka-flex-forte-and-reumo-fle
2025.32,2025-06-30,Recall of various branded Bacon & Cabbage Dinners produced by Ballymaguire Foods due to the possible presence of Listeria monocytogenes,For Action,Ireland,Nature Of Danger:,,Please see table below. All pack sizes are implicated.,https://www.fsai.ie/news-and-alerts/food-alerts/recall-of-bacon-and-cabbage-dinner
2024.36,2024-08-01,Recall of several batches of spinach leaves due to the presence of Listeria monocytogenes,For Action,Sweden,Nature Of Danger:,,Please see table below.,https://www.fsai.ie/news-and-alerts/food-alerts/recall-of-batch-of-mccormack-s-family-farms-spinac
2023.13,2023-05-12,Recall of batch of Wrights of Howth Smoked Salmon due to the presence of Listeria monocytogenes,For Action,Ireland,Nature Of Danger:,,"Wrights of Howth Oak Smoked Farmed Irish Organic Salmon; pack size: 120g, 140g, 250g & 350g",https://www.fsai.ie/news-and-alerts/food-alerts/recall-of-batch-of-wrights-of-howth-oak-smoked-far
2024.37,2024-08-06,"Recall of Dale Meats Cooked Sliced Ham, Hazlett and Sliced Corned Beef due to presence of Listeria monocytogenes",For Action,Ireland,Nature Of Danger:,,"Dale Meats Cooked Sliced Ham, Hazlett and Sliced Corned Beef",https://www.fsai.ie/news-and-alerts/food-alerts/recall-of-batches-of-dale-meats-products
2022.55,2022-08-29,Recall of Batches of Duc De Coeur Stuffed Mussels with Parsley and Garlic due to Cooking Instructions not Being Labelled in English,,France,Recall of Batches of Duc De Coeur Stuffed Mussels with Parsley and Garlic due to,,Duc De Coeur 12 Stuffed Mussels with Parsley and Garlic (frozen); pack size 125g,https://www.fsai.ie/news-and-alerts/food-alerts/recall-of-batches-of-duc-de-coeur-stuffed-mussels
2026.16,2026-04-22,Recall of specific batches of Good4U Super Sprouts Super Greens due to the possible presence of Salmonella,For Action,United Kingdom,Nature Of Danger:,,Good4U Super Sprouts Super Greens; pack size: 60g,https://www.fsai.ie/news-and-alerts/food-alerts/recall-of-batches-of-good4u-super-sprouts-super-gr
2022.46,2022-08-05,Recall of Batches of Meadow Park Free Range Duck Eggs Due to the Possible Presence of Salmonella,,Ireland,Nature Of Danger:,,Meadow Park Free Range Duck Eggs; pack size: 6 pack,https://www.fsai.ie/news-and-alerts/food-alerts/recall-of-batches-of-meadow-park-free-range-duck-e
2024.60,2024-12-14,Recall of batches of O’Halleran Family Farm Free Range Eggs due to the possible presence of Salmonella,For Action,,Nature Of Danger:,,O’Halleran Family Farm Free Range Eggs,https://www.fsai.ie/news-and-alerts/food-alerts/recall-of-batches-of-o-halleran-family-farm-free-r
2022.45,2022-07-27,Recall of Batches of Organic Tortilla Chips due to the Possible Presence of Tropane Alkaloids,,Belgium,Recall of Batches of Organic Tortilla Chips due to the Possible Presence of Trop,,Please see table below.,https://www.fsai.ie/news-and-alerts/food-alerts/recall-of-batches-of-organic-tortilla-chips
,2023-03-27,Recall of batches of popcorn kernels due to elevated levels of aflatoxin,For Action,Turkey,Nature Of Danger:,,"Product Name
Pack Size
Best Before Date
True Natural Goodness
True Natural Goodness Popcorn
500g and 5Kg
31/01/2024 to 16/02/2024 inclusive

			07/03/2024 to 28/03/2024 inclusive
Pax Whole Foods & Eco Goods
Pax Whole Foods & Eco Goods Organic Popcorn Kernels
Sold loose
30-09-2024
Your Organic Nature
Your Organic Nature Pofmaïs Mafmais Souffle
400g
19-12-2024
Ekoplaza
Ekoplaza Pofmaïs
400g
29-12-2024",https://www.fsai.ie/news-and-alerts/food-alerts/recall-of-batches-of-popcorn-kernels-due-to-elevat
2024.35,2024-07-31,Recall of batches of Slaney Farm Fresh Duck Eggs due to possible presence of Salmonella,For Action,Ireland,Nature Of Danger:,,Slaney Farm Fresh Duck Eggs; All pack sizes,https://www.fsai.ie/news-and-alerts/food-alerts/recall-of-batches-of-slaney-farm-duck-eggs-due-to
2025.30,2025-06-19,Recall of batches of SuperValu Signature Tastes Yellowfin Tuna Steaks due to possible elevated levels of Histamine,For Action,,histamine,,SuperValu Line Caught Signature Tastes Yellowfin Tuna Steaks; pack size 240g,https://www.fsai.ie/news-and-alerts/food-alerts/recall-of-batches-of-supervalu-signature-tastes-ye
2023.32,2023-11-25,Recall of specific batches of The Growers Harvest Garden Peas due to possible foreign body contamination,For Action,United Kingdom,foreign body,,Please see table below.,https://www.fsai.ie/news-and-alerts/food-alerts/recall-of-batches-of-the-growers-harvest-garden-pe
2022.58,2022-09-16,Recall of Batches of Unauthorised Novel Funky CBD Oils due to the Presence of Unsafe Levels of Delta‐9‐tetrahydrocannabinol (THC),For Action,Poland,Nature Of Danger:,,See table below for product details,https://www.fsai.ie/news-and-alerts/food-alerts/recall-of-batches-of-unauthorised-novel-funky-cbd
2024.57,2024-11-22,Recall of Marcel Petite Mont D’or raw milk cheese due to presence of Yersinia enterocolitica,For Action,France,Nature Of Danger:,,"Marcel Petite Mont D’or, Fruitier Des Jarrons; all pack sizes.",https://www.fsai.ie/news-and-alerts/food-alerts/recall-of-batches-of-xxx-cheese
2023.27,2023-11-02,Recall of BDMP Frozen Lime Leaves due to the presence of Salmonella,For Action,Thailand,Nature Of Danger:,,BDMP Frozen Lime Leaves; pack size: 100g,https://www.fsai.ie/news-and-alerts/food-alerts/recall-of-bdmp-frozen-lime-leaves
2025.44,2025-08-25,Recall of Braemoor Red Hen Ham & Cheese Chicken Kievs due to the presence of Salmonella,For Action,Ireland,Nature Of Danger:,,Braemoor Red Hen Ham & Cheese Chicken Kievs; Pack size: 500g,https://www.fsai.ie/news-and-alerts/food-alerts/recall-of-braemoor-red-hen-ham-cheese-chicken-kiev
2024.25,2024-06-07,Recall of Burren Smokehouse Hot Smoked Salmon products due to the presence of Listeria monocytogenes,For Action,Ireland,Nature Of Danger:,,"Burren Smokehouse Smoked Irish Organic Salmon Hot Smoked Over Oak with Spices; pack size: 500g
Burren Smokehouse Burren Smoked Irish Organic Salmon Hot Smoked Over Oak with Honey, Lemon & Pepper; pack size: 140g and 500g",https://www.fsai.ie/news-and-alerts/food-alerts/recall-of-burren-smokehouse-hot-smoked-salmon-prod
2022.74,2022-12-23,Recall of certain batches of Avoca Butcher products due to mislabelling with incorrect cooking instructions,,Ireland,Recall of certain batches of Avoca Butcher products due to mislabelling with inc,,Please see table below for details.,https://www.fsai.ie/news-and-alerts/food-alerts/recall-of-certain-batches-of-avoca-butcher-product
2022.73,2022-12-21,Recall of certain batches of Avoca Food Market products due to mislabelling with incorrect use-by date,,Ireland,Recall of certain batches of Avoca Food Market products due to mislabelling with,,"Avoca Food Market Smoked Salmon, Cream Cheese, Horseradish & Dill Pâté and Avoca Food Market Classic Zingy Prawn Cocktail; pack size: 350g",https://www.fsai.ie/news-and-alerts/food-alerts/recall-of-certain-batches-of-avoca-food-market-pro
2022.44,2022-07-14,Recall of Certain Batches of CBD and Hemp Oil Products Due to the Presence of Unsafe Levels of Delta‐9‐tetrahydrocannabinol (THC),For Action,Unknown,Nature Of Danger:,,See table below for product information,https://www.fsai.ie/news-and-alerts/food-alerts/recall-of-certain-batches-of-cbd-and-hemp-oil-prod
2022.34,2022-06-02,Recall of Certain Batches of Centra King Prawns Due to Mislabelling with Incorrect Use-by Dates,,Ireland,Recall of Certain Batches of Centra King Prawns Due to Mislabelling with Incorre,,"Centra King Prawns (Cooked & Peeled), pack size: 180g",https://www.fsai.ie/news-and-alerts/food-alerts/recall-of-certain-batches-of-centra-king-prawns-du
2022.47,2022-08-05,Recall of Certain Batches of Häagen-Dazs Ice Cream Products due to the Detection of 2-Chloroethanol,,France,Recall of Certain Batches of Häagen-Dazs Ice Cream Products due to the Detection,,Häagen-Dazs ice cream - please see table below.,https://www.fsai.ie/news-and-alerts/food-alerts/recall-of-certain-batches-of-haagen-dazs-ice-cream
2022.04,2022-01-19,Recall of Certain Batches of Kama Hemp Kama Artisan Coffee  due to the Presence of Unsafe Levels of Delta‐9‐tetrahydrocannabinol (THC),For Action,Ireland,Nature Of Danger:,,Please see table below.,https://www.fsai.ie/news-and-alerts/food-alerts/recall-of-certain-batches-of-kama-hemp-kama-artisa
2022.48,2022-08-05,Recall of Certain Batches of Little Collins CBD Products Due to the Presence of Unsafe Levels of Delta‐9‐tetrahydrocannabinol (THC),For Action,Ireland,Nature Of Danger:,,See table below for product information.,https://www.fsai.ie/news-and-alerts/food-alerts/recall-of-certain-batches-of-little-collins-cbd-pr
2025.25,2025-06-04,Recall of specific batches of Builin Blasta dressings due to the presence of lactic acid bacteria which may cause spoilage,For Action,,Recall of specific batches of Builin Blasta dressings due to the presence of lac,,Please see to table below.,https://www.fsai.ie/news-and-alerts/food-alerts/recall-of-certain-builin-blasta-dressings-due-to-t
2022.59,2022-09-22,Recall of Certain Primark Children’s Plates due to the Possible Migration of Lead and Formaldehyde,,China,Recall of Certain Primark Children’s Plates due to the Possible Migration of Lea,,Primark children's plates. Please see table below.,https://www.fsai.ie/news-and-alerts/food-alerts/recall-of-certain-primark-children-s-plates-due-to
2024.62,2024-12-18,Recall of various branded cheeses produced by Wicklow Farmhouse Cheese due to the possible presence of Listeria monocytogenes,For Action,Ireland,Nature Of Danger:,"1915, 1879, 1949",Please see table below.,https://www.fsai.ie/news-and-alerts/food-alerts/recall-of-cheeses-produced-by-wicklow-farmhouse-ch
2023.20,2023-07-25,"Recall of Dale Meats Cooked Whole and Sliced Ham, Sliced Hazlett and Sliced Corned Beef products due to presence of Listeria monocytogenes",For Action,Ireland,Nature Of Danger:,,"Dale Meats cooked whole ham, sliced ham, sliced hazlett and sliced corned beef",https://www.fsai.ie/news-and-alerts/food-alerts/recall-of-dale-meats-cooked-and-sliced-ham-sliced
2024.40,2024-09-03,"Recall of Dale Meats Cooked Sliced Ham, Hazlett and Sliced Corned Beef due to the possible presence of Listeria monocytogenes",For Action,Ireland,Nature Of Danger:,,Please see table below.,https://www.fsai.ie/news-and-alerts/food-alerts/recall-of-dale-meats-products-(1)
2024.59,2024-12-13,Recall of Dunnes Stores Beechwood Smoked and Tomato & Herb Wicklow Cheddar due to the possible presence of Listeria monocytogenes,For Action,Ireland,Nature Of Danger:,,"Dunnes Stores Beechwood Smoked Wicklow Cheddar; all pack sizes.
Dunnes Stores Tomato & Herb Wicklow Cheddar; all pack sizes.",https://www.fsai.ie/news-and-alerts/food-alerts/recall-of-dunnes-stores-beechwood-smoked-and-tomat
2024.62 (Update 1),2024-12-18,"Recall of Dunnes Stores Simply Better Irish Brie Cheese, Rocket and Cranberry Quiche produced with cheese from Wicklow Farmhouse Cheese due to the possible presence of Listeria monocytogenes",For Action,Ireland,Nature Of Danger:,,"Dunnes Stores Simply Better Irish Brie Cheese, Rocket & Cranberry Quiche; pack size: 800g",https://www.fsai.ie/news-and-alerts/food-alerts/recall-of-dunnes-stores-simply-better-irish-brie-c
2024.18,2024-05-10,Recall of For Gut Sake Lovely Leitrim Farm Fresh Raw Milk due to hygiene concerns,For Action,Ireland,Recall of For Gut Sake Lovely Leitrim Farm Fresh Raw Milk due to hygiene concern,,For Gut Sake Lovely Leitrim Farm Fresh Raw Milk; pack size: 1 litre,https://www.fsai.ie/news-and-alerts/food-alerts/recall-of-for-gut-sake-lovely-leitrim-farm-fresh-r
2023.15,2023-06-16,Recall of imported frozen food of animal origin sold in Iceland Ireland stores,For Action,Unknown,Recall of imported frozen food of animal origin sold in Iceland Ireland stores,,"Imported frozen food products of animal origin sold in Iceland Ireland stores since 3 March 2023.

Please see
product list
.",https://www.fsai.ie/news-and-alerts/food-alerts/recall-of-frozen-products-retailed-by-iceland-irel
2023.19,2023-07-20,Recall of Funny Candy Cup Cake Candy due to a possible choking risk,For Action,China,Recall of Funny Candy Cup Cake Candy due to a possible choking risk,,Funny Candy Cup Cake Candy; pack size: 40g,https://www.fsai.ie/news-and-alerts/food-alerts/recall-of-funny-candy-cup-cake-candy
2022.43 (Update 1),2022-07-13,Recall of Further Batches of Lucky Me Instant Noodles due to the Presence of the Unauthorised Pesticide Ethylene Oxide,,Thailand,pesticide residues,,Please see table below for details.,https://www.fsai.ie/news-and-alerts/food-alerts/recall-of-further-batches-of-lucky-me-instant-nood
2025.04,2025-01-27,Recall of Gleesons Butchers ready meals due to production in an unapproved establishment,For Action,Ireland,Recall of Gleesons Butchers ready meals due to production in an unapproved estab,,Please see table below.,https://www.fsai.ie/news-and-alerts/food-alerts/recall-of-gleesons-butchers-ready-meals
2022.15,2022-02-23,Recall of GreenHeart CBD Oils due to the Presence of Unsafe Levels of Delta‐9‐tetrahydrocannabinol (THC),For Action,Ireland,Nature Of Danger:,,See table below for product detail,https://www.fsai.ie/news-and-alerts/food-alerts/recall-of-greenheart-cbd-oils
2026.09,2026-02-23,Recall of Hello Kitty Apple Jelly strips due to possible choking risk,For Action,Japan,Recall of Hello Kitty Apple Jelly strips due to possible choking risk,,Hello Kitty Apple Jelly strips; pack size: 150g,https://www.fsai.ie/news-and-alerts/food-alerts/recall-of-hello-kitty-apple-jelly-strips
2024.31,2024-07-16,Recall of Johnston Mooney & O'Brien baked products due to the possible presence of metal pieces,For Action,Ireland,foreign body,,Please see table below.,https://www.fsai.ie/news-and-alerts/food-alerts/recall-of-johnston-mooney-o-brien-baked-products-d
2023.31,2023-11-24,Recall of a batch of Lidl Braemoor 2 Duck Breast Fillets due to the presence of Salmonella,For Action,Hungary,Nature Of Danger:,,Braemoor 2 Duck Breast Fillets skin on and boneless (frozen); pack size: 400g,https://www.fsai.ie/news-and-alerts/food-alerts/recall-of-lidl-frozen-duck-breast-fillets-with-plu
2023.24,2023-09-04,Recall of some batches of Lidl McEnnedy Corn Dogs due to Listeria monocytogenes,For Action,Germany,Nature Of Danger:,,McEnnedy Corn Dogs; pack size: 530g,https://www.fsai.ie/news-and-alerts/food-alerts/recall-of-lidl-mcennedy-corn-dogs
2023.16,2023-06-29,Recall of various flavours of LIUM Jelly sweets due to a possible choking risk,For Action,China,Recall of various flavours of LIUM Jelly sweets due to a possible choking risk,,"LIUM Jelly Ume with sugar and sweetener, LIUM Jelly Ume & Strawberry with sugar and sweetener, LIUM Jelly Ume & Mango with sugar and sweetener, LIUM Jelly Ume & Maracuja with sugar and sweetener",https://www.fsai.ie/news-and-alerts/food-alerts/recall-of-lium-jelly-sweets
2024.01,2024-01-02,Recall of Nutramigen LGG Stage 1 & 2 Hypoallergenic Infant Formula due to the possible presence of Cronobacter sakazakii,For Action,USA,Nature Of Danger:,,Please see table below.,https://www.fsai.ie/news-and-alerts/food-alerts/recall-of-nutramigen-lgg-stage-1-2-baby-formula-du
2025.39,2025-08-05,Recall of various brands of O'Hanlon Herbs potted Coriander due to possible presence of Listeria monocytogenes,For Action,Ireland,Nature Of Danger:,,Please see table below.,https://www.fsai.ie/news-and-alerts/food-alerts/recall-of-o-hanlon-herbs-potted-coriander
2026.14,2026-04-10,Recall of a batch of Chef Select Carbonara Pasta Bake due to missing use-by date,For Action,Austria,Recall of a batch of Chef Select Carbonara Pasta Bake due to missing use-by date,,"Chef Select Carbonara Pasta Bake, pack size: 1 kg",https://www.fsai.ie/news-and-alerts/food-alerts/recall-of-part-of-a-batch-of-chef-select-carbonara
2022.49,2022-08-12,Recall of Primark Winnie the Pooh Plate due to the Possible Migration of Lead and Formaldehyde,,China,Recall of Primark Winnie the Pooh Plate due to the Possible Migration of Lead an,,Primark (Penney's) Winnie the Pooh plate (see photograph below),https://www.fsai.ie/news-and-alerts/food-alerts/recall-of-primark-winnie-the-pooh-plate
2025.67,2025-12-05,Recall of Puckator dinosauria and unicorn magic tableware sets for children as they are unsuitable for microwave use,For Action,China,Recall of Puckator dinosauria and unicorn magic tableware sets for children as t,,Please see table below for product details.,https://www.fsai.ie/news-and-alerts/food-alerts/recall-of-puckator-dinosaur-and-unicorn-tableware
2025.67 Update 1,2025-12-23,Recall of Puckator little tractors tableware set for children as they are unsuitable for microwave use (Update 1),For Action,China,Recall of Puckator little tractors tableware set for children as they are unsuit,,Puckator Little Tractors Tableware Set; barcode number: 5055071785467,https://www.fsai.ie/news-and-alerts/food-alerts/recall-of-puckator-little-tractors-tableware-sets
2024.49,2024-11-07,Recall of specific ready meals and salads containing chickpeas due to possible presence of animal matter,For Action,,Recall of specific ready meals and salads containing chickpeas due to possible p,,Please see table below.,https://www.fsai.ie/news-and-alerts/food-alerts/recall-of-ready-meals-and-salads-containing-chickp
2025.28,2025-06-18,Recall of Ricepure Red Yeast Rice food supplement due to an elevated level of monacolin K and missing warning statements,For Action,United Kingdom,Nature Of Danger:,,Ricepure Red Yeast Rice; pack size: 30 capsules,https://www.fsai.ie/news-and-alerts/food-alerts/recall-of-ricepure-red-yeast-rice-food-supplement
2025.20,2025-05-20,"Recall of Russell Meats Sliced Corned Beef, Sliced Turkey and Roast Beef Sliced due to unapproved processing, packaging and labelling",For Action,,"Recall of Russell Meats Sliced Corned Beef, Sliced Turkey and Roast Beef Sliced ",,"Russell Meats Sliced Corned Beef,
Russell Meats Sliced Turkey,
Russell Meats Roast Beef Sliced",https://www.fsai.ie/news-and-alerts/food-alerts/recall-of-russell-meats-sliced-corned-beef-sliced
2023.22,2023-08-25,Recall of several ready-made Avoca products due to possible presence of metal fragments,For Action,Ireland,foreign body,,Please see link below.,https://www.fsai.ie/news-and-alerts/food-alerts/recall-of-several-avoca-products
2024.20,2024-05-22,Recall of several batches of Kellogg's Corn Flakes Chocolate Flavour due to potential choking hazard or injury,For Action,United Kingdom,Recall of several batches of Kellogg's Corn Flakes Chocolate Flavour due to pote,,Kellogg's Corn Flakes Chocolate Flavour; pack size: 450g,https://www.fsai.ie/news-and-alerts/food-alerts/recall-of-several-batches-of-kellogg-s-corn-flakes
2025.71,2025-12-18,Recall of several batches of Quail.ie Always Fresh 20 Quail Eggs due to the possible presence of Salmonella,For Action,Ireland,Salmonella,,Quail.ie Always Fresh 20 Quail Eggs,https://www.fsai.ie/news-and-alerts/food-alerts/recall-of-several-batches-of-quail-ie-always-fresh
2024.46,2024-10-15,Recall of specific batches of True Natural Goodness Organic Quinoa Flakes due to the possible presence of larvae,For Action,,Recall of specific batches of True Natural Goodness Organic Quinoa Flakes due to,,True Natural Goodness Organic Quinoa Flakes; pack size: 500g,https://www.fsai.ie/news-and-alerts/food-alerts/recall-of-several-batches-of-true-natural-goodness
2023.10,2023-05-02,Recall of several Cadbury chocolate dessert products due to the possible presence of Listeria monocytogenes,For Action,United Kingdom,Nature Of Danger:,,See table below.,https://www.fsai.ie/news-and-alerts/food-alerts/recall-of-several-cadbury-chocolate-dessert-produc
2024.08,2024-03-13,Recall of a batch of Sisu Ginger Flavoured Organic Kombucha due to carbonation which may cause cans to expand and burst,For Action,Netherlands,Recall of a batch of Sisu Ginger Flavoured Organic Kombucha due to carbonation w,,Sisú Ginger Flavoured Organic Kombucha; pack size: 330ml cans and 12 x 330ml case,https://www.fsai.ie/news-and-alerts/food-alerts/recall-of-sisu-ginger-flavoured-organic-kombucha
2025.61,2025-11-18,"Recall of some batches of Dunnes Stores Sage due to possible choking risk from pieces of stalk, bark and plastic",For Action,United Kingdom,Recall of some batches of Dunnes Stores Sage due to possible choking risk from p,,Dunnes Stores Sage; pack size: 10g,https://www.fsai.ie/news-and-alerts/food-alerts/recall-of-some-batches-of-dunnes-stores-sage
2023.02,2023-01-24,Recall of some batches of various raw chicken products due to the presence of Salmonella Typhimurium,For Action,Ireland,Nature Of Danger:,,Please see table below.,https://www.fsai.ie/news-and-alerts/food-alerts/recall-of-some-batches-of-various-raw-chicken-prod
2022.16,2022-03-04,Recall of Some Coleslaws and Other Products Containing Shredded Cabbages or Carrots due to the Possible Presence of Listeria monocytogenes,For Action,Ireland,Nature Of Danger:,,Please see table below.,https://www.fsai.ie/news-and-alerts/food-alerts/recall-of-some-coleslaws-and-other-products-contai
2022.23,2022-04-02,Recall of Some Kinder Surprise 20g and Kinder Surprise 20g x3 Due to the Possible Presence of Salmonella,For Action,Belgium,Nature Of Danger:,,Kinder Surprise; pack size: 20g and 20g x 3,https://www.fsai.ie/news-and-alerts/food-alerts/recall-of-some-kinder-surprise-20g-and-kinder-surp
2022.30,2022-05-13,Recall of Some Marks and Spencer Products Containing Chicken Due to the Possible Presence of Salmonella,For Action,United Kingdom,Nature Of Danger:,,Please see tables below for details.,https://www.fsai.ie/news-and-alerts/food-alerts/recall-of-some-marks-and-spencer-products-containi
2024.51,2024-11-08,Recall of Sona Red Yeast Rice food supplement due to an elevated level of monacolin K,For Action,France,Nature Of Danger:,,Sona Red Yeast Rice Standardised Monacolin K; pack size: 60 capsules,https://www.fsai.ie/news-and-alerts/food-alerts/recall-of-sona-red-yeast-rice
2022.72,2022-12-14,Recall of Irish Ham Fillets due to incorrect cooking instructions,,Ireland,Recall of Irish Ham Fillets due to incorrect cooking instructions,528,Smoked 100% Irish Ham Fillet and Unsmoked 100% Irish Ham Fillet; pack size: 3kg; approval number: IE 528 EC,https://www.fsai.ie/news-and-alerts/food-alerts/recall-of-specific-100-irish-ham-fillets-due-to-in
2026.03,2026-01-26,Recall of a specific batch of Aptamil 1 From Birth First infant milk due to presence of cereulide,For Action,,Nature Of Danger: Cereulide toxin is produced by the bacterium Bacillus cereus .,,Aptamil 1 From Birth First infant milk; pack size: 800g,https://www.fsai.ie/news-and-alerts/food-alerts/recall-of-specific-batch-of-aptamil-first-infant-f
2022.35,2022-06-03,Recall of Specific Batches of Afroase Biteku Leaves Due to the Presence of the Pesticide Chlorpyrifos-ethyl,,Cameroon,pesticide residues,,"Afroase Biteku Leaves, pack size: 500g",https://www.fsai.ie/news-and-alerts/food-alerts/recall-of-specific-batches-of-afroase-biteku-leave
2025.60,2025-11-13,Recall of specific batches of Booja-Booja Chocolate Wonders Fudgie Brownies due to possible mould growth and spoilage,For Action,,Recall of specific batches of Booja-Booja Chocolate Wonders Fudgie Brownies due ,,Booja-Booja Chocolate Wonders Fudgie Brownie Organic; pack size: 65 g,https://www.fsai.ie/news-and-alerts/food-alerts/recall-of-specific-batches-of-booja-booja-chocolat
2025.02 (update 1),2025-01-30,Update to recall of specific batches of Cape Herb and Spice products due to the possible presence of plastic pieces,For Action,South Africa,Update to recall of specific batches of Cape Herb and Spice products due to the ,,Please see table below.,https://www.fsai.ie/news-and-alerts/food-alerts/recall-of-specific-batches-of-cape-herb-and-sp-(1)
2025.02,2025-01-23,Recall of specific batches of Cape Herb and Spice products due to the possible presence of plastic pieces,For Action,South Africa,Recall of specific batches of Cape Herb and Spice products due to the possible p,,Please see table below.,https://www.fsai.ie/news-and-alerts/food-alerts/recall-of-specific-batches-of-cape-herb-and-spice
2025.59,2025-11-03,Recall of specific batches of some Templetuohy Farm Fresh Foods chicken products due to the possible presence of Salmonella,For Action,,Salmonella,2892,Please see table below for product details.,https://www.fsai.ie/news-and-alerts/food-alerts/recall-of-specific-batches-of-certain-templetuohy
2022.65,2022-10-28,Recall of Specific Batches of Clearspring Organic Wholegrain Rice Cakes due to the Presence of Aflatoxin,,Belgium,mycotoxins,,Clearspring Organic Wholegrain Rice Cakes - Lightly Salted; pack size: 12 x 130g,https://www.fsai.ie/news-and-alerts/food-alerts/recall-of-specific-batches-of-clearspring-organic
2025.69,2025-12-08,Recall of specific batches of Disaronno Originale 500 Years due to possible presence of micro-fragments of glass,For Action,Italy,foreign body,,Disaronno Originale 500 Years; pack size: 700ml; EAN: 8001110016303,https://www.fsai.ie/news-and-alerts/food-alerts/recall-of-specific-batches-of-disaronno-originale
2026.11,2026-03-20,Recall of specific batches of Dunnes Stores Plain Tortilla Wraps due to the possible presence of metal pieces,For Action,Netherlands,foreign body,,Dunnes Stores Plain Tortilla Wraps; pack size: 512g,https://www.fsai.ie/news-and-alerts/food-alerts/recall-of-specific-batches-of-dunnes-store-plain-t
2022.17,2022-03-07,Recall of Specific Batches of Dunnes Stores Semi Dried Cherry Tomatoes due to the Presence of the Pesticide Chlorpyrifos-methyl,,Belgium,pesticide residues,,Dunnes Stores Semi Dried Cherry Tomatoes; pack size: 120g,https://www.fsai.ie/news-and-alerts/food-alerts/recall-of-specific-batches-of-dunnes-stores-semi-d
2022.13,2022-02-11,Recall of Specific Batches of Ekoplaza Kokosolie Organic Coconut Oil Due to the Elevated Level of Glycidyl Esters,,Netherlands,Recall of Specific Batches of Ekoplaza Kokosolie Organic Coconut Oil Due to the ,,"Ekoplaza Kokosolie Geurloos Organic Coconut Oil, pack size: see table below",https://www.fsai.ie/news-and-alerts/food-alerts/recall-of-specific-batches-of-ekoplaza-kokosolie-o
2022.14,2022-02-21,Recall of Specific Batches of EleCare Similac and Alimentum Similac due to the Possible Presence of Salmonella and Cronobacter sakazakii,For Action,USA,Nature Of Danger:,,Please see table below,https://www.fsai.ie/news-and-alerts/food-alerts/recall-of-specific-batches-of-elecare-similac-and
2022.50,2022-08-12,Recall of Specific Batches of Ella’s Kitchen Banana and Vanilla Bread Pudding due to Possible Microbiological Contamination,For Action,Belgium,Nature Of Danger:,,Ella's Kitchen Banana and Vanilla Bread Pudding; pack size 4x80g,https://www.fsai.ie/news-and-alerts/food-alerts/recall-of-specific-batches-of-ella-s-kitchen-banan
2024.30,2024-07-08,Recall of specific batches of Etoile de Provence Banon AOP (raw milk goats' cheese) due to the presence of Yersinia enterocolitica,For Action,France,Nature Of Danger:,,Etoile de Provence Banon AOP (raw milk goats' cheese); pack size: 100g,https://www.fsai.ie/news-and-alerts/food-alerts/recall-of-specific-batches-of-etoile-de-provence-b
2022.54,2022-08-24,Recall of Specific Batches of Fit Foods Breakfast Club Porridge with Mixed Summer Berries Due to the Presence of Hepatitis A,For Action,Ireland,Nature Of Danger:,,Fit Foods Breakfast Club Porridge with Mixed Summer Berries; pack size: 240g,https://www.fsai.ie/news-and-alerts/food-alerts/recall-of-specific-batches-of-fit-foods-breakfast
2022.64,2022-10-28,Recall of specific batches of Glenhaven Deli Style Premium Breaded Chicken Goujons,For Action,Ireland,Nature Of Danger:,,"Glenhaven Deli Style Premium Breaded Chicken Goujons (frozen);
pack size: 1Kg",https://www.fsai.ie/news-and-alerts/food-alerts/recall-of-specific-batches-of-glenhaven-deli-style
2026.19,2026-05-02,Recall of a specific batch of Green Box Limited Enoki Mushrooms due to the presence of Listeria monocytogenes,For Action,China,Nature Of Danger:,,Green Box Limited Enoki Mushroom (Cendawan Enoki); pack size: 100g,https://www.fsai.ie/news-and-alerts/food-alerts/recall-of-specific-batches-of-green-box-limited-en
2022.42,2022-07-08,Recall of Specific Batches of Häagen-Dazs Vanilla Tub and Vanilla Collection Ice Cream due to the Presence of the Unauthorised Pesticide Ethylene Oxide,,France,pesticide residues,,Häagen-Dazs Vanilla (tub); pack size: 460ml and Häagen-Dazs Vanilla Collection; pack size: 4x95ml,https://www.fsai.ie/news-and-alerts/food-alerts/recall-of-specific-batches-of-haagen-dazs-vanilla
2025.15,2025-03-20,Recall of specific batches of Hogans Farm Turkey Burgers due to missing or incorrect ingredients lists,For Action,Ireland,Recall of specific batches of Hogans Farm Turkey Burgers due to missing or incor,,Please see table below.,https://www.fsai.ie/news-and-alerts/food-alerts/recall-of-specific-batches-of-hogan-s-farm-turkey
2025.27,2025-06-13,Recall of specific batches of IKEA 365+ VARDEFULL Garlic Press due to risk of small metal pieces detaching during use,For Action,Sweden,foreign body,,IKEA 365+ VÄRDEFULL Garlic Press,https://www.fsai.ie/news-and-alerts/food-alerts/recall-of-specific-batches-of-ikea-365-vardefull-g
2023.28,2023-11-15,Recall of specific batches of K O'Connell Fishmongers Irish Smoked Salmon due to the presence of Listeria monocytogenes,For Action,Ireland,Nature Of Danger:,,Please see table below.,https://www.fsai.ie/news-and-alerts/food-alerts/recall-of-specific-batches-of-kay-o-connell-fishmo
2024.13,2024-04-17,Recall of specific batches of Magnum Almond Ice Cream 3 pack due to the possible presence of plastic and metal pieces,For Action,United Kingdom,foreign body,,Magnum Almond Ice Cream; pack size: 3 x 100ml multipack,https://www.fsai.ie/news-and-alerts/food-alerts/recall-of-specific-batches-of-magnum-almond-ice-cr
2024.10,2024-03-29,Recall of specific batches of Magnum Classic Ice Cream 3 pack due to the possible presence of metal pieces,For Action,United Kingdom,foreign body,,Magnum Classic Ice Cream; pack size 3 x 100ml multipack,https://www.fsai.ie/news-and-alerts/food-alerts/recall-of-specific-batches-of-magnum-classic-choco
2024.23,2024-05-31,Recall of Maisha Cold Brew Coffee Original & Lemon Flavours due to incorrect storage conditions,For Action,Ireland,Recall of Maisha Cold Brew Coffee Original & Lemon Flavours due to incorrect sto,,Maisha Cold Brew Coffee Original & Maisha Cold Brew Coffee Lemon Flavour; pack size: 330ml,https://www.fsai.ie/news-and-alerts/food-alerts/recall-of-specific-batches-of-maisha-cold-brew-cof
2026.23,2026-05-12,Recall of various Manor Farm chicken products due to possible presence of Salmonella,For Action,Ireland,Nature Of Danger:,803,Please see table below for product details. Approval number IE 803 EC,https://www.fsai.ie/news-and-alerts/food-alerts/recall-of-specific-batches-of-manor-farm-chicken-p
2025.03,2025-01-24,Recall of specific batches of Marks and Spencer breaded chicken products due to the possible presence of Salmonella,For Action,Ireland,Nature Of Danger:,,Please see table below.,https://www.fsai.ie/news-and-alerts/food-alerts/recall-of-specific-batches-of-marks-and-spencer-br
2024.06,2024-03-01,Recall of specific batches of Nanosupps A Protein Pancake products due to the possible presence of mould,For Action,Hungary,Recall of specific batches of Nanosupps A Protein Pancake products due to the po,,Please see table below.,https://www.fsai.ie/news-and-alerts/food-alerts/recall-of-specific-batches-of-nanosupps-a-protein
2025.13,2025-02-28,Recall of specific batches of Nestle Frosted Shreddies due to the possible presence of hard lumps of sugar,For Action,United Kingdom,Recall of specific batches of Nestle Frosted Shreddies due to the possible prese,,Please see table below.,https://www.fsai.ie/news-and-alerts/food-alerts/recall-of-specific-batches-of-nestle-frosted-shred
2025.05,2025-01-29,Recall of specific batches of Newcastle Brown Ale due to the presence of glass fragments,For Action,,foreign body,,Newcastle Brown Ale; pack size: 550 ml bottle,https://www.fsai.ie/news-and-alerts/food-alerts/recall-of-specific-batches-of-newcastle-brown-ale
2022.38,2022-06-10,Recall of Specific Batches of Pat the Baker and Irish Pride Breadcrumbs due to the possible presence of Listeria monocytogenes,For Action,Ireland,Nature Of Danger:,,"Pat the Baker Quality Bread Quality Crumb; pack size: 400g

Pat the Baker Breadcrumb; pack size: 5Kg

Irish Pride Bread Crumbs; pack size: 400g

Irish Pride Catering Bread Crumbs; pack size: 2Kg",https://www.fsai.ie/news-and-alerts/food-alerts/recall-of-specific-batches-of-pat-the-baker-and-ir
2025.55,2025-10-09,Recall of specific batches of Pekish breaded chicken products due to incorrect cooking instructions on the label,For Action,,Recall of specific batches of Pekish breaded chicken products due to incorrect c,,Please see table below.,https://www.fsai.ie/news-and-alerts/food-alerts/recall-of-specific-batches-of-pekish-chicken-produ
2026.33,2026-06-17,Recall of specific batches of Pettitt's Kitchen products due to the possible presence of Listeria monocytogenes,For Action,Ireland,Nature Of Danger:,4093,Please see list below.  Approval number: IE 4093 EC.,https://www.fsai.ie/news-and-alerts/food-alerts/recall-of-specific-batches-of-pettitt-s-ready-to-e
2026.10,2026-02-23,Recall of specific batches of Rosabella Moringa capsules due to the possible presence of Salmonella,For Action,USA,Salmonella,,Rosabella Moringa 100% Pure; pack size: 60 capsules,https://www.fsai.ie/news-and-alerts/food-alerts/recall-of-specific-batches-of-rosabella-moringa-ca
2025.56,2025-10-20,Recall of specific batches of several brands of Desiccated Coconut due to the possible presence of pieces of plastic,For Action,Indonesia,Recall of specific batches of several brands of Desiccated Coconut due to the po,,Please see table below.,https://www.fsai.ie/news-and-alerts/food-alerts/recall-of-specific-batches-of-several-brands-of-de
2024.28,2024-06-29,Recall of specific batches of Spuddy’s Irish Crisps due to the possible presence of rubber pieces,For Action,Ireland,Recall of specific batches of Spuddy’s Irish Crisps due to the possible presence,,Spuddy’s Cheese and Onion Flavour Irish Crisps (6 x 25g pack); Spuddy’s Irish Potato Crisps assorted flavours (24 x 25g pack),https://www.fsai.ie/news-and-alerts/food-alerts/recall-of-specific-batches-of-spuddy-s-irish-crisp
2022.10,2022-02-03,Recall of Specific Batches of SuperValu and Centra Rice Products Due to the Possible Presence of Insects,,Netherlands,Recall of Specific Batches of SuperValu and Centra Rice Products Due to the Poss,,Please see table below.,https://www.fsai.ie/news-and-alerts/food-alerts/recall-of-specific-batches-of-supervalu-and-centra
2024.27,2024-06-29,Recall of specific batches of Tayto products due to possible presence of rubber pieces,For Action,Ireland,Recall of specific batches of Tayto products due to possible presence of rubber ,,Please see table below.,https://www.fsai.ie/news-and-alerts/food-alerts/recall-of-specific-batches-of-tayto-products
2026.13,2026-04-09,Recall of specific batches of Tesco Finest Summer Edition Chocolate Affogato Dessert due to the possible presence of plastic pieces,For Action,United Kingdom,Recall of specific batches of Tesco Finest Summer Edition Chocolate Affogato Des,,Tesco Finest Summer Edition Chocolate Affogato Dessert; pack size: 538 g,https://www.fsai.ie/news-and-alerts/food-alerts/recall-of-specific-batches-of-tesco-finest-summer
2024.50,2024-11-08,Recall of specific batches of The Happy Pear products due to possible presence of animal matter,For Action,,Recall of specific batches of The Happy Pear products due to possible presence o,,Please see table below.,https://www.fsai.ie/news-and-alerts/food-alerts/recall-of-specific-batches-of-the-happy-pear-produ
2025.16,2025-04-02,Recall of specific batches of Tony’s Chocolonely Dark Almond Sea Salt due to the possible presence of small stones,For Action,Belgium,Recall of specific batches of Tony’s Chocolonely Dark Almond Sea Salt due to the,,Tony’s Chocolonely Dark Almond Sea Salt; pack size: 180g,https://www.fsai.ie/news-and-alerts/food-alerts/recall-of-specific-batches-of-tony-s-chocolonely-d
2025.18,2025-04-04,Recall of specific batches of Tony’s Chocolonely hollow chocolate eggs due to possible presence of metal fragments,For Action,Belgium,foreign body,,Please see table below.,https://www.fsai.ie/news-and-alerts/food-alerts/recall-of-specific-batches-of-tony-s-chocolonely-e
2024.47,2024-10-18,Recall of specific batches of True Natural Goodness Organic Pumpkin Seeds European due to the possible presence of larvae,For Action,,Recall of specific batches of True Natural Goodness Organic Pumpkin Seeds Europe,,"True Natural Goodness Organic Pumpkin Seeds European; pack sizes: 2.5kg and 500g;
and
Organic Pumpkin Seeds European; pack sizes: 25kg",https://www.fsai.ie/news-and-alerts/food-alerts/recall-of-specific-batches-of-true-natural-goodnes
2025.11,2025-02-20,Recall of specific batches of various Burren Smokehouse organic hot smoked salmon products due to the possible presence of Listeria monocytogenes,For Action,Ireland,Nature Of Danger:,,Please see table below.,https://www.fsai.ie/news-and-alerts/food-alerts/recall-of-specific-batches-of-various-burren-smoke
2026.34,2026-06-19,Recall of specific batches of various French brie products due to the presence of Listeria monocytogenes,For Action,,Nature Of Danger:,,Please see table below for product details.,https://www.fsai.ie/news-and-alerts/food-alerts/recall-of-specific-batches-of-various-french-brie
2025.10,2025-02-19,Recall of specific batches of various Old Irish Creamery Cheese cheddar cheese products due to the possible presence of Listeria monocytogenes,For Action,Ireland,Nature Of Danger:,1059,"List of implicated Old Irish Creamery Cheese cheddar cheese products and batches
.  Approval number: IE 1059 EC",https://www.fsai.ie/news-and-alerts/food-alerts/recall-of-specific-batches-of-various-old-iris-(1)
2025.08,2025-02-07,Recall of specific batches of various Old Irish Creamery Cheese cheddar cheese products due to the presence of Listeria monocytogenes,For Action,Ireland,Nature Of Danger:,1059,Please see table below.,https://www.fsai.ie/news-and-alerts/food-alerts/recall-of-specific-batches-of-various-old-irish-cr
2024.09,2024-03-17,Recall of Village Bakery White Tortilla Wraps due to the possible presence of metal pieces,For Action,United Kingdom,foreign body,,Village Bakery 8 Tortilla Wraps White; pack size 8x62g,https://www.fsai.ie/news-and-alerts/food-alerts/recall-of-specific-batches-of-village-bakery-white
2026.20,2026-05-11,Recall of specific batches of Western Brand Sage & Onion Cook in Bag Whole Chicken due to the possible presence of Salmonella,For Action,Ireland,Nature Of Danger:,,Please see table below.,https://www.fsai.ie/news-and-alerts/food-alerts/recall-of-specific-batches-of-western-brand-sage-o
2025.73,2025-12-19,Recall of Strong branded mini jelly cups due to a possible choking risk,For Action,,Recall of Strong branded mini jelly cups due to a possible choking risk,,Strong branded mini jelly cups; pack size: 360g,https://www.fsai.ie/news-and-alerts/food-alerts/recall-of-strong-branded-mini-jelly-cups
2023.11,2023-05-12,Recall of specific batches of Tesco Southern Fried Chicken Goujons due to the possible presence of Salmonella,For Action,Netherlands,Nature Of Danger:,,Tesco Southern Fried Chicken Goujons (frozen); pack size: 360g,https://www.fsai.ie/news-and-alerts/food-alerts/recall-of-tesco-southern-fried-chicken-goujons-(1)
2023.18,2023-07-15,Recall of Aldi 'The Deli' Meatster snack salami Original / Hot due to the presence of Listeria monocytogenes,For Action,Germany,Nature Of Danger:,,See table below.,https://www.fsai.ie/news-and-alerts/food-alerts/recall-of-the-deli-meatster-snack-salami-original
2025.46,2025-08-27,Recall of The Toons Bridge Dairy Ricotta & Buffalo Ricotta Cheeses due to the presence of Listeria monocytogenes,For Action,Ireland,Nature Of Danger:,,Please see table below.,https://www.fsai.ie/news-and-alerts/food-alerts/recall-of-the-toonsbridge-dairy-ricotta-buffalo-ri
2024.21,2024-05-22,Recall of all Toofy Duck products as they may have been produced in an unapproved establishment,For Action,Unknown,Recall of all Toofy Duck products as they may have been produced in an unapprove,,"All Toofy Duck products including:
Toofy Duck Braised Duck Heads,
Toofy Duck Braised Duck Necks,
Toofy Duck Braised Duck Wings,
Toofy Duck Braised Duck Feet,
Toofy Duck Braised Chicken Feet.
All pack sizes.",https://www.fsai.ie/news-and-alerts/food-alerts/recall-of-toofy-duck-duck-and-chicken-products-as
2022.70,2022-11-28,Recall of various Aero Hot Choc drinks due to possible presence of silica beads,,United Kingdom,Recall of various Aero Hot Choc drinks due to possible presence of silica beads,,Please see table below for details.,https://www.fsai.ie/news-and-alerts/food-alerts/recall-of-various-aero-hot-choc-drinks-due-to-poss
2024.03,2024-02-07,"Recall of various batches of Ambrosia My Mini Rice, My Mini Custard and My Mini 30% Less Sugar Custard due to possible presence of plastic pieces",For Action,United Kingdom,"Recall of various batches of Ambrosia My Mini Rice, My Mini Custard and My Mini ",,"Ambrosia My Mini Rice; pack size: 6 x 55g
Ambrosia My Mini Custard; pack size: 6 x 55g
Ambrosia My Mini 30% Less Sugar Custard; pack size: 6 x 55g",https://www.fsai.ie/news-and-alerts/food-alerts/recall-of-various-ambrosia-my-mini-rice-my-mini-cu
2025.43,2025-08-15,Recall of various batches of Brie Mariotte due to the possible presence of Listeria monocytogenes,For Action,France,Nature Of Danger:,,Please see table below.,https://www.fsai.ie/news-and-alerts/food-alerts/recall-of-various-batches-of-brie-mariotte
2025.48,2025-09-05,Recall of various batches of Garden of Eden Baby Spinach & Mixed Baby Leaf products due to the detection of Listeria monocytogenes,For Action,"Ireland, United Kingdom",Nature Of Danger:,,Please see table below.,https://www.fsai.ie/news-and-alerts/food-alerts/recall-of-various-batches-of-garden-of-eden-baby-s
2025.34,2025-07-22,Recall of various branded prepared meals and side dishes produced by Ballymaguire Foods due to the possible presence of Listeria monocytogenes,For Action,Ireland,Nature Of Danger:,4008,"Please see
list of implicated products
. All pack sizes are implicated. Establishment approval number is IE 4008 EC.",https://www.fsai.ie/news-and-alerts/food-alerts/recall-of-various-branded-dinners-produced-by-ball
2025.42,2025-08-12,Recall of various branded Goat's Cheese products due to the possible presence of Listeria monocytogenes,For Action,France,Nature Of Danger:,,Please see table below.,https://www.fsai.ie/news-and-alerts/food-alerts/recall-of-various-branded-goat-s-cheese-products
2025.47,2025-08-30,Recall of various branded Spinach and Mixed Leaves products produced by McCormack Family Farms due to the detection of Listeria monocytogenes,For Action,Ireland,Nature Of Danger:,,Please see table below.,https://www.fsai.ie/news-and-alerts/food-alerts/recall-of-various-branded-spinach-and-mixed-le-(1)
2025.35,2025-07-27,Recall of various branded Spinach and Mixed Leaves products produced by McCormack Family Farms due to the detection of Listeria monocytogenes,For Action,Ireland,Nature Of Danger:,,"Please see table below (and
Update 1
,
Update 2
and
Update 3
).",https://www.fsai.ie/news-and-alerts/food-alerts/recall-of-various-branded-spinach-and-mixed-leaves
2025.33,2025-07-18,Recall of various branded Turkey & Ham Dinners produced by Ballymaguire Foods due to the possible presence of Listeria monocytogenes,For Action,Ireland,Nature Of Danger:,,Please see table below. All pack sizes are implicated.,https://www.fsai.ie/news-and-alerts/food-alerts/recall-of-various-branded-turkey-ham-dinners-produ
2024.39,2024-08-23,Recall of various Comeragh still and sparkling water products due to the possible presence of visible particles,For Action,,Recall of various Comeragh still and sparkling water products due to the possibl,,Please see table below.,https://www.fsai.ie/news-and-alerts/food-alerts/recall-of-various-comeragh-still-and-sparkling-wat
2023.01,2023-01-20,Recall of various Jay and Joy vegan products due to the possible presence of Listeria monocytogenes,For Action,France,Nature Of Danger:,,Please see table below.,https://www.fsai.ie/news-and-alerts/food-alerts/recall-of-various-jay-and-joy-vegan-products-due-t
2025.58,2025-10-24,Recall of various SLUSH PUPPiE products due to elevated levels of glycerol,For Action,China,Nature Of Danger: Glycerol (E 422) is an approved food additive in the European ,,Please see table below for product information.,https://www.fsai.ie/news-and-alerts/food-alerts/recall-of-various-slush-puppie-products-due-to-ele
2026.01,2026-01-05,Recall of specific batches of various SMA infant formula and follow-on formula products due to the possible presence of cereulide,For Action,,Nature Of Danger: Cereulide toxin is produced by the bacterium Bacillus cereus .,,Please see table below for product details.,https://www.fsai.ie/news-and-alerts/food-alerts/recall-of-various-sma-infant-formula-and-follow-on
2025.49,2025-09-23,Recall of various Toxic Waste Sour Slushy Freeze and Squeeze products due to elevated levels of glycerol,For Action,United Kingdom,Nature Of Danger: Glycerol (E 422) is an approved food additive in the European ,,Please see table below.,https://www.fsai.ie/news-and-alerts/food-alerts/recall-of-various-toxic-waste-sour-slushy-freeze-a
2026.22,2026-05-12,Recall of various Western Brand chicken products due to the possible presence of Salmonella,For Action,Ireland,Nature Of Danger:,818,Please see table below for product details. Approval number IE 818 EC,https://www.fsai.ie/news-and-alerts/food-alerts/recall-of-various-western-brand-chicken-products
2026.24,2026-05-14,Recall of Western Brand chicken products due to the presence of Salmonella,For Action,Ireland,Nature Of Danger:,818,"Please see 'List of products and batches' in Message section below for product details.
Approval number: IE 818 EC",https://www.fsai.ie/news-and-alerts/food-alerts/recall-of-western-brand-chicken-products
2024.58,2024-12-13,Recall of Wicklow Farmhouse Cheese Wicklow Gold Beechwood Smoked Mild Cheddar due to the possible presence of Listeria monocytogenes,For Action,Ireland,Nature Of Danger:,,Wicklow Gold Beechwood Smoked Mild Cheddar; all pack sizes.,https://www.fsai.ie/news-and-alerts/food-alerts/recall-of-wicklow-farmhouse-cheese-wicklow-gold-be
2025.62,2025-11-19,"Recall of a batch of Dunnes Stores Herbes De Provence due to possible choking risk from pieces of stalk, bark and plastic",For Action,,Recall of a batch of Dunnes Stores Herbes De Provence due to possible choking ri,,Dunnes Stores Herbes De Provence; pack size: 14g,https://www.fsai.ie/news-and-alerts/food-alerts/update-(1)-of-recall-of-some-batches-of-dunnes-sto
2025.47 (Update 1),2025-08-31,Update (1) to recall of various branded Spinach and Mixed Leaves products produced by McCormack Family Farms due to the detection of Listeria monocytogenes,For Action,Ireland,Nature Of Danger:,,Fresh Choice Market Mixed Leaves; pack size: 100g,https://www.fsai.ie/news-and-alerts/food-alerts/update-(1)-to-recall-of-various-branded-spinac-(1)
2025.35 (Update 1),2025-07-27,Update (1) to recall of various branded Spinach and Mixed Leaves products produced by McCormack Family Farms due to the detection of Listeria monocytogenes,For Action,Ireland,Nature Of Danger:,,SuperValu Spinach bag (Unwashed); pack size 250g,https://www.fsai.ie/news-and-alerts/food-alerts/update-(1)-to-recall-of-various-branded-spinach-an
2025.35 (Update 2),2025-07-28,Update (2) to recall of various branded Spinach and Mixed Leaves products produced by McCormack Family Farms due to the detection of Listeria monocytogenes,For Action,Ireland,Nature Of Danger:,,"Please see table below. (Please also refer to
Update 3
)",https://www.fsai.ie/news-and-alerts/food-alerts/update-(2)-to-recall-of-various-branded-spinach-an
2025.34 (Update 3),2025-07-24,Update (3) to recall of various branded prepared meals and side dishes produced by Ballymaguire Foods due to the possible presence of Listeria monocytogenes,For Action,Ireland,Nature Of Danger:,4008,"Tesco Finest Creamed Spinach
Also, please see
updated list of all implicated products.
All pack sizes are implicated. Establishment approval number IE 4008 EC.",https://www.fsai.ie/news-and-alerts/food-alerts/update-(3)-to-recall-of-various-branded-prepared-m
2025.35 (Update 3),2025-08-02,Update (3) to recall of various branded Spinach and Mixed Leaves products produced by McCormack Family Farms due to the detection of Listeria monocytogenes,For Action,Ireland,Nature Of Danger:,,Please see table below.,https://www.fsai.ie/news-and-alerts/food-alerts/update-(3)-to-recall-of-various-branded-spinach-an
2022.06 (update 2),2022-05-10,Update of Recall of Hugold CBD Oil Products Due to the Presence of Unsafe Levels of Delta‐9‐tetrahydrocannabinol (THC),For Action,Ireland,Nature Of Danger:,,See table below for product detail,https://www.fsai.ie/news-and-alerts/food-alerts/update-of-recall-of-hugold-cbd-oil-products-due-to
2025.34 (Update 1),2025-07-23,Update (1) to recall of various branded prepared meals and side dishes produced by Ballymaguire Foods due to the possible presence of Listeria monocytogenes,For Action,Ireland,Nature Of Danger:,4008,"Centra Freshly Prepared Chicken Massaman with Sticky Jasmine Rice
Please also see
updated list of implicated products
. All pack sizes are implicated. Establishment approval number IE 4008 EC.",https://www.fsai.ie/news-and-alerts/food-alerts/update-recall-of-various-branded-prepared-meals-an
2024.57 (Update 1),2024-11-23,Update to Recall of Marcel Petite Mont D’or raw milk cheese due to presence of Yersinia enterocolitica,For Action,France,Nature Of Danger:,,"Marcel Petite Mont D’or, Fruitier Des Jarrons; all pack sizes.",https://www.fsai.ie/news-and-alerts/food-alerts/update-to-recall-of-marcel-petite-mont-d-or-raw-mi
2026.01 (Update 3),2026-01-09,Update to recall of specific batches of SMA Advanced Follow On Milk due to possible presence of cereulide (Update 3),For Action,,Nature Of Danger: Cereulide toxin is produced by the bacterium Bacillus cereus .,,SMA Advanced Follow-On Milk; pack size: 800g,https://www.fsai.ie/news-and-alerts/food-alerts/update-to-recall-of-specific-batches-of-sma-advanc
2026.34 (Update 1),2026-06-23,Update to recall of specific batches of various French brie products due to the presence of Listeria monocytogenes (Update 1),For Action,,Nature Of Danger:,,Traditional Cheese Company French Brie; pack size: 160g,https://www.fsai.ie/news-and-alerts/food-alerts/update-to-recall-of-specific-batches-of-various-fr
2025.34 (Update 2),2025-07-23,Update (2) to recall of various branded prepared meals and side dishes produced by Ballymaguire Foods due to the possible presence of Listeria monocytogenes,For Action,Ireland,Nature Of Danger:,4008,"Please see table below for details of the additional products subject to recall.
Please see
updated list of implicated products
. All pack sizes are implicated. Establishment approval number IE 4008 EC.",https://www.fsai.ie/news-and-alerts/food-alerts/update-to-recall-of-various-branded-prepared-meals
2025.39 (Update 1),2025-08-06,Update (1) to recall of various brands of O'Hanlon Herbs potted Coriander due to possible presence of Listeria monocytogenes,For Action,Ireland,Nature Of Danger:,,Please see table below.,https://www.fsai.ie/news-and-alerts/food-alerts/update-to-recall-of-various-brands-of-o-hanlon-her
2022.29,2022-05-11,Updated: Recall of a Batch of Green Box Limited Cendawan Enoki Mushroom Due to the Presence of Listeria monocytogenes,For Action,,Nature Of Danger:,,Green Box Limited Cendawan Enoki Mushroom; pack size: 100g,https://www.fsai.ie/news-and-alerts/food-alerts/updated-recall-of-a-batch-of-green-box-limited-cen
2022.45 (Update 1),2022-07-28,Updated Recall of Batches of Organic Corn Snacks due to the Possible Presence of Tropane Alkaloids,,Belgium,Updated Recall of Batches of Organic Corn Snacks due to the Possible Presence of,,Please see table below.,https://www.fsai.ie/news-and-alerts/food-alerts/updated-recall-of-batches-of-organic-corn-snacks
2024.01 (Update 1),2024-01-04,Updated: Recall of Nutramigen LGG Stage 1 & 2 Hypoallergenic Infant Formula due to the possible presence of Cronobacter sakazakii,For Action,USA,Nature Of Danger:,,Please see table below.,https://www.fsai.ie/news-and-alerts/food-alerts/updated-recall-of-nutramigen-lgg-stage-1-2-hypoall
2024.07,2024-03-13,Withdrawal of The CBD Store CBD Oil food supplements as they are unauthorised novel foods,For Action,United Kingdom,Withdrawal of The CBD Store CBD Oil food supplements as they are unauthorised no,,All The CBD Store CBD Oil food supplements.,https://www.fsai.ie/news-and-alerts/food-alerts/withdrawal-of-the-cbd-store-cbd-oil-products
,2020-03-05,,,,unspecified,,,https://www.fsai.ie/news-and-alerts/latest-news/fsai-issued-a-total-of-107-food-alerts-and-food-al
